Name,Domain
"Westbrae, The Good Bean, Beanitos",bushbeans.com
(re)zip,rezip.com
100 Amazonia,100amazonia.com
100 Coconuts,100coconuts.com
100% Organic New Zealand,springbankhoney.com
100% PURE,100percentpure.com
10000 Inc (Magic Mind),magicmind.com
"104SalesGroup, Inc",myproteinpoppers.com
12 Tides,12tides.com
143 Paleo Emulsifier – RealFood Plant Butter,realfoodplantbutter.com
18 Chestnuts,wwwe.18chestnuts.com
24Vegan,24vegan.com
2Fit Brands,2fitbrands.com
2foods USA,2foods.co
3 Elizabeths,threeelizabeths.com
3 Seasons Fruit LLC,3seasons-fruit.com
4 Gauge Fitness,4gauge.com
49th Parallel Coffee Roasters,49thcoffee.com
4Sisters Rice,4sistersrice.com
4th & Heart,fourthandheart.com
5 Star Foods Intl. & Seyrani Agro Gida Ltd.,5star-foods.com
"50/50 Foods, Inc",5050foods.com
505 Southwestern (Insignia International),flagshipfoodgroup.com
7th Heaven Inc,
8GREENS,8greens.com
A Dozen Cousins,adozencousins.com
A La Maison,alamaisiondeprovence.com
A Plus Label,apluslabel.com
"A-Sha Foods USA Co., Inc",ashadrynoodle.com
AAJI'S,aajis.com
Aaron Thomas Company,Packaging.com
AB World Foods,
Abbot's,abbots.com
Abbott Blackstone Co.,abbottblackstone.com
ABC COCINA LLC,instagram.com
Abe's Vegan Muffins,abesmuffins.com
"Abena North America, Inc.",bambonatureusa.com
Abstinence Spirits,abstinencespirits.com
Acai Roots,acairoots.com
AceBiome,acebiome.com
Acesur,
"Acetar Bio-Tech, Inc.",acetarbiotech.com
Acetum,acetum.it
Acorus,acorus.lt
ACQUAROMA SRL,acquaroma.it
Acremade,acremade.com
Actual Veggies,actualveggies.com
ACURE,acure.com
"Adams Vegetable Oils, Inc.",adamsgrp.com
Addedbiome,gutflex.kr
Adgile Media Group,adgile.co
ADM,adm.com
Adult Non-Alcoholic Beverage Association,nabeverages.org
Advance Pet Product,advancepetproduct.com
Advanced Food BV,advancedfood.eu
Advanced Nutrition by Zahler,zahlers.com
"Advanced Sunflower, LLC",advancedsunflower.com
Advantage Solutions,
AEGEAN EXPORTERS' ASSOCIATIONS,eib.org.tr
Aegis Foods llc,
"Aesus Packaging Systems, Inc",
Aevo Organic Avacado Oil,aevoafrica.com
Afia Foods,afiafoods.com
AG Health,shopagh.com
Ageless Foundation Laboratories,
Agencia Argentina de Inversiones y Comercio Internacional,inversionycomercio.org.ar
AGQ Labs,agqlabs.us.com
Agricultural and Processed Food Products Export Development Authority,apeda.gov.in
"Agronic Food, (Pvt) Ltd.",agronicfood.com
Agrosingularity S.L.,
AGT Foods,agtfoods.com
AHF Vitamins,ahfvitamins.com
"Air Products & Chemicals, Inc.",airproducts.com
Airlite Plastics,airliteplastics.com
Aiya Matcha,aiya-america.com
Aker BioMarine,akerbiomarine.com
Aki Foods Japan,
AL BARAKAH DATES - FOODLINKS,albarakahdatesfactory.com
Alaffia,alaffia.com
Alamance Foods,alamancefoods.com
AlaskOmega / Wiley Companies,alaskomega.com
"Albanese Confectionery Group, Inc.",albanesecandy.com
Alexandre Family Farm,alexandrefamilyfarm.com
"ALFA VITAMINS LABORATORIES, INC",WWW.ALFAVITAMINS.COM
Alfaparf,shopalfaparfusa.com
Algalif,algalif.is
ALGARROBOS ORGANICOS - PERU,aoperu.bio
ALICE'S SWEET TOOTH,alicessweettooth.com
Alive Publishing Group,apg.alive.com
Alkemist Labs,alkemist.com
All Day,alldaybakedsnacks.com
All Real Nutrition Inc,eatallreal.com
"Allgot Co.,Ltd.",allgot.co.kr
Alli and Rose LLC,alli-rose.com
Allied Distribution,allieddistribution.com
"ALLIED OLD ENGLISH, INC.",alliedoldenglish.com
ALLMAX NATURALS,ALLMAXNutrition.com
ALLWELLO,allwello.com
Alma Mexican Foods LLC,
Almond Brothers,AlmondBrothers.com
"ALO Drinks by SPI West Port, Inc.",alodrink.com
Aloe Jaumave,aloejaumave.com
"Aloecorp, Inc.",aloecorp.com
Aloha,aloha.com
Alomac,alomac.com
ALPINE TORTILLA LLC,
Alpinola,
ALTAŞ YAĞ SU VE TARIM ÜRÜNLERİ GIDA A.Ş.,altas.com.tr
Alvarado Street Bakery,alvaradostreetbakery.com
Alya Foods LLC,alyafoods.com
Amafruits,amafruits.com
Amano Enzyme USA Co. Ltd.,amano-enzyme.com
Amara Baby Food,amaraorganicfoods.com
Amaz,liveamaz.com
Amazin' Graze Ltd,amazingraze.com
Amazing Grass,
"Amazing Grass, IsoPure, Optimum Nutrition, think!",
AMAZING ICE CREAMS,WWW.AMAZINGICECREAMS.COM
Amber's Pizza Surprise,
Amborella Organics,amborellaorganics.com
Amcor,amcor.com
American Botanical Council,herbalgram.org
"American Food Ingredients, Inc.",americanfoodingredients.com
American HuaYi Co.,powderway.com
American Ingredients Inc,
American Testing Lab,american-testing.com
"American Tuna, Inc.",americantuna.com
Americanna Wellness,americannawellness.com
Amerikoa Ingredients LLC,
"Amerilab Technologies, Inc.",amerilabtech.com
Ameripharma,ameripharmalabs.com
Amest Foods,amestfoods.com
"AMF Pharma, LLC",amfpharma.com
Amoretti,AMORETTI.COM
"Amru Rice Cambodia Co., Ltd.",amrurice.com.kh
"Amtrade, Inc.",amtradeinc.com
Amy & Brian Naturals,
Amylu Foods,amylufoods.com
AMZ TROPICAL,amzgin.com
Analytical Resource Laboratories (ARL),analyticalresource.com
Anchor Ingredients Co.,anchoringredients.com
Ancient Nutrition,ancientnutrition.com
Ancient Organics Ghee,ancientorganics.com
Andalucia Nuts,andalucianuts.com
Andean Valley Corporation,andeanvalley.com
Anderson Advanced Ingredients,advancedingredients.com
ANDRIANI,felicia.us
anew,
ANGAN SKINCARE EHF,anganskincare.com
"Angel Yeast Co., Ltd",angelyeast.com
Anne's Toum,annestoum.com
Annie's,annies.com
"Anresco Laboratories, Inc.",anresco.com
Antelope Pets,antelopepets.com
AOI Matcha,aoimatcha.com
Apex-Brasil,apexbrasil.com.br
APIPHARMA,apipharma.COM
Appalaches Nature,maplejoe.us
"Applegate Farms, LLC",applegate.com
Apricot Power,apricotpower.com
APSA,aceitesyproteinas.com
Aptean,aptean.com
Aqua 9+ Beverage Co.,aquanineplus.com
ARASOL SL,aceitunascazorla.com
Ardent Mills,ardentmills.com
Ardor,ardororganic.com
"Ariston Specialties, LLC",aristonspecialties.com
Armcom,armcommodities.com
Armored Fresh,armoredfresh.com
AROMATIC AND ALLIED,aromaticandallied.com
Arrocera San Pedro de Lagunilla S.A.,arrocerasanpedro.com
Arroyo Kitchen/Little Jasmine,arroyokitchen.com
"Artesania, Inc.",artesaniainc.com
Arthur Andrew Medical,arthurandrew.com
"Artisan Tropic, LLC",artisantropic.com
Artisana Organics,artisanaorganics.com
Arya International LLC,eatarya.com
Ascent Protein,ascentprotein.com
Ashland,ashland.com
"Asiatic Agro Industry Co., Ltd.",asiatic.co.th
Associated Labels & Packaging,associatedlp.com
AST Enzymes/Specialty Enzymes & Probiotics,ASTEnzymes.com
"AstaReal, Inc.",astarealusa.com
AstroNova Product Identification,astronovaproductid.com
Athos Collagen Private Limited,athoscollagen.com
Atlantia Clinical Trials,atlantiafoodclinicaltrials.com
"Atlantic Natural Foods, LLC",atlanticnaturalfoods.com
Atlantic Sea Farms,atlanticseafarms.com
Atlantic USA LLC,ecomtrading.com
Atlas Produce and Distribution,freshenergyfoods.com
ATTITUDE,ATTITUDEliving.com
"AuNutra Industries, Inc.",
Aupendra Zeolite Holdings,
Aura Bora,
Aura Cacia,frontiercoop.com
Aura Cacia,auracacia.com
Auric Organic Ghee Butter & Organic Honey,theauric.com
Auromere Ayurvedic Imports,auromere.com
"Aussie Bubs, Inc.",aussiebubs.com
Avafina Organics,avafina.com
Avantpack d.o.o.,avantpack.com
AVEC DRINKS CO,avecdrinks.com
Avena Foods Limited,avenafoods.com
Avery WePrint Labels,avery.com
Awake Chocolate,awakechocolate.com
AWT Labels & Packaging,awtlabelpack.com
Ayo West African Foods,ayo-foods.com
Ayo Yogurt,ayoyogurt.com
"Aztec Secret Health & Beauty,",
Azuma Foods Int'l. USA,azumafoods.com
B.T.R. Nation,WWW.BTRNATION.COM
Babe Beverages,
Babo Botanicals-Mustela,
"Bachan's, Inc",bachans.com
BACH® ORIGINAL FLOWER REMEDIES,Nelsons.net
Back to Nature,backtonaturefoods.com
"BAEKJE CORPORATOIN CO.,LTD.",bj1978.com
"Bake City, LLC",bakecityusa.com
Bakerly,bakerly.com
Bakery on Main,bakeryonmain.com
"Bala Enzyme, Inc",balaenzyme.com
Baltic Gastronomy Leaders,bgleaders.com
"BanQu, Inc.",banqu.co
Banza,eatbanza.com
"Baolingbao Biology Co., Ltd.",blb-cn.com
BAR-U-EAT,barueat.com
Bare Bones Broth Co.,barebonesbroth.com
Barentz,barentz-na.com
Bari Olive Oil Company,barioliveoil.com
Barilla Protein+,wasa-usa.com
BARIS,everybaris.com
Barlean's,barleans.com
Bartek Ingredients,bartek.ca
Barukas Superfoods,barukas.com
Base Culture,baseculture.com
Bass Brushes Company,BassBrushes.com
BATA FOOD LLC,batafood.com
Batory Foods,batoryfoods.com
Bauducco,bauducco.com
BAY CITIES,bay-cities.com
Bay State Milling Company,baystatemilling.com
Bayland Health,baylandhealth.com
BBFY Industrial USA Inc.,bbfyusa.com
BC FB USA Corp.,melonaicecream.com
BCFoods & Culinary Farms,bcfoods.com
BCFoods & Culinary Farms,culinaryfarms.com
Be Amazing,youcanbeam.com
Be Ingredient,beingredient.com
Be Leaf Corp.,beleafvegan.com
BeanVIVO®,beanvivo.com
Bear Maple,drinkbearmaple.com
Bear's Fruit,bearsfruit.com
Bearded Brothers,beardedbros.com
Beautywww Inc.,
Because Market,becausemarket.com
"Bedemco, Inc.",Bedemco.com
Bee Bella Lip Balm,beebella.buzz
Bee Harmony Honey,beesponsible.com
BEE&YOU,beeandyou.com
Beekeeper Coffee,beekeepercoffee.com
Beekeeper's Naturals Inc.,beekeepersnaturals.com
Beetanicals,beessential.com
Before the Butcher INC.,btbfoods.com
"Beijing Hanlin Hangyu Technology Development, Inc.",drpharm-usa.com
"Beijing SEMNL Biotechnology Co., Ltd.",semnl.com
BEKIND Packaging,bekindpackaging.com
Belgian Boys,belgianboys.com
"Bell Flavors & Fragrances, Inc.",bellff.com
"Bella Viva Orchards, Inc.",bellavivamanufacturing.com
BELLE AIRE CREATIONS,belleairecreations.com
Bellei Lugi e Figli SRL,bellei.it
BelliWelli,
Bellwether Farms,bellwetherfarms.com
Belvas,belvas.be
BENEO,beneo.com
Berdez’s foods,berdezfoods.com
Berlin Packaging,berlinpackaging.com
Bernard & Sons Maple Products,bernards.ca
Bertoli Homogenizers North America,bertoli-homogenizersna.com
BESPICE PVT LTD,bespicelk.com
Best Behavior,bestbehaviorcereal.com
Best Day Brewing,bestdaybrewing.com
Best Naturals,shopbestnaturals.com
Beta Analytic Inc.,betalabservices.com
Better Balance,betterbalancefoods.com
Better Being Co. Wellness Brands,betterbeing.com
Better Booch,betterbooch.com
"Better Earth, LLC",becompostable.com
Better Foods,better-foods.com
Better for All,betterforall.co
Better Life Foods Inc,
Better Sour,bettersour.com
Better Your Health,betteryourhealth.com
BetterBody Foods,betterbodyfoods.com
BetterBrand™,eatbetter.com
Betty Buzz LLC,bettybuzz.com
BevCacao,bevcacao.com
Beyond Good,
Beyond the Shell Nuts with T.M. Duche Nut Co.,beyondtheshellnuts.com
BF Suma Pharmaceuticals Inc.,lgreenhealth.com
BFree Foods,bfreefoods.com
BGG,bggworld.com
Bhavani Foods (M) Sdn Bhd.,
Bhuja Snacks,bhuja.com
Bia Diagnostics Laboratories,biadiagnostics.com
Biena Snacks,bienasnacks.com
Big Crazy Buffalo,bigcrazybuffalo.com
Big Easy Blends,bigeasyblends.com
Big Green Organic Food,biggreenorganic.com
"Big Mountain Foods, Ltd.",bigmountainfoods.com
Big Picture Foods,bigpicturefoods.com
Big Tree Farms,bigtreefarms.com
Bigelow Tea,bigelowtea.com
BIGSONG CORP.,
Bim Bam Boo,bimbamboopaper.com
Bio Essence Pharmaceutical,bioessencepharma.com
"Bio Nutrition, Inc.",bionutritioninc.com
Bio Organica Italia SRL,biorganicaitalia.it
Bio-Botanica,bio-botanica.com
BIO-CAT,bio-cat.com
Bio-K+ USA,kerry.com
Bio-K+ USA,kerry.com
BioBag,biobagusa.com
BioBottles,bringyourideas.com
"Biocell Technology, LLC",biocelltechnology.com
Biocosechas de Mexico,
Bioesse Technologies,breatherapytabs.com
BIOFACH World,biofach-world.com
"BioGin Health Co.,Ltd.",biogin.com
"BioGrowing Co., Ltd.",biogrowing.com
"BIOGRUND US, Inc.",biogrund.com
BIOITALIA SRL,usa.bioitalia.com
"BioNeutra North America, Inc.",bioneutra.ca
Biophix,biophix.com
BIOPOLYTECH,biopolytech.com
"Bioport Korea, Inc.",en.biopk.co.kr
"BIOptimizers USA, Inc.",bioptimizers.com
BIORA by Kefiplant,biorafoods.com
"Biosan Biotech Co., Ltd",qualitymushroom.com
Biosil,biosil.beauty
Biovanta,biovanta.com
Bioware Costa Rica,biowarecr.com
Birch Benders/Arrowhead Mills,hometownfoodcompany.com
BIRDMAN LIFE,birdmanlife.com
Biropharma Kft.,avemar.com
Birštonas mineral waters,bmv.lt
Bites of Luv,bitesofluv.com
BLACK GIRL SUNSCREEN LLC,
Black Mamba Foods,blackmambachilli.com
BLACK TEA EXPORTS (PVT) LTD,ceylonblacktea.com
Blackbird Foods,blackbirdfoods.com
Blake's Seed Based,blakesseedbased.com
"BLDG Active, Inc.",
Blender Bites LTD,blenderbites.com
Blentech Corporation,blentech.com
"BLK International, LLC",getblk.com
Bloom Nutrition LLC,bloomnu.com
Blower-Dempsay Corporation,pacflex.com
BLUE MONKEY,bluemonkeydrinks.com
BLUE MONKEY,bluemonkeydrinks.com
"Blue Sky Hemp Ventures, Ltd.",blueskyhempventures.com
Blue Zones Kitchen,bluezoneskitchen.com
Bluebonnet Nutrition Corp.,bluebonnetnutrition.com
BLUESHIFT NUTRITION INC,blueshiftnutrition.com
BlueTriton Brands,bluetriton.com
Blume Supply Inc.,itsblume.com
BMO,bmo.com
BNH,bnh-health.com
BNutty Peanut Butter,bnutty.com
Bob Snail,bob-snail.com
Bob's Red Mill Natural Foods,bobsredmill.com
BobaBam,bobabam.com
BobbySue's Nuts!,bobbysuesnuts.com
Bobelo,
Bobo's,eatbobos.com
"Bocon USA, Inc.",bocon.it
Body Nutrition,bodynutrition.com
"Bodygood Nutrition, LLC dba Pureboost",
BodyHealth,bodyhealth.com
Boiron,boironusa.com
Boka,boka.com
Bon AppéSweet Chocolate & Beyond Milk Chocolate,bonappesweet.com
Bonafide Provisions,bonafideprovisions.com
Bone Brewhouse,bonebrewhouse.com
Bone Suckin’ Sauce,bonesuckin.com
"Bonerge Lifescience(Hunan) Co., Ltd",bonerge.com
Bones Coffee Co.,
BONITAS,bonitas.me
Bonneval Waters,bonnevalwaters.com
"BONO USA, Inc.",bonousainc.com
Boost Oxygen LLC,boostoxygen.com
Bored Cow (Tomorrow Farms),tryboredcow.com
Boredroom LLC (Bored & Thirsty),boredandthirsty.com
BORGO DE MEDICI USA INC,
Botalife Plant Oils,botalife.com
Botticelli Foods,botticellifoods.com
Bowlcut,thebowlcut.com
Boxi Inc,boxi.co
Boxiecat LLC,
"Bragg Live Food Products, LLC",bragg.com
Brainiac,brainiacfoods.com
BRAINJAVA and BRAINWATER,brainjuice.me
BRAINJUICE,brainjuice.me
BRAMI,enjoybrami.com
BranchOut,
Brands of Britain,brandsofbritain.com
Brass Roots,brassrootsfood.com
Braswell Food Company,braswells.com
Bravado Spice Co LLC,BravadoSpice.com
"Braveiy Biotechnology (Anhui) Co., Ltd",enbraveiy.com
Brazi Bites,brazibites.com
brekki ready-to-eat oats,brekki.com
Brew Dr. Kombucha & Sipjoy,brewdrkombucha.com
BRIANNAS Fine Salad Dressing,briannas.com
Brien Maple Sweets │ Bretelles,maplesyrupworld.com
BrightFresh Microgreens,brightfresh.com
BRIGHTFULL,brightfull.com
Brightseed,brightseedbio.com
BRITA WATER,britawater.com
British Columbia Government,britishcolumbia.ca
BRITVIC,
Brixy,gobrixy.com
BRO FOOD SUPPLIER,brofoodsupplier.com
Broken Top Brands,btcandle.com
"Broma, Inc.",eatbroma.com
Brook + Whittle,brookandwhittle.com
Brooklyn Food & Beverage,brooklynfoodandbeverage.com
Brother's Trading LLC,
Brothers International,brothersinternational.com
"Brownie Brittle, LLC",browniebrittle.com
Brune Kitchen,brunekitchen.com
Brutal,cravebrutal.com
Brutus Bone Broth,brutusbroth.com
BTC Corporation,btcbio.com
"Buddha Teas, Living Wellness Partners, LLC",buddhateas.com
Bueno Foods,buenofoods.com
Built,built.com
Bundle x Joy,bundlexjoy.com
Bunge North America,bungenorthamerica.com
Bunjie Pty Ltd,bunjie.com
Bunker Specialties,bunkersp.com
Buono (Thailand) PCL,buonogroup.com
Business Iceland,businessiceland.is
Busy Bee Raw Honey,busybeehoney.com
BUZZEE,buzzeewraps.com
Caboo Products,cabooproducts.com
Caffe Ibis Coffee Roasting Company,caffeibis.com
CAIF Nutrition,caif.com
"Calbee America, Inc.",calbeeamerica.com
Caledon Farms,caledonfarms.com
Califia Farms,califiafarms.com
"California Hi-Lites, Inc. / CHL Packaging",chlpackaging.com
California Label Products,clp.global
California Mango,https
CALIWATER,drinkcaliwater.com
Caloless LLC,
Calyan Wax Co,calyanwaxco.com
Camille Rose,
Camoco Foods By Belgosuc,camocofoods.eu
Canadian Canning Inc.,
Canary,canarycleanco.com
Candid Wholesale,candidwholesale.com
CANE'd,drinkcaned.com
"Canine to Five, INC.",
CanMar Foods Ltd.,canmarfoods.com
Cappello's,cappellos.com
Cappo,cappodrinks.com
"CapsulCN International Co., Ltd.",capsulcn.com
Carbe Diem Foods,
Carbonaut,carbonaut.co
Carbone Fine Food,carbonefinefood.com
Cargill,cargill.com
CARI-MED Group Limited,kendelteas.com
"Caribbean Food Delights, Inc.",cfdnyinc.com
"Carl Brandt, Inc.",carlbrandt.com
"Carlson Laboratories, Inc.",carlsonlabs.com
Carmi Flavors,CarmiFlavors.com
Caro Nut,caro-nut.com
"Carozzi North America, Inc.",carozzicorp.com
Carrington Farms/Simply Tera's,carringtonfarms.com
Casa Arte Sano,newmarketdevelopmentgroup.com
Casa de Mesquite,casademesquite.com
Cascadian Farm,cascadianfarm.com
Catalina Crunch,catalinacrunch.com
Catalina Marketing,catalina.com
"Catalo Natural Products, Inc.",catalo.com
Catalyst development,gnusante.com
Catania Oils,cataniaoils.com
Catherych Inc,catherych.com
CAULIPOWER,eatcaulipower.com
Cauvin Oils USA,huilecauvin.us
CBL NATURAL FOODS,cblnaturalfoods.com
CCPIT,wwww.ccpitchem.org.cn
CCPIT,wwww.ccpitchem.org.cn
CCPIT,wwww.ccpitchem.org.cn
CCPIT Sub-Council of Chemical Industry,wwww.ccpitchem.org.cn
CCPIT Sub-Council of Chemical Industry,wwww.ccpitchem.org.cn
CCPIT Sub-Council of Chemical Industry,wwww.ccpitchem.org.cn
CCPIT Sub-Council of Chemical Industry,wwww.ccpitchem.org.cn
CCPIT Sub-Council of Chemical Industry,wwww.ccpitchem.org.cn
CCPIT Sub-Council of Chemical Industry,wwww.ccpitchem.org.cn
CCPIT Sub-Council of Chemical Industry,wwww.ccpitchem.org.cn
CCPIT Sub-Council of Chemical Industry,wwww.ccpitchem.org.cn
CCPIT Sub-Council of Chemical Industry,wwww.ccpitchem.org.cn
CCPIT Sub-Council of Chemical Industry,wwww.ccpitchem.org.cn
CCPIT Sub-Council of Chemical Industry,wwww.ccpitchem.org.cn
CCPIT Sub-Council of Chemical Industry,wwww.ccpitchem.org.cn
CCPIT Sub-Council of Chemical Industry,wwww.ccpitchem.org.cn
CCPIT Sub-Council of Chemical Industry,wwww.ccpitchem.org.cn
CCPIT Sub-Council of Chemical Industry,wwww.ccpitchem.org.cn
CCPIT Sub-Council of Chemical Industry,wwww.ccpitchem.org.cn
CCPIT Sub-Council of Chemical Industry,wwww.ccpitchem.org.cn
CCPIT Sub-Council of Chemical Industry,wwww.ccpitchem.org.cn
CCPIT Sub-Council of Chemical Industry,wwww.ccpitchem.org.cn
CCPIT Sub-Council of Chemical Industry,wwww.ccpitchem.org.cn
CCPIT Sub-Council of Chemical Industry,wwww.ccpitchem.org.cn
CCPIT Sub-Council of Chemical Industry,wwww.ccpitchem.org.cn
CCPIT Sub-Council of Chemical Industry,wwww.ccpitchem.org.cn
CCPIT Sub-Council of Chemical Industry,wwww.ccpitchem.org.cn
CCPIT Sub-Council of Chemical Industry,wwww.ccpitchem.org.cn
CCPIT Sub-Council of Chemical Industry,wwww.ccpitchem.org.cn
CCPIT Sub-Council of Chemical Industry,wwww.ccpitchem.org.cn
CCPIT Sub-Council of Chemical Industry,wwww.ccpitchem.org.cn
CCPIT Sub-Council of Chemical Industry,wwww.ccpitchem.org.cn
CCPIT Sub-Council of Chemical Industry,wwww.ccpitchem.org.cn
CCPIT Sub-Council of Chemical Industry,wwww.ccpitchem.org.cn
CCPIT Sub-Council of Chemical Industry,wwww.ccpitchem.org.cn
CCPIT Sub-Council of Chemical Industry,wwww.ccpitchem.org.cn
CCPIT Sub-Council of Chemical Industry,wwww.ccpitchem.org.cn
"CDA USA, Inc.",cda-usa.com
Cedar's,cedarsfoods.com
Celebes Coconut Corporation,celebes.com
"Celex Laboratories, Inc.",celexlaboratories.com
Cento Fine Foods,cento.com
CENTR Brands,findyourcentr.com
"Century Pacific Agricultural Ventures, Inc.",cpavi.com.ph
Century Systems,thewoman.com
"Cerebelly, Inc.",cerebelly.com
CERMER,cermer.com
Certified Laboratories,certified-laboratories.com
Ceylon Exports & Trading (Pvt) Ltd,export-lanka.com
Ceylon Plant Food (Pvt) Ltd,ceylonplantfood.com
CF Nutrition,drinkclearfast.com
CForce Bottling Company,CForce.com
Cha's Organics,chasorganics.com
Chacha Thai Ltd.,
CHAGRAN,
Chai Diaries,mychaidiaries.com
"Chamberlain Coffee, Inc.",chamberlaincoffee.com
"Champignon North America, Inc.",champignon-usa.com
"Changsha Comext Biotech Co.,Ltd",comextbiotech.com
"Changzhou Biochem Technologies Co.,Ltd.",cz-biochemtech.com
"Changzhou haijiang drying equipment co.,ltd",haijiang-cz.com
"Chanthaburi Fruit Products Co., Ltd.",chanthaburifruits.com
CharcutNuvo,charcutnuvo.com
Charlotte's Web,charlottesweb.com
"Charta Global, Inc.",chartaglobal.com
Chasin' Dreams Farm,
"Chaucer Foods, Inc.",chaucerfoods.com
Cheddies,CheddiesCrackers.com
Chee Hoo,cheehootreats.com
CHEE SENG OIL FACTORY PTE LTD,cheeseng-oil.com
Cheers,cheershealth.com
Cheesewich Factory,
"Chef Bobo – Friendly Grains, Ava Organics, Wowza",chefbobo.com
Chef Chew's Kitchen,eatbetterchew.com
Chef Hak's,haks.com
Chef's Cut,kravejerky.com
"Chen-chee Grains and Consumable Oils Co., Ltd.",hrbcqly.com
"Chenland Nutritionals, Inc.",chenland.com
Cherry Central,cherrycentral.com
Chewsy,chewsychews.com
Chia Khim Lee Food Industries Pte Ltd,
Chicas,chicaschips.com
ChiChi Foods,
Chickapea,chickapea.com
ChicoBag & To-Go Ware,chicobag.com
Chief Marketplace Officer,marketplaceofficer.com
Chike Nutrition,ilikechike.com
Childlife Essentials,childlifenutrition.com
CHIN HUAY PUBLIC COMPANY LIMITED,chinhuay.com
China Chamber of Commerce for Import & Export of Medicines & Health Products - CCCMHPIE,cccmhpie.org.cn
China Chamber of Commerce for Import & Export of Medicines & Health Products - CCCMHPIE,cccmhpie.org.cn
China Chamber of Commerce for Import & Export of Medicines & Health Products - CCCMHPIE,cccmhpie.org.cn
Chino Valley Ranchers,chinovalleyranchers.com
Chinova Bioworks,chinovabioworks.com
ChitoCare Beauty,chitocare.com
CHKP Foods Inc,chkpfoods.com
Chloe's,chloesfruit.com
Chlorophyll Water,chlorophyllwater.com
Chobani,chobani.com
"CHOCOLATES VALOR, S.A.",valor.es
Chocolove,chocolove.com
Chocxo Chocolatier,chocxo.com
Chocxo Chocolatier,chocxo.com
Chomps,chomps.com
Choppy!,eatchoppy.com
"Chosen Foods, LLC",chosenfoods.com
CHS Inc.,chssunflower.com
Chubby Snacks,chubbysnacks.co
Chum Fruit Bites,chumbites.com
Churn Foods,churnfoods.com
CIAPST,ciapstexpo.com
CIAPST,ciapstexpo.com
CIAPST,ciapstexpo.com
CIAPST,ciapstexpo.com
CIAPST,ciapstexpo.com
CIAPST,ciapstexpo.com
CIAPST,ciapstexpo.com
CIAPST,ciapstexpo.com
CIAPST,ciapstexpo.com
CIAPST,ciapstexpo.com
CIAPST,ciapstexpo.com
CIAPST,ciapstexpo.com
CIAPST,ciapstexpo.com
CIAPST,ciapstexpo.com
CIAPST,ciapstexpo.com
CIAPST,ciapstexpo.com
CIAPST,ciapstexpo.com
CIAPST,ciapstexpo.com
CIAPST,ciapstexpo.com
CIAPST,ciapstexpo.com
CIAPST,ciapstexpo.com
CIAPST,ciapstexpo.com
CIAPST,ciapstexpo.com
Cibaria International,cibaria-intl.com
Cibo Vita Inc,WWW.naturesgarden.net
CII Foods,ciifoods.com
CILIONE SRL,cilione.com
CINNATOPIA PVT LTD,cinnatopia.com
Cipriani Food,ciprianifood.com
Ciranda,ciranda.com
Circ,circbites.com
"Citadelle, Shady Maple Syrup Producers' Cooperative",citadelle.coop
CIUTI INTERNATIONAL COOKING OILS,ciuti.com
CJ Foods,cj.co.kr
CJ's ALL Terrain Seasoning,cjsallterrain.com
Clapoti,clapoti.com
Claros Farm,clarosfarm.com
CLEAN Cause,cleancause.com
Clean Label Project Certification,ellipseanalytics.com
Clean Simple Eats,cleansimpleeats.com
Cleancult,cleancult.com
CleanHub,cleanhub.com
Cleanlogic,cleanlogic.com
Clear Theory,getcleartheory.com
"Cleo+Coco, LLC",cleoandcoco.com
Cleveland Kitchen,Clevelandkraut.com
Click In Motion LLC,
Clif Bar,clifbar.com
Cliganic,cliganic.com
Clio Snacks,cliosnacks.com
"CLO-CLO VEGAN FOODS, LLC",clocloveganfoods.com
Cloud 9 Gluten Free Foods,cloud9glutenfree.com
Cloud Water Brands,cloudwaterbrands.com
"CNABIOTECH CO.,LTD.",cnabiotech.com
Cobram Estate,COBRAMESTATE.COM
"Coco Caye, Inc.",
coco5,coco5.com
Cocojune Products,cocojune.co
cocokind,cocokind.com
Coconut Cloud/Add a Scoop,juicesolutions.com
Cocotana Coconut Products,cocotana.com
Cocrystal Technology (Jiaxing) Co. LTD,cocrystaltech.com
CoJACK Snack and Pack,coloradojackpopcorn.com
Collective Arts,collectiveartscreativity.com
"Colombo Export and Import Agencies Pvt, Ltd.",ceial.com
Color Garden,colormaker.com
Colorexa USA Corporation,colorexa.com
Columbus Vegetable Oils,cvoils.com
Comet,cometbiorefining.com
Commercial Bakeries Corp.,commercialbakeries.com
"Compound Solutions, Inc.",compoundsolutions.com
CON-CRĒT Creatine.,con-cret.com
Conagra Brands,conagrabrands.com
Confetti Snacks Inc,https
CONSERVE ITALIA USA CORP,conserveitalia.it
Consolidated Grain and Barge Co.,cgborganicgrain.com
Consorzio del Formaggio Parmigiano Reggiano,parmigianoreggiano.us
"CONSUP NA, INC.",WWW.CONSUPNA.COM
Contract Packaging Association,contractpackaging.org
ConverSight,conversight.ai
"Convoy of Hope, Inc.",convoyofhope.org
Cookie Dough Dreams,
Coombs Family Farms,coombsfamilyfarms.com
coopemapi,
Cooper Farms,cooperfarms.com
Cooper Street Cookies,cooperstreet.com
Copper Cow Coffee,coppercowcoffee.com
Copra Coconuts 100% organic plant based products,coprawater.com
Corn Next,cornnext.com
Cornbread Hemp,cornbreadhemp.com
Coronilla S.A.,coronilla.com
"Corpse Reviver, LLC",drinkcorpsereviver.com
COSMOS-standard,cosmos-standard.org
"Costa de oro Internacional, S.A.",
Cotton Incorporated,cottonworks.com
Counter Culture Coffee,counterculturecoffee.com
Country Archer Provisions,countryarcher.com
Country Life Vitamins,countrylifevitamins.com
CountryPet Naturals,countrypet.com
Covered Bridge Potato Chip Company,coveredbridgechips.com
"CPGIO, LLC",cpg.io
Crafty Counter Wundereggs,craftycounter.com
Craize Snacks Inc.,gocraize.com
Crazy Go Nuts,crazygonutswalnuts.com
"Create Wellness, Inc",trycreate.co
Creative Direct Marketing Group,cdmginc.com
Crepini,crepini.com
Crisp Power/Dream Pretzels,crisppower.com
Crofters Organic,croftersorganic.com
Crown Maple,crownmaple.com
Crystal Geyser Alpine Spring Water,CrystalGeyserPlease.com
CSPC Nutritionals,cspcusa.com
Cuisine Solutions,cuisinesolutions.com
CuliNex,culinex.biz
Culture Pop Soda,drinkculturepop.com
CUNSA INTERNATIONAL LLC,cunsa.net
"Cup4Cup, LLC",cup4cup.com
Cure Hydration,curehydration.com
"Custom Essence, Inc.",customessence.com
Custom Label,customlabel.com
Cymbiotika,cymbiotika.com
"Daabon Organic U.S.A., Inc.",daabonusa.com
"Daesang America, Inc.",ofoodglobal.com
Daesang America-Ingredient,
"Dahui International (Thailand) CO,. Ltd.",newdahui.com
"Daily Crave, The",thedailycrave.com
Daily Crunch,dailycrunchsnacks.com
Daily Harvest,daily-harvest.com
Dairy Farmers of America,dfamilk.com
Dairy Management Inc.,dairy.org
"Daiwa by U.S Jaclean, Inc.",daiwamassage.com
"Daiwa Health Development, Inc.",dhdusa.net
DakotaMB,dakotamb.com
"DALIAN GUANGYU CEREALS PROCESSING CO.,LTD",
"DALIAN PLS TRADE CO., Ltd.",
"Damascus Bakery, Inc.",damascusbakery.com
Dan-O's Seasoning,danosseasoning.com
Dandies Marshmallows,dandies.com
DANPER TRUJILLO S.A.C.,danper.com
Daoher Beverage Corporation,
Dare Foods Inc.,
Darey Brands,dareybrands.com
Darigold,darigold.com
Daring,daringfoods.com
DASAVENA FAMILY RECIPES,dasavena.com
Data Council (IX-ONE),thedatacouncil.com
Datacor,datacor.com
date better snacks,
"Date Lady, Inc.",ilovedatelady.com
Daties Dates,DatiesDates.com
"Dave’s Killer Bread, Inc.",flowersfoods.com
Davids Natural Toothpaste,davids-usa.com
DAVIDsTEA,davidstea.com
DAY-LEE FOODS,day-lee.com
Daydaycook,yaisthai.com
Daytrip,WeAreDaytrip.com
De Angelis USA Corp (Sfoglini Pasta),sfoglini.com
De La Calle Tepache,delacalle.mx
De Silva Brothers & Company,desilvabrothers.com
Death Wish Coffee Company,deathwishcoffee.com
DEEBEE'S ORGANICS,deebeesorganics.com
Deep Indian Kitchen,deepindiankitchen.com
Deep Water USA Inc.,drinkdeeplove.com
DEL REAL DATES,
Del Real Foods,delrealfoods.com
DeLallo Foods,delallo.com
DelGrosso Foods,delgrossosauce.com
Delici BV,delici.be
Delizza-Poppies Bakeries,delizza.us
Dere Street,
Desert Essence,desertessence.com
"Designer Protein, LLC",designerwellness.com
Detox Desserts,detoxdesserts.com
DetraPel,proofplus.co
DEUX,eatdeux.com
Devansoy,
Deziria Chocolate,deziria.com
DH FOODS JSC,dhfoods.com.vn
"Di martino, Inc.",pastadimartino.it
Diamond Crystal Salt Co.,diamondcrystalsalt.com
Diamond Foods,diamondnuts.com
Diamond Wipes Intl.,diamondwipes.com
Dignity Coconuts,dignitycoconuts.com
"DIPASA USA, INC.",dipasausa.com
Displays by Martin Paul,martinpaul.com
Distribution bobba inc.,
DITP,thaitradeusa.com
DIVERSIFIED AVOCADO PRODUCTS INC,aguacate.com.mx
Divi's Nutraceuticals,divisnutraceuticals.com
Divya's Global Consumer,
Doctor Plotka's Mouthwatchers,mouthwatchers.com
Doğadan Gıda Ürünleri A.Ş,dogadan.com.tr
"Dole Packaged Foods, LLC",dolesunshine.com
Domino Specialty Ingredients - ASR Group,dominospecialtyingredients.com
"Don't Quit, LLC",
DONA,drinkdona.com
Dorot Gardens,dorotgardens.com
dosa by DOSA,dosabydosa.com
Dosch Organic Acres Inc.,
Dot Design Group,dotdesignpop.com
Doughlicious - The London Dough Co,doughlicious.co.uk
Doughpamine,doughpamine.com
DOUGHY,
Doves Farm Foods Ltd,dovesfarm.co.uk
DPI del Territorio SA de CV,sayulaproducts.com
Dr Ginger's Healthcare Products LLC,drgingers.com
Dr. Botanicals,drbotanicals.com
Dr. Bronner's,drbronner.com
Dr. Jacobs Naturals,drjacobsnaturals.com
Dr. Kellyann,drkellyann.com
Dr. Kellyann,drkellyann.com
Dr. Praeger's Sensible Foods,DrPraegers.com
Dr. Shica's Bakery,drshicasbakery.com
Dr. Squatch,drsquatch.com
Dr. Tung's,drtungs.com
"Dr. Woods Products, LLC",drwoods.com
Dragon Herbs,dragonherbs.com
"Drink Blocks, LLC",
"Drink Mockly, Inc",
Drink Plink Inc,drinkplink.com
"Drink Recess, Inc.",takearecess.com
DrinkSip Beer,DrinkSip.com
Drizzilcious & Sunday Snacks,drizzilicious.com
Drizzilcious & Sunday Snacks,GourmetBasics.com
Dropi,dropi.com
DropperBottles.Com,dropperbottles.com
DSD Merchandisers / American Nuts LLC,dsdmerchandisers.com
DUDE PRODUCTS INC.,dudeproducts.com
Dufour Pastry Kitchens,dufourpastrykitchens.com
Dumpling Daughter,dumplingdaughter.com
Dyla Brands (Happy Viking & Stur Drinks),dylabrands.com
E. Formella & Sons,formella.com
EAGLE FLEXIBLE PACKAGING,eagleflexible.com
Eagle Protect PBC,eagleprotect.com
Earnest Eats,earnesteats.com
Earth & Body Wise,earthbodywise.com
Earth Harbor Naturals,
Earth Life Foods LLC,earthlifefoodsusa.com
Earth Made Nutritions Inc,em-herb.com
Earths Elements Wellness,earthselementswholesale.com
"East Goji (Ningxia) Foodstuff Co., LTD",
Eat Happy Kitchen,eathappykitchen.comhttps
Eat the Change,eatthechange.com
Eat Unrestricted,
Eathos Foods,eathosfoods.com
"ECI Software Solutions, Inc.",deacom.com
ECLAIRE HEALTH LLC,eclairehealth.com
Eclipse Foods,eclipsefoods.com
ECO HOLDING SRL,
Eco Living Club,ecolivingclub.com
ECO SOUL,ecosoulhome.com
Eco Turca Organics A.S,ecoturca.com
Eco-Max,eco-max.com
Ecolife Innovations LLC.,ecolifefamily.com
Economic Development Partnership of North Carolina,edpnc.com
ECOS,ecos.com
EcoTensil Inc.,ecotensil.com
Ecotone Food Inc,ecotone.bio
ECRS,ecrs.com
ECUADOR,proecuador.gob.ec
Eden Foods,edenfoods.com
Edna's Non Alcoholic Cocktail Company,ednascocktails.com
"Edward & Sons Trading Co., Inc.",edwardandsons.com
"Edward & Sons Trading Co., Inc.",edwardandsons.com
Egan Food Technologies,eganfoodtech.com
Eggcellent Protein Puffs,toddsbettersnacks.com
"EggLife Foods, Inc",egglifefoods.com
Eggs Unlimited LLC,eggsunlimited.com
Egmont Honey,egmonthoney.co.nz
"Ekeko, inc dba Holly Berry Camu Camu",holyberrycamucamu.com
El Arroyo,
ElastiTag - Bedford,elastitag.com
Element Food Solutions,elementfoodsolutions.com
Elements Truffles,elementstruffles.com
Eleni's NYC LLC,elenis.com
ELEVATE Beverages,
"Elite Naturel USA, LLC",elitenaturel.com
Eliya Organic King Coconut Water,drnaturalusa.com
Ellenos,ellenos.com
Elmhurst 1925,elmhurst1925.com
Else Nutrition,elsenutrition.com
Emerald Labs,emeraldlabs.com
Emilia Foods,emiliafoods.it
EMIRELLI,emirelli.com
Emmi Equator RTD Coffee LLC,equatorcoffees.com
EMOTIONAL UTILITY BEVERAGES,drinkeub.com
"Enaxus (THAILAND) Co., Ltd.",
"ENCORE FRUIT MARKETING, INC.",encorefruit.com
Endangered Species Chocolate,chocolatebar.com
ENDLESS TROPICAL LLC,endlesstropical.com
Ener-C,ener-life.com
Ener-GHEE,keytothemountain.com
"Enesis USA, LLC",us.enesis.com
Enrinity Supplements Inc,enrinity.com
ENTRENUTS,entrenuts.com
Environmental Working Group,ewg.org
"Enzymedica, Inc.",enzymedica.com
Enzymeking Biotechnology,biozymeusa.com
EO Products,eoproducts.com
ePac Flexible Packaging,epacflexibles.com
EpiCor Postbiotic (a Cargill brand),epicorimmune.com
Epicurean Butter,epicureanbutter.com
"Epsom-It, Inc",epsomit.com
"Epson America, Inc.",epson.com
Equii,equii.com
ESPAR SRL.,suchiar.com
ESPIRITO CACAU,
Essence Ring,essencering.com
Essential,essentialfoodco.com
Essential Costa Rica,procomer.com
Essential Formulas®,essentialformulas.com
Esti Foods,estifoods.com
ESW Beauty,eswbeauty.com
Ethel's Baking Co.,ethels.com
Ethical Bean Coffee Company,ethicalbean.com
Ethique,ethique.com
"Euro-American Brands, LLC",euroamericanbrands.com
Eurofins,eurofinsus.com
"Euromed USA, Inc.",euromedgroup.com
Euronutra,
Eva Commerce,eva.guru
Everest Formulations,everestformulations.com
EverGrain by AB InBev,evergrainingredients.com
Evergreen,eatevergreen.com
EverGreen USA LLC,evergreenusa.co
Everiday Foods Pte Ltd,everidayfoods.com
"Everland Foods, Inc.",everland.ca
Every Body Eat®,everybodyeating.com
Every Man Jack,everymanjack.com
Everyday Dose,
EVIL Snacks,evilsnacks.com
Evo Hemp,evohemp.com
EVOLVE and Muscle Milk Plant,drinkevolve.com
Evolved Chocolate,eatingevolved.com
Exceedient Foods,exceedientfoods.com
EXCITE MY,excitemy.com
Explorer Cold Brew,explorercoldbrew.com
Exponent Energy Inc.,drinkexponent.com
EZDC 3PL,ezdc3pl.com
F&S fresh Foods - Ingredient Solutions,
Fabalish,fabalish.com
FABBRI USA 1905 LLC,us.fabbri1905.com
Fabpac Corporation,
Fade Fit,imaginefmcg.com
"Fage USA Dairy Industry, Inc.",usa.fage
Faire,faire.com
Family Foods International,
"Family Green Harvest Co.,Ltd.",familygreenharvest.com
Farm's Elite,farmselite.com
"Farmers Hen House, Inc.",farmershenhouse.com
FARMVALE PSYLLIUM,
Fast Track Packaging,ftpackaging.ca
FastCat Freight,FastCatFreight.com
Fazlani Foods Corp.,fazlanicorp.com
"FBF North America, LLC.",fbfnorthamerica.com
Federal Equipment Company,fedequip.com
Feel Good Foods,feelgf.com
"Feelgoodz Holdings NC, Inc.",feelgoodz.com
"Felicetti US, Inc.",felicettipasta.com
"Fermented Food Holdings, Inc (Bubbies & Wildbrine)",fermentedfoodholdings.com
FERRIS COFFEE AND NUT CO.,ferriscoffee.com
Fevertree USA Inc,
FH Packaging,fhpkg.com
Fibrant,us.enesis.com
Fiddyment Farms,fiddymentfarms.com
FIDELITONE,fidelitone.com
Field Theory Foods,fieldtheoryfoods.com
Figlia,
Filippo Berio,filippoberio.com
FILLO'S Americas Made,fillos.com
Finally! Chickpea Snacks,FinallyChickpeaSnacks.com
Finch Foods Private Limited,finchfoods.com
Fine Italian Food,mantovafood.com
Fine USA Trading,fineusatrading.com
Fire and Smoke Society LLC,fireandsmokesociety.com
Fire Department Coffee,
FIRECRACKER PEPPER SAUCE LTD.,
First Gen Food & Beverage Inc,
First Priority Manufacturing,firstprioritymanufacturing.com
FirstWave Innovations,firstwavenc.com
Fiscalini Farmstead Cheese Company,
"Fischer & Wieser Specialty Foods, Inc.",jelly.com
Fishbowl,fishbowlinventory.com
"FitJoy, INC",fitjoyfoods.com
Five Star Packaging,fivestarcorr.com
Flackers,flackers.com
Flair Flexible Packaging Corporation,flairpackaging.com
Flamiba Inc.,
Flash Energy Company,flashenergydrink.com
Flatbread Queen Inc.,bolani.co
Flavor Full Foods Inc.,forewaysesame.com
"Flavor Producers, LLC",flavorproducers.com
"Flavorganics, LLC",flavorganics.com
Flexible Pouches,
Floating Leaf Fine Foods,eatwildrice.ca
Flock Foods,Www.thenakedmarket.com
"Flora, Inc.",florahealth.com
"Florida Food Products, Inc.",floridafood.com
Flourish,
Flow Alkaline Spring Water,flowhydration.com
Fly by Jing,
FocusHerb LLC,focusherb.com
FODY Foods,fodyfoods.com
FOMILK,fomilk.com
Food for Life,foodforlife.com
Food Ingredient Solutions (An Oterra Company),foodcolor.com
Food Maison Corp,food-maison.com
"Food Specialties Trading, LLC",
FoodChain ID,foodchainid.com
foodguys,foodguys.com
"FoodMatch, Inc.",foodmatch.com
For Bitter For Worse,forbitterforworse.com
Forage Kombucha,foragekombucha.com
Forager Project,foragerproject.com
Forager Project,foragerproject.com
Force of Nature Meats,forceofnaturemeats.com
Forever Green Food,
Fortis Solutions Group,fortissolutionsgroup.com
"Forward Farma, Inc.",forwardfarma.com
Four Sigmatic,foursigmatic.com
Frankie's Organic Food Inc,frankiessnacks.com
"Franklin Baker, Inc.",franklinbaker.com
"Franklin Foods, Inc.",franklinfoods.com
Fratelli Polli S.p.A.,polli.com
Freakin' Wholesome®,freakinwholesome.com
Freezeat Inc.,freezeatusa.com
French Squirrel,frenchsquirrel.com
Fresh 'n Nova,freshandnova.com
"Fresh Bell Co., Ltd",freshbell-innerb.com
"Fresh Blends North America, Inc",freshblends.com
Fresh Gourmet Company,freshgourmet.com
"Fresh Grill, LLC",
Fresh Press Farms,Freshpressfarms.com
Fresh Victor,
Fresh Vintage Farms,freshvintagefarms.com
FrieslandCampina Ingredients,frieslandcampinaingredients.com
"FromBIO Co.,Ltd.",frombio-company.co.kr
Frontier Co-op,frontiercoop.com
Froot Thief,frootthief.com
Frooze Balls,froozeballs.com
Fruit d'Or,fruitdor.ca
Fruit For Thought,fruitforthought.com
FRUITI LLC,fruiti.pro
FruitSmart,fruitsmart.com
Fruselva USA LLC.,fruselva.com
FST Logistics,fstlogistics.com
FSTea Inc,fsdrinks.com
Fuan Enterprise Inc.,fuanus.com
"Fuji Capsule Co., Ltd.",fujicapsule.com
"FUJIAN COMHONY BIOTECHNOLOGY CO., LTD",
"Fujian Herbal Treasure Bioengineering Co., Ltd",herbaltreasureshrooms.com
"FUJIAN ORIENTAL TEA CO.,LTD",
"Fujian Xianzhilou Nutra-Industry Co., LTD.",
Fulgent Life Inc.,fulgentlife.com
Full Steam Staffing,fullsteamstaffing.com
Fumage International Corp,fumage-gourmet.com
FUNGIES MUSHROOM GUMMIES,eatfungies.com
Funky Fresh,palermovillainc.com
Fusion boutique,stemtox.com
Fusion Jerky,fusionjerky.com
Futamura,natureflex.com
FutureCeuticals,futureceuticals.com
Fytexia,fytexia.com
G2G Bar,g2gbar.com
Gaia Herbs,gaiaherbs.com
Galactic inc,lactic.com
Galdisa USA,galdisausa.com
Galen Foods,galenfoods.com
Galvanina,galvanina.com
"Gansu Meheco Import & Export Co.,Ltd",ccne.mofcom.gov.cn
GARCIA DE LA CRUZ ORGANIC EXTRA VIRGIN OLIVE OIL,garciadelacruzoliveoil.com
GARCIA FOODS,garciafoods.com
Garcoa,garcoa.com
Garden of Life,gardenoflife.com
"Garrett Brands, LLC",garrettpopcorn.com
"Garza Food Ventures, LLC",sietefoods.com
"Garza Food Ventures, LLC",sietefoods.com
Gather Brands,gatherbrands.com
Gavina Coffee Company,gavina.com
GDS - GROW DIETARY SUPPLEMENTS DO BRASIL,abenutri.org
Gelato Boy,gelatoboy.com
Gelato Festival,gelatofestival.com
GELITA,gelita.com
Gelner Gida AS,gelner.com.tr
Gemsa Oils,gemsaoils.com
Gencor/Pharmako,gencorpacific.com
General Mills,generalmills.com
Genius Gourmet,geniusgourmet.com
GenoPalate,genopalate.com
"Gensei Global Industries Co., Ltd",collagensei.com
Genu-in,genu-in.com
Geo-Fresh Organic Private Limited,geo-fresh.com
Georgia Department of Agriculture,agr.georgia.gov
Georgia Department of Agriculture,agr.georgia.gov
Georgia Department of Agriculture,agr.georgia.gov
GeoSilica Iceland,geosilica.com
Germinal Organic Inc / Il Mangiar Sano Spa SB,germinalorganic.com
Ghetto Gastro,ghettogastro.com
Giant Snacks,giantsnacks.com
Gifts by the Sea,
Gilad&Gilad,ForNerveHealth.com
"Gillco Ingredients, an Azelis Company",gillco.com
Gimme Seaweed,gimmeseaweed.com
"Ginger Shots, Inc.",drinktulua.com
GIORI FARM,
"Giovanni Cosmetics, Inc.",giovannicosmetics.com
GIUSTI BALSAMIC VINEGAR,giusti.it
Givaudan Flavors Corporation,givaudan.com
GivePet,
glacies srl,
Glanbia Nutritionals,glanbianutritionals.com
Glaseritalia GmbH,glaseritalia.com
Glenda's Farmhouse,glendasfarmhouse.com
"Global Food Trading Co., Ltd.",vudhichai.co.th
Global Marketing Select LLC,globalmktgselect.com
"Global Organics, Ltd.",global-organics.com
Global Widget LLC,gwgummies.com
"Glory Food, Inc.",gloryfoodinc.net
GloryLand Food USA,glorylandfoodusa.com
GluCorp,glucorp.com
Gluten Free Certification Organization,gluten.org
"GMP Laboratories of America, Inc.",gmplabs.com
Gnosis by Lesaffre,gnosisbylesaffre.com
GNT USA,exberry.com
"Go Energy Foods, Inc.",e3energycubes.com
Godshall's Quality Meats,godshalls.com
GOED Omega 3,goedomega3.com
Going Natural SRL,
Goknur Gida Maddeleri Ith. Ihr. AS,
GoKo Sparkling Caffeinated Coconut Water,gokoenergy.com
"Gold Coast Ingredients, Inc.",goldcoastinc.com
GOLD FOODS USA LLC,GoldFoodsUsa.com
Golden Farms/Pasco Foods,goldenfarmsfoods.com
"GOLDEN GATE SELECTIONS, INC.",mistycliffswines.com
Golden Platter Foods,goldenplatter.com
Golden Platter Foods,goldenplatter.com
Golden Platter Foods,goldenplatter.com
Golden West Packaging Group,goldenwestpackaging.com
Golden Wing,
Goli Nutrition Inc.,goli.com
GoMacro,gomacro.com
Good Culture,goodculture.com
GOOD GOOD,goodgoodbrand.com
GOOD HEALTH & BOULDER CANYON,utzsnacks.com
Good Idea Inc,goodidea.us
Good Measure,allingoodmeasure.com
Good Morning Korea Co. Ltd.,gmkfresh.com
Good Now Foods,goodnowfoods.com
Good PLANeT Foods,goodplanetfoods.com
"Good Source Foods, Inc.",goodsourcefoods.com
good! snacks,goodsnacks.com
GoodBelly and Cheribundi,goodbelly.com
Goodie Girl Tribeca LLC,goodiegirlcookies.com
GOODLES,goodles.com
GoodPop,goodpops.com
GoodSam Foods,goodsamfoods.com
GoodSport Nutrition,goodsport.com
GoPatch,thegopatch.com
GORGIE,getgorgie.com
Gotham Greens,gothamgreens.com
Götze,
Gourmet Nut,gourmetnut.com
Goya Foods,goya.com
"Grain Millers, Inc.",grainmillers.com
Grain Processing Corporation (GPC),grainprocessing.com
Grain Trust,SageVFoods.com
Grandma Emily Inc.,grandmaemily.com
Grandy Organics,grandorganics.com
GRANOLOGY,granology.co
Graphic Packaging International,graphicpkg.com
Grass Grazed,
Grassland Specialty Brands,grasslandbutter.com
Gratsy,gratsy.com
Great Northern Corporation,
Great River Organic Milling,greatrivermilling.com
Green Boy Group,greenboy.com
Green Foods Corporation,greenfoods.com
Green Girl Bakeshop,greengirlbakeshop.com
Green Source Organics,gsoextracts.com
"Greenair, Inc.",newgreenair.com
"Greenberg Traurig, LLP",gtlaw.com
Greenleaf Foods,greenleaffoods.com
GreenLink Corp.,greenlinkpackaging.com
Greenprint LLC,
Grillo's Pickles,grillospickles.com
Grocery Geeks,
Grounded Packaging,groundedpackaging.co
Grounding Roots,groundingroots.com
Groundwork Coffee LLC,groundworkcoffee.com
GROUP EXPORT AGRI-FOOD,
Growee Foods,groweefoods.com
Growve,
Grupo BATGAL,grupobatgal.com
Grupo Bimbo,barcel-usa.com
Grupo Bocel,bocel.randolfrias.com
gruppo milo,casamilo.it
Grüvi,getgruvi.com
GS Capsule USA,gscapsule.com
GS PACKAGING,gorselsanatlar.com.tr
"Guangdong Wonderful Foods Group Corp.,Ltd.",hxqfood.com
"Guangdong Yichao Biological Co., Ltd.",yichaobio.com
Guangdong Yifang Phamaceutical Co Ltd,e-fong.com
"Guangzhou Aoungo Bio-Tech Co.,Ltd.",
Guinness,diageo.com
Guittard Chocolate,guittard.com
"Guru Nanda, LLC",gurunanda.com
GURU Organic Energy,guruenergy.com
Gustav Heess GmbH,heessoils.com
Gutsy Fermented beverages,gutsykombucha.com
Guud Nutrition,
"GWANGCHEON SAMWON FOOD CO.,LTD.",gcsamwonfood.co.kr
H2OPS Sparkling Hop Water,h2ops.com
H3 Plastics,
Habib Rice Products Ltd,habibriceproducts.com
HACK THE BREAD,hackthebread.com
"HAEYEAREUM.,LTD",haeyeareum.com
"Hain Celestial Group, The",hain.com
"Hainan Zhongxin Chemical Co., Ltd.",zxchem.com
Hakumo LLC,jwayfoods.com
Halavet Gelatin,halavet.com.tr
HALDIN PACIFIC SEMESTA,haldin.com
Hale Productions,haleproductionstudios.com
Haleon,emergenc.com
Halvana-Mediterranean Made Easy,halvana.com
Hammons Wild Black Walnuts,black-walnuts.com
Hampton Farms,hamptonfarms.com
"Hangjinhouqi Huawei Trading Co.,Ltd",huaweigongmao.com
"Hansford Biotech Co., Ltd.",hansfordbio.com
Happy Elephant,lakanto.com
Happy Nuts / Happy Curves,Myhappynuts.com
Happy Snacks,marketsquarefood.com
Happy Tree Nuts,
Happy Veg Inc.,happyveginc.com
Happy Wolf,happywolf.com
HAPPYPOP!,drinkhappypop.com
Hardbite,hardbitechips.com
Harken Sweets,harkensweets.com
Harmless Harvest,harmlessharvest.com
Harney & Sons Fine Teas,harney.com
Harrens Lab Inc.,harrenslab.com
Harris Spice,newmansown.com
Harvest Sherwood Food Distributors,harvestsherwood.com
Hatch Chile Co.,hatchchileco.com
Hatti Food,hattifood.com
Haven's Kitchen,havenskitchen.com
Hawaii Pavilion,
Hawaii Volcanic Beverages,
Hawaiian Soda Co.,hawaiiansodaco.com
Hddes Extracts Pvt Ltd,hddes.com
Health Thru Nutrition,healththrunutrition.org
Health-Ade Kombucha,Health-Ade.com
"HealthAid America, Inc.",healthaidamerica.com
HealthVerve USA,healthverve.com
Healthy Crunch,healthycrunch.com
Healthy Food Ingredients,HFIfamily.com
Healthy Human LLC,healthyhumanlife.com
Hearthy Foods Inc.,hearthyfoods.com
"Heatonist, LLC",heatonist.com
"HEBEI GUANGXIANG PHARMACEUTICAL CO.,LTD.",sjzsiyao.com
Helion Food USA,helionfood.com
Helios Artificial Intelligence,
Hella Cocktail Co.,hellacocktail.co
Helpful Hens & Blue Sky Family Farms,egginnovations.com
Hempress & Harper Hygienics,hempresshygienics.com
HempRise,hemprise.com
Henan Baihuikang Biotechnology,bhkpharm.com
HENKA LLC,
Henrietta Said,henriettasaid.com
"Heraclea Food Co., Inc",
HERB GREEN HEALTH USA INC,herealth.com
Herb Pharm,herb-pharm.com
Herbal Creations USA,
Herbal Ignite,us.herbalignite.com
Herbal Revolution Farm and Apothecary,herbalrev.com
"Herbaland Naturals, Inc.",herbaland.ca
Herbion Naturals,herbion.com
Here We Flo Ltd,hereweflo.co
Hero Snacks,herosnacks.com
Herr Foods Inc.,herrs.com
HEUMANN Matzos & Crackers,
heywell,livingheywell.com
"Hi-Dow Int'l, Inc.",hidow.com
High Brew Coffee,highbrewcoffee.com
"Hikari Miso International, Inc.",hikarimiso.com
Hillside Harvest,HillsideSauce.com
HIMALAYAN BIO ORGANIC FOODS PVT LTD,
"Hint, Inc.",drinkhint.com
HIPPEAS®,hippeas.com
Hippie Snacks,hippiesnacks.com
HIT THE TEA,hitthetea.com
Hive to Table Honey Farms,hivetotablehoneyfarms.com
Hive₂O,hardhoney.com
Hiyo,drinkhiyo.com
Hodo,hodofoods.com
HoldOn Bags,holdonbags.com
Holi Scoops LLC,
Holle USA,holleusa.com
"Honey Blossom, LLC",thehoneyblossom.com
Honey Bunny Inc.,peaceriverhoney.com
Honey Droplet New Zealand Ltd,honeydroplet.com
Honey Mama's,honeymamas.com
Honey Smoked Fish Co,honeysmokedfish.com
Honey Stinger,honeystinger.com
Honeymoon Chocolates,
HOP WTR,hopwtr.com
Hoplark,hoplark.com
Horta da Terra,
Host Defense Mushrooms,hostdefense.com
Host Defense Mushrooms,hostdefense.com
Hosted/Candid,shophosted.com
HOT JIANG®,hotjiang.com
Hot N Saucy,
"House Foods Holdings, USA",house-foods.com
House Party,housepartysnacks.com
"Houston Enzymes, Inc",houston-enzymes.com
HowGood,howgood.com
Howling Moon Kombucha,
HP Ingredients,hpingredients.com
HPM Global Inc.,hpmglobal.com
HPS Food & Ingredients,hpsfood.com
HTT Packaging & Design,httpack.com
Huangshan Capsule Inc,
HUATAI PHARMA INC,huatai-biopharm.com
Hub Group,hubgroup.com
Hub Pak Salt Refinery,hubpak.com
Hudson River Foods,hudsonriverfoods.com
"Huel, Inc",huel.com
Huisong Pharmaceuticals,huisongpharm.com
humanN,humann.com
"Humble & Frank Foods, Ltd.",humbleandfrank.com
"Humble Brands, Inc.",humblebrands.com
"Humble Tea Inc. DBA ""Tea Drops""",myteadrop.com
Humboldt Bay Coffee Co.,humboldtcoffee.com
Hume Supernatural,humesupernatural.com
Humm Functional Beverages,hummkombucha.com
"Humphreys Pharmacal, Inc.",humphreysusa.com
"Hunan Delore Natural Products Co., Ltd",
"Hunan Er-kang Pharmaceutical Co., Ltd.",
"Hunan Huacheng Biotech, Inc.",huachengbio.com
"Hunan Huakang Biotech Inc.,",huakangsw.com
Hunan Nutramax Inc.,nutra-max.com
HUNDY!,eathundy.com
"Hung Yang Foods Co., Ltd.",hoyavegan.com
Huons USA,
Huxley,drinkhuxley.com
HVA CEYLON,hvaceylon.com
Hydro Flask,hydroflask.com
Hydrx Wellness Corp.,
Hygiene Hero,hygiene-hero.com
"HYLEN CO., LTD.",hylen.cn
I AM F&B Group,iamf-b.com
I Eat My Greens,ieatmygreens.com
"i-Health, Inc",dsmihealth.com
Ibotta Performance Network,partners.ibotta.com
Icelandic Glacial,IcelandicGlacial.com
Icelandic Provisions,IcelandicProvisions.com
ICL Food Specialties,iclfood.com
Icon Foods,iconfoods.com
IFC SOLUTIONS,ifc-solutions.com
IFPC,ifpc.com
Ignite Brands (Oilogic),oilogiccare.com
iLevel Brands,ilevelbrands.com
Illinois Department of Agriculture,agr.state.il.us
Illinois Department of Agriculture,
Illinois Department of Agriculture,agr.state.il.us
Illinois Department of Agriculture,
Illinois Department of Agriculture,
,
IMC Ingredients,imc-ingredients.com
immi,immieats.com
"Impact Products, LLC",impactproducts.life
Impossible Foods,impossiblefoods.com
In The Raw - Cumberland Packing,intheraw.com
Inaexpo USA Ltd. Co.,WWW.INAEXPO.COM
Inca Gold Organics,incagoldorganics.com
Incrediwear,incrediwear.com
Incredo,incredo.com
Indiana Sugars,sugars.com
Indigo Wild/Zum,indigowild.com
Indonesia Pavilion,itpcla.com
Ingia Bio,INGIABIO.com
Ingredalia SL,ingredalia.com
ingredient brothers,ingredientbrothers.com
"Ingredients By Nature, LLC",
Ingredients Online,ingredientsonline.com
Ingredion Incorporated,ingredion.com
"Ingrilli Citrus, Inc.",ingrillicitrus.com
Inka Foods,inkafoods.com
Inked Bread Co.,inkedbread.com
"Inna Organic Co., Ltd.",en.innaorganic.com
"INNER MONGOLIA CROWN STAR FOOD INDUSTRIES CO.,LTD.",WWW.CROWNSTARFOOD.COM
"Inner Mongolia Rejuve Biotech Co.,Ltd",nmzhs.com
INNOBIO USA Inc.,innobioglobal.com
Innovatical Laboratories,iLab-US.com
Innovative Labs,innovativeflexpak.com
Innovative Packaging Solutions,ipspack.com
Innovative Products Unlimited LLC,
Insan Bamboo Salt Inc.,insan.com
Instacart,
"Insua Graphics, Inc.",
Integrated Plastics Packaging,ipp.ae
Intelligent Blends,intelligentblends.com
Intermountain Nutrition,intermountainnutrition.com
Interpress Technologies and Interpac Technologies,interpresstechnologies.com
Ion Labs,ionlabs.com
ION* Intelligence of Nature,intelligenceofnature.com
Irresistible Foods Group,
Irvin's,eatirvins.com
Irwin Naturals,irwinnaturals.com
Isadora,verdevalle.com
ISIK ORGANIC CO.,isiktarim.com
ISIK ORGANIC CO.,isiktarim.com
Island Snacks Inc.,WWW.ISLANDSNACKSINC.COM
IsoPure,theisopurecompany.com
Issei Mochi Gummies,mochigummies.com
ITALMOPA - Pure Flour from Europe,pureflourfromeurope.eu
"Italpizza USA, Inc.",italpizza.it
Ithaca Hummus,ithacahummus.com
"ITO EN (North America), Inc.",itoen.com
ITZ NOT,itznot.com
It’s Skinny Pasta,Itsskinny.com
IZCO,izco.com.ar
J.L. Clark,jlclark.com
Jack N' Jill,jackandjillkids.com
Jackson's Food Company,jacksonschips.com
Jacobson Packaging,boxxboys.com
"Jade F&B Co. ,Ltd.",jadefnb.com
"Jaindi Export, (Pvt) Ltd.",econutrena.com
Jaju Pierogi LLC,jajupierogi.com
Jakemans Throat & Chest,btremedies.com
Jalapa Jar,
JAMBAR,jambar.com
JANS Enterprise Corp.,jansfood.com
Japan Gold USA,japangoldusa.com
Jarrow Formulas,jarrow.com
"Jayone Foods, Inc.",jayone.com
"Jebsen & Jessen Life Science, Inc.",jj-lifescience.com
"Jeneil Biotech, Inc.",jeneilbiotech.com
Jeni's Splendid Ice Creams,jenis.com
JETRO,jetro.go.jp
"JFC International, Inc.",jfc.com
JHD Corp.,jhdcorp.com
"Jiaherb, Inc.",jiaherbinc.com
JIANGMEN MST PACKAGING GROUP LIMITED,mstpack.com
"Jiangsu Biodep Biotechnology Co., Ltd.",biodep.com
"JIANGSU HANDIAN BIOTECHNOLOGY CO., LTD",handian.cc
"Jiangsu Timage Natural Bioengineering Co., Ltd.",timagenature.com
"JIANGXI CHENGZHI BIOENGINEERING CO.,LTD.",lifecz.com
Jiequn Group Inc.,jiequnpharm.com
"Jilin City Huoban Food Co,.Ltd",
Jim's Organic Coffee,jimsorganiccoffee.com
JINA F&C,wangshin.com
"Jinan Gaohua Pharmaceutical Capsules Co., Ltd.",gaohuacapsule.com
"JJ Martin Group, LLC",aloevineorganics.com
JK CORP,
"JNY FOOD CO., LTD.",jnyfood.com.tw
"Jocko Fuel, LLC",store.jockofuel.com
Joe Coffee Company,
"Joint Agri Products Ceylon (pvt), Ltd.",japc.lk
Jolly Llama,jollyllama.com
Jones Natural Chews,thecountrybutcher.com
JonnyPops,jonnypops.com
"Joolies Superfruit, LLC",joolies.com
Jovial & Bionaturae,jovialfoods.com
Joydays,getjoydays.com
JOYRIDE,joyridesweets.com
JUGO SUPERFOODS,
"Julian's Foods, LLC.",julianbakery.com
Jungle Foods,jungleproject.com
Just About Foods,justaboutfoods.com
"Just Ingredients, Inc.",justingredients.us
Just Like Home,poiemabrands.com
Just Made Foods,justmade.com
Just Spices,justspices.com
JUST SPREAD LLC,just-spread.com
Justin's,justins.com
Justworks,
JV Products,
"JWELLFOOD CO., LTD.",jwellfood.co.kr
"K Fresh Co., Ltd.",
K-1 Packaging Group,k1packaging.com
"K-BERRY CO.,LTD",kberry.kr
"K.R.S. Spicy Food Co., Ltd.",krsspicyfood.com
Kabrita,
"Kahnalytics, Inc. dba Original Sprout",originalsprout.com
"KAIBAE, The Lost Crops Company",gokaibae.com
KaLaya Health and Wellness,kalayahealth.com
Kamut International,kamut.com
Kaneka Nutrients,kanekanutrients.com
Kareem's Falafel,kareemsfalafel.com
KARMA NUTS,karmanuts.com
Karma Water,drinkkarma.com
Kartago Dates,kartagodates.com
Katie's Pizza and Pasta,katiespizza.com
Katjes USA Inc.,katjes.us
Kauno Grudai,kaunogrudai.lt
KC Sunshine's Cookies,kcsunshinecookies.com
"KEB Nutraceutical USA, Inc.",kebnutra.com
Kefir Lab,kefirlab.com
KeHE,kehe.com
Keicha Matcha (Ikeda Matcha),keichamatcha.com
KeJoy,
Kellanova,kellanova.com
Kelpie Chips,snacksfromthesea.com
KENT USA INC,dongwon.com
Kern Tec GmbH,kern-tec.com
"Kerry, Inc.",kerry.com
Keto Foods,ketofoods.com
Ketone Labs,ketonelabs.com
Kevala,kevala.net
Kevin's Natural Foods,kevinsnaturalfoods.com
Kevin's Natural Foods,kevinsnaturalfoods.com
KeVita Drinks®,tropicanabrandsgroup.com
Khong Guan Corporation,khongguan.com
Kibo Foods,kibofoods.com
Kim's Choice Food Inc.,https
Kimino Drinks Inc.,kimino.com
"Kimnori USA, Inc.",kimnoriusa.com
Kin Euphorics,
KIND Snacks,kindsnacks.com
KIND Snacks,kindsnacks.com
King Arthur Baking Company,kingarthurbaking.com
King Arthur Baking Company,kingarthurbaking.com
"KING KUNG HEALTH FOOD CO.,LTD.",kingkung.en.taiwantrade.com
"King Ping Tea, Inc.",kingping.com.tw
"KinOmega BioPharm, Inc.",kinomega.com
Kirk’s Family of Natural Brands,kfonb.com
Kirlioglu Tarimsal Urun. Gida Ins. A.S.,
KISAN AGRO,
Kishu Charcoal,kishucharcoal.com
Kitchen & Love,kitchenandlove.com
Kitpas,kitpasusa.com
"KITU Life, Inc.",kitulife.com
Kiwa Natural Life,kiwalife.com
KiZE Concepts,kizeconcepts.com
"KJ WORLD FOODS CO., LTD.",kaijaerice.net
"KKOH Shaem Food Co., Ltd.",ksfs.co.kr
Klean Kanteen,kleankanteen.com
Koala Eco,koalaeco.com
Kodiak Cakes,kodiakcakes.com
Kodiak Cakes,kodiakcakes.com
Koe Organic Kombucha,drinkkoe.com
Kokada,kokada.com
Koko & Karma,kokoandkarma.com
Koko Kai Foods LLC,kokokaiyogurt.com
Kokomio,kokomio.com
Konopelski Meats LLC,
Konscious Foods,konscious.com
Koops,koopsmustard.com
Kooshy Croutons,kooshy.com
Kor Shots,drink-kor.com
Korea Agro-Trade Center,at.or.kr
Korea Agro-Trade Center,at.or.kr
Korea Agro-Trade Center,at.or.kr
Korea Agro-Trade Center,at.or.kr
Korea Agro-Trade Center,at.or.kr
Korea Agro-Trade Center,at.or.kr
Korea Agro-Trade Center,at.or.kr
Korea Agro-Trade Center,at.or.kr
Korea Agro-Trade Center,at.or.kr
Korea Agro-Trade Center,at.or.kr
Korea Agro-Trade Center,at.or.kr
Korea Agro-Trade Center,at.or.kr
Korea Agro-Trade Center,at.or.kr
Korea Agro-Trade Center,at.or.kr
Korea Agro-Trade Center,at.or.kr
Korea Agro-Trade Center,at.or.kr
Korea Agro-Trade Center,at.or.kr
Korea Agro-Trade Center,at.or.kr
Korea Agro-Trade Center,at.or.kr
Korea Agro-Trade Center,at.or.kr
Korea Agro-Trade Center,at.or.kr
Korea Agro-Trade Center,at.or.kr
Korea Agro-Trade Center,at.or.kr
Korea Agro-Trade Center,at.or.kr
Korea Agro-Trade Center,at.or.kr
Korea Agro-Trade Center,at.or.kr
Korea Agro-Trade Center,at.or.kr
Korea Agro-Trade Center,at.or.kr
Korea Agro-Trade Center,at.or.kr
Korea Agro-Trade Center,at.or.kr
Korea Agro-Trade Center,at.or.kr
Korea Agro-Trade Center,at.or.kr
Korea Agro-Trade Center,at.or.kr
Korea Agro-Trade Center,at.or.kr
Korea Ginseng Corp.,kgcus.com
"Krave Pure Foods, Inc.",kravejerky.com
Krueger & Salecker,kruegersalecker.com
KSM-66 Ashwagandha,ixoreal.com
KUL MOCKS,kulmocks.com
KULA Foods,
Kuli Kuli Foods,kulikulifoods.com
Kültee,kultee.net
Kvarøy Arctic,kvaroyarctic.com
KWAF,kwafwineaerators.com
"Kwang Dah Enterprises Co., Ltd.",
Kyowa Hakko USA,kyowa-usa.com
L.A. Libations,lalibations.com
L.A. Libations,lalibations.com
L.A. Libations,lalibations.com
La Colombe,lacolombe.com
La Monarca Bakery,lamonarcabakery.com
"LA NOGALERA USA, INC.",lanogalera.com
"La Pasta, Inc.",wwww.lapastainc.com
La Preferida,lapreferida.com
La Tourangelle,latourangelle.com
LA VIE EN MIE SAS,
Labbel Food LLC,
Labels Lab Inc,labelslab.com
LaCroix Sparkling Water,lacroixwater.com
"Lago USA, Inc.",lagousa.com
Lagunitas Brewing Company,lagunitas.com
Laird Superfood,lairdsuperfood.com
Lakanto,lakanto.com
Lakeview Farms,lakeviewfarms.com
Lakewood Organic Juice Company,lakewoodorganic.com
LAKRIDS BY BÜLOW,lakridsbybulow.us
"Lam Snack Foods, INC",
Land O' Sun LLC,thundercoffeemilk.com
Lanxess Corporation,lanxess.com
Laoban Dumplings,
Lapierre Maple Farms,lapierremaple.com
Larabar,larabar.com
Latin Goodness Foods LLC   - MASPANADAS,maspanadas.com
"Lattini, Inc.",
Launch Fulfillment,launchfulfillment.com
Laurel Foods,laurelfoods.com
"Lavazza North America, Inc.",lavazzausa.com
Layn Natural Ingredients,layncorp.com
Layonna's,layonnas.com
"Le Food Company, LTD.",lefoodco.com
Le Grand,lovelegrand.com
LE VIE DEL TARTUFO USA INC.,jimmytartufi.it
Lebby Snacks,lebbysnacks.com
"Lefancaps (Jiangsu) Co., Ltd.",lefancaps.com
"Legendairy Milk, LLC",legendairymilk.com
"Legendary Foods, LLC",eatlegendary.com
Lemongrass Farms,lemongrassfarms.com
Lemonilo Ramen,lemoniloramen.com
"Lemur International, Inc.",lemurinc.com
"Leng D'Or USA, INC.",lengdor.com
Lennox,lennoxpets.com
LEONG GUAN FOOD MANUFACTURER PTE LTD,lgfoods.co
LesserEvil Snacks,lesserevil.com
Levels,levelsprotein.com
Lewis Road Creamery Limited,lewisroadcreamery.com
LIFE BRIDGE INTERNATIONAL,lifebridgeintl.com
"Life Cider, LLC",lifecider.com
Life Extension,lifeextension.com
Lifecykel Labs LLC,
"LifeSeasons, Inc.",lifeseasons.com
"Lifeway Foods, Inc.",lifewaykefir.com
Lightbody,lightbodylabs.com
Like Air,likeairsnacks.com
"Lil Bucks, LLC",lovelilbucks.com
Lillie's Q,lilliesq.com
Lily of the Desert,lilyofthedesert.com
LIMBUA Deutschland GmbH,limbua-group.com
Lindo - Grace Harvest & Assoc. LLC,lindoproducts.com
Linhardt Group,linhardt.com
Link Natural Products (Private) Limited,linknaturalproducts.com
"Lipmen Co., Ltd.",lipmen.co.kr
LiquaDry Inc.,liquadry.com
Liquid Death Mountain Water,liquiddeath.com
Liquid I.V.,liquid-iv.com
Listen Up Pte Ltd,Oatbedient.com
Litehouse Inc.,litehousefoods.com
Little Green Cyclo,
Little Lad's Popcorn,littleladspopcorn.com
Little Moon Essentials,littlemoonessentials.com
Little Northern Bakehouse,littlenorthernbakehouse.com
LittleOak,thelittleoakcompany.com
Live Crispy LLC,livecrispy.com
LiveKuna,livekuna.com
"Lively Up Your Breath, LLC",livelyupyourbreath.com
LiveMore Superfoods,livemoreorganics.com
LiveWellGarden LLC,burn-fit.com
Living Alchemy,livingalchemy.com
Liviva Foods,LIVIVAFoods.com
LIVNU,
LIVS,WeAreLIVS.com
"Loacker, USA",loackerusa.com
"Loc Maria Biscuits, Inc.",locmaria.fr
Local Hive Honey,localhivehoney.com
Local Weather,drinklocalweather.com
Lochhead Vanilla Company,lochheadvanilla.com
Lok Foods US LLC,lokfoodsus.com
Lola's Fine Hot Sauce,lolasfinehotsauce.com
"Longevity by Nature, Inc.",longevitybynature.biz
Lonza Capsules & Health Ingredients,lonza.com
"Lorand Laboratories, LLC",lorandlabs.com
Lord Jameson,lordjamesom.com
Lorissa’s Kitchen,lorissaskitchen.com
Los Angeles Salt Company,lasaltco.com
Lotte Int'l America Corp,lottewellfood.com
Lotus Foods,lotusfoods.com
Lotus Sustainables.,lotus-sustainables.com
Louis Dreyfus Company,ldc.com
LOUMI Skincare,loumiskincare.com
Love + Chew,loveandchew.com
Love Struck (F&B) Ltd,https
Lovebird Cereal,
Lovingly Made,lovinglymade.ca
"LOVO, Pascha Chocolate",lovochocolate.com
LT Foods Americas,authenticroyal.com
LUCKAU,
Lucky Foods,luckyfood.com
LUIZA ABRAM,
Luker Chocolate,lukerchocolate.com
Lumehra International Inc,lumehra.com
Luminize,luminize.com
LUNA BAY,
Lunar Fox Food Co.,pluscbdoil.com
Lunar Lifts Nutrition,lunarliftsnutrition.com
Lundberg Family Farms,lundberg.com
LUUM,luum.co
LVBImports,lizzisrl.com
LYMAC INTERNATIONAL LTD,
"Lyman Farm, Inc. (dba Lyman Orchards)",lymanorchards.com
Lyxia Corporation,lyxia.com
M.A.D. Foods,madfoods.biz
MAAN DATES,maandates.com
Maazah,maazah.com
Macalat Sweet Dark Chocolate,macalat.com
Machu Picchu Energy,machupicchu.energy
Machu Picchu Foods,mpf.com.pe
Madagascar Vanileco,vanileco.com
Made In Nature,wildwestchocolate.com
Madly Hadley,madlyhadley.com
Maeil Foods,maeilfoods.com
Maggie's Organics,maggiesorganics.com
Magtein,magtein.com
Maine Crisp Company,mainecrisp.com
"Maisen Fine Food Co.,Ltd.",www-maisen-co-jp.translate.goog
"Maison Riviere USA, LLC",aroma-one.com
Maizly,maizly.com
"Make Time Wellness, Inc.",maketimewellness.com
Malama Mushrooms,malamamushrooms.com
"Malee Intenational Co.,Ltd",malee.co.th
MALK Organics,malkorganics.com
Malt Products Corporation,maltproducts.com
Mama Buci International Ltd,mamabuci.com
MAMA LAND FOODS PRIVATE LIMITED,mamalands.com
Mamas Magic Disco Inc.,
Mananalu,mananalu.com
MANAVLAR GIDA SANAYİ VE TİCARET ANONİM ŞİRKETİ,manavlarfood.com
Manchiee De Coco Products,
"Mane, Inc.",mane.com
Manfredi Barbera e figli SPA,oliobarbera.it
Manitoba Harvest Hemp Foods,manitobaharvest.com
Manitoba Milling Company,manitobaflax.com
Manny Rodriguez Photography,mannyrodriguez.com
Manus Bio Inc dba NutraSweet Co.,nutrasweetnatural.com
Mapeks Gida,mapeksorganic.com
Maple Organics,
Maplegrove Foods LLC,instant-meals.com
MARATIVA SEAFOODS,marativaseafoods.com
MARBIL YAG SAN.VE TIC.A.S.,
Marco Sweets & Spices,
Maria & Ricardo's,mariaandricardos.com
Mariani,mariani.com
Marich Confectionery,marich.com
"Marimix Company, Inc.",marimix.com
MARIN FOOD USA Inc.,marinfood.co.jp
Marina Del Rey Foods,marinadelreyfoods.com
"Markrin Chocolate Co., Ltd.",markrinchocolate.com
Maroon Sausage Company,maroonsausage.com
Marroquin Organic International,marroquin-organics.com
MARTINOROSSI,martinorossiamerica.com
Martins Family Fruit Farm,martinsapples.com
"Marukan Vinegar U.S.A., Inc.",marukan-usa.com
"Marukome USA, Inc.",marukomeusa.com
Mary's Gone Crackers,marysgonecrackers.com
MaryRuth’s,maryruthorganics.com
Mason Dixie Foods,masondixiefoods.com
Mason Vitamins,masonvitamins.com
MASTER SWEETENER,mastersweetener.com
MatchaKo,matchako.com
Matco Foods Limited,matcofoods.com
Mateks Tarim Urunleri AS,mateksas.com
Matiz Foods - Aneto Natural Broths,culinarycollective.com
Matr Boomie,matrboomie.com
Matter,MakeItMatter.com
Mauna Loa,MaunaLoa.com
Mavericks Snacks,mavericksnacks.com
Mavuno Harvest,mavunoharvest.com
Maya Kaimal Foods,mayakaimal.com
Mayawell,drinkmayawell.com
"Maypro Industries, LLC",
MB Partnerpakas,partnerpak.eu
Me Today USA Inc,metoday.com
Meati,meati.com
Medex Trade d.o.o,medexlife.eu
Medicap Laboratories,medicap.ca
Medifoods Thailand,medifoods.co.th
Medikonda Nutrients,
Mediterranean Harvests,
MedMama,medicinemama.com
Medterra,medterracbd.com
Meelunie America,meelunie.com
MegaFood,megafood.com
"Meganutra, Inc.",meganutra.com
Mekhala Living Inc,mekhalaliving.com
Mela,melawater.com
Meli Wraps,meliwraps.com
Mellody,mellodyfoods.com
Melo Melo,
Melora Manuka,meloralife.com
Melting Forest,meltingforest.com
MENISSEZ,menissez.fr
MenoWell Menopause Bars,mymenowell.com
"MERIT FOOD PRODUCTS CO., LTD",
"Metshu Exports, (Pvt) Ltd.",metshu.com
Mezcla,eatmezcla.com
Mezzetta & Jeff’s Garden,mezzetta.com
Mi Rancho,mirancho.com
Michaels of Brooklyn,michaelsofbrooklyn.com
Michel et Augustin,micheletaugustin.us
Michele's Granola,michelesgranola.com
MicroDried,microdried.com
MicroSalt Inc.,microsaltinc.com
"MicroThermics, Inc.",microthermics.com
Mid-Day Squares,middaysquares.com
middleman,gomiddleman.co
Midlands Apiaries,midlands.co.nz
Mighty Sesame Co.,Mightysesameco.com
Mighty Spark Food Co.,mightysparkfood.com
Mighty Yum,mightyyum.com
Mightylicious Inc,mightylicious.com
MiLa,eatmila.com
Milhans Foods Corporation,milhans.com.tr
Milk Specialties Global,milkspecialties.com
Milkadamia,milkadamia.com
Milkboy Swiss Chocolates,milkboy.com
Mill Creek Botanicals,millcreekbotanicals.com
Mill Rock Packaging,millrockpackaging.com
Millsie Fine Foods,millsiefoods.com
Milton’s,miltonscraftbakers.com
Mindright,getmindright.com
"Ming Chyi Biotechnology, Ltd. (MCB)",mingchyi.com
Mingle Mocktails,minglemocktails.com
MingsBings,mingsbings.com
Miniware,miniware.com
Minnesota Pavilion,mda.state.mn.us
Minnow,minnowworld.com
Minor Figures,us.minorfigures.com
"Minsley, Inc.",minsley.com
Mintel,mintel.com
Miracle Noodle,miraclenoodle.com
"Mishima Foods USA, Inc.",mishima.com
Miss Jones Baking Co.,missjones.co
"Missouri Northern Pecan Growers, LLC",mopecans.com
"Mitsubishi International Food Ingredients, Inc.",mifiusa.com
"Mixed Nuts, Inc",mixednutsinc.com
Mixed-Up Cocktail Co,mixedupcocktail.com
Mixhers,mixhers.com
MIXOLOSHE,mixoloshe.com
Miyoko's,miyokos.com
Miyoshi Oil & Fat,miyoshi-yushi.co.jp
Mochidoki,mochidoki.com
Mocktail Club,mocktailclub.com
"Modern Products/IFVG, Ltd.",modernfearn.com
"Moku Foods, Inc.",
Molson Coors Non-Alc,molsoncoors.com
Molson Coors Non-Alc,molsoncoors.com
Moment,drinkmoment.com
Mommy's Bliss,mommysbliss.com
MOMO's CBD (MOMO's Bean to BLISS Bars),momoscbd.com
Momofuku Goods,shop.momofuku.com
MONarchy Beverage Company,monstertourwater.com
Monkey Brittle,monkeybrittle.com
Montalbano USA,montalbanofood.com
Mooala Brands,mooala.com
Moocho,moochofoods.com
Moodex,moodex.com
Moon Fruit,moonfruitsnacks.com
Mooney Farms,bellasunluci.com
Mooski,mooskisnacks.com
Moquin Press,moquinpress.com
"MORE CO.,LTD",morecorp.co.kr
"Morinaga America, Inc. – Chargel",chargel.com
"Morinaga Nutritional Foods, Inc. / Mori-Nu Silken Tofu",morinaga-usa.com
"Morinaga Nutritional Foods, Inc. / Probiotics",morinagaprobiotics-usa.com
Morningstar Minerals,msminerals.com
Morton & Bassett Spices,mortonbasset.com
MOSS,mossworld.com
Mother Herbs & Oils LLC,motherherbandoils.com
Mother Nature's Granola,mothernaturesgranola.com
Mother-In-Law's,MILKimchi.com
Motif FoodWorks,madewithmotif.com
Mountain High,
Mountain High Organics,mountainhighorganics.com
Mountain Meadow Herbs / Cap Express,mmherbs.com
Mountain Rose Herbs,mountainroseherbs.com
Mr Bing,mr-bing.com
Mr. Bajan Foods LLC,mrbajanfoods.com
MrBurgy&Co Inc,mrburgy.com
"Mrs. Meyer's Clean Day, Method, Babyganics",methodhome.com
MST USA,
MTE (More Than Energy),getmte.com
MTN WTR,mtnwtr.com
Muddy Bites,muddybites.com
MUELOLIVA Y MINERVA S.L.,mueloliva.es
"Multiple Organics, Inc.",multipleorganics.com
Munk Pack,munkpack.com
Murphy's Naturals,murphysnaturals.com
MuscleCare,getmusclecare.com
MUSH,eatmush.com
MUSKA USA INC.,sleepingbottle.com
Must Love,must.love
Mutual Trading Co. Inc.,lamtc.com
My Cooking Box,mycookingbox.com
My Myracle Sdn Bhd,myracle.com.my
My/Mochi,mymochi.com
MyForest Foods,myforestfoods.com
MYOJO USA,myojousa.com
Myrtle Greens,myrtlegreensco.com
N.H.P. Laboratories Inc.,
Nahua Chocolate Costa Rica,nahua.cr
Naked Bread,nakedbreads.com
Nam Viet Foods and Beverage Joint Stock Company,vinut.com.vn
"Namkwang Food Co.,Ltd",
Nampons,nampons.com
Nancy's Probiotic Foods/Springfield Creamery,nancysyogurt.com
Natalie's Orchid Island Juice Company,oijc.com
National Peanut Board,nationalpeanutboard.org
"National Water Services, LLC",freshpure.com
Native Vanilla,
Natrol LLC,vytalogy.com
Natrusolate,indusbiotech.com
Naturade,naturade.com
Natural Dairy Products,naturalbynaturedairy.com
Natural de Mexico,naturaldemexicousa.com
Natural Factors,naturalfactors.com
Natural Food Source,drinksensbl.com
Natural Food SRL,naturalfoodsrl.com
"Natural Habitats USA, Inc.",natural-habitats.com
Natural Path/Silver Wings,NPSWsilver.com
Natural Rapport,nattyrapport.com
Natural Sins,naturalsinsonline.com
Natural Source Products,
"Natural Sourcing International, LLC",nsifood.com
Natural Stacks,naturalstacks.com
Natural Stacks,naturalstacks.com
"Natural Value, Inc.",naturalvalue.com
"Natural Value, Inc.",naturalvalue.com
NaturaNectar,naturanectar.com
Naturate Inc.,therbal.mx
Nature Bio Foods Inc.,naturebiofoods.organic
Nature Nate's,naturenates.com
Nature Pearls Private Limited,
"NATURE SPAN INTERNATIONAL MEDICAL RESEARCH CO.,LTD",naturespan.com
Nature's Answer,naturesanswer.com
Nature's Bakery,naturesbakery.com
Nature's Earthly Choice/Drip Dash,earthlychoice.com
Nature's Eats,natureseats.com
Nature's Fusions,naturesfusions.com
Nature's Ingredients Inc.,naturesingredients.solutions
Nature's Ingredients Inc.,naturesingredients.solutions
Nature's Way,naturesway.com
Naturello Spa,naturello.eu
Naturepedic,naturepedic.com
"Natures Best Foods Co., Ltd",
NaturesPlus,naturesplus.com
Nature’s Path Family of Organic Brands,naturespath.com
Naturli' Foods A/S,naturli-foods.com
naturSource.inc,
Naturz Organics USA,naturzorganics.com
Navada Imports,navadaimports.com
Navajo Incorporated,navajoinc.com
Navitas Organics,navitasorganics.com
NB Pure,nbpure.com
NB Pure,nbpure.com
"NDC Exports, (Pvt) Ltd.",cocomate.com
Nellie's,nelliesclean.com
Nelly's Organics,nellysorganics.com
Nelsons,Nelsons.net
Neofarms Bio SA,neofarms.com.ar
NEOGEN,foodsafety.neogen.com
Neptune Beverage LLC,
Nest Baby Diapers,nestdiapers.com
NestFresh & New Barn Organics,nestfresh.com
NestFresh & New Barn Organics,nestfresh.com
Never Better Foods/AME Nutrition,amenutrition.com
New Acai Amazonas,newacaiamazonas.com
New Alasko L.P.,newalasko.com
New Breed Meats,eatnewbreed.com
New Chapter,newchapter.com
"New England Natural Bakers, Inc.",nenb.com
NEW LANKA CINNAMON PVT LTD,
New Mexico Piñon Coffee,nmpinoncoffee.com
New Nissi Corp.,newnissi.com
NEW NORDIC US INC.,newnordicusa.com
New Roots Herbal Inc.,https
"New Wave Converting, Inc.",nwconverting.com
New Wave Enviro,newwaveenviro.com
New York Shuk,
New Zealand Grass Fed - by Southern Pastures,southernpastures.co.nz
NEWEST BIOTECH INC.,
Nexcel Oils,nexcelfoods.com
NEXIRA,nexira.com
Nguyen Coffee Supply,nguyencoffeesupply.com
"NHB Quest, Inc.",nhbquest.com
"NHB Quest, Inc.",nhbquest.com
Nichols Farms,nicholsfarms.com
Nick's Sticks,nicks-sticks.com
Nielsen-Massey Vanillas,nielsenmassey.com
NielsenIQ,nielseniq.com
NielsenIQ,nielseniq.com
Nimco Corporation,nimco.com
NIMS GIDA SANAYI VE TICARET ANONIM SIRKETI,nims.com.tr
Ningbo Excare Pharm Inc.,excarepharm.com
Ningbo GM international Trade Co. Ltd.,gummy-world.com
"Ningbo Green-Health Pharmaceutical Co., Ltd",
Ningbo Herb Pharmaceutical Corp. DBA Best Global Nutrition Inc.,ningboherb.com
"Ningbo Jildan health science and technology co.,ltd",jildan.com
"Ningxia Baishi Hengxing Food Technology Co.,Ltd",nxbaishihengxing.1688.com
"NINGXIA ZHONGNING CHUNQI WOLFBERRY TECHNOLOGY CO., LTD",nxchunqi.en.alibaba.com
Ninja International USA,ninjainternationalusa.com
Niramaya Foods,niramayafoods.com
Nirvana Super,feelsuper.com
Nixie Sparkling Water,drinknixie.com
NMG PHARM LLC,nmgpharm.com
No Alcohol Company - NoAlchCo,noalcoholcompany.com
No Cow,nocow.com
No Days Wasted,nodayswasted.co
"No Man's Land Foods, LLC",nmlbeefjerky.com
No Sugar Baker LLC,nosugarbaker.com
Nobazul,nobazul.com
Noble Made,thenewprimal.com
Nobull Kitchen,eatnobullkitchen.com
NOFMEXICO (Natural & Organic Farms Mexico),nofmexico.com
Noka,nokaorganics.com
Non-GMO Project,nongmoproject.org
"Noour, Inc.",nfi-america.com
"Nopphada Superfoods Co., Ltd",b-garlic.com
Nora Snacks,norasnacks.com
Nordic Naturals,nordicnaturals.com
Normine Lombard,normine-lombard.com
Norr Organic,norrorganic.com
North Coast Organic,northcoast.organic
North Dakota Department of Agriculture,ndda.nd.gov
North Spore LLC,
Northern Pet Group,
"Northern Refrigerated Transportation, Inc",nrt.biz
Nounos Creamery,Nounoscreamery.com
Nourish Cold Pressed Juice,nourishjuicebar.com
"Nova Naturals; Steaz, C2O, Mineragua",nova-natural.com
"NovaNaturals: Steaz, C20 and Mineragua",nova-natural.com
Novonesis,novonesis.com
Novozymes OneHealth,novozymesonehealth.com
NOW Foods,nowfoods.com
NOW Foods,nowfoods.com
NOW Foods,nowfoods.com
NOW Foods,nowfoods.com
NOW Foods,nowfoods.com
Nowhere Bakery,nowherebakery.com
NP Nutra,npnutra.com
NRPT,
NSF / Quality Assurance International,nsf.org
Nucolato USA LLC,nucolato.com
NuGo Nutrition,nugonutrition.com
NUI Company,
Nukka,thenukka.com
"NuLiv Science USA, Inc.",nulivscience.com
Num Num Sauce Company,
Numerator,numerator.com
NURA USA,nurausa.com
Nuritas,nuritas.com
Nurture Life,nurturelife.com
nutpods,nutpods.com
"Nutra Food Ingredients, LLC",nutrafoodingredients.com
Nutra-agri ingredients,nutra-agri.com
NuTraditions / NuHerbs,nutraditions.com
NutraGummy Inc.,optimalnature.com
NuTrail,nutrail.com
NutraInno USA Inc.,
NUTRAMELTZ LLC,nutrameltz.com
"NutraPak USA, an Icelandirect Company",nutrapakusa.com
Nutrasem,nutrasem.com
NutraStar,nutrastar.com
NutraSun Foods,nutrasunfoods.com
Nutraw Foods,NutRawFarms.com
"Nutrex Hawaii, Inc.",nutrex-hawaii.com
Nutri-Nation Functional Foods,nutri-nation.com
NutriBiotic,nutribiotic.com
"Nutrifreeze, LLC",nutrifreezellc.net
NUTRIN,nutrin.com
Nutrione,bblab-official.com
NutriPea,nutripea.com
"Nutrisport Pharmacal, Inc.",e-nutrisport.com
Nutritional Outlook,nutritionaloutlook.com
Nuts For Cheese,nutsforcheese.com
Nutty Gourmet,nutty-gourmet.com
NuttZo,nuttzo.com
Nuun Hydration,nuunlife.com
Nuzest USA,nuzest-usa.com
O'Doughs/ALLfree,odoughs.com
O.T.I.S. Pet,otislove.com
O2C Brands,o2cbrands.com
OAKBERRY,oakberry.com
Oars + Alps,oarsandalps.com
OASISMADE,oasismade.com
OATLY,us.oatly.com
Oats Overnight,oatsovernight.com
Ocean's Halo,oceanshalo.com
Ocean's Halo,oceanshalo.com
Ocean's Halo,oceanshalo.com
Ocean's Halo,oceanshalo.com
Oceanblue LLC,oceanblueomega.com
"OCHO Candy, Inc.",ochocandy.com
OCIA International,ocia.org
"OCM Globe, Inc.",ocmfoods.com
"OCM Globe, Inc.",ocmfoods.com
"OCM Globe, Inc.",ocmfoods.com
Odyssey Wellness,odysseyelixir.com
OEM,oem.care
"Off the Shelf Reps, Ltd.",offtheshelfreps.com
"OGATA VILLAGE AKITAKOMACHI RICE PRODUCERS CO., LTD.",akitakomachi.co.jp
"Oggi Foods, Inc.",oggifoods.com
OGO Foods,ogofoods.com
Ohana Organics,ohanaorganics.com
Ohh! Foods,ohhfoods.com
OIA - International Certification Services,oia.com.ar
OK Kosher Certification,
OKF Corporation,okf.kr
Olam Food Ingredients (ofi),ofi.com
Olbas Herbal Remedies,olbas.com
Ole Mexican Foods,
Olivarez Chico Honey,chicohoneyco.com
Oliver Inc.,oliverinc.com
"Olivia's Crouton Co., Inc.",oliviascroutons.com
Olyra,olyrafoods.com
Om Mushroom Superfood and M2 Ingredients,ommushrooms.com
