Name,Domain
Omao Labs LLC dba Kauai Hemp Co.,kauaihempco.com
Ombre,ombrelab.com
OMI Industries,freshwaveworks.com
OmniFoods,omnifoods.co
Once Again Nut Butter,onceagainnutbutter.com
Once Upon A Coconut,onceuponacoconut.com
Once Upon a Farm,onceuponafarmorganics.com
One Degree Organics,onedegreeorganics.com
"One Frozen, LLC",crops.be
"Onnuri Store Co., Ltd.",onnuristore.com
"Oobli, Inc.",oobli.com
OoMee,oomee.life
Open Water,drinkopenwater.com
OPMX LLC,opmx.us
OPPULAND CORPORATION,oppuland.com
Orbitel International Corp.,orbitelinternational.com
OrcaSong Farm,orcasong.com
Oregon Soap Company,oregonsoapcompany.com
"Orgain, LLC",orgain.com
Organic Almond Inc,bigtreeorganic.com
"Organic by Nature, Inc.",organicbynatureinc.com
Organic India,organicindiausa.com
ORGANIC INGREDIENTS PVT LTD,organicingredients.lk
Organic Strength LLC,organicstrengthllc.com
Organic Suppliers SRL,ogsuppliers.com
Organic Trade Association,ota.com
Organic Traditions,frenchtop.com
Organic Valley,organicvalley.coop
Organic Yug,organicyug.com
"Organics More Co.,Ltd",organicsmore.com
"Organza, Inc.",digestlive.live
"Orgenetics, Inc.",orgenetics.com
Oribe Tea LLC,Oribetea.com
Original Gourmet Food Company,ogfc.net
"Originates, Inc.",originates.com
Orzaks İlaç Kimya Sanayi Ticaret A.Ş,orzax.com
Osman Akca,osmanakca.com.tr
"Otafuku Foods, Inc.",otajoy.com
Our Home,our-home.com
Our Home,fromthegroundupsnacks.com
"Outeirinho, Turismo e Industria, S.A.",outeirinhogroup.com
"Outstanding Foods, Inc.",outstandingfoods.com
Overseas Food Trading LTD,overseasusa.com
OWYN,liveowyn.com
Pacha Soap Co.,pachasoap.com
Pacific Coast Producers,pacificcoastproducers.com
Pacific Rainbow International,prinutrition.com
Pacific Resources International,shoppri.com
"Pacific Spice Company, Inc.",pacificspice.com
Pack Plus Converting,packplus.com
Painterland Sisters,painterlandsisters.com
Paisley Farm,PaisleyFarmFoods.com
PakTech,paktech-opi.com
Palko Services & Premium Brands,palkoservices.com
PalletTrader,pallettrader.com
PALMINI,eatpalmini.com
Pan's,mushroomjerky.com
Panera CPG,panera-coffee.com
Panos Brands,panosbrands.com
Papa Mountain,papamountain.com
Paper Tube Co,papertube.co
"PaperChef, Inc.",paperchef.com
Papyrus-Recycled Greetings,americangreetings.com
"Paradise Fruits North America, Inc.",paradise-fruits.com
"Paragon Fruits, Inc.",Nochtliproducts.com
Paragon Laboratories,paragonlabsusa.com
Paramount Global,paramountglobal.com
Paramount Roasters,paramountroasters.com
PARCH SPIRITS CO.,drinkparch.com
"Parissa Laboratories, Inc.",parissa.com
Parmela Creamery,parmelafoods.com
Partner Foods Group,partnerfoodsgroup.com
Pass Around Relief,eMP10.com
Pasta Garofalo,pasta-garofalo.com
PASTA PICCININI,pastapiccinini.com
Pastabilities by The Pasta Shoppe,pastashoppe.com
Pasticceria Fraccaro,pasticceriafraccaro.it
PASTIFICIO DI BARI TARALL'ORO SRL,taralloro.it
Pasturebird,pasturebird.com
Patatas Torres,patatastorres.com
PATCH Bandages / MNML Laundry,patchstrips.com
PATH,drinkpathwater.com
Patience Fruit & Co,patiencefruitco.com
Patriot Innovations,Www.saucylips.com
PB Leiner,gelatin.com
"PB2 Foods, Inc.",pb2foods.com
Peace Coffee,peacecoffee.com
PEAKAPOP,peakapop.com
Pearl Crop Inc,octonuts.com
"Pedon, S.P.A.",pedon.it
Peepers by PeeperSpecs,peepers.com
Peerless Coffee & Tea,peerlesscoffee.com
Peppertux Farms - Zeytin,peppertux.com
PeptPure,peptpure.com
Perfect Hydration,perfect-hydration.com
PerfectShaker,perfectshaker.com
Perfy,drinkperfy.com
Peruana Foods - SPC,peruanasauce.com
Peruvian Nature,peruviannature.com
Pescavore,pescavoreseafood.com
Petit Pot,petitpot.com
Petra CPS,petracps.com
PETRUZ AÇAÍ,belaiaca.com
"PGP International, Inc.",pgpint.com
PHARMESIS INTERNATIONAL LTD.,pharmesis.com
Philippine Brand,profoodtropicalfruits.com
Phillip Adam Natural Hair Care,phillipadam.com
Phlex Formulations & Packaging,phlex.com
PHOENIX,phxpkg.com
Phyll,phyll.com
"Phytochem International, Inc.",phytocheminc.com
Pickerfresh,pickerfresh.com
Pickle Juice,picklepower.com
Pietro Dressings,pietrona.com
Piggy Paint,piggypaint.com
"Pilot.com, Inc.",pilot.com
Pioneer Life Sciences,pioneerlifesciences.com
Pipcorn,pipsnacks.com
PIRQ,WWW.DRINKPIRQ.COM
Pitaya Foods,pitayafoods.com
"Pizhou Futong Biochemicals Co.,Ltd.",pzfutong.com
Planet Oat,planetoat.com
Planet Power Corp.,planetpowersupplements.com
PLANET SUPERFOOD,planetsuperfood.com
Plant Snacks,plantsnacks.com
Planta by Ambrosia Collective,ambrosiacollective.com
Plantasia Foods,plantasiafoods.com
PlantCarton by Pactiv Evergreen,PlantCarton.com
"Planted Ventures, LLC featuring Tattooed Chef brand",tattooedchef.com
PlantFusion,plantfusion.com
PLANTUS,plantus.net
"Plascene, Inc.",plascene.com
Plastic Connections,plasticconnections.com
PLEZI,plezi.com
PLT Health Solutions,plthealth.com
Plus-Plus USA,wholesale.plusplususa.com
Pnuff,pnuff.com
Pocas International Corp.,pocas.com
Pocket's Chocolates,pocketschocolates.com
"Point Five Packaging, LLC",p5pkg.com
"Polar Beverages, Inc.",Polarseltzer.com
"POM Wonderful, LLC",pomwonderful.com
Pomi' USA,pomi.us.com
Ponder Brands,eatcoyotas.com
"Pop and Bottle, Inc.",popandbottle.com
Pop Art Snacks,popartsnacks.com
Pop Daddy Snacks,popdaddysnakcs.com
poppi,drinkpoppi.com
"Poptime Snack Brands, LLC",poptimesnacks.com
Popzup Popcorn,popzup.com
PORTA,eatporta.com
Portland Plant Foods/Better Bean,betterbeanco.com
POSHI,poshi.com
Positive Beverage,positivebeverage.com
PPC Flexible Packaging,ppcflex.com
PRADERA NATURAL,WWW.PRADERANATURAL.COM.AR
Pranarom,pranarom.us
Pratithi Organic Foods Private Limited,pratithiorganic.com
Precision Concepts,pcinternational.com
Preferred Brands/Tasty Bite,tastybite.com
Premier Research Labs,prlabs.com
Pressed Juicery,pressed.com
PrestoLabels & Packaging,prestolabels.com
Pretium Packaging,pretiumpkg.com
Pretty Tasty Tea,prettytasty.com
PREVAIL Jerky,prevailjerky.com
Primal Kitchen,primalkitchen.com
Prime Health Ltd.,primehealth.ca
Prime Roots,primeroots.com
Primex Group of Companies Philippines,primexcoco.com
Primo Kava LLC,primokava.com
"Prince of Peace Enterprises, Inc.",popus.com
Prinova Aromas,prinovaglobal.com
Priority Plastics,priorityplastics.com
"Pro-Cert Organic Systems, Ltd.",pro-cert.org
PROBAR,theprobar.com
Probiotical,probiotical.com
Procera Health,procerahealth.com
PRONATEC AG,pronatec.com
"Proper Wild, Inc.",properwild.com
"ProTab Laboratories, Inc.",protablabs.com
Protein Puck,proteinpuck.com
Protein2o,drinkprotein2o.com
Proud Source Water,proudsourcewater.com
PSA (The Agave Sweetener Company),grupopsa.com
PT Organics Ltd,pumpkintreesnacks.com
"Pulmuone, Nasoya, Wildwood",pulmuonefoodsusa.com
Pulp,pulpflavors.com
Pulp & Press Juice Co,pulpandpress.com
"Puori, Inc.",puori.com
PuraVida Foods Inc.,puravida-foods.com
Pure Culture Organics,purecultureorganics.com
Pure Indian Foods,pureindianfoods.com
"Pure Simple Foods, LLC",purelysprouted.com
Pureance,pureance.com
PureHealth Research,purehealthresearch.com
Purely Elizabeth,purelyelizabeth.com
PureWine Inc,drinkpurewine.com
"Purple Pastures Lavender Farm, Inc.",purplepastureslavender.com
Purplesful Snacking Inc.,purplesful.com
Q Mixers,qmixers.com
Q Plus Concept,qplusgroup.com
"Q-Full USA, Inc.",q-full.com
Qimei Organic,qimeiusa.com
"Qingdao Anxinseika Food Co,. Ltd",giasimingfood.com
"Qingdao Gather Great Ocean Algae Industry Group Co., Ltd",judayang.com
"Qingdao Sunrise Biotechnology Co., Ltd",en.srnutrachem.com
"Qingdao Wantuming Biological Products Co., Ltd.",qdwtm.com
"Qingdao Hiche International Trade co.,ltd",hichebio.com
QT Dog LLC,qtdog.com
Qualia by Neurohacker,neurohacker.com
Qualitá Brasil,qualitabrasil.com
Quality of Life Labs,qol.us
Quality Sprinkles (UK) Ltd.,qualitysprinkles.com
Quantum Energy Squares,QuantumSquares.com
"QuattroMega, Inc.",unocardio.com
Queen of the Thrones,queenofthethrones.com
Queen Street Bakery,queenstreetbakery.com
"Quest Nutrition, LLC",questnutrition.com
Quinn Snacks,QuinnSnacks.com
Quten Research Institute,qunol.com
"R.S. FOODS TECH (THAILAND) CO., LTD.",rsfoodstech.co.th
RA Cosmetics,racosmetics.com
"Raaka Chocolate, Inc.",raakachocolate.com
Radiant Pharma LLC,radiantpharmausa.com
Radicle Science,radiclescience.com
Rainbo,rainbo.com
Raised Gluten Free,raisedglutenfree.com
RAMBLER,ramblersparklingwater.com
Randy’s Pickles,sidaribrands.com
RangeMe,rangeme.com
RAON,raon2017.co.kr
RationAle Brewing,rationalebrewing.com
RAW FARM,rawfarmusa.com
Raw Love Sunscreen,rawlovesunscreen.com
Rawberry Foods Co. Ltd.,none.com
Rawfusion,rawplantprotein.com
RAWGA Inc.,rawga.co.kr
RBEL BEE SWEETS,rbelbeesweets.com
"RCN Imports, Inc. exhibiting as Marecibum",http
RealCold,realcold.com
REBBL,rebbl.co
Rebel Green,rebelgreen.com
"Red Bay Coffee Company, Inc",redbaycoffee.com
Red Monkey Foods - San Francisco Salt Co.,redmonkeyfoods.com
Red Oak Commodities,redoakcom.com
Red River Foods,redriverfoods.net
Red's All Natural,redsallnatural.com
REDEFINE NUTRITION dba REDEFINE FOODS,redefinesnacks.com
Redmond Life,redmond.life
Redzone,rzsoftware.com
Ree Ree Dee's Dough,reereedeesdough.com
"Reel Products, Inc.",reelpaper.com
Rega Vita,offsug.com
Reiser,reiser.com
Reliance Vitamin,reliancevitamin.com
Remedy Drinks,remedybrands.com
Remedy Organics,remedyorganics.com
Render Goods,rendergoods.com
Renzo's Vitamins for Kids,renzosvitamins.com
Reprise Health,reprisehealth.com
Repurpose,repurpose.com
ResBiotic Nutrition Inc.,resbiotic.com
Revere Flexpak,RevereFlexpak.com
Reviva Labs,revivalabs.com
Revl Fruits,revlfruits.com
Rhema Health Products Limited,rhemamade.com
Rib Rack BBQ,theribrack.com
Ribbonwire Ranch,ribbonwire.com
"RIBUS, Inc.",ribus.com
"Rich Nuts, LLC",richnuts.com
Richardson Food & Ingredients,richardsonfoodandingredients.com
RidgeCrest Herbals,rcherbals.com
Riega Foods,RiegaFoods.com
Rif Care,rifcare.com
Righteous Gelato,righteousgelato.com
Rigoni di Asiago USA,rigonidiasiago-usa.com
Rima Global,rimaglobal.co.kr
RIND Snacks,rindsnacks.com
RIOT Energy,riot.energy
Rip Van,ripvan.com
Ripped Jerky,rippedjerky.com
RISE Brewing Co.,risebrewingco.com
Rishi Tea & Botanicals,rishi-tea.com
Ritter Sport,ritter-sport.us
Rivalz,rivalzsnacks.com
"Riverside Natural Foods, Inc.",madegoodfoods.com
RivrHub Marketing,rivrhub.com
RJW Logistics Group,rjwgroup.com
"RK IND EXPORT PRO, LTD",rkindexport.com
RLT,Rltmed.com
ROAR Organic,drinkroar.com
Rob's Backstage Popcorn,eatrobs.com
"Rob's Brands, LLC",veganrobs.com
"Robinson Pharma, Inc.",robinsonpharma.com
Rockit Apple,rockitapple.com
Rodelle Inc,rodellekitchen.com
"Roha U.S.A., L.L.C.",roha.com
Root Foods Co,rootfoodsco.com
Rootine,rootine.co
Roots Farm Fresh,rootsfarmfresh.com
"Rootstock Brands, Inc.",rootstocktrading.com
"Rousselot, Inc",rousselot.com
Rowdy Mermaid,rowdymermaid.com
Rowland Materials Company,rowlandmaterials.com
Royal Coconut,royalcoconutusa.com
Royal Family Food Company,royal-family.com.tw
Rudi's Rocky Mountain Bakery,rudisbakery.com
Rumiano Cheese Company,rumianocheese.com
Rummo Pasta USA,pastarummo.com
"Run-A-Ton Group, Inc./Blissfully Better/Wholly Wholesome",whollywholesome.com
Ruved,ruved.com
S&G Nutrition,sgnutriinc.com
Sabater USA,sabaterglobal.com
Sabatino Truffles,sabatinotruffles.com
SABINSA,sabinsa.com
"Sabor Mexicano, Inc.",SaborMexicano.com
Sadaf Foods,sadaffoods.com
Safe Catch,safecatch.com
Safe Food Corporation,sunnyfruit.com
Safflower Technologies International,safflowertech.com
Saffron Health Sciences LLC,saffronhealthsci.com
Sahale Snacks,sahalesnacks.com
Saint James Brands,saintjamesbrands.com
Saite S.R.L.,quinuasaite.com.bo
Salba Chia,salbasmart.com
Salsa Del Diablo,salsadeldiabloutah.com
Salsa Queen LLC,salsaqueen.com
Salt Seasons LLC,dorsontrading.com
Salt Spring Coffee,saltspringcoffee.com
SALTEAN™ - Himalayan Pink Salt,saltean.com
Saltverk,saltverk.com
Salud Eleva Inc,doctorarrondoproducts.com
"Salvation Nutraceuticals, Inc. dba KUDO Snacks",KUDOSNACKS.COM
"Sam Trade USA, LLC",sammills.eu
SAMBAZON,sambazon.com
Sambucol,sambucolusa.com
SAMJINFOODS INC.,samjinfoods.co.kr
Samyang Corporation,samyangspecialty.com
San Diablo Artisan Churros,sandiablochurros.com
San-J International,san-j.com
SANFORD GIDA A.S.,sanford.com.tr
Sang,eatdrinksang.com
"Santini Foods, Inc.",santinifoods.com
SANTTE LABS LLC,WWW.SANTTE.COM
Sanzo,drinksanzo.com
Sapna Foods,sapnafoods.com
Sarveshwar Organic Foods Pvt. Ltd.,sarveshwarrice.com
Sati Soda,satisoda.com
SAUCE UP NYC,WWW.SAUCEUPNYC.COM
"Sauce Ventures, LLC",truff.com
Sauz,getsauz.com
Savannah Bee Company,savannahbee.com
Save Da Sea Foods Inc.,savedasea.com
Savor By Suzie,savorbysuzie.com
Saxco International,saxco.com
Say When Beverages,justsaywhen.com
SAYSO,drinksayso.com
"SC Global Coco Products, Inc.",scglobal.com.ph
Schar,schar.com
SCN Bestco,santacruznutritionals.com
SCORPION s.c.,scorpion.pl
SCS Global Services,scsglobalservices.com
SDA GIDA TARIM,sdafood.com
SDM Nutraceuticals Inc.,sdmhealth.com
"Sea Monsters, Inc.",seamonsters.co
Seal the Seasons,sealtheseasons.com
Seapoint Farms,seapointfarms.com
Season Brand LLC,seasonproducts.com
Seattle Chocolate Company,seattlechocolate.com
Second Nature Brands,secondnaturebrandsus.com
Secret Aardvark,secretaardvark.com
SED PHARMA INC,sedpharma.com
See Nutrition/Omne Diem,see-nutrition.com
Seedlip,seedlipdrinks.com
"Seely Family Farm, Inc.",seelymint.com
"Segev Food International, Inc.",segevfood.com
Select Brands LLC,select-brands.net
Select Harvest,selectharvestusa.com
Seltz Inc.,seltz.es
Semear Group S.R.L.,semearexport.com
Semi Plume,drinksemiplume.com
Sempio Foods Company,globalsempio.com
Sencha Naturals,senchanaturals.com
Sensapure Flavors,sensapure.com
Sensus America,inspiredbyinulin.com
"Sentry Manufacturing, Inc.",sentrymanufacturing.net
"Seppic, Inc.",seppic.com
Serenity Kids,myserenitykids.com
SESAJAL,sesajal.com
Setton Farms,settonfarms.com
Seven Sundays,sevensundays.com
SG Systems Global,sgsystemsglobal.com
SGS,sgs.com
"Shaka Beverages, LLC",shakatea.com
"Shaman Foods, LLC",shamanfoods.life
"SHANDONG FLAVORYLAND FOOD CO., LTD",flavoryland.com
"SHANDONG JIANYUAN BIOENGINEERING CO., LTD.",jianyuangroup.com
"SHANDONG JINGNAN FOOD CO.,LTD",jingnanfd.com
"Shandong Longzen Pharmaceutical Co., Ltd.",longzenpharma.com
"Shandong Seasir Brewing Food Co.,Ltd",seasir.cc
"SHANDONG YUWANG ECOLOGICAL FOOD INDUSTRY CO.,LTD.",yuwangcn.com
"Shandong Yuwang Pharmaceutical Co.,Ltd",yuwangpharma.com
"Shandong Yuxin Bio-Tech Co,Ltd.",soya-protein.com
"Shanghai Lianlu Industrial Co., Ltd.",shllgf.com
"Shanghai Unibio Lab Co., Ltd.",helplifes.com
Shank's Extracts Inc,shanks.com
"Shenzhen Hygieia Biotech Co., Ltd",hygieiabiotech.com
"SHENZHEN LOXIM TECHNOLOGIES CO., LTD.",loxim.cn
ShiKai Products,shikai.com
"Shinan 1004 Seaweed Co., Ltd.",yemat.com
"ShineWater, LLC",shinewater.com
Shubug,shubug.com
"Sichuan Raybo Biotechnology Co., Ltd.",en.raybo.cn
"Sichuan Sentaiyuan Biotechnology Co., Ltd.",stybio.com
"Sideaway Foods, LLC",sideawayfoods.com
Sierra Nevada Cheese Co.,sierranevadacheese.com
"Siete Cuarenta Natural, S.L.",refixyourself.com
Sigdal Bakeri,sigdalbakeri.com
Silicium Laboratories,livingsilica.com
Silipint,silipint.com
Silver Biotics,silverbiotics.com
Silver Hills Bakery,silverhillsbakery.com
SilverCeuticals LLC,SilverCeuticals.com
Simple Foods,simplefoods.com
"Simple Mills, Inc.",simplemills.com
SIMPLi,eatsimpli.com
Simply Delish,simplydelish.net
Simply Organic,simplyorganic.com
SIMPLY SNACKS LLC,simplysnacksco.com
Simply Sweet Group,simplysweetgroup.com
simplyFUEL,simplyfuel.com
SimplyProtein,simplyprotein.com
"Singha Kameda (Thailand) Co., Ltd.",singhakameda.co.th
Singing Dog Vanilla,singingdogvanilla.com
SINGSONG FOOD CORP,singsongfood.com
Sinochem Health Company Ltd,sinochemhealth.com
"Sinto Gourmet, LLC",sintogourmet.com
Sioux Honey Association,suebeehoney.com
SIRAIT HEALTH LTD,sweetmonki.com
Sirio Pharma/Best Formulations,siriopharma.com
Skeeter Screen/Scent Shop,scentshop.com
Skinny Boost,skinnyboost.com
"Skinny Mixes, LLC",skinnymixes.com
SkinnyDipped,skinnydipped.com
Skjodt-Barrett Foods,skjodt-barrett.com
"Skuny Bioscience Co., Ltd",skuny.com
Sky Organics,skyorganics.com
SKY WTR by SOURCE,source.co
Skyherb Nutritionals Inc.,skyherbusa.com
Sloth Medical INC,shopslothmd.com
SLTFOODS,sltfoods.com
Smart Group Traders Inc.,smartgrouptradersinc.com
Smart Juice,smartjuice.us
SMART PHARM GROUP LLC,osteomed.net
SMARTFRUIT INC,drinksmartfruit.com
SmartSeal Closures,smartseal-closures.com
SmartSweets,smartsweets.com
Smile tea/Kagoshima Seicha,yamakanusa.com
Smile tea/Kagoshima Seicha,smiletea.co
"Smirk's, Ltd.",smirks.com
smoodi,getsmoodi.com
SMP Nutra,smpnutra.com
Snack'in For You,snackinforyou.com
Snak-King LLC,snakking.com
Snap Supplements,snapsupplements.com
"Sno Pac Foods, Inc.",snopac.com
SoapStandle®,soapstandle.com
Soc. Agr. MONTEROSSO Coop. S.A.R.L.,agromonte.it
"Soft Gel Technologies, Inc.",soft-gel.com
"SOHAO FD-TECH CO., LTD.",sohaofd.com
Sohgood,sohgood.com
Soil Carbon Initiative,soilclimateinitiative.org
Solely,solely.com
Solevy Co DBA 6 Degrees Collective,joansakeeper.com
Solstice Medicine Company,solsticemed.com
Som Sleep,getsom.com
Somafina,somafina.com
SOMOS Foods,eatsomos.com
"Songsi Village Co.,Ltd.",countrygirl.co.kr
Sonoco Products Company,sonoco.com
Soom Foods,soomfoods.com
"Sooo Good Co., LTD",SoKusa.com
Sore No More USA,sorenomoreUSA.com
Soteri Skin Inc.,soteriskin.com
"Source Atlantique, Inc.",sourceatlantique.com
South Chicago Packing,southchicagopacking.com
Southeast Sweetener,sectraders.com
Southern Champion Tray,sctray.com
Southern Recipe Small Batch Pork Rinds,southernrecipesmallbatch.com
Sovereign Silver & Sovereign Copper,sovereignsilver.com
Sow Good Inc,thisissowgood.com
soyAi,soyai.jp
Spa De Soleil,spadesoleil.com
SPAIN FOOD TECH NATION,foodswinesfromspain.com
Sparkle Innovations Inc,getsparkle.life
Specialty Formulations and Manufacturing,specialtyformulation.com
"Spectrum Fruits, Inc.",SpectrumFruits.com
Spice World,spiceworldinc.com
Spicin Foods,spicinfoods.com
"Spindrift Beverage Co., Inc.",spindriftfresh.com
SPINS,spins.com
Spinster Sisters Co.,spinstersistersco.com
Splenda Stevia,splenda.com
Spongelle LLC,spongelle.com
Spooky Beverages,SpookyBeverages.com
Sports Research / Sweet Sweat,SportsResearch.com
Sprout Living,SproutLiving.com
Sprouted POS,sproutedpos.com
Sproutman,sproutman.com
SPS Commerce,spscommerce.com
Sri Lanka Export Development Board,srilankabusiness.com
Sri Sri Tattva,srisritattvausa.com
St Pierre Bakery,stpierrebakery.com
"St. Cousair, Inc.",kuzefukuandsons.com
St. Dalfour USA,stdalfour.com
Stahlbush Island Farms,stahlbush.com
Start International,startinternational.com
Starwest Botanicals,starwest-botanicals.com
Starzinger GmbH & Co. KG,starzinger.at
Steeped Coffee,steepedcoffee.com
"Stellar Group, Incorporated",stellar.net
"Stellar Snacks, LLC",stellarsnacks.com
STEP/Saskatchewan Trade and Export Partnership,sasktrade.com
Stephano Group Ltd,stephanosbakedgoods.com
Stiebs,stiebs.com
Stinkbug Naturals,stinkbugorganics.com
Stoked Oats,stokedoats.com
Stonehenge Organics,stonehengeorganics.com
Stonewall Kitchen,stonewallkitchen.com
Stryka Botanics,stryka.com
Stryve Snacks,stryve.com
STYLE NUTS CORP,stylenuts-corp.com
Styx Naturcosmetic GmbH,styx.at
SuanNutra USA – Monteloeder,suannutra.com
SuckerPunch Gourmet,suckerpunchgourmet.com
Suckerz,badmouthcandy.com
"SUGIMOTO Co., Ltd.",sugimoto.co
Sugimoto Tea Company,sugimotousa.com
"Suheung Co., Ltd.",suheung.com
Suheung-America,embocaps.com
SUJA LIFE,sujajuice.com
Suji's Cuisine,sujiscuisine.com
SUKU VITAMINS,sukuvitamins.com
Suminter,suminter.com
"SUMMAUL CO., LTD",summaullaver.modoo.at
"Summer Fresh Salads, Inc.",summerfresh.com
Summerhill Goat Dairy,summerhilldairy.com
"Summit Ingredients Co., Ltd",summitingredients.com
Sun Chlorella USA,sunchlorellausa.com
Sun Lovin' Foods,sunlovinfoods.com
Sun Noodle,sunnoodle.com
"Sun Ten Laboratories, Inc.",suntenlabs.com
"Sun Tropics, Inc.",suntropics.com
Sun-Maid Growers of California,sunmaid.com
SunButter,sunbutter.com
Sunday Night Foods,sundaynightfoods.com
Sunfood Superfoods,sunfood.com
"Sunland Nutrition, Inc.",sunlandnutrition.com
SUNLIT FOODS,sunlit-foods.com
SUNNIE,feelsunnie.com
SunOpta,sunopta.com
SunRidge Farms,sunridgefarms.com
"Sunrise Chemical Co.,Ltd",sunrise-chemical.com
Sunrise Commodities,sunrisenuts.com
"Sunshine (Tianjin) Produce, Ltd.",sunshineproduce.com.cn
Sunsweet,sunsweet.com
Sunwarrior,sunwarrior.com
"Super Tehran Market, INC.",shop.supertehranmarket.com
Supergut,supergut.com
Superior Foods International,superiorfoods.com
Superior Lithographics,superiorlithographics.com
Supernatural Kitchen,supernaturalkitchen.com
SupplyPike,supplypike.com
SupplySide,west.supplysideshow.com
"Sustain-A-Grain, Inc.",sustainagrain.com
"Suzanne's Specialties, Inc.",suzannes-specialties.com
"SVZ USA Washington, Inc.",svz.com
SWEE,swee.pt
Sweet Additions,sweetadditions.com
Sweet Haven,sweethavencandyco.com
Sweet Logic,eatsweetlogic.com
"Sweet Loren's, Inc.",sweetlorens.com
Sweet Nothings,sweetnothings.com
Sweet Sams Baking Co.,sweetsams.com
Sweet Sydney's,sweetsydneys.com
Sweetkiwi,sweetkiwi.com
SweetLeaf,sweetleaf.com
Sweetwood Smoke & Co,sweetwood.com
Sweety Ice Cream - Mochi Ice Cream,sweetyicecream.com
SWISS IMPORTS,eurochoc.com
Swoon,Tasteswoon.com
"Synergy Flavors, Inc.",synergytaste.com
T is for Tame,tisfortame.com
T.H.E.M./Sanko North America,them.net
Tabanero Holdings,Tabanero.com
Táche Pistachio Milk,pistachiomilk.com
"Tahitian Gold Co., Inc.",tahitiangoldco.com
Taiwan External Trade Development Council,taitra.org.tw
"Taiwan First Biotechnology, Inc.",oatbella.com.tw
"Taiwan Hon Chuan Enterprise Co., Ltd.",honchuan.com
"Takari International, Inc.",takari.com
Talya Herbal,talyabitkisel.com
Tamalpais Beverage Co (Tam CBD Drinks),drinktam.com
Tarazi Specialty Foods,tarazifoods.com
TARTUFLANGHE,tartuflanghe.us
"Taste Legend Bio-Tech Co.,Ltd",tastelegendbio.com
Taste of Nature,tasteofnature.com
Taste Republic,tasterepublicglutenfree.com
Tat Hui Foods Pte Ltd,kokanoodles.com
Taylor Pass Honey Co.,taylorpasshoney.com
The Spice House,thespicehouse.com
The Spice Tailor/Sharwood's,premierfoods.co.uk
The Sprouted Company,thesproutedcompany.com
The Sun Valley Rice Co. LLC,planetricefoods.com
The Ugly Company Inc.,theuglyco.com
The Unscented Company,unscentedco.com
The Vita Coco Company,vitacoco.com
The Water Machine,thewatermachine.com
Theo Chocolate,theochocolate.com
THEO's Plant-Based,theosplantbased.com
Theobroma Chocolat / VCL Cocoa Innovation,vigneaultchocolatier.com
Theravalues Inc,theravalues.com
"Thermal Kitchen, LLC",thermalkitchen.com
"Think Jerky, LLC",thinkjerky.com
THIS PKN,thispkn.com
Thousand Hills Lifetime Grazed,thousandhillslifetimegrazed.com
Top Fox Snacks,topfoxsnacks.com
Top Health Ingredients,tophealthingredients.com
Topchance Foods Inc.,topchancefoods.com
Topo Chico,topochico.com
Torani,torani.com
Tosi,tosi.com
"Tost Beverages, Inc.",tostbeverages.com
Total Nutrition Technology,totalnutritiontech.com
TOUCHED BY NATURE,touchedbynature.eu
TOYMEDICAL Ltd.,toymedical-en23.my.canva.site
"Trace Femcare, Inc.",traceyourtampon.com
Trace Minerals Research,traceminerals.com
Traco Packaging,TRACOPackaging.com
Trade Fixtures,tradefixtures.com
Tradin Organics USA,tradinorganic.com
"Trex Company, Inc.",trex.com
TRIBE ORGANICS,tribe-organics.com
Tribest,tribest.com
TricorBraun/Package All/Flex,tricorbraun.com
Trinity Fruit Company,trinityfruit.com
Trinity School of Natural Health,trinityschool.org
TRIP,drink-trip.com
Tripper,origine.com
Trivium Packaging,triviumpackaging.com
Tropic Isle Living,tropicisleliving.com
Tropical Health Food (Pvt) Ltd,miditer.com
Tropicana Brands Group,nakedjuice.com
Tropicana Brands Group,izze.com
"Tropicana Food Products, Inc.",coconutking.ph
Tru Earth,tru.earth
Tru Fru,trufru.com
"Tru, Inc.",Drinktru.com
True Grace Health,truegracehealth.com
TruEats Modern Baking Company,trueats.com
Truebrands,pinkyuptea.com
Truly Grass Fed,trulygrassfed.com
Truly Indian,trulyindianfoods.com
Trumeta,trumeta.com
TRUNG NGUYEN GROUP CORPORATION,trungnguyenlegend.us
Truvani,truvani.com
"Try MY T, LLC",trymyt.com
Try Swedish Pavilion,tryswedish.com
"Tsan Yu Yen Food Co., Ltd.",h-bake.com
Tsubi Soup,tsubisoup.com
TUFOCO,tufoco.vn
"Tulip International, Inc.",tulipint.com
TUNAY GIDA SANAYI VE TICARET A.S.,tunaygida.com
TURBANA,turbanachips.com
TUYYO Foods,tuyyofoods.com
TW Garner Food Company,greenmountaingringo.com
Twang Partners,twang.com
TwentyFifty,twentyfiftyfork.com
"Twinings North America, Inc.",twiningsusa.com
Twinlab Consolidation Corporation,twinlab.com
U.G.A. Nutraceuticals,uganutraceuticals.com
Uglies Kettle Chips,ugliessnacks.com
Ultima Replenisher,ultimareplenisher.com
Umami Industries,linkedin.com
Umaro Foods,umarofoods.com
Umyum Food Inc.,umyum.ca
Unbound Snacks,unboundsnacks.com
Uncle Lee's Tea,unclelee.com
Uncle Matt's Organic,unclematts.com
Undercover Chocolate Co.,undercoversnacks.com
UNFI Wellness,selectnutrition.com
Unibioche Food Tech. Co. Ltd,unibioche.com
Unifiller Systems,unifiller.com
UNIQUE SNACKS,uniquesnacks.com
UNIS,unisco.com
UNiTE Food,unitefood.com
United Natural Foods Inc. exhibiting as UNFI,unfi.com
United States Postal Service,USPS.com
"United With Earth, Corp.",unitedwithearth.com
Unlimeat,UNLIMEAT.CO
unMEAT,meetunmeat.us
"UNREAL Brands, Inc.",unrealsnacks.com
Uoga Uoga,uogauoga.com
"Update Beverages, Inc.",drinkupdate.com
Upper Açai,nutrilatino.com.br
Upstate Elevator Supply Co.,upstateelevator.com
Upton's Naturals,uptonsnaturals.com
Ursa Major,ursamajorvt.com
US Greens,usgreens.net
"US Pharmatech, Inc",uspharmatech.com
USDA - AMS National Organic Program,ams.usda.gov
USP,usp.org
Utah Hot Products,wtcutah.com
Utah Paperbox,upbslc.com
V Label USA,vlabel.org
Vahdam Teas Global Inc.,vahdam.com
Valencia Plastics,valenciaplastics.com
Valfleuri,valfleuri.fr
Valley Fig Growers,valleyfig.com
Valley Isle Kombucha Co.,valleyislekombucha.com
Valley Pop,valleypopcorn.com
VALRHONA,valrhona.com
Valued Naturals,ifsbulk.com
Van Drunen Farms,vandrunenfarms.com
Van Leeuwen Ice Cream,vanleeuwenicecream.com
"Vanilla Chip, LLC (d.b.a TruHeight)",truheightvitamins.com
"Vantage Nutrition, LLP",vantage-nutrition.com
"VCHOICE GROUP, INC",vchoiceusa.com
"Vedic Lifesciences, (Pvt) Ltd.",vediclifesciences.com
Veetee Food Inc.,veeteeusa.com
Vegan Friendly,vegan-friendly.com
Veggies Made Great,veggiesmadegreat.com
VEGO Chocolate,vego-chocolate.com
Venchi,us.venchi.com
Venkatesh Naturals INC.,venkateshnaturals.co.in
"Venus Wafers, Inc.",venuswafers.com
Verb Energy Co.,verbenergy.co
Verger,vergersl.com
Vermont Smoke & Cure,vtsmokeandcure.com
Verve Coffee Roasters,vervecoffee.com
Vesta Nutra,vestanutra.com
Vevan Foods,vevanfoods.com
Vibes Snacks,lovethevibes.com
Vibrant Health,vibranthealth.com
Vida Lifescience,vidalifescience.com
Violife,violife.com
Virtex Grain Exchange Limited,virtexgrain.com
Virtual Packaging,virtualpackaging.com
Visstun,visstuncups.com
Vista Hermosa,vistahermosaproducts.com
"Vita Forte, Inc.",vitaforteinc.com
"VitaCup, Inc.",vitacup.com
Vitajoy USA Inc.,vitajoyusa.com
Vital Proteins,vitalproteins.com
Vital Zing,lovemyflavordrops.com
Vitality Products Inc.,findmyvitality.com
"Vitality Works, Inc.",vitalityworks.com
Vitamasques,vitamasques.com
Vitamer & VitaCeutical Labs,vitamer.com
Vitamin Angels,vitaminangels.org
VitaminBar,eatvitaminbar.com
Vitamins For Life,vitaminsforlife.net
Vitanica,vitanica.com
Viterra,viterra.ca
Vive Organic,vive-organic.com
Vivici,vivici.com
Voyage Foods,voyagefoods.com
Voyager Milk,voyagermilk.com
Vpet USA,vpetusa.com
VRM Media,vitaminretailer.com
Vumami Foods,vumamifoods.com
VUUM,drinkvuum.com
W&P,wandp.com
Wai Koko Coconut Water,drinkwaikoko.com
Wai Lana Chips,wailana.com
Waiakea Hawaiian Volcanic Water,waiakeasprings.com
Wakunaga of America,kyolic.com
Walker Brothers,drinkwalkerbrothers.com
"Walker's Shortbread, Inc.",us.walkersshortbread.com
"Wallowa Valley Cleaning Products, LLC",wallowavalleycleaningproducts.com
Wally's Natural Inc.,wallysnatural.com
Walmart Connect,walmartconnect.com
"Walong Marketing, Inc.",walong.com
Wanderlish,eatwanderlish.com
wang globalnet,kfoodonline.com
Want Want North America,mummums.com
Waste Free Celebrations,wastefreecelebrations.co.nz
Water Source One,watersourceone.com
water-infusions,waterinfusions.com
"Waterdrop Microdrinks, LLC",waterdrop.com
Waterloo Sparkling,drinkwaterloo.com
Watkins,watkins1868.com
WayFare Health Foods,wayfarefoods.com
"Wecare Probiotics Co., Ltd.",wecare-life.com
Wedderspoon Manuka Honey,wedderspoon.com
"Weihai Baihe Biology Technological Co., Ltd.",biohighsoftgel.com
"Weihai Unisplendour Biotechnology Development Co., Ltd",ubrilliantnutratech.com
Weird Beverages,drinkweird.com
Welbloom Biotech Corporation,welbloom.com
Weleda North America,weleda.com
Wella,thunderbirdbar.com
Wellthy,imwellthy.com
WePackItAll,wepackitall.com
"WES Worldwide Expo Services, Ltd.",osbubble.com
"Western Foods, LLC",westernfoodsco.com
Westland Milk Products,westgold.com
WhatIF F&I Pte Ltd,whatif-foods.com
Where Food Comes From,wherefoodcomesfrom.com
"Wherefour, Inc.",wherefour.com
Whipnotic,whipnotic.com
Whisps,whisps.com
"White Bottle, Inc.",whitebottle.com
White Leaf Provisions,whiteleafprovisions.com
Whitebridge Pet Brand,whitebridgepetbrands.com
Who Gives A Crap,us.whogivesacrap.org
Whoa Dough,whoadough.com
Whole Earth Brands,merisant.com
"Whole Grain (Dalian) Foods Technology Co., Ltd.",wholefoodglutenfree.com
Whole Harmony LLC,wholeharmony.com
Whole Herb Company,wholeherbcompany.com
wholeberry,wholeberry.com
WholeFoods Magazine,wholefoodsmagazine.com
WholeMoon,wholemoon.com
Wicked Crisps,wickedcrisps.com
Wilcox Farms,wilcoxfarms.com
Wild Nectar Honey,wildnectarhoney.com.au
Wild Planet Foods,wildplanetfoods.com
Wilde Brands,wildesnacks.com
Wilderton,wildertonfree.com
Wildfare,wildfare.com
"Wildly Organic, LLC",wildlyorganic.com
wildwonder,drinkwildwonder.com
Wiley's Finest,wileysfinest.com
Willamette Valley Pie Company,wvpie.com
WIN America LLC,winamerica.com
"Win Soon, Inc. DBA Epoca",winsoonepoca.com
Windmill Health Products,windmillvitamins.com
Windy City Mushroom,windycitymushroom.com
Winged,wingedwellness.com
WIRACCOCHA DEL PERU,wiraccocha.com.pe
Wise Bar,wise-bar.com
WisePies Pizza,wisepiespizza.com
WISHBONE,wishboneorganics.com
WJ Packaging Solutions Corp.,wjpkg.com
Wonder Juices,drinkwonderjuices.com
"WONIL FOOD Co.,Ltd",wonilfood.com
Woodspur Farms,woodspurfarms.com
"Woodstock Farms, Custom Snacks",woodstockfarmsmfg.com
"WoolAid US, Inc",woolaid.com
"Woongjin Foods Co., Ltd.",wjfood.co.kr
"WOOYANG Co., Ltd",foodkorea.com
World Finer Foods,worldfiner.com
Worthy Promotional,birdieandlouie.com
Wow Bao,wowbao.com
"Wuxi Jinnong Biotechnology Co., Ltd.",jinnongbio.com
Wype,wypeuk.com
Xela Pack,xelapack.com
"Xiamen Yasin Industry & Trade Co., Ltd.",asiangelatin.com
"Xinghua GL Stevia Co., Ltd",glstevia.com
XO Baking Co.,xobakingco.com
Xtreme Beauty International,OkayPureNaturals.com
Ya Oaxaca,yaoaxaca.com
"Yancheng Weiguan Foods Co.,Ltd",weiguanfoods.com
"Yantai Oriental Protein Tech Co., Ltd.",pea-protein.com.cn
"Yantai T.Full Biotech Co.,Ltd.",tfull.com
"Yaxin Flexible Packaging, Inc.",yaxininc.com
YAYLA AGRO,legurme.com
Yaza Foods LLC,yazafoods.com
Yebo Group,yebogroup.com
YEIN T&G Inc.,yeintng.com
Yellow Emperor,yellowemperor.com
Yellow Yak,yellowyak.pet
Yeshi Foods Inc,yeshifoods.com
YESLY WATER LLC,yeslywater.com
YIAYIA AND FRIENDS,yiayiaandfriends.com
Yishi,yishifoods.com
Yo Egg,yo-egg.com
Yo Mama's Foods,yomamasfoods.com
Yolélé,yolele.com
"YOSIN BIOTECHNOLOGY (YANTAI) CO., LTD.",yosinbio.com
Youngstown,youngstownd.com
Yourbarfactory,yourbarfactory.com
YOURS,yoursnz.com
Youtheory,youtheory.com
"YTR Technology, Inc.",ytrinc.com
"Yuen Diing Enterprise, dba Frusirnag",frusirnag.com
Yumeals – Vivien Paille,vivienpaille.fr
YumEarth,YumEarth.com
YUMI,helloyumi.com
YumVs,yumvs.com
ZATIK,zatiknaturals.com
Zeal Creamery,zealcreamery.com
Zego,zegofoods.com
Zen,tryzen.com
ZENB,zenb.com
"Zentis North America, LLC",zentis-usa.com
ZenWTR,zenwtr.com
Zero Hunger Water,zerohungerwater.com
ZeroBroker,zerobroker.com
"Zhejiang Gold Kropn Bio-technology Co.,Ltd",zjgykp.com
"Zhejiang Huaguang Capsule Co., Ltd.",hgcaps.com
"Zhejiang Huili Pharmaceutical Co., Ltd",wecaps.com
"Zhejiang Nutrasis Biotech Co., Ltd.",nutrasis.com
"Zhejiang Yiyang Technology Co., ltd",yiyangpharma.com
"Zhoukou Zhiyuan Gelatin Trade Co., Ltd",fygelatin.cn
Zing Bars,zingbars.com
Zion Pack,zionpack.com
Zipline Logistics,ziplinelogistics.com
Zolli Candy,zollicandy.com
"ZoomEssence, Inc.",ZoomEssence.com
"Zoup! Good, Really Good",zoupbroth.com
ZUCCARI,zuccari.com
~Pourri,pourri.com
