name,domain
100km Foods Inc.,100kmfoods.com
1642,1642.ca
1847 Stone Milling,1847.ca
3P Raw Pet Food Ltd,3pnaturals.com
50th Parallel Estate,50thparallel.com
A Bread Affair,abreadaffair.com
A-FRAME Brewing Co,aframebrewing.com
A-One Cakes & Pastries Inc.,aonecakes.com
A.C. Covert,accovert.com
ACC Label Inc. / Étiquetage ACC inc.,acclabel.com
ACE Bakery,acebakery.com
ACI Foods Inc.,acifoods.com
ACTIVE FUEL,activefuel.ca
AG World Equipment,agworld.cc
AGF Freezers Ltd.,agffreezers.com
AGT Food and Ingredients Inc.,agtfoods.com
AITCHL Ltd.,aitchl.com
ALSAFA FOODS CANADA & USA,alsafahalal.com
AMCO Group,amcoselect.com
APEX ALIMENTS DEXCELLENCE,apextrades.ca
AQF Système inc.,aqf-systeme.com
AQIA,aqia-qc.org
ARISE N GO,ariseonthego.ca
ATRAHAN Transformation inc.,atrahan.com
AXYON,groupe-axyon.com
Abeego | Keep Food Alive,abeego.com
Abokichi Inc.,abokichi.com
Acadian Maple Products,acadianmaple.com
Accord Courtier,accordcourtier.com
Actium Marketing Inc.,actium-marketing.com
ActivPOP Organic Popcorn,activpop.com
Aenos Food Services,aenosfoods.com
Agence Améri-Flora,ameri-flora.com
Agri-Marché Inc.,agri-marche.com
Agri-Neo,agri-neo.com
Agrifoods International Cooperative Ltd,agrifoods.ca
Agrivera Food Group,agrivera.ca
Agro Meats Inc.,agromeat.ca
Agro-Process,agro-process.com
Aidas Pine Valley Bakery Inc.,aidaspinevalleybakery.com
Aimex Foods Inc.,aimexfoods.com
Alasko,alasko.com
Alberta Turkey Producers,albertaturkey.com
Alchimiste Microbrasserie,alchimiste.ca
Alderlea Vineyards,alderleavineyards.com
Aliments Asta inc,alimentsasta.com
Aliments BCI Foods Inc,bcifoods.com
Aliments Breton Foods Canada Inc.,bretontradition.com
Aliments Green Vallee Inc.,alimentsgreenvallee.com
Aliments JM Inc.,lamorin.ca
Aliments Krispy Kernels,krispykernels.com
Aliments La Bourgeoise,labourgeoise.com
Aliments Morehouse Canada,morehousefoods.ca
Aliments Pasta Romana,pastaromana.com
Aliments Prémont Inc.,premont.ca
Aliments Sibon Foods,sibonfoods.ca
Aliments Sunchef Inc,sunchef.com
Aliments bveggie,bveggie.ca
Alipro-Mistral Ingrédients Inc.,alipro-mistral.com
All Gold Imports Inc,allgold.ca
Alliance Freeze Dry Ltd.,canature.ca
Alpine Bakery,alpinebakery.ca
Amadeus Patisserie,amadeuspatisserie.com
AmazStev,amazstev.com
Ambrosia Corner Bakery,ambrosiacornerbakery.com
Amir Quality Meats Inc.,amirqualitymeats.com
Ammar’s,ammarhalalmeats.com
Ani & Fabi,aniandfabi.com
Anitas Organic Grain and Flour,anitasorganic.com
Annelida Organics Inc. - OMRI Certified,annelida.ca
Antrim Truck Stop,antrimtruckstop.com
Apex Food Source,apexfoodsource.com
Apna Taste,samosasweetfactory.com
Apple Valley Foods Incorporated,applevalleyfoods.com
Aramark Food Services,aramarkenligne.ca
Arbutus Ridge Farms Ltd,arbutusridgefarms.ca
"Archibald Microbrasserie, Inc.",archibaldmicrobrasserie.ca
Arctica Food Group Canada Inc.,arcticafood.com
ArdoVLM,ardovlm.com
Armstrong Milling,armstrongbirdfood.com
Art-Is-In Bakery,artisinbakery.com
Arva Flour Mills,arvaflourmill.com
Atlantic Beef Products Inc,abpi.ca
Augusts Harvest,augustsharvest.com
Aulcorp Foods Inc.,aulcorpfoods.com
Australian Lamb Co Ltd,austlambco.com.au
"Avena Best Ingredients from Avena Foods Limited, formerly Best Cooking Pulses, Inc. since 1936.",bestcookingpulses.com
Avena Foods Limited,avenafoods.com
Ayoubs Dried Fruits & Nuts,ayoubs.ca
"Azuma Foods (Canada) Co., Ltd.",azumafoods.ca
BC Hop Company Ltd.,bchop.ca
BC Tree Fruits Cooperative,bctreefruits.com
BETA5 Chocolates,beta5chocolates.com
BIO RAW,bioraw.ca
BLE Bakery Ltd - La Baguette & lEchalote,labaguette.ca
BRANT TRACTOR,branttractor-kubota.ca
Bad Monkey Popcorn Inc.,badmonkeypopcorn.com
Bake Code Bakery & Café,bakecode.com
Bakers Supply House,bakerssupply.ca
Baking Association of Canada (BAC),baking.ca
Baraka Shea Butter,barakasheabutter.com
Baruvida,baruvida.com
Bassé Nuts,bassenuts.com
Bavarian Link Meat Products Limited,bavarianlink.com
Baxter Kitchens,baxterkitchens.com
Be One to Give,b12give.ca
Becky-Jos VoVo Fried Dough,vovosfrieddough.com
Beechwood Doughnuts,beechwooddoughnuts.com
Beignes DAntan,beignesdantan.com
Bellafornia Bakery Cafe & Bar,bellaforniabakery.com
Bento Nouveau Ltd.,bentosushi.com
Berbician,berbician.net
Bernard Breton inc.,bernardbreton.com
Berryhill Foods Inc.,berryhillfoods.com
"Berthelet, division de/of Solina",berthelet.com
Better than Yia Yias Foods,betterthanyiayias.com
Big Chief Meat Snacks Inc.,bigchiefmeatsnacks.com
Big Country Raw,bigcountryraw.ca
Big Mountain Foods,bigmountainfoods.com
Bimbo Canada,bimbocanada.com
Biofoods Pvt. Ltd.,biofoodslk.com
Bisou Bake House,bisoubakehouse.com
Bisou Dates,bisoudates.com
BjornBar Bakery Ltd.,bjornbarbakery.com
Black Angus Fine Meats and Game,blackangusmeat.com
Blacksmith Bakery,blacksmithbakery.ca
Blaks Bakery,blaksbakery.com
Blendtek Ingredients Inc.,blendtek.com
Bliss Dough Corp,blissdough.com
Blue Danube Sausage House Ltd,bdsh.ca
Blue Dog Ventures Inc.,bluedog.ca
Bobbette & Belle,bobbetteandbelle.com
Bon Appé by Upper Crust,uppercrust.com
Bon Ton Bakery Edmonton,bonton.ca
Bon vivant,bonvivant.bio
Bonchaz Bakery,bonchaz.ca
Bone Jour Broth Co.,thebonejour.com
Bonte Foods Limited,bonte.ca
Bonus Bakery,bonusbakery.com
Boomerang Food,boomerang-coop.com
Booster Juice,boosterjuice.com
Borealis Foods,borealisfoods.ca
Bosa Foods,bosafoods.com
Bosco and Roxys,boscoandroxys.com
Boss Gibson Oyster Company,bossgibson.com
Boulangerie Au Pain Doré,atelier.aupaindore.com
Boulangerie Auger (1991) Inc.,boulangerieauger.com
Boulangerie Chez Fred,chezfred.ca
Boulangerie LAmour du Pain,lamourdupain.com
Boulangerie Lanthier Ltée,lanthierbakery.com
Boulangerie Le Marquis,boulangerielemarquis.com
Boulangerie St-Méthode,boulangeriestmethode.com
Boulangerie-Pâtisserie Dumas Inc.,boulangeriedumas.com
Boulart,boulart.com
Bouvry Canada,bouvrycanada.ca
Brandt Meats,brandtmeats.com
Brasserie distillerie Champ libre Inc.,champlibre.co
Brasseurs du Monde,brasseursdumonde.com
Bread And Salt,breadandsalt.ca
Breadko National Baking Ltd.,breadko.com
Breadsource Corporation,breadsource.com
Breka Bakery & Cafe,breka.ca
Brick Street Bakery,brickstreetbakery.ca
Bridgepeak Nutrition,bridgepeaknutrition.com
Brio Bakery,briobakery.com
Brockmann’s Chocolates,brockmannchocolate.com
Brogue Gastropub,broguepubside.ca
Brome Lake Ducks Limited*Canards du Lac Brome Ltd.,canardsdulacbrome.com
Brooks Pepperfire Foods Inc. -- Peppermaster,peppermaster.com
Brownie Babes,browniebabes.com
Broya,broyaliving.com
Bruized,bruized.com
Brunette,shopbrunette.com
Brystons-On-the-Park,brystons.com
Buffalo Creek Mills,buffalocreekmills.ca
"Buffet Maison, traiteur distingué, pâtisserie & épicerie fine",buffetmaison.com
Bugaboos Bakery Cafe,bugabooscafe.com
Bulik Bakery Inc,bulikbakery.com
Bush Order Provisions Ltd.,bushorder.ca
Butchers To Go,butcherstogo.com
Butter Baked Goods Ltd,butter-baked-goods.myshopify.com
Butter Baker,butter-baker.com
Byblos Bakery Ltd.,byblosbakery.com
Bäckerhaus Veit,backerhausveit.com
C&C Packing LP,ccpacking.com
C-Merak,c-merak.ca
C. Isabelle & fils inc.,isabelleinc.com
CAEQ - Accreditation,caeq.ca
CBCo Alliance inc.,cbcoalliance.com
CBL Bakeries Ltd,cinnaroll.com
CC Casing Limited,cccasing.com
CELL AG TECH,cellagtech.com
CELL FOODS Inc.,cellfoods.com
CHAP CHAP SNACKS,chapchapsnacks.com
COBS Bread,cobsbread.com
CT Bakery,ctbakery.com
CTAQ,conseiltaq.com
Cadcan Marketing & Sales Inc,cheecha.ca
Caddy,joincaddy.com
Café Napoléon,cafenapoleon.com
CaféGo,cafego.ca
Caféine Pushers,cafeinepushers.com
Cake World,cakeworld.ca
Caldic North America,caldic.com
Calgary Italian Bakery Ltd.,cibl.com
Calgary Meals on Wheels,mealsonwheels.com
Caliber Food Technology,caliberft.ca
Calico Food Ingredients,calico.ca
Campbell Company of Canada,campbellsoup.ca
Canabec,canabec.net
"Canada Bread Company, Limited",bimbocanada.com
Canada Bread Foodservice,canadabreadfoodservice.ca
Canada Compound Corporation,canadacompound.com
Canada Pork,canadapork.com
Canada Pork International,canadapork.com
Canadian Centre for Food Integrity,foodintegrity.ca
Canadian Fishing Company Ltd.,canfisco.com
Canadian Liquid Gold,canadianliquidgold.com
Canadian Meat Council,cmc-cvc.com
Canadian Pork Council,cpc-ccp.com
Canadian Premium Meats Inc.,cpmeats.com
Canadian Rangeland Bison,rangelandbison.ca
Canadian Rangeland Bison Elk Inc.,rangelandbison.ca
Canard du Village,canardduvillage.com
Canards du Lac Brome,canardsdulacbrome.com
Canature Processing Ltd.,canature.ca
Canda Six Fortune Enterprise Co. Ltd.,candasixfortune.com
Candiz Group,candiz.ca
Cannoli Queens,cannoliqueens.com
CanolaInfo,canolainfo.org
Canyon Creek Food Co Ltd (CYF),canyoncreekfood.com
Cape Bald Packers Limited,downeastspecialtyproducts.com
Capital Fine Meats,capitalfinemeats.ca
Capital Meat,capitalmeat.ca
Captain Dans Inc.,captaindans.com
Carbs Bakery,carbsbakery.com
Cardinal Meat Specialists Limited,cardinalmeats.com
Care Bakery,carebakery.com
Carlisle Technology,carlisletechnology.com
Carna4 Inc.,carna4.com
Caroles Cheesecake Company Est. 1972,carolescheesecake.com
Carrefour de lIndustrie Bioalimentaire de lîle de Montréal (CIBÎM),cibim.org
Cassini Cellars,cassini.ca
Castle Kitchen Foods,castlekitchenfoods.com
Celebrate gluten free,celebrateglutenfree.com
Centre ACER,centreacer.qc.ca
Centre dexpertise fromagère du Québec,expertisefromagere.com
Cereals Canada,cerealscanada.ca
Cericola Farms,cericola.com
Chameleon Crystals,chameleoncrystals.com
Champion Petfoods,championpetfoods.com
Champlain Seafood,champlainseafood.com
Champs Mushrooms Ltd,southmill.com
Chase Global Foods,chaseglobalfoods.com
Chickapea,chickapea.com
Chicken Farmers of Saskatchewan,saskatchewanchicken.ca
Chiwis,chiwis.co
Chocmod Canada Inc.,chocmod.com
ChocoSol Traders,chocosoltraders.com
Chocolat Lamontagne Inc,lamontagnechocolate.com
Chocolate Masters Inc.,chocolatemasters.com
Chocolate Smet Canada Inc.,smet.be
Chocolate Zen Bakery,chocolatezen.ca
Chocolaterie Doucesoeur,doucesoeur.com
Chocolaterie Mathilde Fays,chocolateriemf.com
Chocolats Geneviève Grandbois,chocolatsgg.com
Chocolats GlenBor,glenbor.com
Choosing Chia,choosingchia.com
Christies Bakery,christiesbakery.com
Chudleighs Bakery,chudleighs.com
Cidrerie Michel Jodoin,micheljodoin.ca
Cidrerie Milton,cidreriemilton.com
Cinnzeo Bakery Cafe,cinnzeo.com
Circles & Squares Bakery,circlesandsquares.ca
Citadelle Maple syrup producers Cooperative,citadelle-camp.coop
Clark Drouin Lefebvre Inc,cdl.ca
Clear Ocean Seafood Ltd.,clearocean.ca
Clearbrook Grain & Milling Co. LTD.,cgmilling.com
Clever,cleverfruitproducts.com
Clever Foods,cleverfoods.ca
Cloud 9 Specialty Bakery,cloud9specialtybakery.com
Club Kombucha,clubkombucha.ca
Coat the Cakes,coatthecakes.ca
Cockney Kings Fish & Chips,cockneykings.ca
Coco Bakery,cocobakery.ca
Coco La Bine Inc.,cocolabine.com
Cocoa40 Inc.,cocoa40.com
Comité sectoriel de main-doeuvre en transformation alimentaire (CSMOTA),csmota.qc.ca
Commensal - 100% Végétarien,commensal.com
Commercial Bakeries Corp.,commercialbakeries.com
Common Crown Brewing Co.,commoncrown.ca
Compl-eat Brands Inc.,wellnessbites.ca
Complexe :D - Location de cuisine laboratoire C1,complexe-d.com
Conestoga Meats,conestogameats.com
Confetti Sweets,confettisweets.ca
Connors Bros. Seafoods Company,connors.ca
Conseil des industriels laitiers du Québec,cilq.ca
Cookie Craving Co.,cookiecravingco.com
Cookie It Up,cookieitup.com
Cookies By George,cookiesbygeorge.com
Cookin Greens,cookingreens.com
CoolWay,coolway.ca
Coop Alina - Épicerie santé,alina.coop
Cordon Bleu,devienscordonbleu.com
Corey Nutrition Company Inc.,corey.ca
Country Fresh Enterprises Inc,countryfreshfoods.com
Country Prime Meats Ltd.,countryprime.com
County Cider Company,countycider.com
Courtier Alimentaire Inc,courtieralimentaire.com
Couteaux Maska inc.,couteauxmaska.com
Covered Bridge Potato Chip Company,indeedjobs.com
Craigs Cookies Inc.,craigscookies.com
Crave Cookies and Cupcakes,cravecupcakes.ca
Crazy Eggs,crazyeggs.ca
Create A Treat Ltd.,createatreat.com
Crepe Delicious,crepedelicious.com
CrepeStar Dessert Cafe & Bistro,crepestardessert.com
Crisp Produce,crispproduce.com
Criveller Candies Canada,crivellercakes.com
Crofters Organic Fruit Spreads,croftersorganic.com
Crooked Tree,crookedtree.ca
Croustilles Yum Yum Enr.,yum-yum.com
Crystal Head Vodka,crystalheadvodka.com
Création et Ateliers Sweet Isabelle,sweetisabelle.com
CucinaKids.ca,cucinakids.ca
Cuisine Groupe TB Inc,groupetb.ca
Cuisine Sante International,csil.ca
Cuisine Soleil Santé-Bio,cuisinesoleil.com
Cuisines Gaspésiennes Matane Ltée,cuisines-gaspesiennes.com
Cupcakes by Heather & Lori,originalcupcakes.com
Custom Colour Labs Inc,customcolour.ca
Cérélia North America,cerelia.com
DC Donut Bakery,dcdonutbakery.com
DENNIS VEAL CORP.,uselesswebsite.com
DMB Distribution Alimentaire Inc.,dmb-distribution.com
DOM International Limited,dominternational.com
DULCINÉES BAKERY Inc. - BEVERLEYS BAKERS,beverleysbakers.ca
DUSO Enterprises Ltd.,dusos.com
Daddy Ds Ice Creamery,daddy-ds-ice-creamery.com
Daily Seafood,dailyseafood.ca
"Dan-D Foods, Ltd.",dan-d-pak.com
Daniel Chocolates,danielchocolates.com
Danish Pastry House,danishpastryhouse.ca
Dao Foods,daofoods.com
Dare Foods Limited,darefoods.com
David Roberts Food Corporation,davidrobertsfood.com
Davler,davlerlimited.com
Daybreak Mill,daybreakmill.com
Decacer,decacer.com
Decadence Chocolates,decadencechocolates.ca
Dee-Lights Bakery & Fine Foods,deelightsbakery.com
Defedis Food Distributors Inc.,defedis.com
Delicouki,delicouki.com
Delmare Quality Foods Inc,delmare.on.ca
Dels Pastry Limited,delspastry.com
Delta Pacific Seafoods Ltd,deltapacific.ca
Delysées,delysees.com
Dennis Horseradish,dennishorseradish.com
Derma Meat Co.....Dedicated to the art of fine meat,syscofinemeats.ca
DiManno Bakery,dimannobakery.com
Dimpflmeier Bakery Ltd.,dimpflmeierbakery.com
Distillerie des Cantons de lEst,distilleriedescantons.ca
Distribution Paral,paral.ca
Distribution Triple A,taaa.ca
Dokkan Canadian International Investment Corp.,dokkan.ca
Dolce Nada,dolcenada.com
Dolcezza Custom Cakes,dolcezzacakes.com
Domaine des Gourmets Inc.,domainedesgourmets.com
Domaine du Cap - Érablière et vignoble,ledomaineducap.com
Donair Dude,donairdude.com
Donalds Fine Foods,donaldsfinefoods.com
Donini Chocolate,doninichocolate.com
Donut Time Concord Bakery,donuttime.com
Dosa Eatery,dosaeatery.com
DoughNats,doughnats.com
Dovre Specialty Foods,dovre.ca
Drake Meats,drakemeats.com
Dubord & Rainville,dubord.ca
Dufflet Pastries,dufflet.com
Duinkerken Foods Inc.,duinkerkenfoods.com
Dumouchel Meat & Deli,dumouchelmeat.com
Dundalk Bakery Inc.,hermansbakeryandcatering.com
Délices DAntan,delicesdantan.com
"E.D. Smith Foods, Ltd.",edsmith.com
EC Foods,ec-foods.com
EM Bakery Equipment,emequip.com
ENT Foods inc.,cerealz.com
Earth & City,earthandcity.ca
Earthli Plant-Powered Superfoods Inc,earthli.ca
Earths Own Food Company,earthsown.com
East Coast Bakery,eastcoastbakery.ca
Eat 4 Later,eat4later.com
Eat Local Grey Bruce,eatlocalgreybruce.ca
Eat The Dishes,eatthedishes.com
Eberhardt Foods Ltd,eberhardtfoods.com
Eclipse Bakery,eclipsebakery.ca
Ecole-B Marketing Agroalimentaire,ecole-b.com
Edde Almond Paste Inc.,edde.ca
Edmonton Meals on Wheels,mealsonwheelsedmonton.org
Electric Love Bakeshop,electriclovebakeshop.com
ElementCafe,elementcafe.ca
Elite Sweets,elitesweets.ca
Elora Bread Trading Co.,elorabread.ca
Embassy Ingredients Ltd,embassyingredients.com
Emblem Cranberry,emblemecanneberge.com
Emerson Milling Inc.,emersonmilling.com
Empire Foods Limited,empirefoods.co.in
English Bay Bakery (English Bay Batter),cerelia.com
EntreChefs PME,entrechefspme.com
Epicure™,epicure.com
Epiphanie Chocolate,epiphaniechocolate.com
Equifruit,equifruit.com
Erie Meats,eriemeats.com
Esta Chocolates Inc.,estachocolates.com
Ethical Foods Fund LP,ethicalfoodgroup.com
Eticon Consultants Ltd,eticon.ca
Euro Mediterranean Foods,euromedfoods.com
Evans Fresh Seafoods,evansfreshseafoods.com
Evas Original Chimneys,originalchimneys.com
Everland Natural Foods Inc.,everland.ca
Everspring Farms Ltd.,everspringfarms.ca
Eves Crackers,evescrackers.com
Evive Nutrition,evivenutrition.com
Evolved Meats,itsevolved.com
Evova Foods,toddsbettersnacks.com
Exceldor Foods Ltd,butterball.ca
"Exceldor, coopérative avicole",exceldor.com
Excelsior Foods Inc.,excelsiorfoods.com
Exeter Produce & Storage Co. Limited,exeterproduce.com
F. Ménard,fmenard.com
F.W. WARD,fwward.com
FARAFENA | African Biodiverse Superfoods,farafena.com
FE Produce Inspection Inc.,feinspection.ca
FGF Brands,fgfbrands.com
FIC | Food Industry Consulting,food-industry.ca
FIXIT Kombucha,fixikombucha.com
FM Lapointe,fmlapointe.com
FOU DICI,foudici.com
Fancy Pokket Bakery,fancypokket.com
Fantôme Café,fantomecafe.ca
Farasoo Holding Corp.,meatexcanada.com
Farinart,farinart.com
Farm & Food Care Saskatchewan,farmfoodcaresk.org
Farm 2 Fork Canada,farm2forkdelivery.ca
"Farm Fresh Pet Foods, Inc.",farmfreshpetfoods.com
Farm Girl,farmgirl.work
Farmer Direct Organic,fdorganic.com
Farmers Fresh Mushrooms Inc.,farmersfresh.com
Farmway Foods,farmwayfoods.ca
Farnham Ale & Lager,farnham-alelager.com
Fat Sparrow Group,fatsparrowgroup.com
Fatso,eatfatso.com
"Feast, Inc",eatfeast.com
Feature Foods International,featurefoods.ca
Fed,fedfedfed.com
Feed It Forward,feeditforward.ca
Fergies Fine Foods,fergies.ca
Ferme des Voltigeurs,fermedesvoltigeurs.com
Fiera Foods,fierafoods.com
Fife Bakery,fifebakery.com
FirstMate Pet Foods,firstmate.com
Five Corners Meat Co.,donaldsfinefoods.com
Flavva,flavva.com
FlexiBake Ltd.,flexibake.com
Flora Health,florahealth.com
Flora Manufacturing & Distributing Ltd.,florahealth.com
Florentina Pasta Ltd,florentinafoods.com
Flour Confections,flourconfections.com
Flourish Pancakes,flourishpancakes.com
Flourist,flourist.com
Foleys Candies Limited Partnership,foleyschocolates.com
Food 4 Pets Canada / Food For Pets USA,food4petscanada.com
Food Innovation & Research Studio,gbcfirst.ca
Food Innovation Online Corp (PotatoPro.com),potatopro.com
Food Processors of Canada,foodprocessors.ca
Food Producers of Canada (FPC),foodproducersofcanada.ca
Food Venture Program,foodventureprogram.com
"Food, Health & Consumer Products of Canada FHCP",oneveryshelf.ca
FoodByte Inc,joinfoodbyte.com
Foodbuy Canada,foodbuy.ca
Foodea.com,foodea.com
Foodradar.ca,foodradar.ca
Forest Lavoie Conseil,forestlavoieconseil.com
"Fortune Cookies Canada, Custom & Personalized Fortune Cookies",fortunecookiescanada.com
Fourmi Bionique,lafourmibionique.com
France Délices,francedelices.com
Fraser Valley Specialty Poultry,fvsp.ca
Fratelli European Bakery Ltd,fratellibakery.com
FreeYumm Foods Ltd,freeyumm.com
Fresh City,freshcityfarms.com
Fresh Hemp Foods Ltd.,manitobaharvest.com
Fresh Ideas & Solutions Inc.,freshideas.ca
Fresh Roots Urban Farm Society,freshroots.ca
Fresh Start Foods Canada Ltd.,freshstartfoods.com
Fresh in your Fridge,freshinyourfridge.com
FreshChange Foods Group Limited,freshchangefoodsgroup.com
FreshPath,freshpath.ca
FreshSpoke,freshspoke.com
Fromagerie Bergeron Inc.,fromagesbergeron.com
"Fromagerie LAncêtre, Inc.",fromagerieancetre.com
Fromagerie Polyethnique - Le Bédouin,lebedouin.com
Fromages CDA inc.,fromagescda.com
Frontier Bakery,frontierbakery.ca
Frostbite Ice Cream,frostbite.mcgilleus.ca
Frozen Paddle Inc.,frozenpaddle.com
Fruit dOr | Cranberry & wild blueberry,fruitdor.ca
Fruits & Compagnie,fruitsetcompagnie.ca
Fruits de mer FRANDON Seafoods inc.,frandonseafoods.ca
Fumoirs Gosselin,fumoirsgosselin.com
FunGo Mushroom,fungomushroom.com
Funnel Cake Express,funnelcakeexpress.com
Furlani Foods,furlanifoods.com
Fuss Cupcakes,fusscupcakes.com
Fuwa Fuwa Pancakes,fuwafuwapancakes.com
Fédération des producteurs d’œufs du Québec,oeuf.ca
Fédération régionale de lUPA de lAbitibi-Témiscamingue,abitibi-temiscamingue.upa.qc.ca
G. E. Barbour Inc.,barbours.ca
G.S Dunn,gsdunn.com
GFI (PEAS.TSXV) Global Food and Ingredients Ltd.,gfiglobalfood.com
GLG Life Tech Corp,glglifetech.com
GMC Foods,gmcfoods.com
GUSTA Foods,gustafoods.com
Gala Bakery Inc.,thegalabakery.ca
Gallaghers Farm Market,gallaghersfarmmarket.ca
"Ganong Bros., Limited",ganong.com
Garufood Inc.,garufood.com
Gaudet Sweet Goods,patisseriegaudet.com
Gestion Locaal,gestionlocaal.com
Getaway Farmers & Butchers,getawayfarm.ca
Giddy Yoyo Inc.,giddyyoyo.com
Give and Go Prepared Foods,giveandgo.com
Gizella Pastry Limited,gizellapastry.com
Glow Smoothies,glowsmoothies.com
GluteNull,glutenull.com
Golden Boy Foods Ltd,goldenboyfoods.com
Golden Bubbles,goldenbubbles.ca
Golden Crust Specialty Bakery,goldencrustbakery.ca
Golden Loaf Bakery Inc.,goldenloafbakery.ca
Golden Valley Eggs,goldenvalley.com
Golden Valley Farms Inc.,gvf.ca
Good Food For Good,goodfoodforgood.ca
GrainFrac Inc.,grainfrac.com
Grand Valley Fortifiers Limited,grandvalley.com
Grandmas Oven,grandmasoven.ca
Grannys Poultry Cooperative Ltd.,grannys.ca
Great Lakes Greenhouses Inc.,greatlakesg.com
Great North Smokehouse,greatnorthsmokehouse.ca
Greaves Jams & Marmalades,greavesjams.com
Greenhill Produce,greenhillproduce.com
Grisspasta Products Ltd.,grisspasta.com
Groovy Yurts,groovyyurts.com
Group Genesys,groupgenesys.com
Groupe 3Mmm,3mmm.ca
Groupe ADEL,groupeadel.com
Groupe MDMP,groupemdmp.com
Groupe Tomapure Inc.,tomapure.com
Groupe Vegco,groupevegco.com
Groupe Élémentaire,groupe-elementaire.ca
Growing Chefs,growingchefs.ca
Gum Products International Inc,gpiglobal.net
H&A CANADA INC.,hacanada.com
H&C Sandwiches,hcsandwich.com
HARVEST | Clean Eats 🥑,orderharvest.ca
HFS - Healthcare Food Services,gohfs.org
HOPE Pet Food,hopepetfood.ca
HOTELchef,hotelchef.com
Haggerty Creek Ltd,haggertycreek.com
"Hain-Celestial Canada, ULC",hain-celestial.ca
Halchemix,halchemix.ca
Halendas The Meat People,halendas.com
Half Hitch Brewing Company,halfhitchbrewing.ca
Happy Goat Coffee Co.,happygoatcoffee.com
Happy Planet Foods,happyplanet.com
Happy Yak,happyyak.ca
Harkness & Co. Butchers,vancouverbutcher.com
Hartmans Kosher Meats,hartmanskosher.com
Harvest Meats,harvestmeats.ca
HashMark Ltd,hashmark.ltd
Healthy Crunch,healthycrunch.com
Heart to Home Meals Canada,hearttohomemeals.ca
Heaven Sprout Foods Inc,heavensproutfoods.com
Hector Larivée Inc,hectorlarivee.com
Heidelberg Foods Ltd.,heidelbergfoods.com
Heirloom Vegetarian,heirloomrestaurant.ca
Hela Spice NA,helaspice.com
Helm Microbrasserie,helmmicrobrasserie.ca
Hero Ice Cream,heroicecream.ca
High Liner Foods,highlinerfoods.com
High Spirits Choir,highspiritschoir.ca
High Tea Bakery,highteabakery.com
Highline Mushrooms,highlinemushrooms.com
Hilite Fine Foods Inc,hilitefinefoods.com
Hills Foods,hillsfoods.com
Hobbs Pickles Inc.,hobbspickles.com
Hollandia Bakeries Limited,hollandiacookies.com
Holly Food,hollyfood.ca
Holy Cannoli Shells & Cream,holy-cannoli.com
Honest Dumplings Ltd.,honestdumplings.ca
Humble & Frank Foods Inc,humbleandfrank.com
Hutchinson Acres,hutchinsonacres.com
HyLife,hylife.com
I-NOV CONCEPT inc.,grandpremilk.com
IFC Seafood,ifcseafood.com
INNODELICE,innodelice.com
ITN Food Corporation,itnfoodcorp.com
Ideal Food Service Corp.,idealfoodservice.com
Imperial Flavours Inc.,imperialflavours.com
Industrie Gastronomique Cascajares,lechefetmoi.ca
InfraReady Products Ltd,infrareadyproducts.com
InnerSeasonings International (ISI),tunnelbbq.com
Innofoods,innofoods.ca
Innovasens inc,innovasens.ca
Innovative Food Brands Ltd.,innovativefoodbrands.com
Inovo Group,groupeinovo.ca
Integra Foods International Corp.,integrafoods.com
Intercity Packers Ltd.,intercitypackers.com
Intercity Packers Meat & Seafood,intercitypackers.ca
Intermiel,intermiel.com
Ippolito Group,ippolitogroup.com
Iron Will Raw Inc,ironwillraw.com
Island Abbey Foods®,islandabbeyfoods.com
Island City Baking Company Inc.,islandcitybaking.com
Islands West Produce,islandswest.com
Italian Bakerys Mercato,mercatofoods.com
JACEK Chocolate Couture,jacekchocolate.com
JBS Food Canada,jbsfoodcanada.ca
JD Sweid Foods,jdsweid.com
JOOS,shopjoos.com
Jarvis Industries Canada Ltd,jarviscanada.com
Jaycee Herb Traders Ltd.,jaycee-herb.com
Jealous Fruits Ltd,jealousfruits.com
Jeanettes Cakes,jeanettescakes.com
Jelly Modern Doughnuts,jellymoderndoughnuts.com
JellyGood™,mmm.jellygood.com
Jenna Rae Cakes,jennaraecakes.com
JennaCake Creative Cakes & Cookies,jennacake.com
Johnvince Foods,johnvince.com
Jolt Nutrition,joltnutrition.com
Jonday Foods Inc,jondayfoods.com
Just Food,justfood.ca
Just Quality International Inc.,jqinternational.com
KEFIRKULT,kefirkultures.com
KabKeb,kabkeb.com
Kardish Health Food Centre,kardish.com
Kates Town Talk Bakery,katestowntalk.ca
Kellys Bake Shoppe,kellysxo.com
Ketolibriyum,ketolibriyum.ca
Kettlemans Bagel,kettlemansbagels.ca
Keybrand Foods Inc,jimsfloorstore.com
Kim Lam - Mets asiatiques préparés,kimlamrouleaux.com
King of Donair,kingofdonair.ca
King of Tarts,kingoftarts.ca
Kings Pastry,kingspastry.com
Kinnikinnick Foods Inc.,kinnikinnick.com
Kisko Products,kiskofreezies.com
"Kissy industry & trading company ltd Freetown Sierra Leone, West Africa",kissyindustry.com
Komo Comfort Foods,komocomfortfoods.com
Kookie Kutter Bakery 2019 Inc,kookiekutter.ca
Korok Group,korokgroup.com
Koyo Foods Inc.,koyofoods.com
Kozak Food Group,kozakeatery.ca
Kula Foods,kulafoods.ca
Kyan Culture Inc.,kyanculture.ca
LA BOITE XPRESS INC - FOOD SERVICES / SERVICES ALIMENTAIRES,laboitexpress.com
LIVIVA Foods,livivafoods.com
LOOP Mission,loopmission.com
LRM Inspection and Verification Services Ltd,lrminspection.ca
La Barberie - Microbrasserie coopérative de travail,labarberie.com
La Belle Excuse / Importations Stavropoulos,labelleexcuse.com
La Biscuitery Inc.,labiscuitery.com
La Boucanerie dHenri,laboucaneriedhenri.com
La Brûlerie du Quai,brulerieduquai.com
La Cuisine Simplifiée,lacuisinesimplifiee.com
La Ferme Martinette- Division Gourmet Érable inc.,finemapleproducts.com
La Foumagerie,lafoumagerie.com
La Maison du Gibier,lamaisondugibier.com
La Mangue Verte & Cie,lamangueverte.com
La Meunerie Milanaise,lamilanaise.com
La Petite Artisanne - Gourmet Chocolates,lapetiteartisanne.com
La Petite Bretonne,petitebretonne.com
La Place Commune- Coopérative de solidarité,laplacecommune.com
La Rocca Creative Cakes,laroccacakes.com
La Rose Specialty Foods and Fine Italian Bakery,larosebakery.com
La Soyarie Inc.,soyarie.ca
La Transformerie,latransformerie.org
La mie bretonne inc.,lamiebretonne.com
LaPetiteBoucanerie.com // Fumage Gourmand,lapetiteboucanerie.com
Lady Glaze Doughnuts,ladyglazedoughnuts.com
Lagoon Seafood,lagoonseafood.com
Laid Back Snacks,laidbacksnacks.com
Lakeside Bakery Deli Cafe,lakesidebakery.com
Lakeside Produce,lakesideproduce.com
Lamontagne Chocolate,lamontagnechocolate.com
Landish - The Smarter Food Company,landish.ca
Lantic Inc.,lanticrogers.com
"Lassonde Specialties, Inc.",lassondespecialties.com
Laurelles Fine Foods,laurelles.com
Lavocat du bacon,avocatdubacon.com
Lazy Bake,lazybake.com
Le Canard Goulu,canardgoulu.com
Le Delice Pastry Shop,ledelicepastryshop.ca
Le Groupe Martel,legroupemartel.com
Le Mas des Patriotes Inc.,lemasdespatriotes.com
Le Petit Mas,lepetitmas.ca
Le Potager Kitchen Gardens,calgarykitchengardens.ca
Le cuistot Du Marchand,lecuistot.ca
Leclerc Foods,leclerc.ca
Les Aliments DAINTY Foods Inc.,dainty.ca
Les Aliments Gendreau,lesalimentsgendreau.com
Les Aliments Lesters,lesters.ca
Les Aliments Levitts,levitts.ca
Les Aliments Mejicano Inc.,mejicano.ca
Les Aliments Roma,alimentsroma.com
Les Aliments Whytes Inc. - Whytes Foods Inc.,whytes.ca
Les Bleuets du Vire-Crêpes,lesbleuetsduvirecrepes.com
Les Chocolats Favoris Inc.,chocolatsfavoris.com
Les Fêtes Gourmandes de Lanaudière,fetesgourmandes.ca
Les Industries Bernard & Fils,bernards.ca
Les Viandes Central Bernard Inc.,centralbernard.com
Les Viandes Première- Premier Meat Packers,premiermeat.com
Les Équipements Lapierre,elapierre.com
Lesley Stowe Fine Foods Ltd.,lesleystowe.com
Lets Pasta Food Services Ltd,letspasta.com
Lexperience Chic Chef,chicchef.ca
Libra National Inc.,ricepeople.com
Libre Naturals,librenaturals.com
Lift Breakfast Bakery Ltd,liftonlonsdale.ca
Lighthall Vineyards,lighthallvineyards.com
"Lindt & Sprüngli (Canada), Inc",lindt.ca
Linsey Foods Ltd.,ettu.com
Little Bakes of Kindness,littlebakesofkindness.com
Little Bird Dim Sum,littlebirddimsum.com
LiveFit Foods,livefitfoods.ca
Livia Bakery,liviasweets.com
Lobster Made Easy Inc.,lobstermadeeasy.com
Local Food Plus,localfoodplus.ca
LomaNutra Inc.,lomanutra.com
Long Phung Food Products Inc.,longphung.com
Lorrain a la Mer - Resto & Poissonnerie,lorrainalamer.com
Love Child Organics,lovechildorganics.com
Love Le Grand,lovelegrand.com
Love Me Sweet Japanese Cheesecake,lovemesweet.ca
Love Organic Vital Energy Inc.,loveorganicvitalenergy.com
Lucullus Bakery,lucullusbakery.com
Luisella Foods Inc.,luisella.com
Lumar Food Safety Services Ltd,lumarfoodsafetyservices.com
Luv The Grub,luvthegrub.com
LuxuryCakes.CA,luxurycakes.ca
Lynns Bakery Deli & Catering,lynnsbakery.ca
Léchoppe gourmande,lechoppegourmande.com
MAISON CHRISTIAN FAURE PASTRY SCHOOL,maisonchristianfaure.ca
MDRN JRKY,mdrnjrky.com
MEMA Foods International,mema.ca
MGM Seed & Grain ULC.,mgmseedandgrain.com
MJO Solutions Ltd.(dba Sweet Fruit™),mjosolutions.ca
MLG Food Ingredients,mlgfoodingredients.com
MLW Foods Inc.,mlwfoods.com
Mackenzie Pet Food,faimmuseau.com
Macro Foods Inc,macrofoods.ca
Made By Marcus - Hillhurst,madebymarcus.ca
Made Foods,madefoods.com
MadeFresh Foods Inc.,madefreshfoods.com
Magnum Food Brokers Inc.,magnumfoodbrokers.com
Maison Orphée,maisonorphee.com
Maison Russet,russethouse.com
Make My Day Foods Inc.,makemydayfoods.com
Malabar Ingredients,malabaringredients.com
Mama Earth Organics,mamaearth.ca
Mandioca Cheese Buns Inc.,mandioca.ca
Manoucher Fine Foods,manoucher.com
Mantab Food Group,mantab.com
Maple Bakery Inc,maplebakery.ca
Maple Lodge Farms,maplelodgefarms.com
Maple Meadows Brewing Co.,maplemeadowsbrewing.com
Marchés publics de Montréal,marchespublics-mtl.com
Marcis Bakery,marcisbakery.com
Marina del Rey Foods,marinadelreyfoods.com
Mark-Crest Foods Ltd.,markcrestfoods.com
Marni Wassermans Food Studio and Lifestyle Shop,marniwasserman.com
Martin Dessert Inc,martindessert.com
Marys Brigadeiro by The Brazilian Confectionery Inc.,marysbsweets.com
Matana - Produits naturels,matanah.ca
MatrixSpec Solutions,matrixspec.ai
Maturin,maturin.ca
Mava Foods LTd,mavafoods.com
Maxi Canada Inc.,maxi.com
Maximum Seafood,maximumseafood.com
Mazzola Enterprises,mazzola.ca
MealFix Canada,mealfixcanada.com
MealKraft,mealkraft.ca
Meals to door,meals2door.ca
Meat & Poultry Ontario,meatpoultryon.ca
Meat Boutique,meatboutique.ca
Meat Makers Canada,meatmakers.ca
Meatdirect.ca,meatdirect.ca
Meatme.ca,meatme.ca
Meaty Meats Inc,meatymeats.com
Medicine Hat Meat Traders,mhmt.ca
Medina Quality,medinaquality.com
Meels,meels.com
Meinhardt Fine Foods,meinhardt.com
MenuSano,menusano.com
Merit Functional Foods,meritfoods.com
Mesko Health Ventures Inc.,meskohealth.com
Messorem Bracitorium,messorem.co
Meunerie de St-Frédéric inc.,meuneriesf.com
Mia Pasta,miapasta.com
Microbrasserie La Flûte à Bec,lafluteabec.com
Mid Island Meats Inc,midislandmeats.ca
Milibec,milibec.com
Mimac Glaze Limited,mimacglaze.com
Mindful FÜD,mindfulfud.com
MissFresh,missfresh.com
Mission Meats,missionmeats.com
Misty Harbour Seafood,mistyharbourseafood.com
Mitchells Soup Co.,mitchellssoupco.com
Mo Greens Pet Food,mogreenspetfood.com
Modern Plant-Based Foods Inc.,modernfoods.ca
Modern Whisk GF,modernwhisk.com
Mohawk Trading Company,tenonanatche.com
MollyCake,mollycakeonline.com
Monas Table,monastable.ca
Mondiv Food Products Inc.,mondiv.com
Monte Cristo Bakery,montecristobakery.com
Montrose Foods Inc.,montrosefoods.com
Montrose International Group,montroseintlgrp.com
Montrose Technologies Inc.,montrose-tech.com
Montréal Pita Inc,montrealpita.ca
More Fun! Gourmet Sweets,morefungourmetsweets.com
Moulins de Soulanges,moulinsdesoulanges.com
Mounib Real Food Only,mounibrealfoodonly.ca
Mr&MmeCAKE,mr-mme-cake.square.site
Mr. Bannock | Indigenous Cuisine,mrbannock.com
Mrakovic Fine Foods Inc.,mrakovic.com
Mrs. Dunsters (1996) Inc.,mrsdunsters.com
Mrs. Meadys Inc.,mrsmeadys.com
My Little Chickpea Gourmet Foods,mylittlechickpea.com
NARA Enterprises,thenaraenterprises.com
NIKU Farms,nikufarms.com
Na:num Foods Inc.,nanumfoods.com
Nabati Foods Inc.,nabati.ca
Nanas Kitchen & Hot Sauce Ltd.,yournanaskitchen.com
Nat-Phen Nutrition,natphennutrition.com
Nates Bagels & Gluten Free Foods,natesbagels.com
Natural West Beef Company,naturalwestbeef.com
Naturally Homegrown Foods Ltd.,hardbitechips.com
Nature Nux inc.,naturenux.com
Nature Zen,nature-zen.com
Natures Path Foods,naturespath.com
Natursource Inc.,natursource.com
Neal Brothers Foods,nealbrothersfoods.com
Neales Sweet N Nice Ice Cream,sweetnnice.ca
Nebula Group,nebulagroup.ca
Nella Cutlery Toronto Inc,nellaonline.com
Neophyto Foods,neophytofoods.com
Nestle Purina Canada Inc.,purina.ca
New School Foods,newschoolfoods.co
New Skew,newskew.co
New World Foods,newworldfoods.ca
NiHao Supermarche,nihaomontreal.com
Niche Bakers Corp.,nichebakers.com
Nikita Foods & Spices,nikitafoods.ca
Nikuya Meats Ltd.,nikuya.ca
Noble Bean,noblebean.com
Noble Jerky,noblejerky.com
NorQuin,quinoa.com
Noras Plant-Based Ice Cream,norasnondairy.com
Northern Meat Services,nmscanada.com
"Northern Pet Products, Inc.",northernbiscuit.ca
Northwestern Karate Schools,staggeringbeauty.com
Nossack Food Group,nossack.com
Nourish Cooking School,nourishvancouver.ca
Novali Gourmet,novali.ca
Novidev Santé Active,antiplus.com
NuPasta Inc.,nupasta.com
Nutra Canada,diana-food.com
Nutra-Fruit,nutra-fruit.com
NutraEx Food,nutraex.com
NutraSun Foods Ltd.,nutrasunfoods.com
Nutri-Oeuf inc.,nutri-oeuf.com
NutriPea,nutripea.com
Nutriart s.e.c.,nutriart.ca
Nutrifrance Ltée,nutrifrance.com
Nutrifresh Foods Ltd,nutrifreshfoods.ca
Nutrition Bites,nutritionbites.ca
O Foods Ltd,ofoods.ca
OKO Bagels,okobagels.com
OLAOLA,olaola.ca
Ofauria: Online French Pastry Shop,ofauria.com
Olivieri Foods Limited,olivieri.ca
Oliviers La Boulangerie,oliviersbreads.com
Om Foods Inc | Organic Matters,omfoods.com
Omcan,omcan.com
Omg Baked Goodness,omgbakedgoodness.com
One Arrow,onearrowmeats.com
One World Foods,oneworldfoods.ca
Only Pasta Inc.,onlypasta.ca
Ontario Natural Food Company,onfc.ca
Ontario Popping Corn Company,ontariopoppingcorn.com
Ooh La La Cupcakes,oohlalacupcakes.ca
Openfood ai,openfood.ai
Orca Specialty Foods Ltd.,orcaspecialtyfoods.com
Organic Traditions,organictraditions.com
Origin Gluten-Free Bakery Ltd,originbakery.com
Original Foods Limited,originalfoods.com
Orviande Inc.,orviande.com
Ottawa Valley Grain Products,ovgp.ca
Ottos Berlin Döner,ottosdoner.com
Outcast Foods,outcastfoods.com
Oxford Frozen Foods Limited,oxfordfrozenfoods.com
Ozery Family Bakery,ozerybakery.com
P&P Optica,ppo.ca
PBF Pita Bread Factory Ltd.,bakestonebrothers.com
PEMBERTON & ASSOCIATES INC,pemcom.com
PJ Impex,pjimpex.com
PLB International,plbint.com
PUR Gum,thepurcompany.com
Pac-Rite Meat Products,pacrite.ca
Pacific Agricultural Certification Society (PACS),pacscertifiedorganic.ca
Pacific Coast Fruit Products Ltd.,pacificcoastfruit.com
Pacific Dessertco Wholesale,dessertco.com
Pacific Salmon Industries Inc.,pacific-salmon.com
Paletta International Corporation,paletta.ca
Pane e Formaggio,pane-e-formaggio.com
Papagino Foods Inc.,papaginofoods.com
Paradise Island Foods Inc.,paradise-foods.com
Parrheim Foods Division of Parrish & Heimbecker,parrheimfoods.com
Passion for Desserts,passionfordesserts.ca
Patates Dolbec,dolbec.ca
Patates Dolbec Inc,dolbec.ca
Patisserie Lebeau,grababetterwaffle.com
Patisserie Monaco,patisseriemonaco.com
Patois Toronto,patoistoronto.com
"Paul Bakery, Patisserie, Café & Restaurant Canada - BC (MILANO GLOBAL GROUP)",paul-bakeries.com
Paul Le Gourmet,paullegourmet.ca
Peace by Chocolate,peacebychocolate.ca
Pearlmark Foods Inc.,pearlmarkfoods.com
Peninsula Foods,rpa.ca
Peqish,peqish.com
Perennia Food and Agriculture Corporation,perennia.ca
Persia Foods,persiafoods.ca
Perspective Microbrasserie,perspective.beer
Perth County Ingredients Inc,perthingredients.com
Peruviano Foods,peruvianofoods.com
Pet Wonder Products Ltd.,petwonder.com
PharmaCosta,pharmacosta.com
Phoenicia Group,phoeniciagroup.com
PhoodStation,phoodstation.com
Picard Ovens,picardovens.com
Picard Peanuts Ltd.,picardpeanutsltd.com
Pie R Squared,pie-r-squared.com
Pied-Mont Dora,piedmontdora.com
"Pillers Fine Foods, a division of PBOLP",pillers.com
Pineridge BBQ Co.,pineridgebbq.wpengine.com
Pintys Delicious Foods,pintys.com
Pit Caribou,pitcaribou.com
Plaisirs Gastronomiques,plaisirsgastronomiques.com
Plaisirs Gastronomiques Inc,plaisirsgastronomiques.com
Plant-Based Foods of Canada,plantbasedfoodscanada.ca
Planted Meals,plantedmeals.ca
Plantifi™,plantifi.co
Plantworthy Food Inc.,plantworthyfood.com
Planty,eatplanty.com
Planway Poultry,planwaypoultry.com
Plastipak inc.,plastipak.ca
Pleasant Valley Colony Oil Mills Ltd,pleasantvalleyoilmills.com
Plenty & Grace Co Ltd,plentyandgrace.ca
Pokko Chips,pokko.ca
Port Royal Mills,portroyalmills.com
Portofino Bakery,portofinobakery.ca
Prabu Foods inc,prabufoods.com
Prairie Flour Mills Ltd,flour.com
Prairie Girl Bakery,prairiegirlbakery.com
Prairie Meats LP,prairiemeats.ca
Prairie Steppe Foods Inc.,prairiesteppefoods.ca
Premier Pacific Foods Inc,premierpacificfoods.com
Premium Foods / Direct Poultry,premiumfoodsdirectpoultry.ca
Pride Pak Canada Ltd,pridepak.com
Primo Foods Inc.,primofoods.com
Pro Ingredients Inc,proingredients.com
Pro-Cert Organic Systems Ltd.,pro-cert.org
Prodis,prodis.ca
Progressive Foods Inc.,progressivefoods.ca
Prosperity Foods,prosperityfoods.com
Protein Chefs Inc.,proteinchefs.com
Provender,provender.com
Pur Soyer Inc.,pursoyer.com
Pure By Nature,purebynature.ca
Pure Flavor® | Pure Hothouse Foods,pure-flavor.com
Pure Food by Estée,pure-food.ca
Pure Foods Meat Solutions,purefoodsmeat.ca
Pâtisserie Cocobun Ltd,cocobun.com
Pâtisserie Dolce Sapore,patisseriedolcesapore.com
Quadra Ingredients,quadraingredients.ca
Quality Natural Foods,qualitynaturalfood.com
"Que Pasa Mexican Foods, Ltd.",quepasafoods.com
Quebec Agrifood Development Center,cdbq.net
Queen Street Bakery,queenstreetbakery.com
RNF Pet Products Inc,rnfpet.com
Radical Gardens,radicalgardens.com
Rainfed Foods,rainfedfoods.com
Ramen Danbo,ramendanbo.com
Range Road Meat Co.,rrmeatco.com
Rapido Equipement Inc,rapidoequipement.com
Rashmis Bakery,rashmisbakery.com
Rawcology Inc.,rawcology.com
Rawesome,rawesome.ca
Real Earth Bounty Ltd,realearthbountyltd.com
Real Food For Real Kids,rfrk.com
"Red Dog Deli, Raw Food Company Inc.",reddogbluekat.com
Redpath Sugar Ltd,redpathsolutions.com
Regal Poultry Inc.,regalpoultry.com
Rejuice Nutrition Inc.,rejuicenutrition.com
Relocalize,relocalize.com
Remark Fresh Markets,remarkfreshmarkets.com
Remix Snacks,remixsnacks.ca
Reunion Foods Inc. (Makers of Mother Raw),michellesrawfoodz.com
Righteous Gelato,righteousgelato.com
Rito Mints Limited,ritomints.com
Riverview Poultry Ltd.,riverviewpoultry.com
Riz Brands Inc.,rizglobalfoods.com
Riz Global Foods,rizglobalfoods.ca
Rizopia Food Products Inc.,rizopia.com
Rochef Chocolatier,rochef.ca
Rocket Bakery & Fresh Food,rocketfood.ca
Rogers Chocolates,rogerschocolates.com
Rogers Foods Limited,rogersfoods.com
Rogers Sugar Inc,lanticinc.com
Rondo Bakery Equipment Inc.,rondodoge.com
Rootham Gourmet Preserves,roothamsgourmet.com
Rosemary Rocksalt,rosemaryrocksalt.com
Rowe Farm Meats Ltd.,rowefarms.ca
Roya Foods Inc.,royafoods.com
Royal Paan,royalpaan.com
Rudolphs Bakeries Ltd.,rudolphsbakeries.com
SAINA+,sainaplus.com
SHAFER-HAGGART Ltd.,shafer-haggart.com
SMOOV.ca,smoov.ca
SPB Solutions,spbsolutions.com
STRYV Nutrition,thestryvlife.com
SUNNY CRUNCH FOODS LTD,sunnycrunch.ca
Sacred Foods,eatsacredfoods.com
Safron Food Labelling Consulting,safronfoodlabelling.com
Sahah Naturals,sahahnaturals.com
"Saint-Plaisirs, Inc.",saint-plaisirs.com
Sakai Spice (Canada) Corporation,sakaispice.com
Salt and Swine,saltandswine.ca
Samosa and Sweet Factory,samosasweetfactory.com
SamyRabbat.com,samyrabbat.com
Sanjays Foods Ltd,sanjayfoods.ca
Sapsucker,sipsapsucker.com
Saputo Produits Laitiers Canada S.E.N.C.,bloomberg.com
Saskatchewan Food Industry Development Centre Inc.,foodcentre.sk.ca
Savanil Inc.,savanil.ca
Save Da Sea Foods Inc.,savedasea.com
Savoura,savoura.com
Saxon Chocolates,saxonchocolates.com
SchellhasFood Technology Consultants,schellhasfoodtechnology.com
Scholtens Inc,scholtensinc.com
Scipertech,scipertech.ca
Sciuè Italian Bakery Caffè,sciue.ca
Scotia Garden Seafood Incorporated,tidalorganics.com
Scotian Gold Co-Operative Limited,scotiangold.com
"ScottPec, Inc.",scottpec.com
Scout,enjoyscout.com
Seenergy Foods Limited,seenergyfoods.com
Sel Saint-Laurent,selsaintlaurent.com
Sephina Foods,sephinafoods.com
Service Alimentaire Desco Inc.,groupedesco.com
Seva Food Bank,sevafoodbank.com
Sevco Enterprises Ltd,sevcofoods.com
Shah Trading Company,shahtrading.com
"Shape Foods, Inc.",shapefoods.com
Sidewalk Citizen Bakery,sidewalkcitizenbakery.com
Sierra Supply Chain Services,sierrasupplychainservices.ca
Signé caméline,signecameline.com
Silver Hills,silverhills.com
Slipacoffs Premium Meats,premiummeats.ca
Slow Ride Bakery,slowridebakery.ca
Slush Puppie Canada Inc.,slushpuppiecanada.com
Smack Pet Food,smackpetfood.com
Small Victory Bakery,smallvictory.ca
Smallfood Inc.,smallfood.com
Smooth Meal Prep,smoothmealprep.com
Snack Simple Inc.,eatsnacksimple.com
SnackConscious,snackconscious.com
Snow Cap Enterprises Ltd.,snowcap.com
So Delicious Inc,17cooks.ca
Sofina Foods Inc.,sofinafoods.com
Some Kind of Wonderful,somekindofwonderful.ca
Sonola Sweets,rsonola.wixsite.com
Sonora Foods Ltd.,sonorafoods.com
Sorrisa Group Inc.,sorrisagroup.com
South Island Pie,southislandpie.co
Soy Canada,soycanada.ca
"Sparks Eggs, Division of Golden Valley Foods",sparkseggs.com
SpiraVeg Foods West Ltd.,spiraveg.ca
Spirit Tree Estate Cidery,spirittreecider.com
Splendid Chocolates,splendidchocolates.com
Spécialités MB inc.,specialitesmb.com
Squamish Water Kefir Co.,squamishwaterkefir.com
St-Albert Cheese Factory Co-Op,fromagestalbert.com
St. Phillips,stphillips.com
Stemmler Meats,stemmlermeats.ca
Stephano Group Ltd.,stephanosbakedgoods.com
Stewart Foodservice Inc.,stewartfoodservice.com
Still Good,stillgoodfoods.ca
Stoked Oats,stokedoats.com
Stork and Dove,storkanddove.com
Sublime Desserts / Sublime Gourmet,sublimedesserts.com
Succulent Chocolates & Sweets,succulentchocolates.com
Sucrée Sam inc.,sucreesam.com
Sugar Bliss Cake,sugarblisscake.ca
Sugar ‘n Ice,sugarnice.ca
SugarMommy Chocolates,sugarmommy.ca
Sugarplum Desserts Ltd.,sugarplumdesserts.com
Sultan of Samosas Inc,sultanofsamosas.ca
Sun Mark Foods Ltd.,sunmarkfoods.com
"Sun-Brite Foods, Inc.",sun-brite.com
SunGold Specialty Meats Ltd.,sungoldmeats.com
Sunny Boy Foods Ltd.,sunnyboyfoods.com
Sunnydale Foods Inc,sunnydalefoods.com
Sunora Foods Inc.,sunora.com
Sunrise Foods International,sunrisefoods.com
Sunrise Foods International Inc.,sunrisefoods.ca
Sunrise Soya Foods,sunrise-soya.com
Super-Pufft Foods Ltd.,superpufftfoods.com
Super-Pufft Snacks Corp.,superpufft.com
Superior Natural,superiortofu.com
Supreme Pierogies Inc,supremepierogies.ca
Surati Sweet Mart,suratisweetmart.com
Susgrainable,susgrainable.com
Susies Shortbreads,susiesshortbreads.com
Sweet Art Bakery LTD.,sweetartbakery.ca
Sweet Boutique,sweetboutique.ca
Sweet Capones Italian Bakery & Cannoli Shop Ltd.,sweetcapones.com
Sweet Maple Candies Co Ltd,sweetmaplecandies.com
Sweetness,bysweetness.com
Sweets from the Earth,sweetsfromtheearth.com
Swiss Bakery,swissbakery.ca
Sysco Canada Inc.,sysco.ca
Séva Nature,sevanature.ca
TA Foods Ltd,tafoods.ca
THEOBROMA Chocolat,theobromachocolat.com
TMRW Foods,tmrwfoods.com
TNT FOODS International,tntfoods.com
TWI Foods Inc.,crispyjustbaked.com
Tailored Food,tailoredfood.org
Tandem TX Ltd.,tandemtx.com
Tandoori Oven,tandoorioven.ca
Taplow Ventures Ltd,firstmate.com
Taste of Nature Foods Inc,tasteofnature.ca
Tasty Selections,tastyselections.com
TechCold International,techcold.com
Ted Farrons Gourmet Butcher Shop,farronsbutchershop.com
Terra Bio Inc.,terrabiofood.com
Terra Coeur,terracoeur.wordpress.com
Terra Cotta Foods Ltd.,terracottacookies.com
Terroir et Découvertes,terroiretdecouvertes.com
The Alternative Food Company,thealternativebutcher.com
The Bread Essentials,thebreadessentials.com
The Butcher Shoppe,butchershoppe.com
The Cake Collective,thecakecollective.com
The Canadian Association of Food Engineers at the University of Toronto,uoftcafe.skule.ca
The Chocolate Messenger,chocolatemessenger.com
The Cookie Shop,thecookieshoptoronto.ca
The Craft Beef Company Ltd.,craftbeefco.ca
"The Crump Group, Inc.",crumps.ca
The Fratello Group,fratellogroup.ca
The French Oven Bakery,the-french-oven-bakery.business.site
The GOOD Chocolatier,thegoodchocolatier.com
The Gluten Free Chef,theglutenfreechef.com
The Griffin Takeaway,griffintakeaway.com
The Healthy Butcher,thehealthybutcher.com
The Hogtown Cure,thehogtowncure.com
The Ice Cream Depot,theicecreamdepot.ca
The JOCO Foods Company,jocofoods.com
The Loaf,theloaf.ca
The Mad Bakers,tmbbakery.com
The Maple Treat Corporation,themapletreat.com
The Meat Merchant Inc.,themeatmerchant.ca
The Nomad Cook,thenomadcook.ca
The Original Cakerie,cakerie.com
The Paleo Palate Café,thepaleopalatecafe.com
The Pie Commission,piecommission.com
The Pink Spatula,thepinkspatula.ca
The Qualifirst Group,qualifirst.com
The Red Apron,redapron.ca
The Stirling Creamery Ltd.,stirlingcreamery.com
The Two Sisters,the2sisters.com
The Wandering Chew,wanderingchew.ca
The Wooden Monkey,thewoodenmonkey.ca
Think Ingredients,thinkingredients.com
Thomas Foods International Canada,thomasfoodscanada.com
Thompsons Limited,andersonscanada.com
Three Farmers Foods,threefarmers.ca
Tidal Salt,tidalsalt.ca
Tiffinday Inc.,tiffinday.com
Tillsonburg Custom Foods,tcfoods.ca
Tillys Galley Ltd.,tillysgalley.ca
Titan Ventures International Inc. (TVI),bakemax.com
Tonys Meats Ltd.,tonys-meats.com
Too Nice To Slice,toonicetoslice.ca
Tootsi Impex Inc.,tootsi.com
TopFoodz,topfoodz.com
Toppits Foods Ltd.,toppits.com
Toronto Bakery & Food Equipment,torontobakery.com
Toronto Popcorn Company,torontopopcorncompany.com
Totally Raw Pet Food,totallyrawdogfood.com
Tout Cru! Atelier de Fermentation,toutcrufermentation.com
Townsend Butchers,townsendbutchers.com
Tractor Everyday Healthy Foods,tractorfoods.com
Tracycakes Bakery Cafe,tracycakesonline.com
Tradex Foods Inc.,tradexfoods.com
TransformAction,transform-action.ca
Traynors Bakery Wholesale Ltd.,traynors.ca
Tre Mari Bakery,tremaribakery.ca
Tredish,tredish.com
Trendi,trendi.com
Trichome Treats/TKO Cannabis,ttreats.ca
Trimpac Meat Co.,trimpacmeats.com
Troika Foods,troikafoods.com
True North Seafood Company,truenorthseafood.com
Truscott Italian Bakery & Delicatessen,truscottbakery.com
Tubify Organic Freezies,tubify.ca
Tung Hing Bakery,tunghingbakery.ca
Twin Sails Brewing,twinsailsbrewing.com
Two Hot Peppers Fake Food,twohotpeppers.com
Two Rivers Specialty Meats,tworiversmeats.com
UNFI Canada,unficanada.com
Unbun Foods,unbunfoods.com
Uncle Tetsus Japanese Cheesecake,uncletetsu-ca.com
Unifruta World Produce,unifruta.com
United Bakery Manufacturers Inc.,canadaubm.com
United Seafood Packers Ltd,unitedseafood.ca
UpMeals,upmeals.ca
Upper Crust,uppercrust.com
Uprising Breads Bakery,uprisingbreads.com
VALLEYVIEW GOURMET TREAT SHOP,valleyviewgourmettreatshop.com
VCL COCOA Innovation,vigneaultchocolatier.com
VEGÂTEAU,vegateau.com
VG Meats,vgmeats.ca
VM Food Group,vmfoodgroup.com
VaVa Designer Cakes,vavadesignercakes.ca
Valley Select Foods Inc,valleyselectfoods.com
Van Meekeren Farms Ltd,givethemawink.com
Van Sweet Candy Company,vansweet.com
Vanae Inc.,vanae.ca
Veg-Pak Produce Ltd,harvest-fresh.ca
VegNature,vegnature.com
Vega,myvega.ca
Vege Foods & Bakery,vegebakery.com
Vegfresh Inc,vegfreshinc.com
Vegkiss,vegkiss.com
Vergers Paul Jodoin,vpj.ca
Verka Food International Ltd.,verkafood.com
Vermillion Growers,vermilliongrowers.com
Vertical Organic Garden,verticalorganicgarden.com
Vetdiet International,vetdiet.com
Via Cibo,viacibo.com
Viande Richelieu Meat Inc.,vianderichelieu.com
"Viandes Du Breton Inc, Les",dubreton.com
Viandes Riendeau Ltée,viandesriendeau.com
Viandex Inc,viandex.com
Viau Foods Inc.,viaufood.com
Vibrant Health Products Inc,vibranthealthproducts.com
Vigneault Chocolatier ltée,theobromachocolat.com
Vikings Industries,vikingsindustries.com
Village Ice Cream,villageicecream.com
Vision Food Innovations,portal.equivesto.com
Vivants fermentation,vivants.ca
Viveau,drinkviveau.com
Voortman Bakery,voortman.com
Vumami Foods,vumamifoods.com
W.T. Lynch Foods Limited,lynchfoods.com
Wally Parr Sausage,wallyparr.ca
Wamame Foods Inc.,mywaygu.com
We Cafe,wekitchen.ca
We Love Van Inc,welovevan.com
Weiners Chocolate,weiners.ca
Wendels True Foods,wendelstruefoods.com
West Coast Blueberry Farms Ltd.,wcbfarms.ca
West Coast Reduction Ltd.,wcrl.com
West Coast Wild Foods,westcoastwildfoods.com
West Shefford Food Co. Inc.,westshefford.com
Weston Bakeries,westonfoods.ca
Wetzel Pretzel Canada,wetzels.com
Wheelers Maple Products,wheelersmaple.com
White Toque Canada,whitetoque.com
White Veal Meat Packers Ltd,whiteveal.com
Whiteboard Foods,whiteboardfoods.com
Wholesome Kids Catering,wholesomekids.ca
Wholly Made,whollymade.com
Wholly Veggie,whollyveggie.com
Wild Fork Canada,wildfork.ca
Wilkinson Foods International,wilkinsonfoods.com
Willard Meats International Ltd.,willardmeats.com
Windsor Meat Company,windsormeats.com
Winfield Foods,winfieldfoods.com
Wing Noodles Ltd.,wingnoodles.com
Winnipeg Old Country Sausage,winnipeg-old-country-sausage-ltd.manitoba.xcanada.ca
Wolf Down,wolfdown.com
Woodland Pure Maple Syrup Exports,woodlandpmse.com
Woodward Meat Purveyors Inc,woodwardmeats.com
YaYA Foods Corp.,yayafoods.com
YamChops,yamchops.com
Yann Haute Patisserie Ltd.,yannboutique.com
Yogurtys Froyo,yogurtys.com
You Grow Food Aquaponics,yougrowfood.ca
Yujis from Japan,yujis.ca
Yumasoy Foods Ltd.,yumasoy.com
Yögels,yogels.ca
ZF America | ZF Max International,zfamerica.com
Zaks Foods / Lion Imports,zaksfoods.ca
Zentein Nutrition Inc.,zentein.ca
ZeroIN Foods Inc.,zerosugar.ca
Zorbas Bakery and Foods Ltd.,zorbasfoods.com
apetito HFS,apetito-hfs.ca
brühe,bruhe.ca
cōchu chocolatier,cochu.ca
elemeno,elemeno.co
ethey,ethey.com
ethey Group,etheygroup.com
gardein™,gardein.com
goodtruckingfood,goodtruckingfood.com
les Aliments Multi-Concepts inc.,leikorasuperfruit.ca
lépicier inc.,epicier.ca
macgregors meat & seafood ltd.,macgregors.com
nomz,nomz.com
radius®,radius.ca
the greater goods,thegreatergoods.ca
ton-quartier,ton-quartier.com
ulivit,ulivit.ca
Érablières des Alleghanys,alleghanysmaple.com
