Name,Domain
Gold Coast Ingredients,goldcoastinc.com
Acadian Seaplants Limited,acadianseaplants.com
BIOBOR HEALTH FOOD INC,bioborhealth.com
ANTI-AGING INGREDIENTS LLC,egt.bio
Ascend Biotech,sinolion.com
BannerBio USA Inc,bannerbio.com
Bioenergy Life Science  Inc.,bioenergylifescience.com
Catalent Consumer Health,catalent.com
Chenland Nutritionals,chenland.com
Dolcas-Biotech LLC,dolcas-biotech.com
ECA Healthcare USA Inc,eca-healthcare.com
Ecuadorian Rainforest LLC,intotherainforest.com
Enzymedica,enzymedica.com
Fineland Vitamins Corp,finelandvitamins.com
Freund - Vector Corporation,freund-vector.com
Fruit d’Or,fruit-dor.ca
GOED,goedomega3.com
Graminex LLC,graminex.com
Herbaland Naturals Inc.,herbaland.ca
Hunan Nutramax USA Inc.,nutra-max.com
IFF,healthsciences.iff.com
Intertek Scientific & Regulatory,intertek.com
International Probiotics Association,ipa-biotics.org
Maypro Industries Inc.,maypro.com
Nexatis Inc.,nexatisus.com
NuLiv Science,nuliveusa.com
Nutra Food Ingredients LLC,nutrafoodingredients.com
Nutraland USA Inc,nutralandusa.com
"Nutriscience Innovations, Llc",nutriscienceusa.com
"OmniActive Health Technologies, Inc.",omniactives.com
Ozabio Inc.,ozabio.co
PLT Health Solutions,plthealth.com
Procaps Group,funtrition.com
"RIBUS, Inc.",ribus.com
AIBMR Life Sciences Inc,aibmr.com
Stratum Nutrition,stratumnutrition.com
Vireo Systems,con-cret.com
