name,domain
"Dr. Tim's Pet Food Company, LLC",drtims.com
"Carla's Pasta, Inc.",carlaspasta.com
"EasyKale Labs, LLC",easykale.com
"BIG E CAFE, INC.",mybige.com
"FM Bakery, LLC",harvestmoonbakingco.com
"Smell That Bread, LLC",smellthatbreadbakery.com
"Simmons Feed Ingredients, Inc.",simmonsglobal.com
"Cole's Quality Foods, Inc.",coles.com
"Phygit Foods, LLC",phygit.net
"Choice Food of America, Inc.",choicefoodofamerica.com
"Cocina Foods, LLC",cocinafoods.com
"Coca-Cola Bottling Company UNITED, Inc.",cocacolaunited.com
"BASIN BURGER HOUSE, INC.",basinburgerhouse.com
"Pup and the Pepper, LLC",pupandthepepper.com
"AGAN'S BAKERY, LLC",agansbakery.com
"Bessties, LLC",letsbebessties.com
"Constance, Inc. dba Georgetown Bagelry",georgetownbagelry.com
"Early's Edibles, LLC",earlysedibles.com
"Barrett's Garden, LLC",barrettsgardenfoods.com
"Eilenberger's, Inc",eilenbergerbakery.com
"Good Foods Group, LLC",goodfoods.com
"BACCHUS & BARLEYCORN, LTD.",bacchus-barleycorn.com
"CHIEF'S CHOICE, L.L.C.",chiefschoice.net
"Patsy Jeanne's, LLC, dba Patsy's Hemp",patsyshemp.com
"Cake and Crumble, LLC",cakeandcrumble.com
"MCLOB USA, LLC dba McLob Ingredients",mclobingredients.com
"Elizabeth's Food Company, Inc.",croutons.com
"Flint Hills Resources, LP. dba NexPro Ingredients",nexproingredients.com
"Oh Baby Foods, Inc.",ohbabyfoods.com
"Creative Snacks Co., LLC",creativesnacks.com
"Maia Foods, LLC",maiafoods.com
17berkshire,17berkshire.com
"The Hungry Locavore, LLC",thehungrylocavore.com
"Dan and Buck's, LLC",danandbucks.com
"Oggi Trattoria, LLC",oggitrattoria.org
"Daybreak Foods, Inc.",daybreakfoods.com
"Atomic Vapor, LLC",atomicvaporco.com
"DDF Foods, LLC",ddffoods.com
"Daylight Foods, Inc.",daylightfoods.com
"Culinary Specialties, Inc.",culinaryspecialties.net
5 Brother's Bagels,5brothersbagels.com
Sweet Obsessions Cafe,1sweetobsession.com
"Visionary Foods, LLC",visionaryfoods.net
704 Korean BBQ,704kbbq.com
"Donsuemor, Inc.",donsuemor.com
"Encore Seafoods, Inc.",encoreseafoods.com
"Global Palate Foods, LLC dba White Oak Farm and Table",whiteoakfarmandtable.com
"GoodSam, PBC",goodsamfoods.com
"Etalia Foods, LLC",etaliafoods.com
"Savory Trendz, LLC",savorytrendz.com
"CranCo Industries, Inc. dba CranCo Foods, Inc.",crancofoods.com
"Future Foods, Inc. (FFI)",futurefoods.com
"JML Ingredients, Inc.",jmlingredients.com
"Budapest Bakery And Deli, LLC",budapestbakeryanddeli.com
"Drjensnutrition, LLC",drjensnutrition.com
"Simply Spice Rubs, LLC.",simplyspicerubs.com
"Dough C Dough, LLC",doughcdoughpa.com
"HSR Associates,  Inc.",hsrassociates.net
"Elia Elia, Inc.",eliaelia.co
"DA BURGER SHACK, LLC",daburgershack.com
"Neve Foods, LLC",eatneve.com
"Telos Life, LLC",teloslife.com
"Fox-Tail Cider, Inc.",foxtailcider.com
"Joy Breeders, LLC",joybreeders.com
"GUBANC'S, INC.",gubancspub.com
"Creole Fried Chicken, LLC",creolefried.com
"Glacier Sales, Inc.",glaciersales.com
"RockinBeauty, LLC",rockinbeauty.com
"Whimsy Chocolates, LLC",whimsychocolates.com
"Fiore Di Pasta, Inc.",fioredipasta.com
"WANDERING TABLE, LLC",thewanderingtable.com
"Elisabeth Hasselbeck Enterprises, LLC dba NoGii",nogii.com
"Highland Pop, Ltd.",highlandpop.com
"Flavours, Inc.",flavoursinc.com
"Delta Hand Pies, LLC",deltahandpies.com
"Frontier Nutrition, Inc.",frontiernutrition.com
"Flourish Life, LLC dba ILA Life",ila-life.com
"G & J Pepsi-Cola Bottlers, Inc.",gjpepsi.com
"Yaya´s Garden, LLC",yayas.garden
"Quintessence Nutraceuticals, LLC",quintessencenutraceuticals.com
100 Bowls of Soup,100bowlsofsoup.com
"Seneca Commodities, Inc.",senecacommodities.com
"Gdaddy'z Southern Cuisine & Catering Co., LLC",gdaddyz.com
"Capitol Tea, LLC dba Esteemed Tea Collective",esteemedteaco.com
"Seasonest, LLC",seasonest.com
"Sustainable Fare, LLC",sustainablefare.com
"You Love Fruit, Inc.",youloveorganic.com
"SPIKE'S TREATS, L.L.C.",spikestreats.com
"Lost Sauces, LLC",thelostsauces.com
"Gourmet Kitchens, Inc.",lastminutegourmet.com
"Gluten Free Oats, LLC",glutenfreeoats.com
"Savage Chef Enterprises, Inc.",savagechefkitchen.com
"DEFAZIO'S, INC.",defazioswichita.com
"Viva Donas, Inc.",donasd.com
"Gehring-Montgomery, Inc.",gehring-montgomery.com
"Greenridge Farm, Inc.",greenridgenaturals.com
"Sabine, Naturally!",sabinenaturally.com
"Garuda International, Inc.",garudaint.com
Five Star Food Products Inc,5starfoods.net
"ROWDYDOW bbQ WorldWide, LLC",rowdydowbbq.com
"Farmhouse Foods, Inc",farmhouse.com
"Faygo Beverages, Inc",faygo.com
"GZ Culinary Consulting, LLC",galenzamarra.com
"The Greek Vegan, Inc.",thegreekvegan.com
"NIELSEN'S PASTRIES, INC.",nielsenspastries.com
"Flock Food Solutions, LLC",flockfoodsolutions.com
"The King's Glory Bakery, LLC",thekingsglorybakery.com
"STOCKS & BONDY, LLC",stocksandbondy.com
"Riker's Dog Treats, LLC",rikersdogtreats.com
"Florida Ridge, LLC",flridge.com
"Jill's Cake Creations, Inc.",jillscakecreations.com
"HOOTERS FOODS, INC.",hootersfoods.com
"Breakfast Cure, LLC",breakfastcure.com
"Gielow Pickles, Inc.",gielowpickles.com
9Zaab Thai Street Food,9zaab.com
"Grape Expectations, Inc.",grapex.com
"Gorant Chocolatier, LLC",gorant.com
"Monticello's Market and Butcher Block, LLC",monticellosmarket.com
"PIE HEAVEN CAFE, LLC",pieheavencafe.com
"Celebrate Safety, Inc.",celebratesafety.com
"MealSquares, LLC",mealsquares.com
"CLOUD 9 BAKERY, LLC",cloud9bakerycafe.com
"Golden Valley Grape, Juice And Wine",goldenvalleywine.com
"Fourth Harvest, LLC.",fourthharvest.com
"Steak Sauce & More, LLC.",zipsauce.com
"Hilltop Ranch, Inc.",hilltopranch.com
"Sweets by Pete, LLC",sweetsbypete.com
"Area71, LLC",tablerockarea71.com
"Jim E. Jive Hot Sauce, LLC",jimejive.com
"Big Island Delights, Inc.",bigislanddelight.com
"NRG LYFT, LLC",nrglyft.com
"Hitch Enterprises, Inc.",hitchok.com
"Superior Ice Cream Equipment , LLC",superioricecreamequipment.com
"Hometown Foods USA, Inc.",hometownfoodsusa.com
"Head Country Food Products, Inc.",headcountry.com
"The Saucey Sauce Co., Inc.",getsauceynow.com
"Naturi, Inc.",naturi.com
"Amish Foods, Inc.",amishfoods.com
"Mad Scientist Nuts, Inc.",madscientistnuts.com
"Honest Origins, Inc.",honestorigins.com
"JENNY WENNY CAKES, LLC",jennywennycakes.com
5 Loaves Food Company,5loavesfood.com
"The Honey Baked Ham Company, LLC",honeybaked.com
"Nextwave Foods, LLC",drinkicewave.com
"El Cholo, Inc.",elcholo.com
"Hoyo, SBC",hoyosambusa.com
"Hop Yo, LLC",hop-yo.com
"Waggin' Train, LLC",waggintrainpet.com
"Sisters Sans Gluten, LLC",sisterssansgluten.com
"EVOS Holdings, LLC",evos.com
"Energyent, Inc.",energyent.com
"Shure Foods, Inc.",shurefoods.com
"H. Fox & Co., Inc.",foxs-syrups.com
"LOTTIE'S CREAMERY, LLC",lottiescreamery.com
"Canine Gourmet, LLC",caninesgourmet.com
"Fresh Choice, LLC",freshchoicechicago.com
"Glocal Sourcing, Inc. dba Acadonatural",acadonatural.com
"Eat Wandel, LLC",eatwandel.com
"Pepperoni Rollers, LLC",pepperonirollers.com
"Preferred Packaging Solutions, Inc.",preferredpkg.com
"Protective Packaging, Inc. SC",protectivepack.com
"GTI Industries, Inc.",gtiindustries.com
"FLIGHT 126 CAFE, INC.",flight126cafe.com
"Great Pacific Packaging, Inc.",greatpacificpackaging.com
"Great Pacific Packaging, Inc.",greatpacificpackaging.com
"P&P International, Inc.",usa-ppi.com
"Living Freely Gluten Free, LLC",livingfreelyglutenfree.com
"The Sirius Raw Dog Food Co., Inc. dba State of Nature",stateofnatureraw.com
"Utah Corn Roasters, LLC",utahcornroasters.com
"Mikey's, LLC",eatmikeys.com
"Flexaco, Inc.",flexaco.com
"Southeastern Container, Inc.",secontainer.com
"ALM Land Company, LLC",greeniesmarket.com
"Orchard Sweet Foods, LLC",orchardsweet.com
"Creative Wandering, LLC",creativewanderingllc.com
"Progressive Label, Inc.",progressivelabel.com
"CREATIVE CATERING SERVICES, INC",creativecateringservices.com
"TRIPLE H HOMESTEAD, LLC",triplehhomestead.com
"SUE'S HEALTH FOODS, INC.",sueshealthfoods.com
"Think Better Foods, LLC",thinkbetterfoods.com
4505burgersandbbq.com,4505burgersandbbq.com
"The Hyland Co., Inc. dba The Pride Dog Food",thepridedogfood.com
"Feed ‘Em Right, LLC dba Nature's Advantage",naturesadv.com
"Militello's Italian Bakery, Inc.",bakerymilitellos.com
"Namaste Imports, LLC dba SpiceFix",spicefix.com
"Skeeter Snacks, LLC",skeeternutfree.com
"Pure Pals, LLC dba Canine Cravers",caninecravers.com
"Otto Strada, LLC",ottostrada.com
"Simply Amazing Treats, LLC",youhavebeenamazed.com
"Good Luck International, Inc. dba Spyce Sauce",spycesauce.com
"Fashion Food, LLC",fashionfoodllc.com
"Maui Raw, LLC",mauiraw.com
"Moco, LLC dba My Organic Coco",mocovt.com
"Arnel's Originals, Inc.",arnelsoriginals.com
"Brooklyn Healthy, LLC dba HEY, HOOPLAH! Snack Co.",heyhooplah.com
"Green Tree Labs, LLC (GTL)",greentreelabs.co
"Pancibus, LLC",pancibus.com
18vodka,18vodka.com
"1Luv Foods, LLC",1luvfoods.com
"Pyramid Foods, LLC dba Pitmaster LT's",pitmasterlt.com
4pawspantry,4pawspantry.com
"SOBO RAMEN, INC.",soboramen.com
"Coastal K-9 Bakery, Inc.",coastalk9bakery.com
"Kind Lips, LLC",kindlips.com
23 NORTH Group,23northgroup.com
"DBD Gourmet, Inc",dbdgourmet.com
"Southern ICEE Distributors, LLC",southernicee.com
1856countrystore,1856countrystore.com
2jerkys,2jerkys.com
"Pizzanista, LLC",pizzanista.com
"Posh Confections, LLC",poshconfections.com
"Hangzhou Sanhe USA, Inc.",sanheinc.com
365 Caffe Italiano,365caffeitaliano.com
"herbspice, LLC",herbspice.com
10feast,10feast.com
"Prager Brothers Artisan Breads, Inc.",pragerbrothers.com
"IL PANDOLCE, LLC",ilpandolce.com
"My Brother's Salsa, LLC",mybrotherssalsa.com
900degrees,900degrees.com
"DinnerTime, Inc.",wp2.dinnertime.com
"AMERICAN SUNDANCER, INC.",americansundancer.com
"Keto Crafters, LLC",ketocrafters.com
"ARI FOODS, LLC",arifoods.com
"Cavé, A Paleo Eatery",cavepaleoeatery.com
"Sun Worshiper Sunscreen, LLC",sunworshipersunscreen.com
1857spirits,1857spirits.com
"Majestic Family Farms, Inc.",majesticfamilyfarms.com
1eatz,1eatz.com
"Cupcakes a la Yola, LLC",cupcakesalayola.com
"Hand and Heart Gluten-Free, LLC",handandheartglutenfree.com
"Dawn Food Products, Inc.",dawnsfoods.com
"White Camel Foods Group, LLC",whitecamelhummus.com
"SunBlazing, LLC",sunblazin.com
"Delightfully Delicious, Inc.",ddtreats.com
"Taverrite's Italian Foods, LLC dba Taverrite's Make It Italian",makeititalian.net
"The Better Baking Co., LLC",thebetterbakingcompany.com
360bistro,360bistro.com
"L.C. Cash & Carry, LLC dba LC Fine Food",lcthefinefood.com
"Giardino Enterprise, LLC dba Giardino Gourmet Salads",giardinosalads.com
"Get Noshy, LLC",getnoshy.com
"Dixie Fry, LLC",dixiefry.com
"Red Desert, Inc.",dukesslickrock.com
"GudgutLife, LLC",gudgut.life
"Popfullly, LLC",popfully.online
"Harbor Market & Kitchen, LLC",harbormarket.com
"Chef Roberts, Inc. dba Matt's Munchies",mattsmunchies.com
"Love Foods, LLC",44lovefoods.com
"Engineered Laminates and Coatings, LLC (ELC)",pressuresensitivefilms.com
"Good Paws Bakery & Gifts, LLC",goodpawsbakery.com
"Kiki's Cookies & Cakes, LLC",kikiscookiesandcakes.com
"RITA'S BAKERY, INC.",ritasbakery.net
"Green Mountain Repellents, Inc",gmtick.com
"Pivotal Foods, LLC",pivotalfoods.com
"Barr Necessities, LLC dba The Empowered Cookie",empoweredcookie.com
"Evil Shenanigans, Inc.",evilshenanigans.com
"Veronica's Health Crunch, LLC",veronicashealthcrunch.com
"Great American Plant Co., LLC (GAPC)",greatamericanplantco.com
"BPIP, LLC dba Ponder Brands",ponderbrands.com
"Caribbean Products, LTD",caribbeanproductsltd.com
"Rikki USA, Inc",rikkiusa.com
"Dilly Cakes, LLC",dillycakes.com
"PEPE'S NY PIZZA, INC.",pepesnypizza.net
"Neighbors, LLC",neighborscookies.com
"Premium Gold Flax Products, Inc.",premiumgoldflax.com
"Elkhorn Valley Packing, LLC.",elkhornvalleypacking.com
"Greentree Food Management, Inc.",chopbox.com
"Nikken Foods USA, Inc.",nikkenfoods.com
"Bklyn Bakery, LLC",bklyn-bakery.com
21st Century Bean,21stcenturybean.com
"Annie Chun's, Inc.",anniechun.com
"ChefShares, LLC",chefshares.ericnance.com
"Mochi. Donuts & Dogs, LLC",mochidot.com
"Coach Industries,  Inc.",coachindustries.com
"Texas Star Nut and Food Co., Inc.",texasnut.com
"Milo's Tea Company, Inc.",drinkmilos.com
"BeeGeorge Honey, LLC",beegeorgehoney.com
4th Generation Market,4thgenerationmarket.com
"Talk O' Texas Brands, Inc.",talkotexas.com
"Seven Stars Food Co., Inc. dba Jennysong Foods",jennysongfoods.com
"International Label & Printing Co., Inc.",internationallabel.com
"Plaxall, Inc.",plaxall.com
"Escargot de Bourgogne, LLC dba Escargot World",escargot-world.com
"Taco John´s of Iowa, Inc.",tjiowa.com
"Blendfresh, LLC",blendfresh.com
"Next Level Flavors, LLC",nextlevelflavors.info
"Specialty Products & Technology, Inc.",specialtyprod.com
"Ralston Family Farms, LLC",ralstonfamilyfarms.com
"The Food Source International, Inc.",foodsourceinc.com
"Northeast Kingdom Processing, LLC",nekprocessing.com
"Cibao Meat Products, Inc.",cibaomeat.com
"Denmark Foods, Arizona Fresh",arizonafresh.com
"SB Global Foods, Inc",sbglobalfoods.com
"Nature's Ingredients, Inc",naturesingredients.solutions
"The Famous 4th Street Cookie Company, LLC",famouscookies.com
"Doughvinci, Inc.",doughvinci.com
"Crain Walnut Shelling, Inc.",crainwalnut.com
"The Charming Kitchen - Event Planning, Traditional Italian Bakery & Confections",thecharmingkitchen.com
"Spartan Detox, LLC",sparndetox.com
"Panos Brands, LLC",panosbrands.com
"Pasta & Co., Llc",pastaco.com
"Dunkirk Flavors, Inc.",dunkirkflavors.com
"Star Kay White, Inc.",starkaywhite.com
"The Tassos Group, LLC.",tassos.com
"Red Monkey Foods, Inc.",redmonkeyfoods.com
7thstreetdeligj.com,7thstreetdeligj.com
"Western Innovations, Inc.",westerninnovationsinc.com
"Sunrise Farms, Inc",sunrisefarm.net
"Jen's Cafe, LLC",jenscafebars.com
"Rocky Mountain Salsa, LLC",rockymountainsalsa.com
"Aroma Sciences, LLC",aromasciences.com
8Fifteen Sandwiches,8fifteensandwiches.tumblr.com
"Trilateral, Inc.",trilatinc.com
"The Colors of Food, LLC",thecolorsoffood.com
"Sunset Farm Foods, Inc.",sunsetfarmfoods.com
"FIFTY MOUNTAIN, LLC",fiftymountain.com
"GOODYEAR YAN, INC.",yansgoodyear.com
"Meyers Ingredient Solutions, LLC",mis-ingredients.com
"Seattle's Favorite, LLC.",seattlesfavorite.com
"Cotton  Creations, LLC",cottoncreationsllc.com
"Vella Family Corp., Inc. dba Peter Sciortino Bakery",petersciortinosbakery.com
"Jean-Marc Chatellier, Inc.",jeanmarcchatellier.com
"GAC Adani, LLC",gacadani.com
"Castile Goddess, LLC",castilegoddess.com
"Sauces 'n Love, Inc.",saucesnlove.com
"Savory Fine Foods, LLC",savoryfinefoods.com
"NANCY JO'S BURGERS AND FRIES, INC.",nancyjosburgers.com
"PHO HOAI, INC",phohoai.com
"Form Factory, Inc. dba Gesundheit Foods, LLC",gesundheitfoods.com
"Pooch Natural Living, LLC",poochnaturalliving.com
"Max's on Broad, LLC",maxsonbroad.com
"zest - smoothies, juices, eats & treats",zesteats.com
"Mesa Foods, LLC.",mesafoods.ca
"RoseLands Edibles, LLC",rledibles.com
"Daily Bread Bakers, LLC",dailybreadbakers.com
"Pye, Inc.",eatpye.com
"Conception 2 Consumption, Inc.",conception2consumption.com
"Crown Maple, LLC",crownmaple.com
"Harvest2000 International, Inc.",harvest2000intl.com
"Golding Farms Foods, Inc.",goldingfarms.com
"VIVAPURA, LLC",vivapura.net
"Adrienne's Sassy Gourmet Foods, LLC",asassygourmet.com
"Cape Whoopies, Maine's Gourmet Whoopie Pie",capewhoopies.com
"A&E Hospitality Solutions, LLC",aehospitalitysolutions.com
"Smart Juices, LLC",smartjuice.us
"Smith Frozen Foods, Inc.",smithfrozenfoods.com
"3rd Spoon, LLC",3rdspoon.co
40belowco.myshopify.com,40belowco.myshopify.com
"Preferred Brands International, Inc.",tastybite.com
"Crown Prince, Inc.",crownprince.com
"Marina Foods, Inc.",marinafoods.com
"Traditions Of Belev, LLC",traditions-of-belev.com
"The Mouse Trap, Inc.",mousetrapky.com
"Soaps, Goats and More",soapsgoatsandmore.com
"Synear Foods USA, LLC",synearfoodsusa.com
"Four Star Artisan, LLC",fourstarartisan.com
"Ezaki Glico Co., Ltd. dba Pocky USA",pocky.com
"Wellbev, LLC dba Wellie",drinkwellie.com
"Victory Nutrition International, Inc. (VNI)",vni.life
"European Food & Wine Imports, Inc.",eiltd.com
"A. Oliveri & Sons, Inc.",aoliveriandsons.com
"The Dannon Company, Inc.",dannon.com
"Emerling International Foods, Inc",emerlinginternational.com
"Champion Foods, Inc",championfoodgroup.com
"Goodman Manufacturing Company, Inc.",goodmansvanilla.com
"Kayem Foods, Inc. - Chelsea",kayem.com
"CHEHALEM FLATS, LLC",cflats.com
"Scarlet Begonias Coffee Roasters, LLC",sbroasters.com
12 Tides,12tides.com
"Willow Tree Poultry Farm, Inc.",willowtreefarm.com
"Anderson's Maple Syrup, Inc.",andersonsmaplesyrup.com
"Sunrise Mexican Foods, LLC",sunrisemexicanfoods.com
"Oliverio Italian Style Peppers, Inc",oliveriopeppers.us
"To Your Health Sprouted Flour Co., Inc.",healthyflour.com
"Creminelli Fine Meats, LLC",creminelli.com
"Culver Duck Farms, Inc.",culverduck.com
"Palo Foods, Inc",palopopcorn.com
"Ultramarine, LLC",ultramarine.bz
180 Snacks,180snacks.com
"Fiberstar, Inc.",fiberstar.net
"Bikini Panini, LLC",bikinipanini.com
"Damoori Enterprises, LLC",damoorikitchen.com
"Lee Kum Kee (USA) Foods, Inc",usa.lkk.com
"Jaffa Salads, Inc.",jaffasalads.com
"The Bourgeois Bistro,LLC",thebbistro.com
"Arch Foods, LLC",archfoods.com
"Asti Imported Italian Foods, Inc. dba Asti Italian Deli",astiitaliandeli.com
"Cornucopia Pet Foods & Trainor Associates, Inc.",cornucopiapetfoods.com
"Kaplans New Model Bakery, Inc.",kaplansnewmodelbakery.com
"Chocolate, Chocolate and more",chocolatechocolateandmore.com
"Pond Jumpers, Inc.",pjingredients.com
"Eagle Foods Waukegan Snack Plant (Cornfields, LLC)",eaglefoods.com
"Modern Products, Inc.",modernfearn.com
"Parker Vanilla Products, Inc.",parkerflavors.com
Mile Nine Farm,9mileseast.com
"forward ROOTS, LLC",forwardroots.com
"Popcorn, Indiana",popcornindiana.com
"Nouvel, LLC [Specialty Food Manufacturer]",nouvelidea.com
"Just Born, Inc.",justborn.com
"Emily Ellyn Productions, LLC",emilyellyn.com
"WHAT ALE'S YA, INC.",whatalesya.com
"Healthy and Organic Dog Biscuits, LLC",healthyorganicdogbiscuits.com
"BUCKMASTER CELLARS, INC.",buckmastercellars.com
"Lunch Box Foods, Inc",lunchboxfoods.com
"Cacique Foods, LLC.",caciquefoods.com
"Damn Handsome Grooming Co, LLC",damnhandsomegroomingco.com
"Garden Fresh Gourmet Foods, Inc.",gardenfreshgourmet.com
"Valley Milk, LLC",valleymilkca.com
"Wellness Found, LLC",wellnessfoundorganicfoods.com
"Del Monte Foods, Inc.",delmontefoods.com
"Le Bon Magot, LLC",lebonmagot.com
"Buddy Squirrel, LLC",buddysquirrel.com
"KEITH'S FOODS, INC.",keithsfoods.com
"Ahssa Foods, LLC",ahssafoods.com
"CaribFusion, Inc.",caribfusion.com
"Biltong Baron, LLC",biltongbaron.com
"Violet Organic Foods, LLC",violetorganicfoods.com
"Happy Tails Barkery, LLC",happytailsbarkery.co
"Bragg Live Food Products, LLC",bragg.com
"Bolner's Fiesta Products, Inc.",fiestaspices.com
"Ukrop's Homestyle Foods, LLC",ukropshomestylefoods.com
"Kennedy Rice Mill, LLC",4sistersrice.com
"PB2 Foods, Inc.",pb2foods.com
"Pearson Sales Company, Inc.",pearsonsales.com
"Phildesco, Inc",phildesco.com
"Plant Craft Foods, Inc. dba The Pizza Plant",thepizzaplant.com
"J.Wilbur Foods,Inc",jwilburfoods.com
"T. Hasegawa USA, Inc.",thasegawa.com
"Taffy Town, Inc.",taffytown.com
"The Run-A-Ton Group, Inc",runaton.com
"Mayacamas Fine Foods, Inc.",mayacamasfinefoods.com
"Wildtree Herbs, Inc.",wildtree.com
"Connie's Cookie Jar, L.L.C.",conniescookiejar.com
"Manzo Food Sales, Inc.",manzofood.com
"Mary's Gone Crackers, Inc.",marysgonecrackers.com
"Maple Grove Farms of Vermont, Inc.",maplegrove.com
"Meduri Farms, Inc.",medurifarms.com
Les Trois Petits Cochons,3pigs.com
"LC America, Inc.",lcamerica.com
"Lifeway Foods, Inc.",lifewaykefir.com
"Liquadry, Inc.",liquadry.com
"LifeLine Foods, LLC",lifeline-foods.com
"Linbro, Inc",linbro.com
"Losurdo Foods, Inc.",losurdofoods.com
"Birroteca Management, LLC",bmorebirroteca.com
"Waymouth Farms, Inc.",goodsensefoods.com
"Arrowhead Mills, Inc.",arrowheadmills.com
"B.A.D. Food Co., LLC",badfoodco.com
"Best Bake North America, LLC",bestbakena.net
"Fybraworks Foods, Inc.",fybrawork.com
"Golden Platter Foods, Inc.",goldenplatter.com
"Conte's Pasta Company, Inc.",contespasta.com
"Crepini, LLC",crepini.com
"SANTA YNEZ FEED & MILLING, INC",santaynezfeed.com
"Crestone Group, LLC",crestone-group.com
"Mojamix, Inc.",mojamix.com
"Dairy-Mix, Inc.",dairymix.com
"John Hofmeister & Son, Inc.",hofhaus.com
"Food For Life Baking Co., Inc.",foodforlife.com
"Green Pack of Puerto Rico, Inc. dba Mi Cosecha",micosecha.com
"Harbor Sweets, Inc.",harborsweets.com
"Harmony House Foods, Inc.",harmonyhousefoods.com
"Grab The Gold, Inc.",grabthegold.com
"The Frozen Bean, Inc.",thefrozenbean.com
"Fusion Ranch, Inc.",fusionranch.com
"Frankferd Farms Foods, Inc.",frankferd.com
"Furman Foods, Inc.",furmanos.com
"G.T. Japan, Inc. Maeda-En",maeda-en.com
"Good Karma Foods, Inc.",goodkarmafoods.com
"Freirich Foods, Inc.",freirich.com
"Fresco Foods, Inc.",eatfrescofoods.com
"Great Eastern Sun Trading Company, Inc.",great-eastern-sun.com
"Hedonist Artisan Chocolates, LLC",hedonistchocolates.com
"PAPA GIO'S OF CHULUOTA, LLC",papagios.com
"Humm Foods, Inc.",larabar.com
"Huy Fong Foods, Inc.",huyfong.com
"ICC Global Trade, LLC",iccglobaltrade.com
"R and R Export Import Specialties, LLC dba Healthy German Bread",healthygermanbread.com
"Country Fresh, Inc.",countryfreshinc.com
"Onions 52, Inc.",onions52.com
"Extra Virgin, an Olive Ovation",extravirginoo.com
"Nooty Ventures, LLC",verynooty.com
"William Kleinberger & Sons, Inc.",countrydaybrands.com
"Dahmen's, Inc. dba Pierz Foods",pierzfoods.com
"Key-lix, LLC",key-lix.com
"FOREST HILLS FOODS, INC.",fhf.spartanstores.com
"GAUFRE GOURMET, INC.",gaufregourmet.com
"McGavin's Bakery, Inc.",mcgavinsbakery.com
"BAKE AUSTIN, LLC",bakeaustin.com
"Great Harvest Bread Company - Boulder, Colorado",ghboulder.com
"NEW YORK CRAFT MALT, LLC",nycraftmalt.com
"SmartLife Chocolate, LCC",smartlifechocolate.com
"BARONCINI, L.L.C.",baroncinirestaurant.com
"E Fit Foods, Inc.",efitfoods.com
"Simon's Secret Sauce, LLC",simonsecretsauce.com
"MCF Ingredients, Inc.",mcfingredients.com
"KLH Foodservice Manufacturer Reps, Inc.",klh.com
"Floura, LLC",flourring.com
"Breadblok, Inc.",breadblok.com
"Seasonal Selections,  LLC",seasonalselections.net
"Holy-Cow! Beef Jerky, Inc.",holycowbeefjerky.com
"FatMan Rants, LLC",fatmanrants.com
"Cibáre Foods, LLC",cibarefoods.com
"La Francaise French Bakery, Inc.",lafrancaisebakery.com
"Pizzoun, LLC",pizzoun.com
"Eco-Cuisine, Inc.",eco-cuisine.com
"Curly Girlz Candy, Inc.",curlygirlzcandy.com
"Packer's Canning Company, Inc. dba HoneeBear Canning",honeebear.com
"All About Naturals, Inc.",allaboutnaturals.com
"Slow Rise Bakery, Ltd.",slowrisebakery.com
"Millenia Foods, LLC",toditomiofoods.com
"Valley Meat & Food, LLC",valleymeatandfood.com
"Battaglia Distributing Co, Inc.",battagliafoods.com
"Colorado Ranchers, Inc.",coloradoranchers.com
"Northeast Foods, Inc",nefoods.com
"Draco Natural Products, Inc.",draconatural.com
"Green County Foods, Inc. - Monroe Fulfillment",greencountyfoods.com
"New SBL, Inc",newsblinc.com
"Marlow Candy And Nut Company, Inc.",marlowcandy.net
"Ritter Foods, LLC",ritterfoods.com
"Jamaica John, Inc",jamaicajohn.com
"coffee factory, inc.",coffeemanufactory.com
"SunWest Foods, Inc.",sunwestfoods.com
"Ag-Mart Produce, Inc.  Dba Santa Sweets Inc",santasweets.com
"Diana's Mexican Food Products, Inc.",dianas.net
"North Country Smokehouse, LLC.",ncsmokehouse.com
"AgCertain Industries, Inc.",agcertain.com
"Our Foods, Inc.",ourfoodsinc.com
"Calpack Foods, LLC",calpackfoods.com
"O-AT-KA Milk Products Cooperative, Inc.",oatkamilk.com
"O'Pelle Bakery, Inc.",opelle.com
"SRS Commodities, Ltd.",srscommodities.com
"KYD, Inc. dba K Yamada Distributors",kydinc.com
"Olde Thompson, LLC",oldethompson.com
"Webster City Custom Meats, Inc.",webstercitycustommeats.com
"DRIED INGREDIENTS, LLC",driedingredients.com
"Best Sea Pack of Texas, Inc.",bestseapack.com
"Quality Food Company, Inc.",qualityfoodcompany.com
"Minnich Poultry, LLC",minnicheggs.com
"National Food & Beverage, Inc.",national-foods.com
"Pacific Fresh Produce, Inc.",pacificfreshpro.com
"Wei-Chuan U.S.A., Inc.",weichuanusa.com
"CTC FOOD INTERNATIONAL, INC.",ctcfood.com
"Grandma Hoerner's Foods, Inc",grandmahoerners.com
"Toddy, LLC",toddycafe.com
"Weinstein Wholesale Meats, Inc.",weinsteinmeats.com
"Foodsource, LLC",foodsourceva.com
"M77 Management, Inc. DBA Raphael's Roastery",raphaelscoffee.com
"Brewhaus America, Inc.",brewhaus.com
"Garden Fresh Foods, Inc.",gardenfreshfoods.com
"West Coast CoPacker, Inc.",westcoastcopacker.com
"TREASURED EARTH FOODS, INC.",treasuredearthfoods.com
"AccuFood Foodservice, Inc.",accufood.com
"Fresh Pak Produce, Inc",freshpakinc.com
"King's Food Products, Inc.",kingsfudge.com
"Regal Health Food International, Inc.",regalsnacks.com
"A to Z Portion Control Meats, Inc.",atozmeats.com
8th Avenue Food & Provisions,8ave.com
21st Century Snack Foods Inc.,21snack.com
"JC Food Distributor, Inc.",jc-food.com
"Axium Foods, Inc.",axiumfoods.com
"Rocky Mountain Pies, LLC",rockymountainpies.com
"Favorite Foods, Inc.",favoritefoods.com
"Rosina Food Products, Inc.",rosina.com
"Caribbean Breeze Frozen Foods, LLC",caribbeanbreezefoods.com
"Mazzone Pasta, LLC",mazzonepasta.com
"Thompson Packers, Inc.",thompack.com
"Fair Market, Inc.",fairmarketinc.com
"Prime Food Distributor, Inc.",primefooddistributor.com
"Portage Packaging, Inc.",portagesystems.com
"Liberty Bell Steak Company, Inc.",libertybellsteak.com
Dan Graiff Farms LLC,5starpeeled.com
"Minsley Inc. - Ontario, CA",minsley.com
"San Francisco Foods, LLC",sanfranciscofoods.com
"Sechler's Pickles, Inc.",sechlerspickles.com
"Texas Tito's, Inc.",texastitos.com
"Cosmo's Food Products, Inc.",cosmosfoods.com
"Pro-Health, LLC",pro-health.com
"Honeytree, Inc.",honeytreehoney.com
"Ray & Mascari, Inc.",rayandmascari.com
"Schiff's Food Service, Inc.",schiffs.com
"Royalty Meat Company, LLC.",royaltymeatcompany.com
307meat,307meat.com
"Sea Watch International, Ltd.",seawatch.com
"Select-Brands, LLC",select-brands.net
"Select-Brands, LLC",select-brands.net
"Mi Mama's Tortillas, LLC",mimamastortillas.com
"Uncle Wally's, Inc.",unclewallys.com
"Lancaster Foods, LLC",lancasterfoods.com
"Food & Vine, Inc.",grapeseedoil.com
"Southern Classic Food Group, LLC.",southernclassicfood.com
"Specialty Food Group, LLC",specialtyfoodsgroup.com
"Specialty Food Solutions, Inc.",foodsolutionsgroup.com
"Palace Foods, Inc.",palacefoodsinc.com
"Sandwich Bros. of Wisconsin, LLC",sandwichbros.com
"BMA USA, Inc.",bmausa.com
"AJ's Edible Arts, Inc.",ajsediblearts.com
"C & C Thermoforming, Inc.",candcthermoforming.com
"Stewart Ingredient Systems, Inc.",stewartis.com
"Starrfoam Manufacturing, Inc.",starrfoam.com
"Conti Gourmet Coffee, LLC",contigourmetcoffee.com
"Crossroads Blends, LLC",crossroadsblends.com
"D. L. Lee & Sons, LLC",dllee.com
"Superior Nut and Candy Company, Inc.",superiornutandcandy.com
"Courage Production, LLC",courageproduction.com
"Runge Paper Company, Inc.",rungepaper.com
"Quality Sausage Company, Ltd.",qualitysausage.com
"American Frozen Foods, Inc.",americanfoods.com
"QuestPac, LLC",questpac.com
"Foam Concepts, Inc.",foamconcepts.com
"Fischer's United Supply, Inc.",bakerschoicebrands.com
"Finger Food Products, Inc.",fingerfoodproducts.com
"United Cocoa Processor, Inc.",unitedcocoa.com
"Maschio’s Food Services, Inc.",maschiofood.com
"Wasatch Meats, Inc.",wasatchmeats.com
"Park 100 Foods, Inc.",park100foods.com
"Certi-Fresh Foods, Inc.",certi-fresh.com
"ACH Food Companies, Inc.",achfood.com
"Horton Fruit Co., Inc. - Louisville, Kentucky",hortonfruit.com
"JAG Specialty Foods, LLC",jagspecialtyfoods.com
"The Posh Bakery, Inc.",theposhbakery.com
"Valley Distributors, Inc.",valleydistributors.com
"Langlinais Baking Company, Inc.",neworleansfrenchbread.com
"A La Carte Foods Properties, Llc",alcfp.com
"Spartanburg Meat Processing Co., Inc.",spartanburgmeatprocessing.com
"Holden Fruit & Produce Co., Inc.",holdenproduce.com
"Pasqualichio Brothers, Inc.",bvgourmet.com
"Peppers Unlimited Of Louisiana, Inc.",peppersunlimitedofla.com
"Valley Meats, LLC",valleymeatsllc.com
"Keenan Farms, Inc.",keenanfarms.com
"Plenus Group, Inc.",pgifoods.com
"Diamond Foods, LLC",diamondnuts.com
"Best Provision Co., Inc.",bestprovision.com
"Gold Edge Supply, Inc.",goldedgesupply.com
"India Spice Palette, LLC dba Mom's Magic Masala",momsmagicmasala.com
"Paul Piazza & Son, INc",paulpiazza.com
"Mountain Fresh Mushroom , Inc.",mountainviewmushrooms.com
"Atlantis Plastics, Inc.",atlantisplasticscompany.com
"Peel with Zeal, LLC",peelwithzeal.com
"FC Foods, LLC dba Julia's Table",juliastable.com
"JAG Provisions, Inc.",jagprovisions.com
"Cheshire Community Food Pantry, Inc.",cheshirefoodpantry.org
"Atlantic Grain and Trade, LLC",atlanticgrain.com
"Pet Pasta, LLC dba Pet Pasta",petpasta.com
"Pallota Hot, LLC",pallottahot.com
"WESTERN CONSOLIDATED FOODS, INC.",westconfoods.com
"Certified Meat Products, Inc.",certifiedmeatproducts.com
"AME Foods, Inc.",amefoods.com
"Deb-El Food Products, LLC",debelfoods.com
"Amick Farms, LLC",amickfarms.com
"Krehbiels Specialty Meats, Inc.",healthymeats.net
"Famarock, Inc. DBA:  Rockenwagner Bakery",rockenwagner.com
"Red Bay Coffee Company, Inc",redbaycoffee.com
"Nutrigaard, LLC",nutrigaard.com
"EUROK, Inc.",eurok.com
"Guero Y Maria, LLC",gueroymaria.com
"Hix Foods, Inc.",hixfoods.com
"Phaya Naga Foods, LLC dba Vatsana's",vatsanas.com
"Central Processors, Inc.",centralprocessors.com
"WY Industries, Inc.",wyindustries.com
"WY Industries, Inc.",wyindustries.com
"Uniquely Emu Products, Inc.",uniquelyemu.com
"Meatless Future, LLC",meatlessfuture.com
"Soup Bases Loaded, Inc.",soupbasesloaded.com
"Palumbo Foods, LLC",palumbofoods.com
"Snyder Food Services, Inc",snyderfoodservices.com
"EDCO Food Products, Inc.",edcofood.com
"Pac Pac, Inc.",pacpacsnacks.com
"Noon Hour Food Products, Inc.",noonhourfoods.com
"Ready Pac Foods, Inc.",readypac.com
"Ventura Coastal, LLC",venturacoastal.com
"The Saucy Ladies, LLC",saucyladiesusa.com
"Double R Brand Foods, LLC",rrbrandfoods.com
"The Garlic Company, LLC",thegarliccompany.com
"Yes, Please! Treats",yespleasetreats.com
"Zachary Confections, Inc.",zacharyconfections.com
"Nutra West, Inc.",nutra-west.com
"Chi Chi Pepper Products, Inc.",chichipepper.com
"Shaw's Southern Belle Frozen Foods, Inc.",shawsouthernbelle.com
"Intermex Products USA, Ltd.",intermexproducts.com
"Prime Foods, LLC",primefoods.us
"International Meat Company, Inc",internationalmeatcompany.com
"Sahagian & Associates, Inc.",sahagianinc.com
"Taylors Candy, Inc.",taylorscandy.com
"World Flavors, Inc.",worldflavors.com
"Tortillacraft, LLC",tortillacraft.com
"The Candy Basket, Inc",candybasketinc.com
"Sugar Design Shop, LLC",sugardesignshop.com
"Bare Meal Mixers, Inc.",baremealmixers.com
"Grubs4Pups, LLC",grubs4pups.com
"Fontana Farms, Inc.",fontanafarmsinc.com
"Durbin Associates, Inc.",durbinassociatesinc.com
61 HUNDRED BREAD,61hundredbread.com
"Shelf to Curb, Inc.",shelftocurb.com
"Mary’s Organic Crackers, Inc.",marysorganiccrackers.com
"Mexican Sugar, LLC",mexicansugarcocina.com
"J'adore Cakes, LLC",jadorecakes.com
"Zarlengo, Inc",zarlengositalianice.com
"JES Foods Celina, Inc.",jesfoods.com
"Kallas Honey Farm, Inc",kallashoney.com
"Lassonde Pappas & Company, Inc.",lassondepappas.com
"Lake Foods, Inc.",lakefoods.com
"Lakeside Foods, Inc.",lakesidefoods.com
757 Boudin Balls - Stuffed,757boudin.com
"JAE'S ASIAN BISTRO AND SUSHI, INC.",jaesasianbistroandsushi-seattle.com
"Lincoln Provision, Inc",lincolnprovision.com
"Lopez Foods, Inc",lopezdorada.com
"Guacamaya Oasis, Inc.",guacamayaoasis.com
"Alamode Foods, Inc.",alamodefoods.com
"American Kitchen Delights, Inc.",americankitchendelights.com
"AmeriQual Group, LLC",ameriqual.com
"The Bama Companies, Inc",bama.com
"BASE Beverage Company, LLC",basebeverageco.com
"California Dairies, Inc.",californiadairies.com
"Carolina Foods, Inc.",carolinafoodsinc.com
"Send a Meal, LLC",sendameal.com
"Caribbean Delights, Inc.",caribbeandelighth.com
"Next Level Brands, Inc. dba Next Level Health Sciences, Inc.",nextlevelhealthsciences.com
"Cheney Brothers, Inc.",cheneybrothers.com
"Cafe Valley, Inc.",cafevalley.com
"Cedar Lake Products, Inc.",cedarlakeproducts.com
"NewStar Food Ingredients, Inc.",newstarfood.com
"FreshPoint Connecticut, LLC",connecticut.freshpoint.com
"Custom Food Solutions, LLC",customfoodsolutions.com
"Lucky Penny Bread, LLC",luckypennybread.com
"Dr. G's Creations, Llc",godoctorg.com
"Faribault Foods, Inc",faribaultfoods.com
"Dutt & Wagner of Virginia, Inc.",duttandwagner.com
"Farmers Rice Milling Company, Inc.",frmco.com
"Felbro Food Products, Inc.",felbro.com
"Global Organics, Ltd.",global-organics.com
"Fresh Innovations, LLC",freshinnovationsllc.com
"Godshall's Quality Meats, Inc.",godshalls.com
"Glenna Farms, Inc.",glennafarms.com
"Fresh Ideas, LLC",freshideallc.com
"J.B. Cusick Co., Inc.",jbcusick.com
"The Farmer's Basket, LLC",farmersbasket.com
"The Cook Shop, LLC",cookshopnola.com
"BigNJ, Inc. dba Cooler Kitchen",coolerkitchen.com
"Ashley Farms, Inc.",ashleyfarmsinc.com
"A. A. Bakery Services & Consulting, LLC",aabakeryservices.com
"Global Food Forager, LLC",globalfoodforager.com
"Greater Omaha Packing Co., Inc.",greateromaha.com
"Hubbard Peanut Company, INC",hubspeanuts.com
"I. Rice & Company, Inc.",iriceco.com
"America's Foods, Inc",americasfoodsinc.com
"Montana Specialty Mills, LLC",mtspecialtymills.com
"Vie de France Yamazaki, Inc. - Alexandria",viedefrance.com
212 Pizza Company,212pizzaco.com
"Denela Desserts, LLC",deneladesserts.com
"Dyna-Sea, Inc.",dyna-sea.com
"Mark's Mindful Munchies, Inc. dbs Pop Bitties",popbitties.com
"Tesserts, LLC",tesserts.com
"Fat Noodle, LLC",fnramen.com
"Artisanal Blue Northern Foods, LLC dba Picnik",picnikshop.com
"Angelinas Submarine Sandwich B dba Hot Harry's Fresh Burritos, Inc.",hotharrysburritos.com
"Tru-Cut, LLC",tru-cut.net
"Paleo Pets, LLC",paleopets.com
"Vivido Natural, LLC",vividonatural.com
"Nassau Candy Distributors, Inc.",nassaucandy.com
"Frozen Specialties, Inc.",frozenspecialties.com
"Peer Foods Group, Inc.",peerfoods.com
"KaiNutra, LLC",kainutra.com
"Shamrock Greens, Inc., dba Zeste Farms, Inc.",zestefarms.com
"CHRISOULA'S CHEESECAKE SHOPPE, LLC",chrisoulascheesecakeshoppe.com
"Parker Products, Inc.",parkerproducts.com
"Heritage Specialty Foods, LLC",heritagespecialtyfoods.com
"St. Cousair, Inc.",stcousair-oregon.com
"Olympia Granola, Inc.",olympiagranola.com
"Borowiak IGA Foodliner, Inc.",borowiaksonline.com
"William C. Loughlin & Co., Inc.",wcloughlin.net
"Northern Science, LLC dba Camp Spice",campspice.co
"Wag Tantrum, LLC",wagtantrum.com
"Safe Harvest, LLC",safeharvest.com
"FTJ Co., LLC dba La Bottega del Maccherone",labottegadelmaccherone.com
"Shade Tree Sauce Co., LLC",gunshotsauce.com
"Eat Just, Inc.",ju.st
"Golden Specialty Foods, LLC",goldenspecialtyfoods.com
"Sweetly, Inc.",sweetly.co
"BURGER JOINT, INC",burgerjointsf.com
"Gourmet Pet Food dba Healthy Pet Kitchen, Inc.",healthypetkitchen.com
"Bert's Bites, LLC",lovebertsbites.com
"Gourmet Meat Express, LLC",gourmetmeatexpress.com
"Lucille & Grace, LLC",lucilleandgrace.com
"ThermoPac, LLC",thermopacllc.com
"Sun Star Organics, Inc.",sunstarorganics.com
"Minnie Marie Bakers, Inc. dba Awrey's Bakery",awreybakery.com
"MA Fine Foods, LLC",mafinefoods.com
"City Foods, Inc.",beasbest.com
"The Healthy Chocolate Company, Inc.",healthychocolates.com
"Caddo Mountain Spring Water, LLC",caddomountainspringwater.com
"Anthony Thomas Candy Co., Inc.",anthony-thomas.com
"Franklin Farms East, Inc.",franklinfarmseast.com
"Sinto Gourmet, LLC",sintogourmet.com
"Ajinomoto Foods North America, Inc.",ajinomotofoods.com
"Northwest Naturals, LLC",nwnaturals.com
"Aveno Antiguo, Inc",avenofoods.com
"Mary's Harvest Fresh Foods, Inc.",marysharvest.com
"Renfro Foods, Inc",renfrofoods.com
"Orca Bay Foods, LLC",orcabayfoods.com
"Supplements Global, LLC.",supplementsglobal.com
"Jima Food Manufacturing & Packaging,LLC DBA : Pride of the West",prideofthewest.com
"Rhino Foods, Inc.",rhinofoods.com
"R. L. Schreiber, Inc.",rlschreiber.com
"Allergen Free Bakers, LLC",allergenfreebakers.com
"Rosa Food Products Co., Inc.",rosafoods.com
"Bread & Bread, Corp.",breadnbread.com
"Rotella's Italian Bakery, Inc.",rotellasbakery.com
"Matt & Nat Bakery Group, LP dba Rossmoor Pastries",rossmoorpastries.com
"Baker's Quality Pizza Crusts, Inc.",bakersqualitypizzacrusts.com
"Molecular Health Technologies, LLC",molecularhealthtech.com
"Guiltless by Shayne, LLC.",guiltlessbyshayne.com
"Ricos Products Co., Inc.",ricos.com
"Sacramento Valley Walnut Growers, LLC",sacvalleynut.com
"San-J International, Inc.",san-j.com
"Premiere Packaging Partners, Llc",ppp-foods.com
"N2O Companies - Northwestern Foods, Northern Ingredients, and Ozima (Nut-Free)",northwesternfoods.com
"Chenland Nutritionals, Inc.",chenland.com
"Black Boar Truffle, LLC",blackboartruffle.com
"Silver Spring Foods, Inc.",silverspringfoods.com
"Azuma Foods International Inc., U.S.A.",azumafoods.com
"John F. Martin & Sons, LLC",jfmmeats.com
"Nugen Research, Inc",nugenresearch.com
"G & S Foods, Inc.",gandsfoods.com
"Bova Foods Distributors, Inc.",bovafoods.com
"De Wafelbakkers, LLC",dewafelbakkers.com
"Sunnyvalley Smoked Meats, Inc.",sunnyvalleysmokedmeats.com
"Natural Organix, LLC dba Beezy BeezHoney",trybeezybeez.com
"D2 Ingredients, Lp",d2ingredients.com
"Marx Brothers, Inc.",marxbrothersinc.com
"JSL Foods, Inc.",jslfoods.com
"E.A. Buschmann, Inc.",eabuschmann.com
"Erie Bone Broth, LLC",eriebonebroth.com
"Dakota Specialty Milling, Inc",dakotaspecialtymilling.com
"Pretzel Perfection, LLC dba Perfection Snacks",perfectionsnacks.com
"Blue Sky Inspirations, LLC dba Rowdy Prebiotic Foods",rowdybars.com
"Souper Soup Mix, LLC",soupersoupmix.com
"CNS Confectionary Products, LLC",cnscoinc.com
"Pine River Pre-Pack, Inc",pineriver.com
"Come Alive Organics, LLC.",soviia.com
"F & S Produce Co., Inc. Plant I",freshcutproduce.com
"Circle R Beef, Inc.",circlerbeef.com
"Barney Butter, Barney & Co.",barneybutter.com
"MyOwnMeals, Inc",myownmeals.com
"PoppingFUN, Inc.",poppingfun.com
"The Red Pot, LLC",redpotfoods.com
"Stahl-Meyer Foods, Inc.",stahlmeyer.com
"Ribus, Inc.",ribus.com
"Totally Bananas, LLC",totally-bananas.net
"Peak Foods, LLC",peakfoods.com
"S&F Foods, Inc.",sffoodsinc.com
"Cascade Coffee, LLC",cascadecoffee.com
"GLK Foods, LLC.",glkfoods.com
"HJHERB Biotechnology Co., Ltd.",herbextract-powder.com
"Coyote Kitchen, Inc.",coyotekitchen.net
"Asmus Seasoning, Inc.",asmusseasonings.com
"Campione D'Italia Foods, LLC",cdifoods.com
"LIVE LOVE BAKE, LLC",livelovebake.com
"CARTER'S PIGPEN BAR-B-QUE, INC.",carterspigpenbarbque.com
"The Spud Seller, Inc.",thespudseller.com
"Zitti, Inc.",zitti.com
"Leach Food Equipment Distributors, LLC",lfed-mw.com
"Megatop, LLC",megatop.com
"QUALITY EQUIPMENT SUPPLY, INC",qualityequipmentsupply.com
"Food Art, Inc.",foodartinc.com
"The Berks Packing Company, Inc.",berksfoods.com
"Swaggerty Sausage Co., Inc.",swaggertys.com
"Square-H Brands, Inc.",squarehbrands.com
"Briess Industries, Inc.",briess.com
"NSI Group, LLC",nsifood.com
18 Chestnuts,18chestnuts.com
"Subco Foods, Inc.",subcofoods.com
"Performance Foodservice Black River, Black River Produce: Springfield, VT",blackriverproduce.com
"Mamma's Manna, Inc",mamabiscuit.com
"Sugartown Smoked Specialties, Inc.",smokedfoods.com
"Imuraya USA, Inc.",imuraya-usa.com
"Advanced Food Systems, Inc",afsnj.com
"Best Maid Products, Inc.",bestmaidpickles.com
"Marathon Enterprises, Inc.",sabrett.com
"ARCK  Foods (DBA, Cedar Hollow Foods; DBA, Ol’Farmers Brand) - Lincoln",cedarhollowfoods.com
"Advance International, Inc.",advanceprotein.com
"Golden Acres, LLC",goldenacresfarm.net
"Rapak, LLC",rapak.com
"Omega 3 Nutrition, Inc.",eatomega3.com
"Grantco, Inc. dba Gourmet Blending",gourmetblending.com
"Two Rivers Coffee, LLC",tworiversco.com
"Tampico Spice Company, Inc.",tampicospice.com
"J&K Ingredients, Inc.",jkingredients.com
"International Dehydrated Foods, Inc.",idf.com
"Penguin Natural Foods, Inc",penguinfoods.com
"Monterey Mushrooms, Inc.",montereymushrooms.com
"Moody Dunbar, Inc.",moodydunbar.com
"Roland Foods, LLC",rolandfoods.com
"Tulkoff Food Products, Inc.",tulkoff.com
"Sampco, LLC",sampcoinc.com
"Salm Partners, LLC",salmpartners.com
"The Fillo Factory, Inc",fillofactory.com
"Walker Foods, Inc.",walkerfoods.net
"Taprite Micro Matic, Inc",taprite.com
"Smart Packaging Co., LLC",smartpackagingco.com
"Aptco, LLC",aptcollc.com
"The Cookery, A Culinary Marketplace",cookeryshops.com
"Clarkson Soy Products, LLC",clarksonsoy.com
"Zweigle's, Inc.",zweigles.com
"Green Plant, LLC",greenplant.com
"The Big Salad, LLC",mybigsalad.com
"Marjon Specialty Foods, Inc.",marjonspecialtyfoods.com
"J & W Farm, LLC",jandwfarm.com
"Koki Laboratories, Inc.",ww7.kokilab.com
"Kabobs, Inc.",kabobs.com
"Kikkoman Sales USA, Inc.",kikkomanusa.com
"Koch Foods, Inc.",kochfoods.com
"Just Add Cooking, Inc.",justaddcooking.com
"Simply Incredible Foods, LLC",simplyincrediblefoods.com
"Boston Baking, Inc.",bostonbaking.com
"37th Street Bakery, LLC",37bakery.com
3 Springs Water Company LLC,3springs.com
"Organic Spices, Inc.",organicspices.com
"AmTech Ingredients, Inc.",amtechingredients.com
"Amylu Foods, LLC.",amylufoods.com
"All Seasonings Ingredients, Inc.",allseasonings.com
"Bernatello's Pizza, Inc",bernatellos.com
"Brand Castle, LLC",brandcastle.com
"California Custom Fruits & Flavors, Inc.",ccff.com
"CalNutri, Inc.",calnutri.com
"Century Snacks, LLC.",centurysnacks.com
"Busseto Foods, Inc.",busseto.com
"Buddy's Kitchen, Inc.",buddyskitchen.com
"Brolite Products, Inc.",bakewithbrolite.com
"C.W. Brown Foods, Inc.",bottosausage.com
"Highcliffe Baked Goods, LLC",custombakehouse.com
"Meridian Foods, a division of Eden Foods",store.edenfoods.com
"Gold Coast Baking Co., Inc.",goldcoastbakery.com
"Giusto's Specialty Foods, LLC",giustos.com
"First Spice Mixing Co, Inc",firstspice.com
"Giovanni Food Company, Inc.",giovannifoods.com
"Harbar, LLC",harbar.com
"Gold Pure Food Products Co., Inc.",goldshorseradish.com
"GS Gelato & Desserts, Inc.",gsgelato.com
"Lower Family Foods, Inc.",llranch.com
"Dr. Praeger's Sensible Foods, LLC",drpraegers.com
"Fresh Innovations California, LLC",fresh-innovations.com
"Coastal Packaging, Inc.",coastalpackaging.com
"Coastal Packaging, Inc.",coastalpackaging.com
"IAM International, Inc.",iaminternationalinc.com
"IAM International, Inc.",iaminternationalinc.com
"Venus Wafers, Inc.",venuswafers.com
"Discount Nursery Supplies, LLC",discountnurserysupplies.com
"Yaza Foods, LLC",yazafoods.com
"Gerber Poultry, Inc.",gerbers.com
"ProtectPak Group, LLC",protectpakgroup.com
"JMK Consultants, LLC",jmkconsultantsllc.com
"Rosario's Specialties, Inc",rosariosflatbreadcrackers.com
"Nebo Packaging, LLC dba Nebo Manufacturing",nebomanufacturing.com
"Nutri-Serve Food Management, Inc",nsfm.com
5elementfoodtherapy.com,5elementfoodtherapy.com
"Culinary International, LLC",culinaryinternational.com
"Grober Nutrition, LLC",grobernutrition.com
"Cornabys, LLC",cornabys.com
"Severance Foods, Inc.",severancefoods.com
"Diversified Foods and Seasonings, LLC",diversified-foods.com
"Shim's Food, Inc.",shimsfood.com
"Wardynski & Sons, Inc",wardynski.com
"General Machinery Company, Inc",genmac.com
"Pretzel Pete, Inc.",pretzelpete.com
"NPC Processing, Inc.",npcprocessing.com
"Request Foods, Inc.",requestfoods.com
"Canton Chem, Inc.",cantonchem.com
"Randolph Packing Co., Inc of NC",randpacknc.com
"Zema`s Madhouse Foods, Inc.",zemasfoods.co
"FunFresh Foods, Inc. dba FunFresh Foods",funfreshfoods.com
"Fit2Go, LLC",fit2gomeal.com
"Abundance Foods, LLC",idealgranola.com
"FlavorStorm, Inc.",flavorstorm.com
"Vitasoy USA, Inc.",vitasoy-na.com
"N2O Companies - Northwestern Foods Co. Inc., Northern Ingredients Co., Inc., and Ozima Co. Inc.",northerningredients.com
"Rom Industrial, Inc.",rom-industrial.com
"Alpha Baking Co., Inc.",alphabaking.com
"Magic Seasoning Blends, LLC",magicseasoningblends.com
"C&K Box Co., Inc.",ckboxco.com
"E Packaging Corp., LLC (EPC)",goepack.com
"Atlas Die, LLC",atlasdie.com
"National Onion, Inc.",nationalonion.com
"Slender Seven, LLC",slenderseven.com
"Avon Food Company, LLC",avonfood.com
"Feast, Inc",eatfeast.com
"S. A. Milligan Company, Inc.",samilligan.com
"ConAgra Foods Food Ingredients Company, Inc. dba Spicetec Flavors",spicetec.com
"TAS Manufacturing, LLC dba Blackjack Beef Jerky",blackjackbeefjerky.com
"Neiman Brothers Company, Inc.",neimanbrothers.com
"Standard Company, LLC dba AgStandard",getagstandard.com
"mise en place, LLC",mepnyc.co
"Anatolian Naturals, Inc.",anatoliannaturals.com
"FBM Baking Machines, Inc.",fbmbakingmachines.com
"WorldSoups, Inc.",worldsoupsinc.com
"Best of Farms, LLC dba Latta",lattausa.com
"A Cajun Life, LLC",acajunlife.com
"Bark Avenue, LLC",barkavenue.co
"SamiChakra, LLC",samichakra.com
"One Culture Foods, Inc.",oneculturefoods.com
"PureFresh Sales, Inc.",wpurefreshsales.com
"Companion Baking Co., Inc.",companionstl.com
"Southern Okie, LLC",southernokie.com
"West Indies Spice Traders, Ltd.",windiestrading.com
"Simex International, Inc.",simexorientalfoods.com
"Saubel's Markets, Inc.",saubelsmarkets.com
"Mad Scientist Nuts, Inc. dba Pizootz Peanuts",pizootz.com
"Zia Valentina, LLC dba Waffleshot, LLC",waffleshot.com
"Kettel Krakkers, LLC",kettelkrakkers.com
"Plovgh, Inc.",plovgh.com
"Easy Tasty Magic, Inc. dba Laura Santtini",laurasanttini.com
"Private Chefs, Inc.",privatechefsinc.com
"Gold Standard Baking, Inc.",goldstandardbaking.com
"Facci Food Company, Inc. dba Yoatz",yoatz.com
"Tekrfitness, LLC dba Broomhead Bar",broomheadbar.com
"Innovative Food Processors, Inc. (IFP)",ifpinc.biz
"Lucky Country USA, LLC",lucky-country.com
"Crave Crush, LLC",cravecrush.com
"Bella Gluten-Free, LLC",bellaglutenfree.com
"Kiddos, LLC",kiddosfoods.com
"American Blanching Co., Inc.",americanblanching.com
"Pacific Snack, Inc., dba California Crisps",californiacrisps.com
"Windrose Trading Co., Inc.",windrosetrading.com
"Dupre Solutions, LLC",dupre-solutions.com
"Artisan Cocoa, Inc. dba Amella",amellacaramels.com
"LifeIce, Inc.",lifeice.com
"Muntons Malted Ingredients, Inc.",muntons-inc.com
"T'n'T Bakery, Inc.",tntbakery.com
"Plant Ingredients, LLC",plant-ingredients.com
"Unlimited Wholesale, Inc.",wholesaleunlimitedhawaii.com
"Harbor Creek Farms, LLC",harborcreekfarms.com
"Musashi Foods, Inc.",musashifoods.com
"American Proteins, Inc.",americanproteins.com
"Biscotti Goddess, LLC",biscotti-goddess.com
"Frankie V's Kitchen, LLC",frankievskitchen.com
"Ally's Bar, LLC",allysbar.com
"Catalo Natural Products, Inc.",catalousa.com
"Best Boy Products, LLC",bestboyandco.com
"Nurture Ranch, LLC",nurtureranch.com
"Pro-Pet, LLC",propet.com
"Jan's Farmhouse Crisps, LLC.",jansfarmhouse.com
"Zemas Madhouse Foods, Inc.",healthygk.com
"DeVista USA, Inc.",devistausainc.com
"Foxy's Pash IP, LLC dba Foxy's Premium Frozen Yogurt",foxyspash.com
"Somersault Life Co., LLC",somersaults.com
"HuynhsLoukas, LLC",hydeparkgourmet.com
"Alba Foods, Inc.",albafoods.us
"Perfect Pie Company, Inc.",perfectpie.com
"Pagliai's Pizza, Inc.",pagliais.com
"Young Pecan, Co.",youngpecan.com
"Full Fat Kitchen, LLC dba Coconaise",coconaise.com
"Jammit Jam, LLC",jammitjam.com
"Mexibrands, Inc.",mexibrands.com
"Zazzie Foods, Inc. dba CC Made, Inc.",ccmade.com
"Best Agri-Marketing, Inc.",bestagrimarketing.com
"Floury Apron, LLC",flouryapron.com
"2nd Story Bakeshop, LLC",2ndstorybakeshop.com
"E.H. Gourmet, LLC",ehgourmet.com
"Blue Planet Chocolate, LLC",blueplanetchocolate.com
"NurturMe, Inc.",nurturme.com
"Quaker Bakery Brands, Inc. (Dairy-Free ONLY)",quakerbakery.com
"Genuine Grub Co., LLC",genuinegrub.com
"Petchup, Inc.",mypetchup.com
"East and West Gourmet Food, Inc.",bolanifoods.com
"Crush Food Service, Inc.",crushcubes.com
"Morgan Foods, Inc.",morganfoods.com
"CRM Farms, Inc.",fartless.com
"Sunflair, Inc. dba Sunflair Solar Ovens",sunflair.net
"YummyHealth, LLC",yummyhealth.com
"Brooklyn Cookie Co., LLC",brooklyncookiecompany.com
"Bella Festa, LLC dba Cow Candy",cowcandy.com
"Simply Appetizers, Inc.",simplyappetizers.com
"Natalie's Gourmet Foods, LLC",nataliesgourmetfoods.com
"Cady Products, LLC",cadyproducts.com
"The Smoke House Market, Inc.",smokehousemarket.com
"The Veda Company, LLC",thevedacompany.com
"Toby Farms, Inc. dba Victoria's Garden Grown",victoriasgardengrown.com
"Titan Injection Parts and Service, Inc.",titaninjection.com
"Horizon Food Group, Inc.",nemosbakery.co
"Blazing Star Foods, LLC",blazingstarfoods.com
"Grandma Lu's Spice Cabinet, Inc. dba World Peas",worldpeasbrand.com
"Pancake Organics, LLC",pancakeorganics.com
"Radagast Pet Food, Inc. dba Rad Cat Raw Diet",radfood.com
"212 Digital, Inc., dba FusionPrep",fusionprep.com
"Royal Hawaiian Orchards, LP",royalhawaiianorchards.com
"Big Fish Candy Company, LLC dba Laurie and Sons",laurieandsons.com
"Forth Functional Foods, LLC",weareforth.com
"Love Grown Foods, LLC",lovegrown.com
"Boncora Biscotti, LLC",boncorabiscotti.com
"The Love and Hummus Co., LLC",loveandhummus.com
"Dos Locos, LLC dba Un Mundo Mexican Grill",unmundomex.com
"Georgia Peach Council, Inc.",gapeaches.org
"Vana Life Foods, L.P.",vanalifefoods.com
"Wize Guyz Foodz, LLC",wizeguyzfoodz.com
"Bauli USA, Inc.",bauliusa.com
"Sioux Natural, LLC dba Shüg",ww25.getshug.com
"Natural Life Pet Products, Inc.",nlpp.com
"OFT, Inc.",oftinc.com
"Essex Grain Products, Inc.",essexgrain.com
"Pairwell Foods, LLC",pairwellfoods.com
"Freeze Dry Ingredients, Inc.",fdiusa.net
"Glutenfreeda Foods, Inc.",lillybfoods.com
"Yorba Organics, LLC",yorbaorganics.com
"Western Fresh Marketing Services, Inc.",westernfreshmarketing.com
"Miltenberg and Samton, Inc.",miltsam.com
"Phi Holdings, LLC dba Pork and Mindy's",porkandmindys.com
"Klass Time, LTD",klasstime.com
"Seabrook Brothers and Sons,Inc",seabrookfarms.com
"Ameripack Foods, LLC",ameripackfoods.com
"Sweet Corn Tortilla Chips, Inc.",sweetcornchips.com
"Naturex-DBS, LLC",naturex-dbs.com
"3PM Bites, LLC",3pmbites.com
"Eat the 80, LLC",eatthe80.com
"Icing On Top, LLC dba Yoosh's",yooshs.com
"Pura Vida Vegas, LLC",puravidavegas.com
"Bruxie, LLC",bruxie.com
"EJ's Meats and Treats, Inc.",ejsmeatsandtreats.com
"AgriFIS, Inc.",agrifis.com
"SmartWash Solutions, LLC",smartwashsolutions.com
"SK Natural Farms, LLC dba 2 Lady Farmers",2ladypigfarmers.com
"Green B.E.A.N. Delivery, LLC",greenbeandelivery.com
"Wanda's Barium Cookie, LLC",bariumcookie.com
"Sweet Innovations, LLC",sweetinnovations.com
"Total Nutraceutical Solutions, Inc.",totalnutraceutical.com
"Butterfields, LLC",butterfieldsbutter.com
"Specialty Sales, Inc.",specialtysalesinc.com
"Design By Nature, Inc. dba Nature has Flavor",naturehasflavor.com
"Simply Served, LLC dba Simmer",simmerfood.com
"Live Free Foods, LLC",livefreefoods.com
"Arena Food Service, Inc.",arenafoodservice.com
"Fatt Bob's Jerky Hut, LLC",fattbobs.com
"Quaker Hill Farms, Inc. dba Chortles",chortles.com
"FoodShare, LLC dba GiftAMeal",giftameal.com
"Benchmark USA, Inc.",benchmarkusainc.com
"The Olive Fruit, LLC",theolivefruit.com
"Pizzafire Cleveland, LLC",pizzafire.com
"Saipua, Inc.",saipua.com
"Cosmos Consultants, Inc.",cosmosconsultantsinc.com
"Milio's Sandwiches, LLC",milios.com
"Columbia PhytoTechnology, LLC dba Powder Pure",powderpure.com
"Delicious Sip, LLC",delicioussip.com
"Chowbotics, Inc.",partners.chowbotics.com
"4Pure, Inc.",drink4pure.com
"American Quick Foods, Inc.",americanquickfoods.com
"The Dirty Cookie, LLC",thedirtycookieoc.com
"Aiello Bros. Pork Stores, Inc.",aiellobrosporkstore.com
"Water Lilies Food, LLC.",waterliliesfood.com
"Windham Packaging, LLC",windhampkg.com
"Atlanta Oriental Food Wholesale Co., dba Buford Highway Farmers Market",aofwc.com
"Semco Foods, LLC",semcofoods.com
"Bamboo Asia, Inc.",bambooasia.com
72chocolate.com,72chocolate.com
"H and G Wellness, LLC dba Cozy Bones for Dogs",cozybonesfordogs.com
"JBN Group, LLC dba Gold Meat USA",goldmeat.us
"Tommy's Food Service, Inc.",tommysfoodservice.com
"SMPL Brands, LLC",getsmpl.us
"Stiefel Associates, Inc.",stiefelrep.com
18rabbits.com,18rabbits.com
"Candy Treasure, LLC.",store.chocotreasure.com
"Tecnoeka, Inc.",tecnoeka.us
"Apura Ingredients, Inc.",apuraingredients.com
"Mediline Isothermal Solution, LLC",medilineusa.com
"Import Export Associates, Inc",importexporttrade.us
"Legacy Packaging, LLC",legacypkg.com
"Contract Packaging Resources, Inc.",contractpackagingresources.com
"Better Baked, LLC",betterbakededibles.com
"Specialty Merchant of South Florida, Inc.",specialtymerchant.com
"Anto Natural Foods, LLC",antonaturalfoods.com
"A1 Business Supplies, Inc",a-1businesssupplies.com
"La Mexicana, Inc.",lamexicana.com
"Diller Locker Company, LLC",dillerlocker.com
2 Bubbies Cookies,2bubbiescookies.com
"Hill Country Bakery, LLC",hillcountrybakery.com
"Tio Pelon's Salsita, Inc",tiopelonsalsita.com
"TruPork, LLC",truporkllc.com
"PMMR, Inc.",pmmrworld.net
"Quaker Sales and Marketing, LLC",quakercompany.com
"Pine Tree Paper, INC",pinetreepaper.com
"Yum Altitude Ideas, LLC dba Caution Hot Sauce",cautionhotsauce.com
"Mogul Munch Gourmet Popcorn, LLC",mogulmunch.com
"Peregrine Nutrition, LLC",peregrinenutrition.com
"Delice Chocolatier & Patisserie, LLC",delicechocolatier.com
"The Pinehills Market, LLC",themarketpinehills.com
"Suburban Food Service, Inc.",suburbanfoodservice.com
"Seattle Food Geek, LLC",seattlefoodgeek.com
"Ancient Foods, LLC",ancientfoods.com
"Southeastern Food Processors Association, Inc. (SFPA)",sfpafood.org
"Geddes Baking Co., Inc. dba Geddes Bakery",geddesbakery.com
"Crock Spot, LLC",thecrockspot.com
"Nadler's Bakery and Delicatessen, Inc.",nadlers.com
"Salem's Franchising, LLC dba Salem's Fresh Eats",salemsfresheats.com
"Whipped Up, LLC dba Unbakeables",whippedupcreations.com
"Poparuba, LLC",poparuba.com
"Barrios Foods, Inc.",barriosdistributing.com
"Chef Monica Blends, Inc.",chefmonicablends.com
"Fortissima Enterprises, LLC dba Yumberry Bowl",yumberrybowl.com
"Kreativa Gourmet, LLC",kreativa-gourmet.com
"Five Continent Spices, Inc.",fivecontinentspices.com
"Family Cookbook Project, LLC",familycookbookproject.com
"Asia International, Inc.",asiainternationalinc.com
"Totta Sausage, Inc.",tottasausage.com
"Sara's Sweets, LLC",sarassweetslima.com
"Fairport Harbor Creamery, LLC",fairportharborcreamery.com
"The Balanced Chef, LLC",balancedchef.com
"Pizzana, LLC",pizzana.com
"Chick 'N Chow, LLC",orderchicknchow.com
"Triangle Bakery, LLC",trianglebakery.com
"Breaking Bread Bakery, Inc.",breaking-bread-bakery.com
"Baron Spices, Inc.",baronspices.com
"Material Motion, Inc.",materialmotion.com
"Fauquiers Finest Custom Meat Processing, Inc.",fauquiersfinest.com
"Sweetie Pie Pantry, LLC",sweetie-licious.com
"Cake Fine Pastry, Inc.",cakefinepastry.com
"Yost Foods, Inc.",yostfoods.com
"The Bossy Gourmet, LLC",thebossygourmet.com
"Natures Organic Grist, LLC",naturesorganicgrist.com
"RecipesNow, Inc.",recipesnowapp.com
"Karen's Cookies, LLC",karenscookies.net
"Gourmet Gift Concepts, LLC dba Gourmet Select, Inc.",gourmetgiftconcepts.com
"Roots Chocolates, LLC",rootschocolates.com
"Grande Mexico, LLC",grandemexico.com
"Professional Food Safety, Ltd.",professionalfoodsafety.com
"Memo's House Of Pancakes, LLC",memoshousofpancakes.com
"Bread In Motion, Inc.",breadinmotion.com
"Technical Food Sales, Inc.",techfood.com
"ChefAdvantage, Inc.",chefadvantage.com
"YaYa's International, Inc. dba Yaya's Flame Broiled Chicken",yayas.com
"Fantasy Cakes, LLC dba Fantasy Wedding Cakes",fantasyweddingcakes.com
"First Choice Fine Foods, Inc.",firstchoicebabyfoods.com
"Go 4 Food, Inc.",go4foodusa.com
"MavenWork, Inc. dba xoco",xoco.com
"Andean Dream (No Gluten, Dairy, Eggs, Soy, Corn, or Nuts)",andeandream.com
"Rangoli Sweets of Florida, Inc.",rangolisweetsflorida.com
"Sconely, LLC",sconely.com
"Elevation Brands, LLC dba Blue Horizon Organic Seafood",bluehorizonseafood.com
"The Tipsy Bee, Inc.",thetipsybee.com
"Our Kind Kitchen, LLC",ourkindkitchen.com
"Double Ds Doggie Delights, LLC",doubledsdoggiedelights.com
"PRiMO Specialty Foods, Inc.",yayprimo.com
"White's Quality Foods, LLC dba Mashup Foods, Inc.",picklesmash.com
"Just Plastics, Ltd.",justplastics.co.uk
"West Coast Tacoz, LLC",westcoastacoz.com
"Martin Group, LLC",martingroupllc.com
"De Bruin Farms, Inc. dba De Bruin Ranch",debruinranch.com
"Cuatro Cinco Enterprises, LLC",ww25.45foods.com
"Cascade Marketing Solutions, LLC dba Bio Green Clean",biogreenclean.com
"RiverCrust Deli, LLC",rivercrust.com
"Cugino's Gourmet Foods, Inc.",cuginos.com
"Food Quality Services, LLC",foodqualityservices.com
"EDC3, LLC.",edc3global.com
"Palatable, Inc.",palatable.app
"The Bakery At Riverside Farm, LLC",bakeryonmason.com
"Chef Ella Freyinger, Inc.",ellafreynger.com
"Palmetto Holding Corp. dba Delmonico's Italian Steakhouse of New York, Inc.",delmonicositaliansteakhouse.com
"The Bread Doctor, LLC",thebreaddoctor.com
"Rivers Smith's Chicken and Catfish, Inc.",riversmiths.com
"Bling Bling Dumpling, Inc.",blingblingdumpling.com
"Mr. Chicken, LLC dba Not Joe Mama's Sauce",notjoemamas.com
"New Beat Foods, LLC",newbeatfoods.com
"Oh, Nyla Cake Designs, LLC",ohnyla.com
"Pennymade Foods, LLC",pennymade.com
"Vasquez Bakery, LLC dba The Flour Shop Bakery",theflour.shop
"Rio Mambo, Inc.",riomambo.com
"Wut-A-Nut, LLC",wut-a-nut.com
"Lifetime Health Concepts, LLC dba Fruits And Roots",fruitsnroots.com
"Jerky Joy, LLC",jerkyjoys.com
"The Roost, Inc. dba The Roost Fishers",theroostindiana.com
"TRam Foodservice Management, LLC dba Foodbarz!",foodbarz.com
"S. Dama, Inc. dba Sunrise Natural Foods",nutsnmore.com
"USA Choice, LLC",usachoicellcfoods.com
"Flippin' Rice, LLC",flippinrice.com
"Autokitch, LLC",autokitch.com
"Bibby's Cakes and Catering, LLC",bibbyscakes.com
"Do You Bake, Inc.",doyoubake.com
"SkinnyPizza Brands, LLC dba Skinnypizza",skinnyfrozen.com
"Papa's Pops, LLC",papaspops.com
"Pi Pizza Vending, LLC",pipizzavending.com
"Harvest Moon, LLC",harvestmoondeli.com
"Mondial Savor, Inc.",mondialsavor.com
"O'Neil Foods, Inc.",oneilfoods.com
"Jera's Heavenly Sweet, LLC",jheavenlysweet.com
"For Heaven's Cake, LLC",forheavencake.com
"Terra Firma Foods, Inc.",terrafirmafoods.world
"Twisterz, LLC",twisterzaz.com
"Timkev International, Inc.",timkev.com
"Brick City Baking, Co.",brickcitybaking.com
"Juli Y Juan, LLC",juliyjuan.com
"A Life Less Ordinary, Inc. dba Allo",goallo.com
"Gimmee Jimmy's Cookies, Inc.",gjcookies.com
"Belmar Bakery, Inc.",belmarbakery.com
"Mudlrk Snacks, LLC",mudlrk.com
"Simply Good, Ltd. dba Simply Good Kitchen",simplygoodkitchen.com
"International Rio Mar Group, LLC",gourmetmexicana.com
"Farm to Baby, LLC",farmtobaby.net
"SPV-NA1, LLC dba NouriTech",nouritech.net
"Amanda’s Traditional Bakeshop, LLC dba BakerBaker",bakerbaker.net
"Natural Food Products, Inc.",naturalfoodproducts.net
"Taco Mesa, Inc.",tacomesa.com
"Relish Works, Inc.",relishworks.com
"C'est Bon Seasoning, Inc.",cestbonseasonings.com
"New Horizon Food, Inc.",newhorizonfoodinc.com
"Sheridan Partners Corporate Development, LLC (SPCD)",sheridanpartners.net
"The Last Twist, Inc.",thelasttwist.com
"Sherman & Cherie's Beezy Bees, LLC",scbeezybees.com
"Agashe' Foods, LLC",agashefoods.com
"Dirigo Food Safety, LLC",dirigofoodsafety.com
"Food Equipment Rep Services, Inc.",foodequipservices.com
"Ablak Holdings, LLC",ablakholdings.com
Wrench and Rodent Seabasstropub,19tenoceanside.com
"Emerald City Promotions, LLC dba Rock Da Rooster",rockdarooster.com
"Mama Oat, LLC",mamaoat.com
"Mios Delectables, LLC",miosdelectables.com
"The Wheelhouse, LLC",wheelhousefood.com
"Portland Ashwagandha Farm, LLP",portlandashwagandhafarm.com
"Sweet Beginnings Bakery, Inc.",sweetbeginningsbakery.com
"Cakes by Coley, LLC",cakesbycoley.com
"Radcliffe's Great Valu, Inc.",radcliffegreatvalu.com
"Allie's Sweet Tooth, LLC",alliessweettooth.com
"Thai Garden, Inc.",thethaigardengroup.com
"Olde Westport Spice & Trading Co., Inc.",oldewestportspice.com
"Fast Acai, LLC",fastacai.com
"K Bakery, LLC",thekbakery.com
"Kates Bakery and Cafe, LLC",katesbakeryandcafe.com
"Just Pure Foods, Inc.",justpurefoods.com
"XLNT Bakeries, LLC",xlntbakeries.com
"Four Seasons Pizza, Inc.",fourseasonspizza.com
"Cookie Text, LLC",cookietext.com
"Matt & Nat Bakery Group, LP",mattandnatbakery.com
"Pueblito Paisa, Inc.",pueblitopaisarestaurant.com
"Primo Foods, Incorporated",primofoodsinc.com
"Fresh Eggs, Inc. dba Southern Belle's Plainfield",southernbellespancakes.com
"Boone Dog Pizza, LLC",boonedogpizza.com
"Greek Island Spice, Inc.",greekislandspice.com
"Dorothy Ann Bakery, Inc.",dorothyannbakery.com
"Pickle Jar Studios, LLC",picklejarstudios.com
"Fermented Garden, LLC dba Sauer Frau",sauerfrau.com
"Bread Stone Ovens, LLC",breadstoneovens.com
"Foodbridge, Inc.",foodbridge.us
"Johnson Foods, Inc.",johnsonfoods.com
"Shea Growers Africa, LLC",sheagrowersafrica.com
"Kitchen Collectables, Inc. dba Kitchengifts.com",kitchengifts.com
"The Bodybakery and Co., LLC",thebodybakery.net
"Crumbs, Inc. dba Crumbs Bakery",crumbsbakery.a-zcompanies.com
"Lava Lake Lamb, LLC",lavalakelamb.com
"I D'Eclair Pastries, LLC",ideclairpastry.com
"Vicente Foods, Inc.",vicentefoods.com
"GNT USA, Inc.",gntusa.com
"Eva Sweets, Inc.",evasweets.com
"Magic Mix, LLC",magicmix.us
"Oleson's Foods, Inc.",olesonsfoods.com
"IngateyGen, LLC (IGG)",ingateygen.com
"Wilson's Bakery, Inc.",wilsonsbakery.com
"Zest Brands, LLC",zestbrands.com
"Paqui, LLC",paqui.com
"Hideout, Inc.",findhideout.com
"Eat Smart, LLC",eatsmartnow.com
"Crossroads Bake Shop, Inc.",crossroadsbakeshop.com
"Lorenzo Provisions, Inc.",lorenzoprovisions.com
"Equinox Food Brokers, LLC (EFB)",equinoxfoodbrokers.com
"Barney Brown, Inc.",barneybrown.com
"Revolution Brands, LLC",revolution-brands.com
"Bayside Fresh Market, LLC",baysidefreshmarket.com
"Mama's Hummus, Inc.",mamashummus.com
"Molsberry Markets, Inc.",molsberrymarket.com
"Suspiros Cakes, LLC",suspiroscakes.com
"Hays Market, Inc.",haysmarket.com
"North Country Specialty Foods, Inc.",northcountryspecialtyfoods.com
"North Carolina Fudge, Inc. (NC Fudge)",ncfudge.com
"Hooray Foods, Inc.",hoorayfoods.com
"Patty Matters, LLC",pattymatters.com
"Perfect Twist Pretzels, LLC",perfecttwistpretzels.com
"Boardwalk Frozen Treats, LLC (BFT)",baskinrobbinsathome.com
"White Birch Gourmet, LLC",whitebirchgourmet.com
"Best Choice Meats, Inc.",bcmeats.net
"Premier Manufacturing, LLC dba Zenedge Energy Drink",zenedgeusa.com
"Probiotic Maker Jugurt, LLC",probioticmaker.com
"LovePuppies Brownies, LLC",lovepuppiesbrownies.com
"Odessa Tortilla & Tamale Factory, Inc.",manuelstamales.com
"Axel's Pretzels, LLC",axelspretzels.com
"Arancini Bros, LLC",arancinibros.com
"Pastries A-La-Carte, LLC",pastriesalacarte.com
"Wunderkeks, LLC",wunderkeks.com
86 Food Service,86foodservice.com
"Nezat's Cajun Food, LLC dba CajunBait Seasonings",cajunbait.com
"Kinggings, LLC dba FLYGRUBS",flygrubs.com
"My Perfect Pet, Inc.",myperfectpetfood.com
"Goodway Gourmet, LLC",goodwaygourmetbakery.com
"Puppernickel, LLC",puppernickel.com
"Vegan Tingz, Inc.",vegantingzonly.com
Gruttadauria's 1914 Bakery,1914bakery.com
"Foodserv Management Group, LLC",foodservmanagement.com
"Outland Cuisine, LLC",outlandcuisine.com
"Gooey on the Inside, LLC",gooeyontheinside.com
"TH Commerce, LLC dba Vegky",vegky.com
"STUHR ENTERPRISES, LLC",stuhrenterprises.com
"Gowell's Shop 'n Save, Inc.",gowellsshopnsave.com
"Fresh Fit Foods, LLC",freshfitnaples.com
"Green, Lean & Clean, LLC",burnglc.com
"Amlu Foods, LLC",amlufoods.com
"Asli Foods, Inc.",aslifoodsinc.com
"Dallas Popcorn, LLC",dallaspopcorn.com
"Florida Meat Packaging, Inc.",floridameatpackaging.com
"It's Really Vegan, LLC",itsreallyvegan.com
"Fresh & Safe, Inc.",freshandsafe.com
"Aldo's Frozen Foods, Inc.",aldosfoods.com
"The Slawpy Barn, LLC",theslawpybarn.com
"Liberated Foods, LLC",liberatedfoods.com
"Aunt Cake's Cookies, LLC",auntcakescookies.com
"Ameridia Innovative Solutions, Inc.",ameridia.com
"Alimade, LLC",alimadefood.com
"Hare Today, LLC",hare-today.com
"Signature Cakes & More, LLC",signaturecakesandmorekmg.com
"JR Kinder's Enterprises, Inc. dba Kinder's Meats, Deli & BBQ",kindersmeats.com
2050 Co.,2050co.com
"Tinychef, Inc.",tinychef.ai
"Idylwilde Farms, Inc.",idylwildefarm.com
"Little Something Foods, LLC dba Mad Minis",madminifoods.com
"FruitStand, LLC",fruitstand.com
"Yoblendz International, LLC",yoblendz.com
"Jasberry USA, LLC",jasberryusa.com
"Pino Gelato, Inc.",pinogelato.com
"Simply Cupcakes of Portland, LLC",bestportlandcupcakes.com
"Honey, Feel Better, Inc. dba Pass The Honey",freshhoneycomb.com
"Classic Agrimed, LLC dba Healthy Paw Life",healthypawlife.com
"Unified Paper & Packaging, Inc.",unifiedpp.com
"Sweet Treats Cannery, LLC",sweettreatscannery.com
"Niagara Tying Service, Inc",niagaratyingservice.com
"OnHealthNet, Ltd. dba Doc's Sandwich Shop",docsmt.com
"Sushi Star, LLC",sushistar.com
"Jeffrey's Natural Pet Food Company North Beach, Inc.",jeffreyspets.com
"Da Kind Soups, Inc.",dakindsoups.com
"Traditional Foods Market, Inc.",traditionalfoods.org
"Signature Food Boards, LLC",signaturefoodboards.com
"Signature Food Boards, LLC",signaturefoodboards.com
"Redbud Deli, Inc.",redbuddeli.com
"American Jerky Co., LLC",americanjerky.com
"Raw K9, Inc.",rawk9.com
"American Almond Beef Land and Cattle Co., LLC",americanalmondbeef.com
"Bakedsome, LLC",bakedsome.com
"Naija Grille, LLC",naijagrille.com
"Prairie Thyme, Ltd.",prairiethyme.com
"Humineral, LLC",humineral.com
"Meiers Meats & Fine Foods, Inc.",meiersmeats.com
"Nardone Brothers Baking Company, Inc.",nardonebros.com
"Digg That, LLC dba Herbalife Recipe Generator",herbaliferecipes.com
"Chef Cool Enterprises, LLC dba Trail Magic Sauce",trailmagicsauce.com
"Elior, Inc. dba K-12",k12byelior.com
"STEVE'S MEAT MARKET, INC.",stevesmeatmarket.com
"Bliss Barz, LLC",blissbarz.com
"Rio Santo, LLC",riosanto.com
"Ghost Kitchen, LLC",ghostkitchenhemp.com
"Space Gem Candy, Inc.",spacegemcandy.com
"Pacific Mountain Farms, Ltd.",pacificmountainfarms.com
"Xing Fu Tang, LLC",usaxingfutang.com
"BBDOTQ USA, Inc. dba bb.q Chicken",bbdotqchicken.com
"Chef Adjepong, LLC",chefadjepong.com
"JJ King's Secret Sauce, LLC",jjkingssecretsauce.com
"Savr Pak, Inc.",savrpak.com
"The Women's Bakery, Inc.",womensbakery.com
"MChef, Inc.",mchef.com
"Nutrition Redefined, LLC",nutritionredefinedabq.com
"Simi Cakes & Confections, LLC",simicakes.com
"Spoiled Rotten Pet, LLC",spoiledrottenpet.com
"Bagnes Cooking, LLC",basquettes.cooking
"EcoGen, Inc.",ecogenlabs.com
"Nueva Cocina Foods, Inc.",nuevacocinafoods.com
"Meat Head Charcoal, LLC",meatheadcharcoal.com
"Dare-U-Go!, LLC",checkout.dareugo.com
"Celiac Mama, LLC",celiacmama.com
"SPI Foods, Inc.",spifoods.com
"Baklava by Linda, LLC",baklavabylinda.com
"Oka Products, LLC",okaproducts.com
"Little Pickins, LLC",littlepickins.com
"Pinaka Foods, Inc.",pinakafoods.com
"Twited Brands, LLC",thetwistedbrands.com
"Village Pizza, LP",villagepizzatx.com
"Ohayo Valley, Inc.",ohayovalley.com
"Marcum Farm Co., LLC dba Pandemic Polly Peppers",pandemicpollypeppers.com
"Blockchain Hacienda, Inc.",blockchainhacienda.com
"Risser Grain, LLC",rissergrain.com
"Mutt Crunchers, LLC",muttcrunchers.com
"Q&B Foods, Inc.",qbfoods.com
"Walk by Faith Doggie Bakery, LLC",walkbyfaithdoggiebakery.com
"Slow Foods Kitchen, Inc.",slowfoodskitchen.com
"Boss Burger, LLC",weareboss.com
"5-12 Dessert Boutique and Lounge, LLC",5-12dessert.com
"Confectionary Designs, LLC",confectionarydesigns.com
"Rawsome Pets, LLC",rawsomepets.net
"Nae Pac Automation, Inc.",naepac.com
"Food Pantry of Jeff Davis County, Inc.",foodpantry-jdc.org
"Delimex Holdings, Inc.",delimex.com
"Tinylittlechef at Home, LLC dba Tiny Little Chef",tinylittlechef.com
"Brie's Premium Bars, LLC",bries.fit
"Sergio & Turksy Trading, LLC",sergio-turksy.com
"FreezEasy Media, Inc.",myfreezeasy.com
"WellEatable, LLC",welleatable.com
"Shaping America's Plate, Inc.",shapingamericasplate.com
"Flying Swine Seasonings, LLC",flyingswineseasonings.com
"Epic Spices, LLC",epicspices.com
"Skip's Peppers, LLC",skipspeppers.com
"Hoosier Harvest Market, Inc.",hoosierharvestmarket.com
"Sana's Kitchen, Inc.",sanaskitchen.com
"Westport Ice Cream Bakery, LLC",icecreamkc.com
"PCG Packaging, LLC.",pcgpackaging.com
"Eco-Chain Solutions, LLC",ecochainsolutions.com
"Earth Nut Foods, LLC",earthnutfoods.com
"Sticky Sweet, LLC",stickysweetmaine.com
"Potillas, LLC dba Potapas",potapas.com
"Flavor and Food Ingredients, Inc.",summithillflavors.com
"Captain's Private Stash, Inc.",thecaptainsprivatestash.com
"The Grove, Inc. (TGI)",thegroveinc.com
"Brenton, Inc. dba Cracker Seasonings",crackerseasoning.com
"Top Dog Barkery, LLC",topdogbarkery.net
"The Sugar Shanty, LLC",thesugarshantyonline.com
"Pleasant Cafe, Inc.",pleasantcafe.com
"Cottage Lane Kitchen, LLC",cottagelanekitchen.com
"Always Cake Bakery, LLC",alwayscake.com
"O-So-Good Cakes and Treats, LLC",osogoodcakes.com
"Johnny Appleseed Orchards, LLC dba Johnny Appleseed Organic",johnnyappleseed.com
"B's Gourmet Nuts, LLC",bsgourmetnuts.com
"Catering CC, Inc.",cateringcc.com
"Pacific Food Safety Systems, Inc.",pacfss.com
"DAE Won Food, Inc.",daewonfood.com
"Nepali Knd, Inc. dba Kala's Kuisine",kalaskuisinefood.com
"Mesa Virtuals, PBC., Corp.",eatmesa.com
"Zookies Cookies, Inc.",zookiescookies.com
"Thomas Group, LLC",thomasgroupusa.com
"SWITZERS, INC.",switzerfoods.com
"Best Chicago Meat Company, LLC",bestchicagomeat.com
"La Nortena, Inc.",lanortenatamales.com
"NSNG Foods, LLC",nsngfoods.com
"Field Packaging Group, LLC",fieldpackaginggroup.com
"Beauty From Life Baking, LLC",beautyfromlifebaking.com
"Not Your Bakery, LLC",notyourbakery.com
"Trinity Hemp, LLC",trinityhemp.net
"Baker Supply, LLC",bakersupply.net
"Baker Supply, LLC",bakersupply.net
"Food Funding, LLC dba Plant Innovations, Inc. dba PlantBelly, LLC",plantbelly.com
"Blackstone Marketing, Inc. dba 1-800-Popcorn",1800popcorn.com
"Ultra Enterprises, Inc.",ultraent.com
"Sejuiced, LLC",sejuicedbar.com
"Stone County Specialties, Inc.",stonecountyspecialties.com
"Amazing Escargot, LLC dba Big Bianc",bigbianc.com
"SaltWorks , Inc.",seasalt.com
"C.R.S., Inc. dba Spud Spikes",spudspikes.com
"Bravadough, LLC",bravadoughgf.com
"Yum Distribution, LLC",yumdistribution.com
"Kyoku Knives, LLC",kyokuknives.com
"Cakes by Deb, LLC",cakesbydeb.com
"Acts Cove, Inc. dba GimGo Snacks",gimgosnacks.com
"LadyRen's Bakery & Books, LLC",ladyrens.com
"SuperfitFoods, LLC",superfitfoods.co
"Emma Sofia Cakes, LLC",emmasofiacakes.com
"Fable Foods, LLC",fablefoods.com
"I Love Juice Bar, LLC",ilovejuicebar.com
"Sea Moss Life, Inc.",seamosslifeinc.com
"Sirob Imports, Inc.",boborisfoods.com
"Sweet Melissa's LOVE, LLC",sweetmelissaslove.com
"Kegel's Produce, Inc.",kegels.com
"RICE MONKEYS, LLC",ricemonkeysdurango.com
"Rosettes Baked Goods, Inc.",rosettesmix.com
"Artemis Provisions and Cheese, LLC",artemisprovisions.org
"5M Companies, LLC dba 5M Spuds",5mspuds.com
"Lancaster Manufacturing, Inc. dba Frozen Custard Machines",frozencustardmachines.com
"Confidence Foods, LLC dba Hungry Harry's",hungryharrys.com
"Olive Grazing™, LLC",olivegrazing.com
"Pie-O-Neer Pies, LLC",pieoneerpies.com
"Real Cajun Market, LLC",realcajunmarket.com
"Hurst Amici, LLC dba Italianni's",italiannishurst.com
"Maverick Pet Foods, Inc.",maverickpetfood.com
"Peggy Beckett - The Honey Bee Company LLC, Hawaii",justhoney.buzz
"Guy Gone Keto, LLC",guygoneketo.com
6AM Health,6amhealth.com
"Blu Tee Spoon, LLC",bluteespoon.square.site
"Heller Seasonings & Ingredients, Inc. dba Hellers for Children",hellersforchildren.com
"Rhizoterra, Inc.",rhizoterra.com
"T. C. Jacoby & Company, Inc.",jacoby.com
"Kagome USA, Inc.",kagomeusa.com
"Bakery Espiga de Oro, Inc.",bakeryespigadeoro.com
"Envision Pastries, LLC",envisionpastries.com
"Chop-Above, LLC",chop-above.com
"NICE Culinary, LLC",nutritionindustryconsultingexcellence.com
"BangBang Franchise Holdings, LLC",bangbangmongoliangrill.com
"Wah King Noodle Co., Inc.",wahkingnoodle.com
"Tarasco, Inc.",tarascosmexicanrestaurant.com
"Dashboard Food Truck and Catering, LLC",dashboardfoodtruck.com
"Pet Investment Group, LLC dba Canine Butcher Shop",caninebutchershop.com
"Total Packaging Solutions, LLC, TPS",totalpackagingsolutions.net
"Paul Michael Group, Inc. (PMG)",paulmichaelgroup.com
"Spice Tree Organics, LLC",spicetreeorganics.com
"Synop, LLC",synopllc.com
"Nosh Bagels, Coffee & Deli",noshbagel.com
"Responsibly Organic, LLC",responsiblyorganic.com
"Capobianco Specialty Foods, Inc.",capobiancospecialtyfoods.com
"FYT-P&G Beverages,LLC",drinkfyt.com
"KuntryKim Natural Products, LLC",kuntrykim.com
"Sea2Life, LLC",sea2life.com
"Desert Smoke BBQ, LLC",desert-smoke-bbq-llc.square.site
Popped!,123popped.com
"Maverick Enterprise, Inc",maverickcaps.com
"THE GREAT UNBAKED, LLC",thegreatunbaked.com
"Kang's Packaging Solutions, Inc.",kangspackaging.com
"Monvic.Co, LLC dba Monvic Supply",monvicstore.com
"JERRY & JOE'S PIZZA, INC.",jerryandjoes.com
"Allied Old English, Inc.",alliedoldenglish.com
"McJak Candy Company, LLC",mcjakcandy.com
"CREPE CRAZY, LLC",crepecrazy.com
"SRL Foods, Inc",thunderbirdpizza.com
"Sweet Joe's, LLC",sweetjoes.com
2 dogs treats,2dogstreats.com
"CREPES NO KA 'OI, LLC",crepesnokaoi.com
"Allan Packaging, LLC",allanpackaging.com
"VacQPack USA, LLC",vacqpackusa.com
"Global Packaging Development, LLC (GPD)",gpdllc.com
"Paxeuticals, LLC",paxeuticals.com
"Rathna Packaging India Pvt., Ltd.",rathnagroup.in
"Legacy Packaging, LLC dba Legacy Pharmacy",legacypharmacytx.com
"Bana, Inc.",banabox.com
201 Salsa,201salsa.com
"Ah' Pizz, Cucina di Italia",ahpizz.com
"Many Sweets, LLC",manysweetsdesserts.com
"Polypack, Inc",polypaq.com.my
"PRH Industries, LLC",prh-industries.com
"Bee Technologies, LLC",beetechllc.com
"MISS CORDELIA'S, LLC",cordeliasmarket.com
"KubeTech Custom Molding, Inc.",kubetechmolding.com
"CHARCO BROILER STEAK HOUSE #2, INC.",charcodallas.com
"Asia Bulk Sacks Pvt., Ltd.",asiabulksacks.com
"It's Poppin' Gourmet Popcorn, LLP",itspoppinllc.com
"THE HUNGRY GREEK, INC.",thehungrygreek.com
"DGP Intelsius, LLC",intelsiussolutions.com
"Anthony - Lee Associates, Inc.",anthony-lee.com
"Feather Foods, Inc.",pongofoods.com
"CONSCIOUS COOK LLC, THE",conscious-cook.com
"Pacific Scientific Innovated, Inc. (PSI)",pacificscientificinc.com
"My Sweet Roots, LLC",mysweetroots.com
"CFour, LLC",cfourusa.com
"Beverly's Pastry Shop, LLC",beverlyspastryshop.com
"REAL LiFE RUBS, LLC",realliferubs.com
"JRI HOSPITALITY MANAGEMENT, INC",jrimanagement.net
"Subarzsweets, LLC",subarzsweets.com
"COMMAND Nutritionals, LLC",commandnutritionals.com
"Miravalle Foods, Inc.",miravallefoods.com
"Global Sales and Marketing,  LLC",goglobalsales.com
"B Henderson Packaging, LLC",hendersonpackaging.com
"Marino's Pizzeria, LLC",marinospizzeria.us
"Packaging and Engineered Solutions, Inc.",p-esolutions.com
"Barrier Plastics, Inc.",barrierplastics.com
3 Lily's Pastry Shop,3lilyspastryshop.com
"Culinesco, LLC",culinesco.com
"MRH Packaging, LLC",mrhpackaging.com
"CGN Converting and Packaging, LLC",cg-convertandpack.com
"Production Packaging Equipment, Inc",productionpkgequip.com
"LIVING 360 ORGANICS, LLC",living360purealivewhole.com
"SILVER OAK GOURMET, INC.",silveroakgourmet.com
"K & J ORCHARDS, LLC",kjorchards.blogspot.com
"Platinum Cake Designs, LLC",platinumcakedesigns.com
"REVOLVER TACO LOUNGE, LLC",revolvertacolounge.com
"RICO'S ACAI, LLC",ricosacai.com
"Beau's Biscuits, LLC",beausbiscuitsllc.com
"Park Packing, Inc.",parkpacking.com
"Village Bakery, LLC",villagebakerymf.com
"Daddy Pete's BBQ, LLC",daddypetesbbq.com
"CG Sourcing, LLC.",cgsourcingusa.com
"COASTAL DELI, INC.",coastaldeliinc.com
"Abel + Schafer, Inc.",komplet.com
"JOHNSON'S CUSTOM CAKES, INC.",johnsonscustomcakes.com
"THE RUFFLED CUP, LLC",theruffledcup.com
"Lil Buff Bakery, LLC",lilbuff.com
"SRC Milling, LLC",srcmilling.com
"DeIorio Foods, Inc.",deiorios.com
"REAP Food Group, Inc.",reapfoodgroup.org
"Mindy Lu's Pies, LLC",mindyluspies.com
501 On Main,501onmain.com
"Clinton's Ditch Cooperative Co., Inc.",clintonsditch.com
"The Golden Yoke Creamery, LLC",thegoldenyoke.com
"BAY CITIES ITALIAN BAKERY, INC.",bay-cities-italian-bakery-inc.hub.biz
"Mansi Globiz, LLC dba MG Ingredients",mgingredients.com
"Sherry's Yum Yums, LLC",sherrysyumyums.com
"Benson Exhibits, LLC dba A Spice Above",aspiceabove.com
"TAQUERIA EMANUEL, INC.",taqueriaemanueltampa.com
"Aviva Plastics, Inc.",avivaplastics.com
"Happy Koala, LLC dba Happy Mammoth, LLC",happymammoth.com
"ASHLEY*S SWEET CHIPS, LLC",ashleyssweetchips.com
"Bentilia, Inc.",bentilia.com
"OEM Materials and Supplies, Inc.",oemmaterials.com
"Hogback Farm, LLC",hogbackfarm.com
"Dos Pisano's, Inc.",dospisanos.com
"Que SeRaw SeRaw, Fresh Fast and Flavorful",queserawseraw.com
"Red Beard Seasonings, LLC",redbeardseasonings.com
"NUTTY FOODS, LLC",nuttyfoodz.com
"Three Rings Petfood, LLC",petbytasty.com
"Ali V's Kitchen, LLC dba Siempre Soups",siempresoups.com
"Barking Mad Baking Company, LLC",barkingmadbakingcompany.com
"The Tilted Olive, LLC",thetiltedolive.com
"Sustainably Grown Foods, LLC dba KakaoZon",kakaozon.com
"Fig & Tyler, LLC",figandtyler.com
"GOOD TO GO MEAT PIES, LLC",goodtogomeatpies.com
"Not Your Mama's Salsa, LLC",notyourmamasalsa.com
"Sunshine Innovations, Inc.",sunshineinnovationsinc.com
"Coreana Foods, Inc.",coreanakimchi.com
"Debbie's Creative Cakes, LLC",debbiescreativecakes.com
"Leaderor Biotechnology Co., Ltd. dba A Freschi Srl",afreschi.com
"RICE HOUSE OF KABOB, LLC",ricehouseofkabob.com
"CACCIATORE BROS., INC.",cacciatorebros.com
"Fortney Packages, Inc.",fortneypackages.com
"Industrial and Institutional Sales Group, LLC dba Cinpak, Inc.",cinpak.com
"Grandma Luckey's Garden Herb Dressing, LLC",grandmaluckeys.com
"NewNew Foods, Inc. dba CAcafe, Inc.",cacafe.com
"Berry Frozen Yogurt, LLC dba PUMJIL",pumjil.com
"The Stone Group, Inc.",thestonegroupglobal.com
"Max & Emily's Classic Cheesecakes, Inc.",mandecheesecakes.com
"CM Chocolatier, LLC dba Copper Coast Confections",coppercoastconfections.com
"Hair of the Ferret Co., LLC",hairoftheferret.com
"Garimark Foods, Inc.",garimarkfoods.com
"Relion Manufacturing, Inc.",relioninc.com
"Astrofoam Molding Co., Inc.",astrofoam.com
"DFA Farm Supplies, LLC",dfafarmsupplies.com
9 Dang Fine Thai,9dangfinethai.com
"Nines Food Service, LLC",ninesfoodservice.com
"Basic Batches Bakery, LLC",basicbatchesbakery.com
"Flex-Pak Packaging Products, Inc.",ww1.flex-pak.biz
"Carter Associates, Incorporated",carterassociatesmfg.com
"Select Europe, Inc.",fruitsdemer.co
88 INTERNATIONAL MARKET LLC,88imarket.com
"Poke Enterprise, LLC dba Atlantic Poké",atlanticpoke.com
"SavvyBeast Treats, LLC",savvybeastpet.com
"How Do You Take Your Coffee?, Inc.",takeyourcoffee.com
3 Paws Kitchen,3pawskitchen.com
"OrganicLife, LLC",organiclifeusa.com
"Roly Poly Enterprises, Inc",rolypolyinc.com
"Smart Pressed Juice, LLC",smartpressedjuice.com
"PlantPlus Foods, LLC",plantplusfoodsnorthamerica.com
"Wiggles and Wags Pet Bakery, LLC",wigglesandwagspetbakery.com
"Owls Oil, LLC",owlsoil.com
"Manhattan Beach Creamery, LLC",mbcreamery.com
"Pattis Pastries, LLC",pattispastries.net
"TREEHOUSE BAKERY, LLC",treehousevegan.com
"Pure Jerky Co., LLC",purejerky.com
"Buddha Baby, LLC dba Banyan Thai",banyanthaicuisine.com
"Mushroom Angel, LLC dba Cruz Burgers",cruzburgers.com
"Jain Farm Fresh Foods, Inc.",jainfarmfresh.us
"Golding, Inc",goldingblends.com
"Synergy Animal Products, Inc.",synergyanimalproducts.com
"Select Savory Seasonings, Snacks & Sauces",selectsavory.com
"Globowl, Inc.",theglobowl.com
"DisSolves, Inc.",dissolves.com
"Virtually Meta, Ltd.",virtuallymeta.co.uk
"Gale's Bread and Butter, Inc.",galegand.com
"The French Pantry, Inc.",thefrenchpantry.com
"Smalls Brand, LLC dba Roe Brand, LLC",roewellness.com
"CRG Management, LLC dba CALI",cicciocali.com
"Priz Foods, Inc.",prizfoods.com
"The Healthy Epicurean, LLC",thehealthyepicurean.com
"Rhepublic, LLC",rhepublic.com
"Pika Pika, Inc.",eatpikapika.com
"Skookum Supply Co., LLC",skookumsupplyco.com
"TasteTLove, LLC dba Taste T Love Baby Food",tastetlove.com
"Farm Fresh Pet Foods, LLC",farmfreshpet.com
"Equestribev, LLC  dba Gallagher's Water",gallagherswater.com
"Gods Glory Pastries, LLC",godsglorypastries.com
"Bumble Foods, LLC dba bumble & butter",bumbleandbutter.com
"Peckish, LLC",perfectlypeckish.com
"The Bus Stop, Geauga Countys Food Truck",eatatthebusstop.com
