name,domain,isRelated
nationalpackagingsupply.com,nationalpackagingsupply.com,False
starrfoam.com,starrfoam.com,False
sumterpackaging.com,sumterpackaging.com,False
hendersonpackaging.com,hendersonpackaging.com,False
foamconcepts.com,foamconcepts.com,False
rightfoods.com,rightfoods.com,True
dunmore.com,dunmore.com,False
p-esolutions.com,p-esolutions.com,False
kidshealthyfoods.com,kidshealthyfoods.com,True
gncstratagraph.com,gncstratagraph.com,False
giacona.com,giacona.com,True
decolabels.com,decolabels.com,False
starcobrands.com,starcobrands.com,True
harpak-ulma.com,harpak-ulma.com,False
cellofoam.com,cellofoam.com,False
actionpackagingfilms.com,actionpackagingfilms.com,False
libertycarton.com,libertycarton.com,False
twinmonkeys.net,twinmonkeys.net,True
curationfoods.com,curationfoods.com,False
rexopak.com,rexopak.com,False
modernchemical.co,modernchemical.co,False
shieldsbag.com,shieldsbag.com,False
portagesystems.com,portagesystems.com,True
tiptopcocktails.com,tiptopcocktails.com,True
koniecups.com,koniecups.com,False
cuppacpackaging.com,cuppacpackaging.com,False
cg-convertandpack.com,cg-convertandpack.com,False
armorpackcorp.com,armorpackcorp.com,False
titancorrugated.com,titancorrugated.com,False
renw.earth,renw.earth,True
mrhpackaging.com,mrhpackaging.com,True
colortech.com,colortech.com,False
pkgpackaging.com,pkgpackaging.com,True
tencoassemblies.com,tencoassemblies.com,False
barrierplastics.com,barrierplastics.com,False
atlasbranding.com,atlasbranding.com,True
tekweld.com,tekweld.com,False
rcdpackaging.com,rcdpackaging.com,True
cam-pack.com,cam-pack.com,False
woodstockplastics.com,woodstockplastics.com,False
mclanemanufacturing.com,mclanemanufacturing.com,False
bwcooney.ca,bwcooney.ca,False
snacktops.com,snacktops.com,False
kaufmansales.com,kaufmansales.com,False
cpm.solutions,cpm.solutions,False
spsforpkg.com,spsforpkg.com,True
maerflexibles.eu,maerflexibles.eu,False
apexpro.us,apexpro.us,False
producebiopak.com,producebiopak.com,True
keepitsimplo.com,keepitsimplo.com,False
medicalpackaging.com,medicalpackaging.com,False
hooverferguson.com,hooverferguson.com,True
jgfinneran.com,jgfinneran.com,False
paperpakindustries.com,paperpakindustries.com,True
aquabased.com,aquabased.com,False
apcfoam.com,apcfoam.com,False
productionresources.us,productionresources.us,False
shibuyahoppmann.com,shibuyahoppmann.com,True
sunstatepackagers.com,sunstatepackagers.com,False
fpintl.com,fpintl.com,False
bonussearchconsultants.com,bonussearchconsultants.com,False
triangleconvertingcorp.com,triangleconvertingcorp.com,False
davikusa.com,davikusa.com,True
earthwisepackaging.com,earthwisepackaging.com,True
wilkensonandgray.com,wilkensonandgray.com,True
jumbosack.com,jumbosack.com,True
hudsonenvelope.com,hudsonenvelope.com,False
gtiindustries.com,gtiindustries.com,False
szmhemp.com,szmhemp.com,False
klingecorp.com,klingecorp.com,True
blackbournsolutions.com,blackbournsolutions.com,False
gkmanufacturinginc.com,gkmanufacturinginc.com,True
custompackagingandproducts.com,custompackagingandproducts.com,True
sglabelaz.com,sglabelaz.com,False
pressuresensitivefilms.com,pressuresensitivefilms.com,False
aeropackaging.com,aeropackaging.com,False
sio2ms.com,sio2ms.com,False
nebomanufacturing.com,nebomanufacturing.com,False
idcinnovation.com,idcinnovation.com,False
mmcp.co,mmcp.co,False
smartpackagingtechnology.com,smartpackagingtechnology.com,True
philchem.us,philchem.us,False
ckboxco.com,ckboxco.com,False
gokpc.com,gokpc.com,False
cornerimagepkg.com,cornerimagepkg.com,False
rom-industrial.com,rom-industrial.com,False
multecpkging.com,multecpkging.com,False
litchfieldpackaging.com,litchfieldpackaging.com,False
valleypackage.com,valleypackage.com,False
jsagpackaging.com,jsagpackaging.com,True
boghosianraisin.com,boghosianraisin.com,True
linxsales.net,linxsales.net,False
pouchtec.com,pouchtec.com,False
tomco-harwel.com,tomco-harwel.com,False
polyworksinc.com,polyworksinc.com,False
generalpk.com,generalpk.com,False
purepacktechnologies.com,purepacktechnologies.com,False
gecpkg.com,gecpkg.com,False
imperialpkg.com,imperialpkg.com,False
componentsupplycompany.com,componentsupplycompany.com,False
pacmac.com,pacmac.com,True
selectsealpm.com,selectsealpm.com,True
airfilltechnologies.com,airfilltechnologies.com,False
detroitforming.net,detroitforming.net,False
greenislandresource.com,greenislandresource.com,True
sunrisepakusa.com,sunrisepakusa.com,False
ezplasticbags.com,ezplasticbags.com,False
rez-tech-jars.com,rez-tech-jars.com,False
innovativepackaging.com,innovativepackaging.com,False
uscoxl.com,uscoxl.com,False
pactechpackaging.com,pactechpackaging.com,False
takemotopkg.com,takemotopkg.com,True
paketcorp.com,paketcorp.com,False
commandplastic.com,commandplastic.com,False
kwikee.com,kwikee.com,False
pouchfill.com,pouchfill.com,False
gppackaging.com,gppackaging.com,True
paperandpackaging.org,paperandpackaging.org,False
kelvincooperage.com,kelvincooperage.com,True
nutritionengineers.com,nutritionengineers.com,False
fenix-ind.com,fenix-ind.com,True
combinedindustries.com,combinedindustries.com,False
freightfarms.com,freightfarms.com,True
hwrpackaging.com,hwrpackaging.com,False
globo-pak.com,globo-pak.com,False
bunzlpd.com,bunzlpd.com,False
betterpak.com,betterpak.com,False
psix.com,psix.com,False
sij.com,sij.com,False
smartpackagingco.com,smartpackagingco.com,False
aptcollc.com,aptcollc.com,False
acpo.com,acpo.com,False
oxbox.com,oxbox.com,False
rlscottinc.com,rlscottinc.com,False
trideltaplastics.com,trideltaplastics.com,True
epsindustry.org,epsindustry.org,False
marshallplastic.com,marshallplastic.com,False
centorrx.com,centorrx.com,False
jhpaperco.com,jhpaperco.com,False
legacypkg.com,legacypkg.com,False
pricecontainers.com,pricecontainers.com,True
goepack.com,goepack.com,False
inmotionsolutionsgroup.com,inmotionsolutionsgroup.com,False
professionalimagepackaging.com,professionalimagepackaging.com,False
greenweimo.com,greenweimo.com,False
polyfoamcorp.com,polyfoamcorp.com,False
genesisindustriesinc.com,genesisindustriesinc.com,False
eabuschmann.com,eabuschmann.com,False
atlantisplasticscompany.com,atlantisplasticscompany.com,False
packserv.com,packserv.com,False
peka-chemie.de,peka-chemie.de,False
thecateringbox.com,thecateringbox.com,False
bucktapeusa.com,bucktapeusa.com,False
protectpakgroup.com,protectpakgroup.com,False
discountnurserysupplies.com,discountnurserysupplies.com,False
ww7.kokilab.com,ww7.kokilab.com,False
dupre-solutions.com,dupre-solutions.com,True
contractpackagingresources.com,contractpackagingresources.com,False
hpneun.com,hpneun.com,False
pack-magic.com,pack-magic.com,False
ecochainsolutions.com,ecochainsolutions.com,False
rocksolidmanufacturing.com,rocksolidmanufacturing.com,False
murdockcompany.com,murdockcompany.com,False
greenershapes.com,greenershapes.com,False
huatai-group.com,huatai-group.com,True
uslabelcorp.com,uslabelcorp.com,False
rcdprintpack.com,rcdprintpack.com,False
medilineusa.com,medilineusa.com,False
essentrapackaging.es,essentrapackaging.es,False
scalemarket.com,scalemarket.com,False
industryplastic.com,industryplastic.com,True
windhampkg.com,windhampkg.com,True
bakersupply.net,bakersupply.net,False
pmmrworld.net,pmmrworld.net,True
totalpackagingsolutions.net,totalpackagingsolutions.net,False
cosmbrands.com,cosmbrands.com,False
buckeyediamond.com,buckeyediamond.com,False
kartonara.de,kartonara.de,False
adfpi.org,adfpi.org,False
gutenbergsdankpressing.com,gutenbergsdankpressing.com,True
paulmichaelgroup.com,paulmichaelgroup.com,False
cinpak.com,cinpak.com,False
terraboxflorida.com,terraboxflorida.com,False
mcpack.co.uk,mcpack.co.uk,True
rakraftpaper.com,rakraftpaper.com,False
quakercompany.com,quakercompany.com,False
scatrading.net,scatrading.net,False
natsub.net,natsub.net,True
kivflexpack.com,kivflexpack.com,True
tubeadvantage.com,tubeadvantage.com,False
teajugs.com,teajugs.com,True
fieldpackaginggroup.com,fieldpackaginggroup.com,False
knurls.com,knurls.com,False
monvicstore.com,monvicstore.com,False
oemmaterials.com,oemmaterials.com,False
nationcorrugated.com,nationcorrugated.com,False
sunpakcaribe.com,sunpakcaribe.com,True
packassure.com,packassure.com,False
containeressentials.com,containeressentials.com,False
greenearthpackaging.com,greenearthpackaging.com,True
packaginghorizons.com,packaginghorizons.com,False
apacktech.com,apacktech.com,False
dissolves.com,dissolves.com,True
duvalcontainer.com,duvalcontainer.com,False
relioninc.com,relioninc.com,False
s-gcorrugatedpackaging.com,s-gcorrugatedpackaging.com,False
astrofoam.com,astrofoam.com,False
avivaplastics.com,avivaplastics.com,False
velendo.com,velendo.com,False
kangspackaging.com,kangspackaging.com,False
pyramidfilters.com,pyramidfilters.com,False
allflex.com,allflex.com,False
lifepacklabs.com,lifepacklabs.com,False
ww1.daviscore.com,ww1.daviscore.com,False
thecbdfactories.com,thecbdfactories.com,False
carterassociatesmfg.com,carterassociatesmfg.com,False
labelmastersusa.com,labelmastersusa.com,False
durphypkg.com,durphypkg.com,False
lmipacking.com,lmipacking.com,False
thecreativeboxes.com,thecreativeboxes.com,False
federalassembly.com,federalassembly.com,False
norticinc.com,norticinc.com,False
awcpackaging.com,awcpackaging.com,False
packcoinc.com,packcoinc.com,False
novakpkging.com,novakpkging.com,False
exnercorp.com,exnercorp.com,False
onetonbag.com,onetonbag.com,False
coastalpkg.com,coastalpkg.com,False
machinewess.com,machinewess.com,False
appliedresourcesint.com,appliedresourcesint.com,True
mfxcorp.com,mfxcorp.com,True
spectra-kote.com,spectra-kote.com,False
foam-in-place-systems.com,foam-in-place-systems.com,False
frontierpackagingandequipment.com,frontierpackagingandequipment.com,False
csicorr.com,csicorr.com,False
turbopackllc.com,turbopackllc.com,False
kinamorinc.com,kinamorinc.com,False
pro-packinc.com,pro-packinc.com,False
inix.us,inix.us,True
highmountainprocessing.com,highmountainprocessing.com,False
ugplast-inc.com,ugplast-inc.com,False
zume.com,zume.com,False
sealpaks.com,sealpaks.com,False
damronplg.com,damronplg.com,False
dri-tec.com,dri-tec.com,False
commodityfoilandpaper.com,commodityfoilandpaper.com,True
tlflexopack.com,tlflexopack.com,False
thankfulpartners.com,thankfulpartners.com,True
davey.co.za,davey.co.za,False
tandps.com,tandps.com,False
southeasternpackagingequipmentsales.com,southeasternpackagingequipmentsales.com,False
vac-bv.nl,vac-bv.nl,False
pryorsystems.com,pryorsystems.com,False
ww1.flex-pak.biz,ww1.flex-pak.biz,False
hspackagingfilm.com,hspackagingfilm.com,False
truepackagingdesign.com,truepackagingdesign.com,False
primepaper.com,primepaper.com,False
gtgpackaging.com,gtgpackaging.com,False
10crowns.com,10crowns.com,False
zumbieldigital.com,zumbieldigital.com,False
conpakinc.com,conpakinc.com,False
jmspackaging.com,jmspackaging.com,False
pcgpackaging.com,pcgpackaging.com,False
scp-packaging.com,scp-packaging.com,False
packflowconcepts.com,packflowconcepts.com,False
legacypharmacytx.com,legacypharmacytx.com,False
flexospring.us,flexospring.us,False
qteccolours.com,qteccolours.com,True
gwmouk.com,gwmouk.com,False
prh-industries.com,prh-industries.com,False
pacificgroupgreen.com,pacificgroupgreen.com,False
brandpack1.com,brandpack1.com,False
walterdrake.com,walterdrake.com,False
naturestarglobal.com,naturestarglobal.com,False
vacqpackusa.com,vacqpackusa.com,True
allanpackaging.com,allanpackaging.com,False
slpassoc.com,slpassoc.com,False
paxeuticals.com,paxeuticals.com,False
gpdllc.com,gpdllc.com,True
501nutrition.com,501nutrition.com,True
polypaq.com.my,polypaq.com.my,False
sustain.technology,sustain.technology,False
rathnagroup.in,rathnagroup.in,True
medfab-novicon.com,medfab-novicon.com,False
vitanecontractpacks.com,vitanecontractpacks.com,True
commandpackaging.com,commandpackaging.com,False
closethelooppackaging.com,closethelooppackaging.com,True
biopac.id,biopac.id,True
intelsiussolutions.com,intelsiussolutions.com,True
cfourusa.com,cfourusa.com,False
inline-r.ru,inline-r.ru,True
elysianholding.com,elysianholding.com,False
anthony-lee.com,anthony-lee.com,False
empmanufacturing.com,empmanufacturing.com,False
visionpackaginginc.com,visionpackaginginc.com,False
pacificscientificinc.com,pacificscientificinc.com,False
asiabulksacks.com,asiabulksacks.com,False
trumixchemical.com,trumixchemical.com,False
yourboxpackaging.com,yourboxpackaging.com,False
qsting.com,qsting.com,True
jmkconsultantsllc.com,jmkconsultantsllc.com,False
monetgraphics.com,monetgraphics.com,True
bitsys.com,bitsys.com,True
donahue-corry.com,donahue-corry.com,True
cbdcopacker.com,cbdcopacker.com,True
beyergraphics.com,beyergraphics.com,False
jlpkg.com,jlpkg.com,False
fusionpkg.com,fusionpkg.com,False
isoflexpkg.com,isoflexpkg.com,True
aran-us.com,aran-us.com,True
packagingexchange.com,packagingexchange.com,True
hjsusa.com,hjsusa.com,False
universalpackage.com,universalpackage.com,False
altechpackaging.com,altechpackaging.com,False
coroplast.com,coroplast.com,False
atlasdie.com,atlasdie.com,False
paperproductscorp.com,paperproductscorp.com,True
intpacsol.com,intpacsol.com,False
tksupplies.com,tksupplies.com,False
mjwintl.com,mjwintl.com,False
arsnusa.com,arsnusa.com,False
anciglobal.com,anciglobal.com,False
justplastics.co.uk,justplastics.co.uk,False
zoxxbox.com,zoxxbox.com,False
genlabscorp.com,genlabscorp.com,False
iconex.com,iconex.com,True
uvutechnologies.com,uvutechnologies.com,False
mil-specpkg.com,mil-specpkg.com,False
lodgingkit.com,lodgingkit.com,False
equinoxnutra.com,equinoxnutra.com,False
aifoods.com,aifoods.com,True
columbuschemical.com,columbuschemical.com,False
signaturesprings.com,signaturesprings.com,False
matw.com,matw.com,False
store.ameliocenterprises.com,store.ameliocenterprises.com,True
skolnik.com,skolnik.com,False
shopapt.com,shopapt.com,True
ecoproducts.com,ecoproducts.com,False
dongshengfoodsusa.com,dongshengfoodsusa.com,True
canyonplastics.com,canyonplastics.com,True
victorypackaging.com,victorypackaging.com,False
www2.us.huhtamaki.com,www2.us.huhtamaki.com,True
flexicon.com,flexicon.com,True
tformpackaging.com,tformpackaging.com,False
packagecontainers.com,packagecontainers.com,False
packagingplususa.com,packagingplususa.com,True
proviewfoods.com,proviewfoods.com,True
livepacha.com,livepacha.com,True
adherexgroup.com,adherexgroup.com,False
spencerpackaging.com,spencerpackaging.com,False
clearviewpackaging.com,clearviewpackaging.com,True
customconesusa.com,customconesusa.com,True
danimerscientific.com,danimerscientific.com,True
helmyplastics.com,helmyplastics.com,False
americanhealthpackaging.com,americanhealthpackaging.com,False
meco.com,meco.com,False
butlergas.com,butlergas.com,True
thepecannation.com,thepecannation.com,True
nationfresh.com,nationfresh.com,True
goodcbd.com,goodcbd.com,True
advantive.com,advantive.com,True
capecodselect.com,capecodselect.com,True
safecorhealth.com,safecorhealth.com,False
thclabelsolutions.com,thclabelsolutions.com,True
directpackinc.com,directpackinc.com,True
galloglass.com,galloglass.com,True
cocovibe.com,cocovibe.com,True
e6pr.com,e6pr.com,True
multisteps.com,multisteps.com,True
sticorpusa.com,sticorpusa.com,True
spectrumdiversified.com,spectrumdiversified.com,False
berwickoffraywholesale.bwweb.net,berwickoffraywholesale.bwweb.net,False
nutjobs.com,nutjobs.com,False
trinity.global,trinity.global,False
contractconverting.com,contractconverting.com,False
ajgpackaging.com,ajgpackaging.com,False
generalbottle.com,generalbottle.com,True
norkol.com,norkol.com,False
onepak.com,onepak.com,False
impzh.com,impzh.com,False
dacocorp.com,dacocorp.com,True
plant-automation-group.com,plant-automation-group.com,True
3barbiologics.com,3barbiologics.com,False
jbsimportsdivision.com,jbsimportsdivision.com,True
kayapackaging.com,kayapackaging.com,True
earthwisebags.com,earthwisebags.com,False
logomark.com,logomark.com,False
transpak.com,transpak.com,False
kpiincorporated.com,kpiincorporated.com,False
wilpackpackaging.com,wilpackpackaging.com,True
encoreintl.com,encoreintl.com,False
taknek.com,taknek.com,True
drinkringa.com,drinkringa.com,True
paradigm-grp.com,paradigm-grp.com,False
flottmanco.com,flottmanco.com,False
rtintel.com,rtintel.com,True
cryoport.com,cryoport.com,False
ooweeproducts.com,ooweeproducts.com,False
wwglassresource.com,wwglassresource.com,True
wormsergroup.com,wormsergroup.com,False
rtiglobal.com,rtiglobal.com,False
cssintl.com,cssintl.com,False
palisadespaper.com,palisadespaper.com,True
packiq.com,packiq.com,False
gsms.us,gsms.us,False
eurosourceamerica.com,eurosourceamerica.com,True
plaxall.com,plaxall.com,False
jamestowncoatings.com,jamestowncoatings.com,True
internationallabel.com,internationallabel.com,False
tru-cut.net,tru-cut.net,False
specialtysalesinc.com,specialtysalesinc.com,False
naepac.com,naepac.com,True
greenlinkplastics.com,greenlinkplastics.com,False
sunshinesupplyusa.com,sunshinesupplyusa.com,True
cloacina.com,cloacina.com,True
thepkgco.com,thepkgco.com,False
signaturefoodboards.com,signaturefoodboards.com,False
weareacr.com,weareacr.com,True
imfa.org,imfa.org,False
newjourneypackaging.com,newjourneypackaging.com,True
totalpaper.net,totalpaper.net,True
hdgroupllc.com,hdgroupllc.com,False
romtecutilities.com,romtecutilities.com,False
tblplastics.com,tblplastics.com,False
custom420.com,custom420.com,True
kem-tech.com,kem-tech.com,False
coedru.com,coedru.com,False
voidtechnologies.com,voidtechnologies.com,False
snydersolutions.com,snydersolutions.com,False
sequoiafood.com,sequoiafood.com,True
pearsonmedical.com,pearsonmedical.com,False
flxon.com,flxon.com,False
ceratek.com,ceratek.com,False
truepack.com,truepack.com,True
systems-technology-inc.com,systems-technology-inc.com,False
nbiflexpack.com,nbiflexpack.com,True
oxipitalai.com,oxipitalai.com,True
sussexim.com,sussexim.com,False
dakamericas.com,dakamericas.com,False
petropolimer.ru,petropolimer.ru,True
innovativeenergy.com,innovativeenergy.com,False
flexwareinnovation.com,flexwareinnovation.com,True
tube.org,tube.org,False
robinsonprinting.com,robinsonprinting.com,False
qualitapaper.com,qualitapaper.com,True
theonecorp.net,theonecorp.net,True
airxchange.com,airxchange.com,False
surgere.com,surgere.com,False
stoutbev.com,stoutbev.com,True
tightpac.com,tightpac.com,True
armorvci.com,armorvci.com,False
hayssen.com,hayssen.com,True
cng-inc.com,cng-inc.com,False
onevisioncorp.com,onevisioncorp.com,True
jv-h.com,jv-h.com,True
pacepackaging.com,pacepackaging.com,True
rennco.com,rennco.com,True
bridgeanalyzers.com,bridgeanalyzers.com,True
lifeindustries.com,lifeindustries.com,False
spiltag.com,spiltag.com,True
packagingwholesalers.com,packagingwholesalers.com,False
imdassociation.com,imdassociation.com,False
yourcleanroomsupplier.com,yourcleanroomsupplier.com,False
royal-paper.com,royal-paper.com,True
fusiafoods.com,fusiafoods.com,True
jpidisplay.com,jpidisplay.com,False
cjfoodsinc.com,cjfoodsinc.com,True
kureha.com,kureha.com,False
mwaus.com,mwaus.com,True
theleitmangroup.com,theleitmangroup.com,False
singleface.biz,singleface.biz,True
selas.com,selas.com,False
pacificagpak.com,pacificagpak.com,False
itemgrabbergreen.com,itemgrabbergreen.com,False
dependableplastic.com,dependableplastic.com,False
jb-plastics.com,jb-plastics.com,False
mycfs.com,mycfs.com,True
vaia-tech.com,vaia-tech.com,True
restaurantwraps.com,restaurantwraps.com,True
bpmpaper.com,bpmpaper.com,True
rembrandtfruit.com,rembrandtfruit.com,True
liquorbottle.net,liquorbottle.net,True
apricityservices.com,apricityservices.com,False
ibcshell.com,ibcshell.com,False
secureproducts.com,secureproducts.com,False
thekraftgroup.com,thekraftgroup.com,False
flyspacestation.com,flyspacestation.com,True
emeraldautomation.com,emeraldautomation.com,True
novaautomation.com,novaautomation.com,True
budpack.com,budpack.com,False
toteco.com,toteco.com,True
rios.ai,rios.ai,False
caliperfoods.com,caliperfoods.com,True
automation-solutions.com,automation-solutions.com,True
foodanddrugandthebug.com,foodanddrugandthebug.com,False
hrkgroupinc.com,hrkgroupinc.com,False
cuiwatermelondrink.com,cuiwatermelondrink.com,False
rappspackaging.com,rappspackaging.com,True
ecofoodpak.com,ecofoodpak.com,False
leafypack.com,leafypack.com,True
coldchainpros.com,coldchainpros.com,False
hisierra.com,hisierra.com,False
happyheadmarketing.com,happyheadmarketing.com,False
factronicsusa.com,factronicsusa.com,True
controlteconline.com,controlteconline.com,True
pdspropak.com,pdspropak.com,False
peaksupplyco.com,peaksupplyco.com,True
cap-inc.com,cap-inc.com,False
storesponsible.com,storesponsible.com,False
thesigma.group,thesigma.group,True
kubetechmolding.com,kubetechmolding.com,False
fxlsolutions.com,fxlsolutions.com,True
canampackaging.com,canampackaging.com,False
ddpkg.us,ddpkg.us,False
premiermp.com,premiermp.com,False
packagedcooling.com,packagedcooling.com,False
signatureflexible.com,signatureflexible.com,False
bakenship.com,bakenship.com,True
zefirowaste.com,zefirowaste.com,False
westpakuk.com,westpakuk.com,True
kpi-fibc.com,kpi-fibc.com,False
luxgloballabel.com,luxgloballabel.com,False
donpack.com,donpack.com,True
sealvax.com,sealvax.com,True
mjrapoport.com,mjrapoport.com,False
advasaf.com,advasaf.com,False
fabriconproducts.com,fabriconproducts.com,False
jamaicachoicefoods.com,jamaicachoicefoods.com,True
unipak.cc,unipak.cc,False
chamnessbiodegradables.com,chamnessbiodegradables.com,False
babacustomboxes.com,babacustomboxes.com,False
packlandonline.com,packlandonline.com,False
induspacwest.com,induspacwest.com,False
canimal.com,canimal.com,False
gothampackaging.com,gothampackaging.com,False
wes-co.com,wes-co.com,False
tennantsolutions.com,tennantsolutions.com,False
