packaging_name,domain
(81) Plastipak - Newark,plastipak.com
(74) Plastipak Packaging -  Plant City,plastipak.com
Admiral Beverage - Fremont Beverage,admiralbeverage.com
ABARTA Coca-Cola Beverages,abartacocacola.com
Accurate Box Company Inc,accuratebox.com
A-Pac Manufacturing Co.,polybags.com
(87) Plastipak Packaging - Ottumwa,plastipak.com
(76) Plastipak Packaging,plastipak.com
Absolute Air,absolutaire.com
Agrana Fruit US,us.agrana.com
Agrana Fruit US,us.agrana.com
Admiral Beverages Company- Pleasantview,admiralbeverage.com
Agrana Fruit US,us.agrana.com
Agrana Fruits US,us.agrana.com
Ahlstrom NonWovens LLC,ahlstrom.com
Admiral Beverage Corporation Nampa Idaho,admiralbeverage.com
AGT Foods - Minot,agtfoods.com
Air Liquide Large Industries (Armorel),airliquide.com
Air Liquide Industrial US LP N2 Pasadena,usa.airliquide.com
Air Liquide Large Industries US LP N2 (Geismar),usa.airliquide.com
Air Liquide Large Industries US LP N2 (Freeport),usa.airliquide.com
AGT Foods (Williston),agtfoods.com
Air Liquide Large Industries US LP N2 (Merritt Island),usa.airliquide.com
Air Products and Chemicals Inc. -Cleveland,airproducts.ca
Air Liquide Large Industries US LP N2 (Ghent),airliquide.com
Air Products and Chemicals Inc. - Midlothian,airproducts.ca
Air Products and Chemicals Inc. -Council Bluffs,mapquest.com
Air Products and Chemicals Inc. -Lakota,airproducts.ca
Air Products and Chemicals Inc. -Santa Clara,airproducts.com
Air Products and Chemicals Inc. -Santa Fe Springs,canadabuys.canada.ca
Air Products and Chemicals,airproducts.ca
Air Products and Chemicals Inc. -Orlando,airproducts.ca
Air Products and Chemicals Inc. -Pryor,airproducts.ca
Air Products and Chemicals,airproducts.ca
Air Products and Chemicals,airproducts.ca
Air Products and Chemicals,airproducts.ca
Air Products and Chemicals,airproducts.ca
Air Products and Chemicals,airproducts.ca
Air Products and Chemicals,airproducts.ca
Air Products and Chemicals,airproducts.ca
Air Products and Chemicals,airproducts.ca
Air Products and Chemicals,airproducts.ca
Air Products and Chemicals,airproducts.ca
Airgas USA LLC,airgas.com
Airgas USA LLC,airgas.com
Airgas USA LLC (Alvin),airgas.com
Airgas USA LLC Coatesville,airgas.com
Airgas USA LLC Augusta,airgas.com
Airgas USA LLC Cleburne,airgas.com
Airgas USA LLC Bozrah,airgas.com
Airgas USA LLC Etiwanda,airgas.com
Airgas USA LLC Denver,airgas.com
Airgas USA LLC Dayton,airgas.com
Airgas USA LLC Hopkinsville,locations.airgas.com
Airgas USA LLC McMinnville,airgas.com
Airgas USA LLC Canton,airgas.com
Airgas USA LLC Madison,airgas.com
Airgas USA LLC North Carolina,airgas.com
Airgas USA LLC Clarksville,airgas.com
Airgas USA LLC New Carlisle,airgas.com
Airgas USA LLC Oklahoma City,airgas.com
Airgas USA LLC Minooka,airgas.com
Airgas USA LLC Pixley,airgas.com
Airgas USA LLC Orlando,airgas.com
Airgas USA LLC Rockport,airgas.com
Airgas USA LLC Rock Hill,airgas.com
Airgas USA LLC Tucson,airgas.com
Airgas USA LLC Star,airgas.com
Airgas USA LLC Salt Lake City,airgas.com
Airgas USA LLC Kapolei,airgas.com
Airgas USA LLC,airgas.com
Airgas USA LLC Jefferson,airgas.com
Ajinomoto Health & Nutrition North America,ajihealthandnutrition.com
Airlite Plastics Co. PA Division,airliteplastics.com
Airgas USA,airgas.com
Alltrista Plastics LLC,alltrista.com
Airgas USA,airgas.com
Alfrebro LLC,perfumerflavorist.com
Airgas USA LLC,airgas.com
Almega Plastics,almegaplastics.com
ALPLA INC (Bethlehem),alpla.com
Alpla Inc.,alpla.com
ALPLA INC,alpla.com
ALPLA INC. (BOWLING GREEN 1),alpla.com
ALPLA Inc. (Dayton),alpla.com
AlphaPet,alphapet.com
Alpla Inc. (EBM),alpla.com
Ajinomoto Health and Nutrition North America,ajihealthandnutrition.com
ALPLA INC. Sherman,alpla.com
ALPLA Inc. (Iowa City PET),alpla.com
ALPLA INC. (ST. PETERS 1),alpla.com
Alto Pekin,altoingredients.com
Amcor Flexibles North America,amcor.com
ALPLA Inc. (West Bend),alpla.com
Amcor Flexibles North America,amcor.com
Alpla Inc. (Lima),alpla.com
ALPLA Inc. (Salt Lake City),alpla.com
Amcor Flexibles North America,amcor.com
Amcor Flexibles North America,amcor.com
Amcor Flexibles North America,amcor.com
Amcor Flexibles North America,amcor.com
Amcor Flexibles North America,amcor.com
Amcor Flexibles North America,amcor.com
Amcor Flexibles North America,amcor.com
Amcor Flexibles North America,amcor.com
Amcor Flexibles North America,amcor.com
Amcor Flexibles North America,amcor.com
Amcor Flexibles North America,amcor.com
Amcor Flexibles North America,amcor.com
Amcor Flexibles North America,amcor.com
Amcor Flexibles North America,amcor.com
Amcor Flexibles North America,amcor.com
Amcor Flexibles North America,amcor.com
Amcor Flexibles North America,amcor.com
Amcor Flexibles North America,amcor.com
Amcor Flexibles North America,amcor.com
Amcor Flexibles North America,amcor.com
Amcor Shield Pack,amcor.com
American Almond Products Co.,barry-callebaut.com
Amcor Flexibles North America,amcor.com
Amcor Specialty Cartons Americas LLC,amcor.com
American Flange & Mfg. Co.,tri-sure.com
Amcor Flexibles North America,amcor.com
American Fuji Seal,fujiseal.com
American Packaging Corp. EL & C Division,americanpackaging.com
AMERICAN SODA LLC,americansoda.co.uk
American Packaging Corporation-Churchville,americanpackaging.com
American Yeast Corporation - Baltimore,lallemand.com
American Packaging Corporation - Story City,americanpackaging.com
American Yeast Corporation - Tennessee a Subsidiary of Lallemand Inc.,lallemand.com
Ameristar Meats,usfoods.com
AMES PET,amespethospital.com
AMT West,exo.quebec
Anchor Glass Container Corporation,anchorglass.com
Andros Ingredients,androsna.com
AmTech Ingredients,amtechingredients.com
Anchor Glass Container Corporation,anchorglass.com
Applied Material Solutions,appliedmaterialsolutions.com
Anchor Glass Container Corporation,anchorglass.com
APS BioGroup,apslabelle.com
Archer Daniels Midland Company,adm.com
Anchor Glass Container Corporation,anchorglass.com
Archer Daniels Midland Company,adm.com
Archer Daniels Midland Company (ADM) - Salt Lake City,adm.com
Archer Daniels Midland Company (ADM) Portland,adm.com
Archer Daniels Midland Company,adm.com
Archer-Daniels-Midland Company,adm.com
Archer Daniels Midland Company (ADM) Lakeville,adm.com
Archer Daniels Midland Company (ADM) Denver,adm.com
Archer-Daniels-Midland Company,adm.com
Archer-Daniels-Midland Company,adm.com
Anchor Glass Container Corporation,anchorglass.com
Archer-Daniels-Midland Company,adm.com
Archer-Daniels-Midland Company,adm.com
Archer-Daniels-Midland Company,adm.com
Archer-Daniels-Midland Company,adm.com
Archer-Daniels-Midland Company,adm.com
Archer-Daniels-Midland Company,adm.com
Archer-Daniels-Midland Company,adm.com
Ardagh Glass Inc. - Pevely,ardaghgroup.com
Ardagh Glass Inc. - Henderson,ardaghgroup.com
Ardagh Glass Inc. - Dunkirk,ardaghgroup.com
Ardagh Glass Inc.- Winchester,ardaghgroup.com
Ardagh Glass Inc. - Sapulpa,ardaghgroup.com
Ardagh Glass Inc -  Burlington,ardaghgroup.com
AROMATECH FLAVORINGS,aromatechgroup.com
Arena Products Inc.,arenaproducts.com
Arxada,arxada.com
Ascend Performance Materials Operations LLC,ascendmaterials.com
Arkema Inc. Geneseo Plant,arkema.com
Ashland Specialty Ingredients G.P.,ashland.com
Astro Chemicals Inc,astrochemicals.com
Aurorium LLC,aurorium.com
Atlantic Bottling Company,atlanticbottling.com
Assist Natural Products and Services LLC.,assist-nps.com
Atlanta Bonded Warehouse Corporation,atlantabonded.com
AVANTOR PERFORMANCE MATERIALS,avantorsciences.com
Aveka Manufacturing Inc.,aveka.com
Axium Packaging LLC (Bartlett),axiumpackaging.com
Aveka Nutra Processing,aveka.com
Axium Packaging LLC (Ontario),axiumpackaging.com
Axium Packaging LLC - Archdale,axiumpackaging.com
Axium Packaging LLC (New Albany),axiumpackaging.com
Axium Packaging LLC (Lawrenceville),axiumpackaging.com
Axium Packaging LLC (Betlehem),axiumpackaging.com
Balchem Corporation Albion Laboratories,balchem.com
Axium Packaging LLC - Vancouver,axiumpackaging.com
BALL CORPORATION \u2013 GLENDALE,ball.com
Ball Corporation,ball.com
Axium Packaging LLC (Jefferson City),axiumpackaging.com
Ball Manufacturing,ball.com
Ball Manufacturing,ball.com
Ball Manufacturing,ball.com
Auriga Polymers,indoramaventures.com
Ball Manufacturing,ball.com
Ball Corporation,ball.com
Ball Manufacturing,ball.com
Ball Manufacturing,ball.com
Ball Manufacturing,ball.com
Ball Manufacturing,ball.com
BALL MANUFACTURING,ball.com
Ball Manufacturing,ball.com
Ball Manufacturing,ball.com
Ball Manufacturing,ball.com
BALL MANUFACTURING,ball.com
Ball Packaging LLC,ball.com
Bardstown Bourbon Company,bardstownbourbon.com
BALL METAL BEVERAGE PACKAGING DIVISION,ball.com
Barry Callebaut USA LLC,barry-callebaut.com
Barilla America Inc. - Plant and Mill of Ames  Food Safety,barillagroup.com
Barry Callebaut USA LLC,barry-callebaut.com
Barry Callebaut AG,barry-callebaut.com
BARILLA AMERICA N.Y. INC,barilla.com
Barry Callebaut USA LLC,barry-callebaut.com
Barry Callebaut USA LLC,barry-callebaut.com
Barry Callebaut USA LLC,barry-callebaut.com
Barry Callebaut USA LLC,barry-callebaut.com
Barton 1792 Distillery,1792bourbon.com
Bartow Ethanol,bartowethanol.com
Bay Corrugated Container,baycorr.com
BC Foods,bcfoods.com
Beck Pack Systems Inc,beck-liner.com
Bel Brands USA,belbrandsusa.com
Ben and Jerry's Homemade Inc,benjerry.com
Bel Brands USA,belbrandsusa.com
Ben and Jerry's Homemade Inc.,benjerry.com
Benebios Inc. DBA Culture Systems Inc.,benebios.com
BHJ USA,bhj.com
BHJ USA,bhj.com
BHJ USA,bhj.com
BHJ USA,bhj.com
Bevolution Group- Frostproof,bevolutiongroup.com
BHJ USA,bhj.com
BHJ USA,bhj.com
BHJ USA,bhj.com
Big Beverages Contract Manufacturing,bigbeverages.com
Bio-Cat,bio-cat.com
BioUrja Renewables LLC,biourja.com
BioKyowa,biokyowa.com
Blue Pacific Flavors,bluepacificflavors.com
BlueTriton Brands,bluetriton.com
Blues City Brewery,citybrewery.com
BLUETRITON BRANDS,bluetriton.com
BlueTriton Brands,bluetriton.com
Bio-Botanica Inc.,bio-botanica.com
BlueTriton Brands,bluetriton.com
BlueTriton Brands,bluetriton.com
BlueTriton Brands,bluetriton.com
BlueTriton Brands,bluetriton.com
BlueTriton Brands,bluetriton.com
BlueTriton Brands,bluetriton.com
BlueTriton Brands,bluetriton.com
BlueTriton Brands,bluetriton.com
BlueTriton Brands,bluetriton.com
BlueTriton Brands,bluetriton.com
BlueTriton Brands,bluetriton.com
BlueTriton Brands,bluetriton.com
BlueTriton Brands,bluetriton.com
BlueTriton Brands,bluetriton.com
BlueTriton Brands,bluetriton.com
BlueTriton Brands,bluetriton.com
BlueTriton Brands,bluetriton.com
BlueTriton Brands,bluetriton.com
BlueTriton Brands,bluetriton.com
BlueTriton Brands,bluetriton.com
Bontoux Inc.,bontoux.com
BlueTriton Brands,bluetriton.com
Bollore Incorporated,bollore.com
Bulk Natural LLC,bulknaturalswholesale.com
Buffalo Rock Company,buffalorock.com
Buitoni Food Company - Danville,buitoni.com
Boortmalt USA Ltd,boortmalt.com
BWC Terminals LLC,bwcterminals.com
BuzzBallz LLC,buzzballz.com
Brewers Supply Group,rahrbsg.com
Cadillac Products Packaging,cadprod.com
CAMPARI AMERICA,campari.com
Cadillac Products Packaging Company,cadprod.com
Cargill Cocoa & Chocolate (A Subsidiary of Cargill,cargill.com
Cargill Incorporated,cargill.com
Cargill Incorporated,cargill.com
Cargill Incorporated,cargill.com
Cargill Incorporated,cargill.com
Cardinal Foods (DE) LLC,cardinalfoodsllc.com
Cargill Incorporated,cargill.com
Cargill Incorporated,cargill.com
Cargill Incorporated,cargill.com
Cargill Incorporated,cargill.com
Cargill Incorporated,cargill.com
Cargill Incorporated,cargill.com
Cargill Incorporated,cargill.com
Cargill Incorporated,cargill.com
Cargill Incorporated,cargill.com
Cargill Incorporated,cargill.com
Cargill Incorporated,cargill.com
Cargill Incorporated,cargill.com
Cargill Incorporated,cargill.com
Cargill Incorporated,cargill.com
Cargill Incorporated,cargill.com
Cargill Incorporated,cargill.com
Cargill Incorporated,cargill.com
Cargill Incorporated,cargill.com
Cargill Incorporated,cargill.com
Cargill Incorporated,cargill.com
Cargill Incorporated,cargill.com
Cargill Incorporated,cargill.com
Cargill Incorporated,cargill.com
Cargill Incorporated (Lafayette,cargill.com
Cargill Incorporated (Guntersville),cargillag.com
Cargill Incorporated (Sioux City,cargill.com
Cargill Kitchen Solutions - Monticello,cargill.com
Cargill,cargill.com
Cargill Kitchen Solutions - Mason City,careers.cargill.com
Cargill Incorporated- Big Lake,cargill.com
Cargill,cargill.com
Cargill,cargill.com
Cargill,cargill.com
Cargill,cargill.com
Cargill,cargill.com
Cargill,cargill.com
Cargill,cargill.com
Cargill,cargill.com
Cargill,cargill.com
Cargill,cargill.com
Cargill,cargill.com
Cargill,cargill.com
Cargill,cargill.com
Cargill,cargill.com
Carib Brewery Grenada Ltd,caribbrewery.com
Carnivore Meat Company,carnivoremeat.com
Carolina Beverage Group (Fort Worth),carolinabeveragegroup.com
Carolina Beverage Group,carolinabeveragegroup.com
Carolina Canners,carolinacanners.com
Carry Transit LLC,carrytransit.com
Carry Transit LLC,carrytransit.com
Carry Transit LLC,carrytransit.com
Carry Transit LLC,carrytransit.com
Carry Transit LLC,carrytransit.com
Carry Transit LLC,carrytransit.com
Carry Transit LLC - Oakland NJ,carrytransit.com
Carry Transit LLC,carrytransit.com
Carry Transit LLC,carrytransit.com
CEDAP USA INC,cedap-americas.com
Carry Transit LLC (Vassar MI),carrytransit.com
Catty Corporation,cattycorp.com
Carry Transit LLC Stockton CA,carrytransit.com
Celta Chemical,celtachem.com
CellMark USA,cellmark.com
Central Bag Company,centralbagcompany.com
Central Indiana Ethanol,cie.us
Chelsea Milling Company,jiffymix.com
Chesterman Company - Coca-Cola Bottling Company of Sioux City,chesterman.com
Central Production Facility,albertahealthservices.ca
Chicago Processed Fruit Group,greenwoodassociates.com
Chr. Hansen Inc. Cultures & Enzymes,chr-hansen.com
Chief Packaging Company,chiefpackaging.com
Chr. Hansen Inc. Cultures & Enzymes New Berlin,chr-hansen.com
CIE Norfolk GNS,cienorfolk.com
Chr. Hansen,chr-hansen.com
Chocolate Accents Inc.,chocolateaccents.com
Citrosuco North America Inc,citrosuco.com
Citrosuco North America Inc,citrosuco.com
Clearwater Paper Corporation,clearwaterpaper.com
City Brewing Company,citybrewery.com
CitraSource LLC,citrasource.com
Citrus Products Inc.,nielsencitrus.com
Closure Systems International Inc.,csiclosures.com
Clinton's Ditch Cooperative Co.,clintonsditch.com
Closure Systems International,csiclosures.com
Clysar LLC.,clysar.com
Coca Cola Consolidated,cokeconsolidated.com
Coca Cola Consolidated,cokeconsolidated.com
Coca Cola Consolidated,cokeconsolidated.com
Coca Cola Consolidated,cokeconsolidated.com
Coca Cola Consolidated,cokeconsolidated.com
Coca Cola Consolidated,cokeconsolidated.com
Coca Cola Consolidated,cokeconsolidated.com
Coca Cola Consolidated,cokeconsolidated.com
Coca Cola Consolidated,cokeconsolidated.com
Coca Cola Consolidated,cokeconsolidated.com
Coca Cola Consolidated,cokeconsolidated.com
Coca-Cola Beverages Florida,cokeflorida.com
Coca-Cola Beverages Florida,cokeflorida.com
Coca-Cola Beverages Northeast,cokenortheast.com
Coca-Cola Beverages Northeast,cokenortheast.com
Coca-Cola Beverages Florida,cokeflorida.com
Coca-Cola Beverages Florida,cokeflorida.com
Coca-Cola Bottling Company United,cocacolaunited.com
Coca-Cola Bottling Company High Country,coca-colahighcountry.com
Coca-Cola Bottling Company United,cocacolaunited.com
Coca-Cola Bottling Company United,cocacolaunited.com
Coca-Cola Bottling Company United,cocacolaunited.com
Coca-Cola Bottling Company United,cocacolaunited.com
Coca-Cola Bottling Company United,cocacolaunited.com
Coca-Cola Bottling Company United,cocacolaunited.com
Coca-Cola Bottling of Hawaii,coca-colastore.com
Coca-Cola Bottling Company United,cocacolaunited.com
Coca-Cola North America,coca-cola.com
Coca-Cola North America,coca-cola.com
Coca-Cola North America,coca-cola.com
Coca-Cola North America,coca-cola.com
Coca-Cola North America,coca-cola.com
Coca-Cola North America,coca-cola.com
Coca-Cola North America,coca-cola.com
Coca-Cola North America,coca-cola.com
Coca-Cola North America,coca-cola.com
Coca-Cola North America,coca-cola.com
Coca-Cola Southwest Beverages LLC,cocacolaswb.com
Coca-Cola Southwest Beverages LLC,cocacolaswb.com
Coca-Cola Southwest Beverages LLC,cocacolaswb.com
Coca-Cola Southwest Beverages LLC,cocacolaswb.com
Coca-Cola Southwest Beverages LLC,cocacolaswb.com
Coca-Cola Southwest Beverages LLC,cocacolaswb.com
Coca-Cola Southwest Beverages LLC,cocacolaswb.com
Commex Corporation,commexcorp.com
Colonial Terminals,colonialterminals.com
Commonwealth Inc.,commonwealthinc.com
Core Botanica Processors LLC,corebotanica.com
CP Kelco U.S. Inc - San Diego Plant,cpkelco.com
Cosmed Group Inc. dba ETO Sterilization,cosmedgroup.com
Crosswind Petfoods,globalpetindustry.com
CP Kelco U.S. Inc. - Okmulgee,cpkelco.com
Colony Brands,colonybrands.com
Crosswind Petfoods,globalpetindustry.com
Crosswind Petfoods,globalpetindustry.com
Crosswind Petfoods,globalpetindustry.com
Crosswind Petfoods,globalpetindustry.com
Crosswind Petfoods,globalpetindustry.com
Crystal Geyser Water Co - Bakersfield,crystalgeyserwatercompany.com
CSP Technologies,csptechnologies.com
CSP Technologies,csptechnologies.com
CSL USA,cslusa.com
Custom Molders Group  LLC,cmgplastics.com
CurTec USA LLC,curtec.com
Custom Processing Services,customprocessingservices.com
Cutrale Citrus Juices USA,cutrale.com.br
CVista LLC,cvista.com
Danisco US Inc.,dupont.com
Danisco USA Inc.,dupont.com
Cypress Grove Chevre,cypressgrovecheese.com
Danisco USA Inc.,dupont.com
Danone North America - Bridgeton,danonenorthamerica.com
Danone North America,danonenorthamerica.com
Danone North America - Eugene (Springfield,danone.com
CTL Foods,ctlfoods.com
Danone North America - Eugene (Springfield,danone.com
Dakota Yeast,lallemand.com
Danone North America - Minster,danonenorthamerica.com
Danone North America - Ft. Worth,danonenorthamerica.com
Danone North America- Mt Crawford,danonenorthamerica.com
Danone North America \u2013 City of Industry,danonenorthamerica.com
Danone North America- Dallas,danonenorthamerica.com
Danone North America - West Jordan,danonenorthamerica.com
Deerland Probiotics & Enzymes,adm.com
Decas Cranberry products Inc.,decascranberry.com
Delicato Vineyards,delicato.com
Delicato Vineyards,delicato.com
Delicato Vineyards,delicato.com
Derby Industries,derbyindustries.com
Diageo Americas Supply,diageo.com
Dianne's Fine Desserts,diannesfinedesserts.com
Dianne\u2019s Fine Desserts- Le Center,diannesfinedesserts.com
Devro,devro.com
Diageo Americas Supply,diageo.com
Dickinson Frozen Foods - Fruitland,oregonpotato.com
Dickinson Frozen Foods - Sugar City,oregonpotato.com
Didion Milling,didioninc.com
Didion Milling Inc-Markesan,didioninc.com
Diana Food,diana-food.com
DK Pastry LLC,dkpastry.com
DK Pastry LLC,dkpastry.com
Dow Silicones Corporation \u2013 Carrollton DPS,dow.com
Doehler North America Cartersville,doehler.com
DPS Holdings,dpsgroup.co.uk
DPS Holdings,dpsgroup.co.uk
DPS Holdings,dpsgroup.co.uk
DPS Holdings,dpsgroup.co.uk
DPS Holdings,dpsgroup.co.uk
DPS Holdings,dpsgroup.co.uk
DPS Holdings,dpsgroup.co.uk
DPS Holdings,dpsgroup.co.uk
DPS Holdings,dpsgroup.co.uk
DPS Holdings,dpsgroup.co.uk
Dreyer\u2019s Grand Ice Cream,dreyersgrandicecream.com
Dreyer's Grand Ice Cream Inc - Fort Wayne,dreyersgrandicecream.com
Dreyer's Grand Ice Cream - Laurel,dreyersgrandicecream.com
Dreyer's Grand Ice Cream,dreyersgrandicecream.com
DSM Food Specialties Cultures USA,dsm-firmenich.com
Dreyer's Grand Ice Cream,dreyersgrandicecream.com
DSM Food Specialties Cultures USA,dsm-firmenich.com
DSM Food Specialties USA,dsm-firmenich.com
DSM Nutritional Products Inc- Kingstree,our-company.dsm-firmenich.com
Dr. Pepper Bottling Co.- West Jefferson,drpepper.com
DSM Nutritional Products LLC,dsm-firmenich.com
DSM Nutritional Products LLC.- FREEPORT,dsm-firmenich.com
E. & J. Gallo Winery,gallo.com
E. & J. Gallo Winery,gallo.com
E. & J. Gallo Winery,gallo.com
E. & J. Gallo Winery,gallo.com
E. & J. Gallo Winery,gallo.com
E. & J. Gallo Winery,gallo.com
E. & J. Gallo Winery,gallo.com
DSM Nutritional Product Inc - Belvidere,dsm-firmenich.com
E. & J. Gallo Winery dba California Natural Color,californianaturalcolor.com
EARTHRISE NUTRITIONALS LLC.,earthrise.com
Eatem Corporation,adm.com
Eastman Chemical Company,eastman.com
Eastman Chemical Company,eastman.com
Elplast America Inc.,elplasteurope.com
DSM Nutritional Products LLC - Arcadia,our-company.dsm-firmenich.com
Emerald Packaging,empack.com
Emmi Roth USA,emmiroth.com
Emmi Roth USA,emmiroth.com
Emmi Roth USA Inc.-Platteville,emmiroth.com
EMCO Chemical Distributors Inc.,emcochem.com
Erie International Group,erieinternationalgroup.com
Emmi Roth USA,emmiroth.com
Epic Enterprises,epicenterprises.com
Essential Chemicals USA,essential-chemicals.com
Equichem International,equichem.com
European Coffee Classics\/Melitta USA Inc.,melitta.com
Essex Laboratories LLC.,essexlabs.com
Everbest Organics Inc.,organicgrainhub.com
Erie Tropical Resources,erieinternationalgroup.com
Evergrain LLC,evergrainingredients.com
Evonik Active Oxygens LLC,active-oxygens.evonik.com
Evonik Active Oxygens LLC,active-oxygens.evonik.com
Evonik Corporation,evonik.com
F. Gavina & Sons,gavina.com
Excellentia Flavours LLC,excellentiainternational.com
Fabri-Kal Corporation - Pennsylvania,pactivevergreen.com
fairlife,fairlife.com
Fabri-Kal Corporation - Manchester,pactivevergreen.com
Fairlife,fairlife.com
Fabri-Kal Corporation - Greenville,pactivevergreen.com
fairlife,fairlife.com
Ferrara Candy Company,ferrara.com
Fannie May Confections Brands,fanniemay.com
fairlife,fairlife.com
Ferrara Candy Company-Itasca,ferrara.com
Ferrara Candy Company- Bellwood,ferrara.com
Ferrara Candy Company- Dekalb,ferrara.com
Fervalue USA Inc- Bloomington,ferreronorthamerica.com
Ferrara Candy Company-31st Street,ferrara.com
Ferrero USA Inc - Somerset NJ,ferreronorthamerica.com
Fervalue USA,ferreronorthamerica.com
Fetzer Vineyards,fetzer.com
Fiberstar,fiberstar.net
Firmenich,dsm-firmenich.com
Fiberstar,fiberstar.net
Firmenich,dsm-firmenich.com
Firmenich,dsm-firmenich.com
Firmenich,dsm-firmenich.com
First Spice Mixing Company,firstspice.com
First Mate Printing & Converting,seamanpaper.com
First Spice Mixing Company,firstspice.com
Flex Pack,flex-pack.com
Flex Pack,flex-pack.com
Florida Can Manufacturing,floridacan.com
Flora Food Sourcing US,florafoodgroup.com
Florachem Corporation,florachem.com
Florida's Natural Growers,floridasnatural.com
Florida Chemical Company,florida-chemical.com
Florida Caribbean Distillers - Auburndale,floridadistillers.com
Food Ingredient Solutions LLC.,foodcolor.com
Florida\u2019s Natural Growers,floridasnatural.com
Foremost Graphics,foremostgraphics.com
Fremont Beef Company,fremontbeef.com
Fresh Express Incorporated,freshexpress.com
Fresh Express Incorporated,freshexpress.com
FrieslandCampina Ingredients North America,frieslandcampinaingredients.com
Fresh Express Incorporated,freshexpress.com
Fresh Express Incorporated,freshexpress.com
Forage Kombucha,drinkforage.com
Fresh Express Incorporated,freshexpress.com
Frito Lay \u2013 Liberty NY,fritolay.com
Frito Lay Inc.- Rosenberg,fritolay.com
Frito Lay Inc.- Fayetteville,fritolay.com
Frito Lay,fritolay.com
Frito Lay Inc.- Vancouver,fritolay.com
Frito Lay,fritolay.com
Frito Lay,fritolay.com
Frito Lay,fritolay.com
Frito Lay,fritolay.com
Frito Lay,fritolay.com
Frito Lay,fritolay.com
Frito Lay Inc.- Bakersfield,fritolay.com
Frito Lay,fritolay.com
Frito-Lay Inc.- Aberdeen,fritolay.com
Frito-Lay Inc.- Arlington,fritolay.com
Frito-Lay Inc.- Denver,fritolay.com
Frito-Lay Inc.- Frankfort East,fritolay.com
Frito-Lay Inc.- Sidney,fritolay.com
Frito-Lay Inc.- Binghamton,fritolay.com
Frito-Lay Inc.- Gothenburg,fritolay.com
Frito-Lay Inc.- Irving,fritolay.com
Frito-Lay Inc.- York,fritolay.com
Frito-Lay,fritolay.com
Frito-Lay,fritolay.com
Frito-Lay Inc.- Dallas,fritolay.com
Frito-Lay,fritolay.com
Frito-Lay,fritolay.com
Frito-Lay,fritolay.com
Frito-Lay,fritolay.com
Frito-Lay,fritolay.com
Frito-Lay,fritolay.com
Frito-Lay- Casa Grande,fritolay.com
Fruit Fillings Inc.,fruitfillings.com
Fry Foods,fryfoods.com
Fry Foods,fryfoods.com
Fuji Foods,fujifoods-global.com
Fuji Food Products Inc,fujifoodsusa.com
Fuji Foods,fujifoods-global.com
Frito-Lay,fritolay.com
Fuling Plastic USA Inc,fulingusa.com
Fuji Foods,fujifoods-global.com
G&J Pepsi Cola -Lexington,gjpepsi.com
G&J Pepsi Cola Bottling Co. -Columbus,gjpepsi.com
G3 Enterprises Inc.,g3enterprises.com
Galloway Company,gallowaycompany.com
Garlock Flexibles,garlockflexibles.com
Galactic,galacticfunk.com
Garlock Printing and Converting Corp.,garlockflexibles.com
G&J Pepsi Cola -Winchester,gjpepsi.com
Gatorade - Oakland,gatorade.com
Gelita USA,gelita.com
Gelita USA,gelita.com
Gemini Pharmaceuticals,geminipharm.com
General Mills,generalmills.ca
General Mills Inc. - Great Falls,generalmills.ca
General Mills,generalmills.ca
Genencor International Wisconsin Inc.,iff.com
General Mills,generalmills.ca
General Mills,generalmills.ca
Gem State Processing,oregonpotato.com
General Mills,generalmills.ca
General Mills,generalmills.ca
General Mills,generalmills.ca
General Mills,generalmills.ca
General Mills,generalmills.ca
General Mills,generalmills.ca
General Mills,generalmills.ca
General Mills,generalmills.ca
General Mills,generalmills.ca
General Mills,generalmills.ca
General Mills,generalmills.ca
General Mills,generalmills.ca
Genesis Alkali,genesisenergy.com
Genesis Biosciences LLC,genesisbiosciences.com
General Mills,generalmills.ca
Genesis Plastics Technologies,genesisplastech.com
General Mills,generalmills.ca
GEO Specialty Chemicals Inc,geosc.com
Ghirardelli Chocolate Company,ghirardelli.com
Gerber Products Company DBA Nestl\u00e9 Nutrition (Fort Smith),gerber.com
Givaudan,givaudan.com
Givaudan Flavors Corporation - East Hanover ,givaudan.com
Givaudan Flavors Corporation-Carol Stream,givaudan.com
Givaudan Flavors Corporation-Cincinnatti,givaudan.com
Givaudan Flavors Corporation-Florence,givaudan.com
Givaudan Flavours Corporation,givaudan.com
GK Packaging,gkpackaging.com
GK Packaging,gkpackaging.com
Global Chemicals Corporation,globalchemicalscorp.com
GOEX,goexapparel.com
Glycerin Supplier LLC dba ingredientsupplier.com,glycerinsupplier.com
Godiva Chocolatier Inc.,godiva.com
Graham Packaging,grahampackaging.com
GOEX Corporation,goex.com
Givaudan Flavors Corporation-East Lakeland,givaudan.com
Graham Packaging Company L.P.,grahampackaging.com
Graham Packaging Arizona,grahampackaging.com
Graham Packaging Company,grahampackaging.com
Graham Packaging Company L.P.,grahampackaging.com
Graham Packaging Company,grahampackaging.com
Graham Packaging Company,grahampackaging.com
Graham Packaging Company,grahampackaging.com
Graham Packaging Company,grahampackaging.com
Graham Packaging (Elwood),grahampackaging.com
Graham Packaging Company,grahampackaging.com
Graham Packaging Company,grahampackaging.com
Graham Packaging Florida,grahampackaging.com
Graham Packaging Company,grahampackaging.com
Graham Packaging Georgia,grahampackaging.com
Graham Packaging Florida,grahampackaging.com
Graham Packaging Georgia,grahampackaging.com
Graham Packaging Illinois,grahampackaging.com
Graham Packaging Illinois,grahampackaging.com
Graham Packaging Indiana,grahampackaging.com
Graham Packaging Kentucky,grahampackaging.com
Graham Packaging Louisiana,grahampackaging.com
Graham Packaging Nevada,grahampackaging.com
Graham Packaging Missouri,grahampackaging.com
Graham Packaging Ohio,grahampackaging.com
Graham Packaging Pennsylvania,grahampackaging.com
Graham Packaging Pennsylvania,grahampackaging.com
Graham Packaging Ohio,grahampackaging.com
Graham Packaging Tennessee,grahampackaging.com
Graham Packaging Virginia,grahampackaging.com
Graham Packaging,grahampackaging.com
Grand Rapids Label Company,grlabel.com
Grandpapa's Inc.,grandpapasinc.com
Graham Packaging Washington,grahampackaging.com
Great Lakes Coca-Cola Distribution,reyescocacola.com
Great Lakes Coca-Cola Distribution,reyescocacola.com
Grandma Hoerner's Foods Inc.,grandmahoerners.com
Great Lakes Coca-Cola Distribution,reyescocacola.com
Great Lakes Coca-Cola Distribution,reyescocacola.com
Great Lakes Coca-Cola Distribution,reyescocacola.com
Great Lakes Coca-Cola Distribution,reyescocacola.com
Green Jeeva LLC,greenjeeva.com
Green Plains Central City LLC,gpreinc.com
Grow Company,grow.com
H.B. Fuller Company,hbfuller.com
HARIBO of America Manufacturing,haribo.com
Green Plains Wood River LLC,gpreinc.com
Green Plains Shenandoah LLC,gpreinc.com
H&M USA Inc.,www2.hm.com
Harv 81 USA,harv81.com
Harrington Bottling Company,harringtonpepsi.com
Healthy Kitchen,thishealthykitchen.com
Heartland Coca-Cola Bottling Company,heartlandcocacola.com
Hill\u2019s Pet Nutrition Manufacturing,hillspet.ca
Henkel US Operation Corporation,henkel.com
Hills Pet Nutrition,hillspet.ca
Henkel US Operations Corporation,henkel.com
Hormel Foods Corporation,hormelfoods.com
Hormel Foods Corporation,hormelfoods.com
Horner International,horner-intl.com
Hood River Juice Company,ryansjuice.com
Hormel Foods Corporation,hormelfoods.com
Houston Poly Bag I,houstonpoly.com
IFPACK,ifpackshop.com
IFF - International Flavors & Fragrances,iff.com
ICL Specialty Products Inc. - St. Louis,icl-stlouis.com
ICL Specialty Products Inc.-Lawrence,icl-group.com
Indorama Ventures Oxides LLC.,indoramaventures.com
Ingredion Inc.,ingredion.com
IML Containers Iowa Inc,imlcontainer.com
Ingredients by Nature,ingredientsbynature.com
Ingredion Inc.,ingredion.com
Infinity Bottling,infinitybottling.com
Ingredion Incorporated - Indianapolis,ingredion.com
Ingredion Incorporated,ingredion.com
Ingredion Incorporated - Winston Salem,ingredion.com
Ingredion Incorporated-Moses Lake WA,ingredion.com
Ingredion Incorporated-Plover,ingredion.com
Ingredion,ingredion.com
Ingredion Incorporated-North Charleston,ingredion.com
Ingredion Incorporated,ingredion.com
Ingredion,ingredion.com
Ingredion,ingredion.com
Ingredion Incorporated-Richland WA,ingredion.com
Ingredion,ingredion.com
Innovative Plastics Corporation,innovative-plastics.com
Innovative Plastics Corporation,innovative-plastics.com
Innovative Plastics South Corp.,innovative-plastics.com
International Flavors & Fragrances,iff.com
International N&H USA,iff.com
International N&H USA,iff.com
Ivanhoe Industries,ivanhoeind.com
Irwindale Brew Yard,citybrewery.com
J&K Ingredients,jkingredients.com
J Vineyards & Winery,jwine.com
Ivanhoe Industries,ivanhoeind.com
J.R. Simplot Company,simplot.com
J. M. Huber Micropowders,huber.com
Jackson Mix Company,jacksonmix.com
J.M. Huber Micropowders,huber.com
Jamestown Container,jamestowncontainer.com
J. M. Huber Micropowders,huber.com
Jessie Lord Bakery,jessielordbakery.com
Jif-Pak Manufacturing,jifpak.kallegroup.com
John I. Haas,johnihaas.com
Jet Container,jetcontainer.com
John I. Haas,johnihaas.com
Jones-Hamilton Co.,jones-hamilton.com
John I. Haas,johnihaas.com
Jones Potato Chip Company,joneschips.com
Jones-Hamilton Co.,jones-hamilton.com
Jost Chemical Co.,jostchemical.com
Joriki Inc.,jorikiinc.com
Joseph\u2019s Gourmet Pasta Company,josephsgourmetpasta.com
Juice Tyme Inc. dba Bevolution Group,bevolutiongroup.com
KALLE USA INC,kallegroup.com
Kemin Industries Inc.,kemin.com
JRS Pharma LP,jrspharma.com
Kemin Industries,kemin.com
Kemin Proteins,kemin.com
Kerry,kerry.com
Kendall Packaging Corporation - Pittsburg,kendallpkg.com
Kerry,kerry.com
Kerry,kerry.com
Kensing,kensing.net
Kerry -KH Supplier-Commerce GA,kerry.com
Keurig Green Mountain Inc.,keurig.com
Keurig Green Mountain Inc.,keurig.com
Keurig Green Mountain,keurig.com
Keurig Green Mountain Inc.,keurig.com
Kodiak Carbonic LLC,kodiakchemical.com
Keurig Green Mountain,keurig.com
Kingchem Laboratories,kingchem.com
King Juice Company,drinkcalypso.com
Kwik Lok Corporation - New Haven,kwiklok.com
Kwik Lok Corporation-Yakima,kwiklok.com
Labbeemint,labbeemint.com
Label Tek,labeltekinc.com
La Belle Associates,labellapc.com
Lactalis American Group,lactalisamericangroup.com
Lactalis Heritage Dairy Inc.,lactalisheritagedairy.com
Lactalis Heritage Dairy,lactalisheritagedairy.com
Lactalis Heritage Dairy Inc.,lactalisheritagedairy.com
Lactalis US Yogurt,lactalisyogurtusa.com
Lactalis USA,lactalisamericangroup.com
Lactalis USA,lactalisamericangroup.com
Lakeshore Technologies,lakeshoretech.net
Lasenor USA,lasenor.com
Lanxess Corporation,lanxess.com
Lehrkind's Inc,lehrkinds.com
Lavazza North America,lavazza.com
Liberty Coca-Cola Beverages LLC,libertycoke.com
Liberty Coca-Cola Beverages LLC,libertycoke.com
Lakewood Organics LLC,lakewoodorganic.com
Liberty Coca-Cola Beverages LLC,libertycoke.com
Linde ,linde.com
Linde Inc-East Chicago,linde.com
Linde Inc - Claremore,linde.com
Linde Inc. (CO2),linde.com
Linde Inc. (N2) - Kansas City MO,lindeus.com
Linde Inc. (CO2) - Price,lindedirect.com
Linde Inc. (CO2),linde.com
Linde Inc. (N2) - Neosho MO,lindeus.com
Linde Inc. (N2) - Memphis,linde.com
Linde Inc. (N2) - Pittsburg,linde.com
Linde Inc. (N2) - Riverport,linde.com
Linde Inc.,linde.com
Linde Inc. (N2) - Souderton,lindeus.com
Linde Inc. (N2)-Baltimore,linde.com
Linde Inc. (N2)- Fife,linde.com
Linde Inc. (N2) - Wilmington,linde.com
Linde Inc. (N2)- Garland,linde.com
Linde Inc. (N2)-River Rouge MI,linde.com
Linde Inc. - Augusta,linde.com
Linde Inc. -  Pekin,linde.com
Linde Inc. - Carson,linde.com
Linde Inc. - Bethlehem,linde.com
Linde Inc. -  Marmet,linde.com
Linde Inc. - Delaware City,linde.com
Linde Inc. - Decatur,linde.com
Linde Inc. - Dodge City,lindeus.com
Linde Inc. - Ferndale,linde.com
Linde Inc. - Hopewell,linde.com
Linde Inc. - Fort Worth (CO2),linde-engineering.com
Linde Inc. - Glendale,linde.com
Linde Inc. - Marshall,linde.com
Linde Inc. - Lawrenceburg,linde.com
Linde Inc. - Midway,linde.com
Linde Inc. - Duncombe,linde.com
Linde LLC-El Segundo Facility,linde.com
Linde Inc. - Vancouver,linde.com
Linde LLC-Muscatine Facility,lindeus.com
Linde Puerto Rico,linde.pr
Linde,linde.com
Linde LLC-Sandhill Facility,linde.com
Linde,linde.com
Lipton Teas & Infusions,liptonteas.com
Linde,linde.com
Logoplaste Chicago LLC,logoplaste.com
Logoplaste - Plainfield,logoplaste.com
Logoplaste Ft. Worth LLC ,logoplaste.com
Logoplaste- Hazleton,logoplaste.com
Logoplaste Minster,logoplaste.com
Logoplaste Joliet LLC,logoplaste.com
Lindt & Spr\u00fcngli USA Inc.,lindtusa.com
Logoplaste-Pittston,logoplaste.com
Logoplaste-Syracuse,logoplaste.com
LT FOODS AMERICAS,ltfoodsglobal.com
Louis Dreyfus Company Ag Industries LLC,ldc.com
LT Foods Americas,ltfoodsglobal.com
Lycored Corporation,lycored.com
Lonza Greenwood,lonza.com
M & Q Packaging LLC,mqplastics.com
LT Foods Americas,ltfoodsglobal.com
M & Q Packaging LLC,mqplastics.com
M Plastics,m-plastics.com
M&M Industries,mmcontainer.com
MacroCap Labs,macrocaplabs.com
Maisie Jane's California Sunshine Product,maisiejanes.com
Malnove Incorporated of Utah,malnove.com
M&M Industries,mmcontainer.com
Magris Talc USA,magrispm.com
Malnove Incorporated of Florida,malnove.com
Malnove Incorporated of Nebraska,malnove.com
Marquez Brothers International,elmexicano.net
Marin Kombucha Company,marinkombucha.com
Malteurop North America,malteurop.com
Mars Food US,mars.com
Mars Petcare US,mars.com
Mars Petcare US,mars.com
Mars Petcare US,mars.com
Mars Petcare US,mars.com
Mars Petcare US,mars.com
Mars Petcare US,mars.com
Mars Petcare US,mars.com
Mars Petcare US,mars.com
Mars Petcare US,mars.com
Mars Petcare US,mars.com
Mars Petcare US  (MFG-Tomah (WIT)(Pet),mars.com
Mars Petcare US,mars.com
Mars Wrigley Confectionary US,mars.com
Mars Wrigley Confectionary US,mars.com
Mars Wrigley Confectionary US,mars.com
Mars Wrigley Confectionary US,mars.com
Mars Wrigley Confectionary US,mars.com
Mars Wrigley Confectionery US,mars.com
Mars Wrigley Confectionary US,mars.com
Mars Wrigley Confectionery US,mars.com
Mars Wrigley Confectionary US,mars.com
Mars Wrigley Confectionery US,mars.com
Mars Wrigley Confectionery US,mars.com
Matheson Tri-Gas,mathesongas.com
Mars Wrigley Confectionary US,mars.com
Matheson Tri-Gas,mathesongas.com
Mars Retail Group,mars.com
Matheson Tri-Gas,mathesongas.com
Matheson Tri-Gas,mathesongas.com
Matheson Tri-Gas,mathesongas.com
Matheson Tri-Gas,mathesongas.com
Matheson Tri-Gas,mathesongas.com
Matheson Tri-Gas,mathesongas.com
Matheson Tri-Gas,mathesongas.com
Matheson Tri-Gas,mathesongas.com
Matheson Tri-Gas,mathesongas.com
Matheson Tri-Gas,mathesongas.com
Matheson Tri-Gas,mathesongas.com
Matheson Tri-Gas,mathesongas.com
Matheson Tri-Gas,mathesongas.com
Matheson Tri-Gas,mathesongas.com
Matheson Tri-Gas,mathesongas.com
Matheson Tri-Gas,mathesongas.com
Matheson Tri-Gas,mathesongas.com
Matheson Tri-Gas,mathesongas.com
Matheson Tri-Gas,mathesongas.com
Matheson Tri-Gas,mathesongas.com
Matheson Tri-Gas,mathesongas.com
Matheson Tri-Gas,mathesongas.com
Matheson Tri-Gas,mathesongas.com
Matheson Tri-Gas,mathesongas.com
Matheson Tri-Gas,mathesongas.com
Matheson Tri-Gas,mathesongas.com
Matheson Tri-Gas,mathesongas.com
Matheson Tri-Gas,mathesongas.com
Matheson Tri-Gas,mathesongas.com
Matheson Tri-Gas,mathesongas.com
Matheson Tri-Gas,mathesongas.com
Matheson Tri-Gas,mathesongas.com
Matheson Tri-Gas,mathesongas.com
Matheson Tri-Gas,mathesongas.com
Matheson Tri-Gas,mathesongas.com
Matheson Tri-Gas,mathesongas.com
Matheson Tri-Gas,mathesongas.com
Matheson Tri-Gas,mathesongas.com
Matheson Tri-Gas,mathesongas.com
Matheson Tri-Gas,mathesongas.com
Matheson Tri-Gas,mathesongas.com
Matheson Tri-Gas,mathesongas.com
Matheson Tri-Gas,mathesongas.com
Matheson Tri-Gas,mathesongas.com
Matheson Tri-Gas,mathesongas.com
Matheson Tri-Gas,mathesongas.com
Matheson Tri-Gas,mathesongas.com
MBV-Ca,mbvca.com
Mauer USA LLC,business.eacc-cincy.com
MBV-Ca,mbvca.com
MCM,mcmworldwide.com
MBW,bmw.ca
MCP Foods,mcp.co.il
Mead Johnson & Company,meadjohnson.com
Medallion Foods Inc.,medallionfoods.com
Mead Johnson & Company,meadjohnson.com
Mennel Bakery Mix and Foodservice,mennel.com
Mead Johnson & Company,meadjohnson.com
Messer LLC - Hopewell Facility,messer-us.com
Messer LLC-Brandon Facility,messer-us.com
Messer LLC-Bayport Facility,messer-us.com
Messer LLC-Cherokee Facility,messer-us.com
Messer LLC-Carson Facility,messer-us.com
Meduri Farms,medurifarms.com
Messer LLC-Cortez Facility,messer-us.com
Messer LLC-Decatur Facility,messer-us.com
Messer LLC-Lima Facility,messer-us.com
Messer LLC-Pekin Facility,messer-us.com
Messer LLC-Price Facility,messer-us.com
Messer LLC-Terrell,messer-us.com
Messer LLC-Torrance Facility,messer-us.com
Messer LLC-South Bend Facility,messer-us.com
Messer LLC-Keyes Facility,messer-us.com
Messer LLC-Woodward Facility,messer-us.com
Mid South Extrusion,msefilms.com
Middlesboro Coca-Cola Bottling Works,mccbw.com
MilliporeSigma,sigmaaldrich.com
Mona Lisa Foods,monalisaitalianfoods.com
Mizkan America,mizkan.com
Mississippi Lime Company,mlc.com
Mondelez Global LLC - Portland,mondelezinternational.com
Mill Rock Packaging Inc.,millrockpackaging.com
Molson Coors Beverage Company USA LLC DBA Watertown Hops Co,molsoncoors.com
Mondelez Global LLC - Richmond,mondelezinternational.com
Mondel\u0113z Global LLC,mondelezinternational.com
Mondel\u0113z Global LLC,mondelezinternational.com
Mondel\u0113z Global LLC,mondelezinternational.com
Morre-tec Industries,morretec.com
Monette Seeds USA LLC,monettefarms.ca
Morton Salt,mortonsalt.com
Morton Salt,mortonsalt.com
Morton Salt,mortonsalt.com
Morton Salt,mortonsalt.com
Morton Salt,mortonsalt.com
Morton Salt,mortonsalt.com
Mott's LLP,motts.com
Mott's LLP,motts.com
MRP Solutions,mrpcap.com
Multi-Color Corporation - Scottsburg,mcclabel.com
MRP Solutions,mrpcap.com
MRP Solutions,mrpcap.com
Multi-Color Corporation Chesapeake,mcclabel.com
Multi-Color Corporation York,mcclabel.com
Multi-Color Corporation,mcclabel.com
Mycological Natural Products,mycological.myshopify.com
National Foodworks Services LLC,nationalfoodworks.com
Natrium Products,naturium.com
Natural Soda LLC,naturalsoda.com
Nellson Nutraceutical,nellsonllc.com
Nestl\u00e9 Nutrition - The Gerber Products Company,gerber.com
Nestl\u00e9 HealthCare Nutrition,nestlehealthscience.ca
Nestl\u00e9 Prepared Foods,nestle.com
Nestl\u00e9 Food (Waverly),github.com
Nestl\u00e9 Professional Beverage,nestleprofessional.ca
Nestl\u00e9 Professional NA (Trenton MO),nestleprofessional.us
Nestl\u00e9 PTC (St. Joseph),members.saintjoseph.com
Nestl\u00e9 PTC (St. Louis),nestle.com
Nestl\u00e9 PTC (Fremont),huggingface.co
Nestl\u00e9 Purina PetCare (Allentown),purina.ca
Nestl\u00e9 Purina PetCare (Clinton),purina.ca
Nestl\u00e9 Purina PetCare (Davenport),purina.ca
Nestl\u00e9 Purina PetCare (Crete),purina.ca
Nestl\u00e9 Purina PetCare (Denver),purina.ca
Nestl\u00e9 Development Center (NDC) \u2013 Solon,dagshub.com
Nestl\u00e9 Purina PetCare (Dunkirk),purina.ca
Nestl\u00e9 Purina PetCare (Fairburn),purina.ca
Nestl\u00e9 Purina PetCare (Flagstaff),purina.ca
Nestl\u00e9 Purina PetCare (Fort Dodge),purina.ca
Nestl\u00e9 Purina PetCare (Hartwell),purina.ca
Nestl\u00e9 Purina PetCare (Jefferson),purina.ca
Nestl\u00e9 Purina PetCare (Mechanicsburg),purina.ca
Nestl\u00e9 Purina PetCare (St. Joseph),purina.ca
Nestl\u00e9 Purina PetCare (Oklahoma City),purina.ca
Nestl\u00e9 Purina PetCare (Hager City),purina.ca
Nestl\u00e9 Purina PetCare (Zanesville),purina.ca
Nestl\u00e9 USA (Anderson),nestl.com
Nestl\u00e9 USA (Burlington),nestl.com
Nestl\u00e9 USA (Jacksonville),nestleusa.com
Nestl\u00e9 USA Foods - Little Chute,nestleusa.com
Nestle Nutrition R&D Centers,nestle.com
Nestle Libby's Pumpkin,nestleprofessional.us
Nestl\u00e9 USA Professional,nestleprofessional.us
Nestle Pizza Division - Medford,goodnes.com
Nestle Prepared Foods,nestle.com
Nestle Prepared Foods - Jonesboro,nestle.com
New Belgium Brewing Company,newbelgium.com
Nestle Prepared Foods - Mt. Sterling,nestle.com
Nestle Prepared Foods - Gaffney,nestle.com
Nestle Purina Petcare Company,purina.ca
nexAir LLC,nexair.com
Niacet Corporation,niacet.com
NIPPON DYNAWAVE PACKAGING CO.,nipponpapergroup.com
Nitrous Oxide Corp,holley.com
Nitrous Oxide Corp.,holley.com
Noel Canning and Bottling,noelcanning.com
Nor-Cal Beverage Co.,mannabev.com
North Dakota Mill,ndmill.com
Norwest Ingredients,norwestingredients.com
Northwest Frozen,nw-naturals.net
Nutrisol LLC,nutrisol.com
Novozymes North America,novozymes.com
Novozymes Blair Inc.,novozymes.com
Nutrition & Biosciences USA 1,iff.com
Nutrition and Biosciences USA 1,iff.com
Olam Cocoa America's Inc.,olamgroup.com
OMYA ARIZONA,omya.com
Nu Life Market,nulifemarket.com
Oregon Potato Company,oregonpotato.com
Owens-Brockway Glass Container Inc,o-i.com
Owens-Brockway Glass Container Inc.,o-i.com
Noble House Spice,noblehousespice.com
Owens-Brockway Glass Container Inc.,o-i.com
Owens-Brockway Glass Container Inc.,o-i.com
Owens-Brockway Glass Container Inc.,o-i.com
Owens-Brockway Glass Container Inc.,o-i.com
Owens-Brockway Glass Container Inc.,o-i.com
Owens-Brockway Glass Containers Inc,o-i.com
Oterra LLC Previous Chr. Hansen Natural Colors LLC,oterra.com
Owens-Brockway Glass Containers Inc.,o-i.com
Owens-Brockway Glass Containers Inc.,o-i.com
Owens-Brockway Glass Containers Inc,o-i.com
Owens-Brockway Glass Containers Inc.,o-i.com
Owens-Brockway Glass Containers Inc.,o-i.com
Owens-Brockway Glass Containers Inc.,o-i.com
Owens-Brockway Glass Containers,o-i.com
Ozarks Coca-Cola \/ Dr Pepper Bottling Co.,cocacolaozarks.com
OXITENO USA LLC,indoramaventures.com
P2 Science,p2science.com
Pacific Allied Products,pacificalliedproducts.com
Package Development Company,packagedevelopmentcompany.com
Packaging Corporation of America - Akron,packagingcorp.com
Pac Tech International,pactech.com
Packaging Corporation  of America - Trexlertown,packagingcorp.com
Packaging Corporation of America - Arlington,packagingcorp.com
Packaging Corporation of America - Algona,packagingcorp.com
Packaging Corporation of America - Ashland,packagingcorp.com
Packaging Corporation of America - Atlanta,packagingcorp.com
Packaging Corporation of America - Atlanta Specialty,packagingcorp.com
Packaging Corporation of America - Burlington,packagingcorp.com
Packaging Corporation of America - Cheswick,packagingcorp.com
Packaging Corporation of America - Chicago Container,packagingcorp.com
Packaging Corporation of America - Burley Container,packagingcorp.com
Packaging Corporation of America - Columbus,packagingcorp.com
Packaging Corporation of America - Conrad,packagingcorp.com
Packaging Corporation of America - Chicago Sheet,packagingcorp.com
Packaging Corporation of America - Donna,packagingcorp.com
Packaging Corporation of America - City of Industry,packagingcorp.com
Packaging Corporation of America - Denver East,packagingcorp.com
Packaging Corporation of America - Edmore,packagingcorp.com
Packaging Corporation of America - Fairfield,packagingcorp.com
Packaging Corporation of America - Franklin,packagingcorp.com
Packaging Corporation of America - Garland,packagingcorp.com
Packaging Corporation of America - Golden Valley,packagingcorp.com
Packaging Corporation of America - Gas City,packagingcorp.com
Packaging Corporation of America - Hanover Fulfillment Center,packagingcorp.com
Packaging Corporation of America - Harrisonburg,packagingcorp.com
Packaging Corporation of America - Grandville,packagingcorp.com
Packaging Corporation of America - Knoxville,packagingcorp.com
Packaging Corporation of America - Honea Path,packagingcorp.com
Packaging Corporation of America - High Point,packagingcorp.com
Packaging Corporation of America - Jacksonville,packagingcorp.com
Packaging Corporation of America - Jackson,packagingcorp.com
Packaging Corporation of America - Lancaster,packagingcorp.com
Packaging Corporation of America - Marshalltown,packagingcorp.com
Packaging Corporation of America - Miami Container,packagingcorp.com
Packaging Corporation of America - Middletown,packagingcorp.com
Packaging Corporation of America - Milwaukee,packagingcorp.com
Packaging Corporation of America - Nampa,packagingcorp.com
Packaging Corporation of America - Minneapolis,packagingcorp.com
Packaging Corporation of America - New Oxford Container,packagingcorp.com
Packaging Corporation of America - Northampton,packagingcorp.com
Packaging Corporation of America - Omaha,packagingcorp.com
Packaging Corporation of America - Pearl,packagingcorp.com
Packaging Corporation of America - Olive Branch,packagingcorp.com
Packaging Corporation of America - Plano,packagingcorp.com
Packaging Corporation of America - Reading,packagingcorp.com
Packaging Corporation of America - Phoenix,packagingcorp.com
Packaging Corporation of America - Newark,packagingcorp.com
Packaging Corporation of America - Richland,packagingcorp.com
Packaging Corporation of America - Salem,packagingcorp.com
Packaging Corporation of America - Salt Lake City Container,packagingcorp.com
Packaging Corporation of America - Salisbury,packagingcorp.com
Packaging Corporation of America - Plymouth,packagingcorp.com
Packaging Corporation of America - San Bernardino,packagingcorp.com
Packaging Corporation of America - Salt Lake City North,packagingcorp.com
Packaging Corporation of America - Syracuse,packagingcorp.com
Packaging Corporation of America - South Gate,packagingcorp.com
Packaging Corporation of America - Vernon,packagingcorp.com
Packaging Corporation of America - Wallula,packagingcorp.com
Packaging Corporation of America - Vincennes,packagingcorp.com
Packaging Corporation of America - Winter Haven,packagingcorp.com
Packaging Corporation of America - Waco Container,packagingcorp.com
Paseo Cargill Energy,cargill.com
Packaging Corporation of America- Opelika,packagingcorp.com
Patheon API,patheon.com
Patriot Beverages,drinkpatriot.com
PCA - Central California Corrugated,packagingcorp.com
PB Leiner USA,pbleiner.com
Packaging Corporation of America Morganton,packagingcorp.com
PCA Carrollton Sheet,packagingcorp.com
PCA Central California Corrugated LLC - McClellan,packagingcorp.com
PBI LLC,photoboothint.com
Packaging-Atlanta Corporation,pkgatl.com
PCA Corrugated And Display LLC (POP),packagingcorp.com
PCA Waco Sheet,packagingcorp.com
PCA Michigan Acquisition LLC,packagingcorp.com
PCA Waco Sheet Feeder,packagingcorp.com
PCS Phosphate Compancy,nutrien.com
Peace River Citrus Products,peacerivercitrus.com
Peace River Citrus Products,peacerivercitrus.com
Peace River Citrus Products,peacerivercitrus.com
Peace River Citrus Products,peacerivercitrus.com
Pelliconi Arizona LLC.,pelliconi.com
Pelliconi Florida,pelliconi.com
Pepsi Beverage Company - Hayward,pepsico.com
Pepsi Beverage Company -Twinsburg,pepsi.ca
Pepsi Beverages -Austin,pepsi.ca
Pepsi Beverages Company - Lima,pepsico.com
Pepsi Beverages -Urbandale,pepsi.com
Pepsi Beverages Company - Knoxville,pepsico.com
Pepsi Beverage Company- Wytheville,pepsico.com
Pepsi Beverages Company - Orlando,pepsico.com
Pepsi Beverages Company - Detroit,pepsico.com
Pepsi Beverages Company - San Antonio,pepsico.com
Pepsi Beverages Company - Mesquite,pepsico.com
Pepsi Beverages Company -Aiea,pepsi.com
Pepsi Beverages Company -Oshkosh,pepsi.com
Pepsi Beverages Company- Burnsville,pepsico.com
Pepsi Beverages Company- Fresno,pepsico.com
Pepsi Beverages Company- Gatorade - Blue Ridge,gatorade.com
Pepsi Beverages Company- Houston,pepsico.com
Pepsi Beverages Company- Howell,pepsico.com
Pepsi Beverages Company- Indianapolis,pepsico.com
Pepsi Beverages Company- Cheverly,pepsico.com
Pepsi Beverages Company - Tampa,pepsico.com
Pepsi Beverages Company- Jacksonville,pepsico.com
Pepsi Beverages Company- Johnstown,pepsico.com
Pepsi Beverages Company -Cranston,pepsi.ca
Pepsi Beverages Company- Las Vegas,pepsico.com
Pepsi Beverages Company- Mount Angel,pepsi.com
Pepsi Beverages Company- Nashville,pepsico.com
Pepsi Beverages Company -Denver,pepsi.ca
Pepsi Beverages Company- Munster,pepsico.com
Pepsi Beverages Company- Newport News,pepsico.com
Pepsi Beverages Company- Laurel- Johnstown,pepsico.com
Pepsi Beverages Company- Piscataway,pepsico.com
Pepsi Beverages Company- Riverside,pepsico.com
Pepsi Beverages Company- Philadelphia,pepsico.com
Pepsi Beverages Company- Riviera Beach,pepsico.com
Pepsi Beverages Company- Toledo,pepsico.com
Pepsi Beverages Company- Sacramento,pepsico.com
Pepsi Beverages Company- Stone Mountain,pepsico.com
Pepsi Beverages Company- Saint Louis,pepsico.com
Pepsi Beverages Company- Tulsa,pepsico.com
Pepsi Beverages- Phoenix,pepsico.com
Pepsi Bottling Company - Atlanta,pepsico.com
Pepsi Bottling Co of New Jersey,pepsi-nj.com
Pepsi Bottling Ventures,pepsibottlingventures.com
Pepsi Bottling Ventures- Winston-Salem,pepsibottlingventures.com
Pepsi Beverages Company- Wichita,pepsico.com
Pepsi Bottling Ventures- Garner,pepsibottlingventures.com
Pepsi Northwest Beverages LLC- Tumwater,pepsico.com
Pepsi Cola Bottling of Central VA,pepsicva.com
Pepsi MidAmerica- Marion,pepsimidamerica.com
Pepsi Cola Bottling Company of N.Y.- College Point,pepsi-ny.com
Pepsi- Cola Bottling Corbin,pepsicorbin.com
Pepsi-Cola Sales and Distribution Inc. -Arlington,pepsi.ca
PepsiCo - Kissimmee,pepsico.com
PepsiCo - Valhalla,pepsico.com
PepsiCo - Mountain Top,pepsico.com
PepsiCo Beverage & Foods- Indianapolis,pepsico.com
Pepsico Beverages North America,pepsico.com
PepsiCo Dallas,pepsico.com
PepsiCo Frito-Lay: Middeltown Site,fritolay.com
PepsiCo Global R&D Technology Process Center,externalinnovation.pepsico.com
PepsiCo- Tolleson,pepsico.com
Perfetti Van Melle USA Manufacturing LLC,perfettivanmelleus.com
Perfetti Van Melle USA,perfettivanmelle.com
Pernod Ricard Kenwood Holdings LLC,pernod-ricard.com
Pernod Ricard Kenwood Holdings LLC,pernod-ricard.com
Pete Lien & Sons,petelien.com
PET Plastics LLC,petplasticslimited.com
Plantible Foods,plantiblefoods.com
Phibro Animal Health Corporation,pahc.com
Plastipak Packaging -  Highlands,plastipak.com
Plastipak Packaging - E Longmeadow,plastipak.com
Plastipak Packaging  Package Development,plastipak.com
Plastipak Packaging - Garland,plastipak.com
Pharmachem Laboratories,pharmachem.com
Plastipak Packaging - McCalla,plastipak.com
Plastipak Packaging - Jackson Center,plastipak.com
Plastipak Packaging - Westland,plastipak.com
Plastipak Packaging Inc Havre de Grace,plastipak.com
Plastipak Packaging Champaign,plastipak.com
Plastipak Packaging - Modesto,plastipak.com
Plastipak Packaging Medina,plastipak.com
Plastipak Packaging,plastipak.com
Plastipak Packaging,plastipak.com
Plastipak Packaging Victorville,plastipak.com
POET Biorefining LLC- Fairmount,poet.com
PMP Fermentation Products Inc,pmpinc.com
POET Biorefining Shell Rock,poet.com
Polycon Industries Inc.,crownpolycon.com
Polyplex USA LLC,polyplex.com
Polytex Fibers LLC,polytex.com
Powder Pure,pureencapsulations.com
Portland Bottling Company,portlandbottling.com
PPC Industries,ppcind.com
PPG INDUSTRIES,ppg.com
Pratt (Carlisle Corrugating),prattindustries.com
Pratt (Beloit Corrugating),prattindustries.com
Pratt (Fort Worth Corrugating),prattindustries.com
Pratt (Georgia Box) Inc.,prattindustries.com
Pratt (Jet Corr) Inc. - Statesville,prattindustries.com
Pratt (Henderson Corrugating) LLC,prattindustries.com
Pratt (Allentown Corrugating),prattindustries.com
Pratt (Jet Corr),prattwhitney.com
Pratt (Jet Corr),prattwhitney.com
Pratt (Lathrop Corrugating),prattindustries.com
Pratt (Lewisburg Container),prattindustries.com
Pratt (Lewisburg Corrugating),prattindustries.com
Pratt (Love box),prattindustries.com
Pratt (Love Box),prattindustries.com
Pratt (Target Container),prattindustries.com
Pratt (Rockwall Corrugating),prattindustries.com
Pratt (Wapakoneta Corrugating),prattindustries.com
Pratt (Love Box) LLC - Oklahoma City,prattindustries.com
Pratt (Warner Robins Corrugating),prattindustries.com
Pratt Industries (Love Box Company LLC) - Wichita,prattindustries.com
Prayon Inc.,prayon.com
Printpack - Digital Plant,printpack.com
Precision Concepts (Lawrenceburg) LLC,pcinternational.com
Printpack - Grand Prairie Films,printpack.com
Printpack Inc. -Rhinelander,printpack.com
Printpack Inc.- Grand Prairie Converting,printpack.com
Printpack Inc.- Newport News,printpack.com
Printpack Inc.- Williamsburg,printpack.com
Printpack VR2,printpack.com
Pratt (Robert Mann Packaging),prattindustries.com
Printpack,printpack.com
Printpack VR3 (Metallizing),printpack.com
Printpack VR1,printpack.com
Printpack,printpack.com
Printpack,printpack.com
Probi USA,probi.com
Printpack- Elgin,printpack.com
ProTab Laboratories,protablabs.com
PTG Silicones,ptgsilicones.com
Purina Animal Nutrition (Richmond Specialty Plant) PMI,purinamills.com
Puerto Rico Coffee Roasters,prcoffee.com
Radius Packaging,radiuspkg.com
ProThera Inc. dba SFI USA,sfihealth.com
RAUCH North America,rauch.cc
Radius Packaging,radiuspkg.com
Rahr Hops Co. \/ BSG Hops,rahrbsg.com
Raymond Vineyard & Cellars,raymondvineyards.com
Rahr Malting Company,rahr.com
Redwood Hill Farm & Creamery,redwoodhill.com
Reike Corporation- Atkins,riekepackaging.com
Resolute Oil,resoluteoil.com
ReNew It Cheese,gather.tracegains.com
RCB International Ltd.,rcbinternational.com
Resolute Oil,resoluteoil.com
Resolute Oil,resoluteoil.com
Red Collar Pet Foods,redcollarpet.com
REPCO,repco.com.au
RETAL PA,retalgroup.com
Reyes Coca-Cola Bottling,reyescocacola.com
Red Ribbon Bakeshop,redribbonbakeshop.com
Reyes Coca-Cola Bottling,reyescocacola.com
Ricca Chemical Company,riccachemical.com
Rich's Ice Cream,richicecream.com
Reyes Coca-Cola Bottling,reyescocacola.com
Richardson Milling Limited - South Sioux City,richardson.ca
Rieke Corporation,riekepackaging.com
RKW North America,rkw-group.com
Rodelle,rodellekitchen.com
RM Bakery LLC dba Leaven & Co,leavenco.nyc
ROQUETTE AMERICA,roquette.com
Royal Canin USA,royalcanin.com
Richardson Oilseed Products (US) Limited,richardson.ca
Saputo Cheese USA Inc.,saputocheeseusa.com
S.O.S. Food Lab,sosfoodlab.com
Savannah Bee Company,savannahbee.com
Royal Crown Bottling Company,rccolainternational.com
SAVANNAH FOOD COMPANY INC,savannahclassics.com
Sazerac Company Inc. - The Glenmore Distillery,sazerac.com
Satin Fine Foods Inc,satinfinefoods.com
Santa Monica Seafood Company,santamonicaseafood.com
Sazerac Company,sazerac.com
Scenic Fruit Co,scenicfruit.com
SCH\u00dcTZ Container Systems Inc.,schuetz.net
SCH\u00dcTZ Container Systems,schuetz.net
Scholle IPN Atlanta Corporation,sig.biz
SCH\u00dcTZ Container Systems,schuetz.net
Schwebel Baking Company,schwebels.com
Schwebel Baking Company,schwebels.com
SCH\u00dcTZ Container Systems,schuetz.net
Seda NA,sedagroup.com
Scott Pet,scottpet.com
Seeler Industries,seeler.com
Schur Star Systems,schur.com
Senza Fine LLC dba Centra Foods,centrafoods.com
Setton International Foods Inc.,settonfarms.com
Shannon Family of Wines,shannonfamilyofwines.com
Silgan Specialty Packaging,silganspecialty.com
Show Me Ethanol,smealcohol.com
Silva International,silva-intl.com
SoGo Packaging LLC.,montgomerychamber.com
Sinclair & Rush,sinclair-rush.com
Solara Inc.,solara.in
Smurfit Westrock,smurfitwestrock.com
Shillington Box Company,teamtrg.com
Sonneborn,sonneborn.com
Solvay USA,solvay.com
Sonoco Products Co.,sonoco.com
Sonoco Products Co.,sonoco.com
Sonoco Clear Pack,sonoco.com
Sonoco Products Co.,sonoco.com
Sonoco Products Co.,sonoco.com
Sonoco Products Co.,sonoco.com
Sonoco Products Co.,sonoco.com
Sonoco Products Co.,sonoco.com
Sonoco Products Co.,sonoco.com
Sonoco Products Co.,sonoco.com
Sonoco Products Co.,sonoco.com
Sonoco Products Co.,sonoco.com
Sonoco Products Co.,sonoco.com
Sonoco Products Co.,sonoco.com
Sonoco Products Co.,sonoco.com
Sonoco Products Co.,sonoco.com
Sonoco Products Co.,sonoco.com
Sonoco Products Co. (Elk Grove Village),sonoco.com
Sonoco Products Co.,sonoco.com
Sonoco Products Company,sonoco.com
Sonoco Products Company,sonoco.com
Sonoco Products Company,sonoco.com
Sonoco Products Co.,sonoco.com
Sonoco Products Company,sonoco.com
Sorrento Lactalis,lactalisamericangroup.com
Specialized Paper Converting,seamanpaper.com
Sonoco-Highland Packaging,sonoco.com
Southern Plastics,southernplastics.co.in
Specialty Enzymes & Probiotics,specialtyenzymes.com
Sonoco,sonoco.com
SPF North America - Guymon,petfood.symrise.com
SPF North America - Hodges,petfood.symrise.com
SPF North America- Mondovi,petfood.symrise.com
Spectrum Packaging Corporation,thinkspc.com
Stacy's Pita Chip Company,stacyssnacks.com
Star of the West,starofthewest.com
Star of The West Milling Company,starofthewest.com
SPR Packaging LLC,sprpackaging.com
Star of the West Milling -Churchville,starofthewest.com
Star of the West Milling Co. - St. Hilaire,starofthewest.com
Star of the West Milling Company -Frankenmuth,starofthewest.com
Star of the West Milling Company -Quincy,starofthewest.com
Star of the West Milling Company -Ligonier,starofthewest.com
Star of the West Milling Company -Willard,starofthewest.com
StarPak Corporation,starpakltd.com
Stepan Company LLC,stepan.com
StarPet Inc.,indoramaventures.com
Sterling Packaging,sterlingpkg.com
SternMaid America LLC,sternmaid-america.com
Staten Island Corrugator,prattindustries.com
Strahl and Pitsch,spwax.com
Sunny Sky Products dba Bevolution Group.,sunnyskyproducts.com
Sun America LLC,sun-america.com
Sweetener Supply Corp.,sweetenersupply.com
Suzano S.A.,suzano.com.br
Sweetener Supply Co. -Elkhorn,sweetenersupply.com
Suzano S.A.,suzano.com.br
Sweetener Supply Corp.- Reno,sweetenersupply.com
Sweety Novelty Inc.,sweetyicecream.com
Sweetener Supply Corp.- Brookfield,sweetenersupply.com
Swire Coca-Cola,swirecc.com
Swire Coca-Cola,swirecc.com
Swire Coca-Cola,swirecc.com
Swire Coca-Cola,swirecc.com
Swire Coca-Cola,swirecc.com
Symrise Inc. Jacksonville,symrise.com
Tangram Company,tangramfactory.com
SYMRISE,symrise.com
Takasago International Corp. (USA)- Flavor Division- Teterboro,takasago.com
Tastepoint,tastepoint.com
Tate & Lyle Solutions USA LLC,tateandlyle.com
Tate & Lyle Solutions USA LLC,tateandlyle.com
Tate & Lyle Solutions USA LLC,tateandlyle.com
Tate & Lyle Solution USA,tateandlyle.com
Tate & Lyle Solutions USA LLC,tateandlyle.com
Tastepoint by IFF,tastepoint.com
Tate & Lyle Sucralose LLC,tateandlyle.com
Taylor,taylorswift.com
Technimark LLC,technimark.com
Technimark LLC,technimark.com
TEK Products & Services,tekproductsinc.com
Swire Coca-Cola,swirecc.com
Tek Pak,tekpak.com
The Andersons Inc,andersonsinc.com
The Andersons Inc.- Fairmont,andersonsinc.com
Technical Response INC (formerly Innovate),technicalresponse.com
The American Bottling Company,keurigdrpepper.com
The Andersons USA - East Grand Forks,andersonsinc.com
The Coca-Cola Company,coca-colacompany.com
The Andersons- Mansfield,andersonsgrain.com
The Coca-Cola Company,coca-colacompany.com
The C.W. Zumbiel Company,zumbiel.com
The Coca-Cola Company,coca-colacompany.com
The Dow Chemical Company Propylene Oxides and Propylene Glycols - Site _Freeport,dow.com
The Coffee Brewmasters,thecoffeebrewmasters.com
The Dow Chemical Company - Versene Chelating Agents,dow.com
The Dow Chemical Company  Propylene Oxides and Propylene  Glycols-Site - Plaquemine,dow.com
The French's Food Company,mccormick.com
The Kraft Heinz Foods Company,kraftheinzcompany.com
The International Group Inc.\/International Waxes Inc. - Farmers Valley,igiwax.com
The International Group Inc.\/ International Waxes Inc. - Titusville,igiwax.com
The Kraft Heinz Foods Company,kraftheinzcompany.com
The Kraft Heinz Foods Company,kraftheinzcompany.com
The Kraft Heinz Foods Company,kraftheinzcompany.com
The Kraft Heinz Foods Company,kraftheinzcompany.com
The Kraft Heinz Foods Company,kraftheinzcompany.com
The Kraft Heinz Foods Company,kraftheinzcompany.com
The International Group Inc. - Oshkosh,igiwax.com
The Kraft Heinz Foods Company,kraftheinzcompany.com
The Kraft Heinz Foods Company,kraftheinzcompany.com
The Kraft Heinz Foods Company,kraftheinzcompany.com
The Kraft Heinz Foods Company,kraftheinzcompany.com
The Kraft Heinz Foods Company,kraftheinzcompany.com
The Kraft Heinz Foods Company,kraftheinzcompany.com
The Kraft Heinz Foods Company,kraftheinzcompany.com
The Kraft Heinz Foods Company,kraftheinzcompany.com
The Kraft Heinz Foods Company,kraftheinzcompany.com
The Kraft Heinz Foods Company,kraftheinzcompany.com
The Kraft Heinz Foods Company,kraftheinzcompany.com
The Kraft Heinz Foods Company,kraftheinzcompany.com
The Kraft Heinz Foods Company,kraftheinzcompany.com
The Kraft Heinz Foods Company,kraftheinzcompany.com
The Kraft Heinz Foods Company,kraftheinzcompany.com
The Kraft Heinz Foods Company,kraftheinzcompany.com
The Kraft Heinz Foods Company,kraftheinzcompany.com
The Kraft Heinz Foods Company,kraftheinzcompany.com
The Kraft Heinz Foods Company,kraftheinzcompany.com
The Kraft Heinz Foods Company,kraftheinzcompany.com
The Kraft Heinz Foods Company,kraftheinzcompany.com
The Kraft Heinz Foods Company (Woodstock IL),kraftheinzcompany.com
The Quaker Oats Company- Bridgeview,quakeroats.com
The Quaker Oats Company- Cedar Rapids,quakeroats.com
The Kraft Heinz Foods Company,kraftheinzcompany.com
The Kraft Heinz Foods Company-Kraft Warehouse Crescent-Mason City IA,kraftheinzcompany.com
The Quaker Oats Company- Columbia,quakeroats.com
The Ranch Winery,sylranch.com
The Wine Group,thewinegroup.com
The Scoular Company - Andres,scoularandres.com
The Warrell Corporation,warrellcorp.com
Thermo Pac,thermopacllc.com
The Wine Group,thewinegroup.com
Thermoplastec,thermoplastec.com
Transcontinental Multifilm Inc,tctranscontinental.com
Transcendia Inc.,transcendia.com
Thew Arnott LLC.,thewarnott.com
Treasury Wine Estates,tweglobal.com
Tribe 9 Foods LLC d\/b\/a RP's Pasta Company,tribe9foods.com
Trivium Aluminum Packaging USA Corporation,triviumpackaging.com
Tropicana Brands Group,tropicanabrandsgroup.com
Tropicana Brands Group,tropicanabrandsgroup.com
Twin Rivers Paper Company - Lyonsdale Mill,twinriverspaper.com
Tropicana Products Inc.- Bradenton,tropicana.com
Twin Rivers Paper Company LLC - Mill Street Mill,twinriverspaper.com
Unilever,unilever.ca
Ungerer & Company,ungererandcompany.com
Unilever,unilever.ca
Unilever,unilever.ca
Unilever,unilever.ca
Twin Rivers Paper Company - Mohawk Valley Mill,twinriverspaper.com
United States Gypsum,usg.com
Tropicana Brands Group,tropicanabrandsgroup.com
Universal Preserv-A-Chem,upichem.com
US Durum Milling,usdurum.com
US Durum Products,usdurum.com
US Foods,usfoods.com
US Foods,usfoods.com
United Pulse Trading,agtfoods.com
US Foods,usfoods.com
US Foods,usfoods.com
US Foods,usfoods.com
US Foods,usfoods.com
US Foods,usfoods.com
US Foods,usfoods.com
US Foods,usfoods.com
US Foods,usfoods.com
US Foods,usfoods.com
US Foods,usfoods.com
US Foods,usfoods.com
US Foods,usfoods.com
Utah PaperBox Company Inc. dba UPB,upbslc.com
USA Yeast,fleischmannsyeast.com
Van Hessen USA Inc.,vanhessen.com
Vantage Specialty Ingredients,vantagegrp.com
VernDale Products,verndaleproducts.com
Vantage Oleochemicals,vantagegrp.com
Vantage Performance Materials,vantagegrp.com
Vegetable Juices Inc.,foodprocessing.com
VernDale Products,verndaleproducts.com
VERST GROUP LOGISTICS,verstlogistics.com
Vigon International LLC,vigon.com
Vida-Blend LLC,vida-blend.com
Viskase Companies,viskase.com
Viskase Companies,viskase.com
Viking Coca-Cola Bottling Company,vikingcocacola.com
Viscofan USA Inc.,viscofan.com
Viterra USA LLC - Minneapolis Mustard,viterra.com
Visstun,visstuncups.com
Viterra USA LLC - Warden Canola Processing,viterra.ca
Vitaquest International LLC,vitaquest.com
Vyse Gelatin LLC.,nitta-gelatin.com
Viterra USA LLC - Minot Pulse,viterra.com
Wacker Chemical Corporation,wacker.com
Western Container Corporation,westerncontainercoke.com
Western Container Corporation,westerncontainercoke.com
Western Container Corporation Northpoint,westerncontainercoke.com
Western Container Corporation (Fife,westerncontainercoke.com
Washington Potato Company,oregonpotato.com
WestRock Texas L.P.,westrock.com
Wild Flavors,adm.com
Western Container Corporation  (Houston,westerncontainercoke.com
Veritiv Operating Company,veritiv.com
Wild Flavors,adm.com
Winpack Plastics,winpak.com
Western Container Corporation,westerncontainercoke.com
Wiley Companies,wileyco.com
Wis-Pak of Norfolk,wis-pak.com
Wis-Pak of La Crosse,wis-pak.com
Wis-Pak of Hattiesburg,wis-pak.com
Wis-Pak of Mankato,wis-pak.com
Wis-Pak of Quincy,wis-pak.com
Wis-Pak of Watertown,wis-pak.com
Wis-Pak or Dyersburg,wis-pak.com
Wisconsin Spice,wisconsinspice.com
Wonderful Pistachios & Almonds LLC,wonderfulpistachios.com
Wolf Lake Terminals,wolflakeinc.com
Wixon,wixon.com
Wonderful Pistachios & Almonds LLC,wonderfulpistachios.com
Wisconsin BioProducts,wisbio.com
Wonderful Pistachios & Almonds LLC,wonderfulpistachios.com
Wright  Enrichment Inc. D.b.a. The Wright Group,thewrightgroup.net
Wright Nutrition Inc.,wrightnutritionusa.com
Wright Pharma Inc,thewrightgroup.net
Yakima Chief Hops LLC,yakimachief.com
Yakima Chief Hops LLC,yakimachief.com
YoCream dba Danone North America,yocream.com
Ya Ya Foods USA LLC,yayafoods.com
Yamco LLC,yamco.net
WWF Operating Company- Jacksonville,danonenorthamerica.com
