name,domain
Tropical Labs,tropicallabs.com
Advanced Cosmetic Research Labs Inc.,acrl.com
Nabs Labs LLC,nabslabs.com
"Tropical Products, Inc.",tropicalproducts.com
"Novapac Laboratories, Inc.",novapaclabs.com
AromaLand Inc.,aromaland.com
Moe's Group LLC,moesgroup.org
AMR Labs,amrlabs.com
Product Society LLC,productsociety.com
Private Label Partners,privatelabelpartners.net
Makers Nutrition,makersnutrition.com
BioCorp Nutrition Labs,biocorpnutritionlabs.com
Superior Supplement Manufacturing,superiorsupplementmfg.com
F.A.M.E Health Labs LLC.,famehealthlabs.com
"Power Line Packaging, Inc.",powerlinepackaging.com
"InSpec Solutions, LLC",inspecsolutions.com
Economy Polymers & Chemicals,economypolymers.com
"Vigon International, an Azelis Company",vigon.com
ABS Corporation,abs-corporation.com
CB Custom Manufacturing,cedarbear.com
Organimed LLC,organimedusa.com
Veluca,veluca.com
RainShadow Labs,rainshadowlabs.com
Nutrix,nutrixusa.com
The Midwest Sea Salt Company Inc.,midwestseasaltcompany.com
"Spa De Soleil, Inc.",spadesoleil.com
Nano9,nano9.com
GENEIII BIOTECH,geneiii.com
Medpak Solutions,medpaksolutions.com
CITCO,citcousa.com
"Trinity Parfum, Inc.",trinityperfumes.com
Associated Bag,associatedbag.com
"Safetec of America, Inc.",privatelabel.safetec.com
Tru Body Wellness,trubodywellness.com
"Sawgrass Nutra Labs, LLC",sawgrassnutralabs.com
SMT Packaging,smtpackaging.com
S&S Incorporated,sspackaging.com
MacroCap Labs,macrocaplabs.com
Complete Packaging & Manufacturing,cpackmanufacturing.com
"Gaia Filling and Packaging, LLC",gaiafillandpack.com
Cougar Packaging Solutions,cougargroup.com
Health and Natural Beauty USA Corp,hnbusa.com
Zooby Promotional,zooby-promotional.com
Yellow Emperor,yellowemperor.com
Contract Packaging LTD.,contractpackagingltd.com
The Lavish Goat,thelavishgoat.com
Supplement Manufacturing Partner Inc.,smpnutra.com
Dental Technologies Inc.,dentaltech.com
Atlantic Paper & Supply,atlanticpaper.com
Bulk Apothecary,bulkapothecary.com
Berkshire Corporation,disinfexol.com
Aromasong Manufacturing Corp,aromasongint.com
"C&L Supply Company, Inc.",candlsupply.com
Raining Rose,rainingrose.com
Sbodi,sbodi.com
NutraPak USA,nutrapakusa.com
Cleanroom Connection,cleanroomsupplies.com
"Xamax Industries, Inc.",xamax.com
"Wisconsin Pharmacal Company, LLC",pharmacalway.com
FillPack USA,fillpackusa.com
A&R International Commercial Corp,aaricc.com
N.S. Oils,medivega.com
Broner Glove & Safety Company,shop.bronersafety.com
JBK Wellness Labs,jbkwellnesslabs.com
Concept Matrix Solutions,conceptmatrixsolutions.com
Cindy J Cosmetic Labs,cindyjlabs.com
Zatik Inc.,zatiknatural.com
Creative CNC LLC,creativecnc.net
France Naturals Inc.,francenaturals.com
Kivema,kivemaltd.com
Hempeutics Pharmacy,hempeuticspharmacy.com
HH Processors,hhprocessors.com
Exhemplary Life,exhemplarylife.com
Elvis Elvin Labs,elviselvinlabs.com
TriLabs Manufacturing,trilabsmfg.com
TradingGoodsLLC,tradinggoodsllc.com
BattingSuperSale.com,battingsupersale.com
"AKSH Industries, Inc.",akshindustries.com
Jade Bloom,jadebloom.com
QuadSil Inc,quadsil.us
J & S Soap & Supply Co.,jssoap.com
W.blvd,wblvd.com
EC Studios,ec-studios.ca
Dermatech,dermatech.life
KBL Cosmetics,kblcosmetics.com
Innovative Cosmetic Labs,iclpl.com
Garcoa Laboratories,garcoa.com
Vox Nutrition,voxnutrition.com
TCI Biotech LLC,tci-bio.com
Coughlan Products Corp.,coughlanproducts.com
BPI Labs Inc.,bpilabs.com
Sun Star Organics,sunstarorganics.com
Eybna Technologies,eybna.com
CBD American Shaman of North Conroe,conroecbd.com
Atomic Pom Labs,atomicpomlabs.ca
I. Shay Cosmetics,ishaycosmetics.com
Hathaway Solutions,hathawaypaper.com
Diversified Manufacturing Corporation,dmcmn.com
EphuroaLabs,ephuroalabs.com
Aligen,aligen.com
HWL Manufacturing,hwlmanufacturing.com
Spadet,spadet.com
Premark Health Science,premarkhs.com
The Old Town Soap Company,theoldtownsoapcompany.com
"Green Star Labs, Inc.",greenstarlabs.net
Pravada Private Label,pravadaprivatelabel.com
Rocktomic Labs,rocktomic.com
Flex Cosmetics,flexcosmetics.com
Sitram Inc.,sitraminc.com
American Flash Inc.,atmamericacorp.com
Body Dimensions Industries,body-dimensions.com
CBD American Shaman Frisco,friscocbdstore.com
Neutraderm,neutraderm.com
"D.W. Davies & Co., Inc.",dwdavies.com
Platinum Deluxe Cosmetics,platinumdelux.com
Colorful Products,colorfulproducts.com
"CelaCare Technologies, Inc.",celacare.com
Beard Care Club,beardcareclub.com
Pharma Natural,pharmanatural.com
RNA Corporation,rnacorporation.com
Zatural,zatural.com
K&D Medical Supplies,kdmedicalsupplies.com
Skincare by Marpac,skincarebymarpac.com
My Beauty Vision,mybeautyvision.com
CBD American Shaman College Station,cbdcollegestationtx.com
ModoMed,modomed.com
Centricity Labs,centricitylabs.com
Diaper Depot USA LLC,diaperdepotusa.net
Natural Nutritionals,naturalnutritionals.com
"Prehemptive, LLC",prehemptive.com
"Royal Labs Natural Cosmetics, Inc.",royallabs.com
Cream Formulators,creamformulators.com
"Denison Pharmaceuticals, Inc.",denisonpharmaceuticals.com
Arvanna,arvanna.com
"Direct Medical Supplies, LLC",directmedicalofamerica.com
Vitality Medical Inc,vitalitymedical.com
Simplicity Filling Systems LLC,simplicityfillingsystems.com
BIOTA Biosciences,biotacbd.com
CassCo Bio Labs,cassco-bio.com
"Anti-Seize Technology, A.S.T. Industries, Inc.",antiseize.com
AmericanWholesaleCo,americanwholesaleco.com
"Bactolac Pharmaceutical, Inc.",bactolac.com
Prime Matter Labs,primematterlabs.com
Romanov Cosmetics,romanovcosmetics.com
Wasatch Product Development,wasatchlabs.com
Starlion Distribution,starliondistribution.com
"Valeant Pharmaceuticals International, Inc.",valeant.com
Love is Patient Medical Supplies,lipms.com
Great Lakes Wholesale,glwholesale.com
"Herbally Yours, Inc.",herballyyours.net
Apollo Corp.,apollobath.com
"Dermal Theraphy Research, Inc.",dermaltherapy.com
Arbonne International LLC,arbonne.com
Applied Industrial Technologies,applied.com
Private Label Supplements,plsupplements.com
"Pro Products, LLC",proproducts.com
Virginia Aromas,virginia-aromas.com
"Health & Beauty Natural Oils Co., Inc.",essentialnaturaloils.com
Mix Pack Labs LLC,mixpacklabs.com
"Good Scents Oils, LLC",goodscentsoils.com
H&MI Wholesale Distributors,hmiinternational.com
CBD Oil Botanicals,cbdoilbotanicals.com
"EIG Personal Care, USA",eigpersonalcare.com
Hemp Lively (H Lively LLC),hemplively.com
Procter & Gamble Co.,us.pg.com
CBD American Shaman Woodstock,cbdwoodstock.com
Custom Soap Colorado,coloradosoap.com
"Solo Laboratories, Inc.",sololabsinc.com
Checkers Cleaning Supply - Div. of Checkers Marketing Inc.,checkerscleaningsupply.com
Classic Caps & Embroidery,classicce.com
Omni Centers,omnicenters.com
Makeup Medley,makeupmedley.com
Viva Doria,vivadoria.com
MSC Industrial Supply Co.,mscdirect.com
"Certified Safety Mfg., Inc.",certifiedsafetymfg.com
Cymcorp International Inc.,cymcorp.ca
Amaze Wholesale LLC,amazewholesale.com
Cactus Juice Bottling,cactusjuicebottling.com
Well Aliments LLC,wellaliments.com
Activation Products (CAN) Inc.,activationproducts.com
Genie Supply Inc.,geniesupply.com
NBGS USA,nbgsusa.com
AG Beauty,agbeautyllc.com
Cheryls Herbs,cherylsherbs.com
Luminous Skin Lab,jelly-masks.com
Champion Products,championproducts.com
Skin Actives Scientific LLC,skinactives.com
One Source Medical Supplies,osmsupplies.com
"4everalive, LLC",4everalive.com
BeBeauty Products & Private Label,bebeautyproducts.com
6 Degrees Collective,6degreescollective.com
"Verla International, Ltd.",verlainternational.com
Aegle Nutrition,aeglenutrition.com
Flex Rocket,flexrocket.com
Sponge Center,spongecenter.com
Natural Wholesale,naturalwholesale.com
Remedy Labs,remedylabs.co
Goodwell Science,goodwellscience.com
NutraSky,nutrasky.co
Apollo HBC,apollocorp.com
CBD American Shaman Rehoboth,cbdrehobothbeach.com
Legere Pharmaceuticals,legerepharm.com
My VitalC,myvitalc.com
Concentrated Aloe Corporation,conaloe.com
CBD American Shaman Katy,katytxcbd.com
Salem Botanicals,salembotanicals.com
"DLK Medical Technologies, Inc.",dlkmedicaltechnologies.com
Lady Burd,ladyburd.com
GAR Labs,garlabs.com
Beehive Botanicals Manufacturing Inc.,beehivebotanicals.net
The Betty Mills Company (BettyMills.com),bettymills.com
Tekabrush,tekabrushonline.com
Scapa Healthcare,scapahealthcare.com
"Silver Shadow Ventures, LLC",silvershadowventures.llc
Mizzi Cosmetics,mizzicosmeticsrx.com
ViSona LLC - Personal Care Contract Manufacturer & Co-packer.,visona.co
Natures Formulae Ltd.,naturesformulae.com
MAXCBD Wellness,maxcbdwellness.com
PURE Private Label LLC,pureprivatelabel.com
Private Label Productions,theprivatelabelproductions.com
Voyant Beauty,voyantbeauty.com
"Bio-Tech Pharmacal, Inc.",biotechpharmacal.com
Immacule Lab,immaculelab.com
"Unicus Pharmaceuticals, LLC",unicuspharma.com
Johnyantaherbs LLC,johnyantaherbsllc.com
Pacific Health Sciences LLC,pacifichealth.com
Kria Botanicals,kriabotanicals.com
Organic Body Shop Corp.,organicbodyshop.ca
Shea Growers Africa LLC,sheagrowersafrica.com
Topiderm,topiderm.com
BSG Aesthetics Solutions,bsgaesthetics.com
Specialty Formulation & Manufacturing LLC,specialtyformulation.com
Ko-Pack Inc,kopack.us
Evora Worldwide,evoraww.com
"Shay Labs Manufacturing Co . Skin, Hair, Pet, Oral, & Personal Care",shaylabs.com
"Neurogan, Inc.",neurogan.com
Norafin (Americas) Inc.,norafin.com
Nufacturing Inc.,nufacturing.com
Universal Nutrition Inc,cost6.com
Naturally Vain,naturallyvain.com
Doerfler Mfg. Inc.,doerflermfginc.com
Better Bath Better Body,betterbathbetterbody.com
Chemco Corp.,echemco.com
Cwi Medical LLC,cwimedical.com
Dhaliwal Labs,dhaliwal-labs.com
Cosco Enterprises,coscosoap.com
"Jerzy Girls, LLC",jerzygirls.com
"YMlabs, LLC",ymlabs.com
Meriance Collagene Inc.,meriance.com
"Safeware, Inc",safewareinc.com
K&B Labs,kandblabs.com
DermaMed Solutions,dermamedsolutions.com
"Olympian Labs, Inc.",olympianlabs.com
"Meta Labs, Inc.",metalabsinc.com
Koyer Sunscreen,theactivelifecompany.com
Swiss-American CDMO,swissamericancdmo.com
Pinnacle Cosmetics,pinnaclecosmetics.com
"KeriCure, Inc.",kericure.com
Farmers Lavender,farmerslavenderco.com
Mantra Mask,mantramask.com
NuFACE,mynuface.com
"Formulated Solutions, LLC",formulatedsolutions.com
JetPack Shipping,jetpackshipping.com
EBC,ebcusa.us
Floratech,floratech.com
CVS Corp.,cvshealth.com
Vetio Animal Health,vetio.com
US Hemp Wholesale,ushempwholesale.com
Renaud Naturals,renaudnaturals.com
Alexandria Professional,alexandriaprofessional.com
"Genesis Biosystems, Inc.",genesisbiosystems.com
Colgate-Palmolive Co.,colgatepalmolive.com
"Mcilpack, Inc.",mcilpack.com
Garden Om Hemp Co.,gardenom.com
"Hillyard, Inc.",hillyard.com
Lemyn Organics,lemyn.com
Qosmedix,qosmedix.com
Unica Canada Inc.,unicacanada.com
"Haus Bioceuticals, Inc.",hausbio.com
Dealmed,dealmed.com
Taylor MD Formulations,taylormdformulations.com
"Hemplucid, Ltd.",hemplucid.com
Nuance Solutions,nuancesolutions.com
Classic Cosmetics Inc.,classiccosmetics.com
Jewelled Rose,jewelledrose.com
"Whisk Products, Inc.",whiskproducts.com
Trivedi Effect,trivedieffect.com
Blesswell,blesswell.co
Geltor,geltor.com
Essential Wholesale,essentialwholesale.com
"GOJO Industries, Inc.",gojo.com
Fourmile Health,fourmilehealth.com
Caswell-Massey,caswellmassey.com
Dermaplaning Supplies,dermaplaningsupplies.com
Maesa,maesa.com
Source Supply Company,sourcesupplycompany.com
Amrita Aromatherapy,amrita.net
"King Bio, Inc.",drkings.com
"CCA Industries, Inc.",shopcca.com
Innovative Body Science,innovativebodyscience.com
ConvaTec Inc.,convatec.com
Benefit Cosmetics LLC,benefitcosmetics.com
Atlanco,atlancoinc.com
ATC Medical,atcmedical.com
Colonial Scientific,colonialscientific.com
"SunLeaf Naturals, LLC",sunleafnaturals.com
Fix Supply,fixsupply.com
"Elitefill, Inc.",elitefill.com
"Capital Janitorial Supply & Service, LLC",capitaljanitorialsupply.com
"L.J. Zucca, Inc.",ljzucca.com
"Bowman Beauty & Barber Supply, Inc.",wbbarber.com
Inahsi LLC,inahsi.com
Ellatu,ellatu.com
"Dyna-Tabs, LLC",dynatabs.com
Universal Distribution LLC,universaldc.com
Boro Hemp,borohemp.com
True Indian Hair,trueindianhair.com
Steelson Packaging,steelsonpackaging.com
Metro Wholesale SD,metrowholesalesd.com
Hydrox Laboratories,hydroxlabs.com
Hairmax,hairmax.com
Valco Sales & Marketing Consultants,valcosales.com
"HealthRight Products, LLC",healthrightproducts.com
Cunsa,cunsa.net
Merit Surgical,meritsurgical.ca
"Dyson, Inc.",dyson.com
Rococo Quality Hair,rococohairs.com
The Stephan Company,thestephanco.com
Empack Spraytech Inc.,empack.ca
Stylors Inc,stylors.com
"ABCO Laboratories, Inc.",abcolabs.com
"M.J. Rapoport & Co., Inc.",mjrapoport.com
"Tri-K Industries, Inc.",tri-k.com
Puresan USA,puresanusa.com
Arizona Sun,arizonasun.com
"Phytoceuticals, Inc.",phyto-c.com
Doc Spartan,docspartan.com
Wahl Clipper Corporation,wahl.com
Camille Beckman,camillebeckman.com
Bulk Skin Care by Aromaland,bulkskincare.com
"Key West Aloe, Inc.",keywestaloe.com
Natural Essentials,naturalessentialsinc.com
Reforma Group,reformagroup.com
KIK Danville,kikcorp.com
"Playtex Products, Inc.",playtexproducts.com
Mineral Fusion,mineralfusion.com
JacksonFill,jacksonfill.com
Promo Lip Balm,promolipbalm.com
"Bronner Brothers Co., Inc.",bronnerbros.com
Hair Systems Inc.,hairsystemsinc.com
Banyan Botanicals,banyanbotanicals.com
Conair Corporation,conair.com
CHI Haircare,chi.com
"Johnson & Johnson Consumer Companies, Inc.",johnsonsbaby.com
Keyano,keyano.com
"Gordon Laboratories, Inc.",gordonlabsinc.com
Importfab Inc.,importfab.com
Business International Group,bintergroups.com
Custom Nutra,customnutra.com
"Polly Products Co., Inc.",polly-products.com
On Demand Fulfillment,ondemandfulfillment.com
Hallstar Beauty,hallstarbeauty.com
"Naturich Labs, Incorporated",naturich.com
"Tri-Pac Indiana, Inc",tri-pac.us
High Ridge Brands Co.,highridgebrands.com
FMK Labs,fmklabs.com
Botanic Beauty Labs,botanicbeautylabs.com
QUINOAPLEX,quinoaplex.com
Bio-Medical & Pharmaceutical Manufacturing Corp.,bio-medicalmanufacturing.com
Revlon,revlon.com
BENEV Company Inc.,benev.com
CSR Cosmetic Solutions,csrcs.ca
"Mana Products, Inc.",manaproducts.com
La Dove Inc.,ladove.com
Bristol-Myers Squibb,bms.com
"Batia & Aleeza, LLC",batiaandaleeza.com
Associated Building Specialties,associatedbuilding.com
"Brand Labs USA, LLC",brandlabsusa.com
Nutri Advanced Labs,nutriadvancedlabs.com
Samson Pharmaceutical Inc.,samsonpharmaceutical.com
"Red Mountain Goodness, LLC",redmountaingoodness.com
Johnson & Johnson,jnj.com
International Laboratories Canada,interlabcan.com
Cosmetic Solutions,naturalskincare.com
S&V Labs,s-vlabs.com
"Future International Diversified, Inc.",futureinternational.com
Brands International Corporation,brandsicorp.com
PSR Skincare,psrskincare.com
"Action Labs, Inc.",sentinel-vitamins.com
361 Global,361.global
"Estee Lauder Companies International, Inc.",elcompanies.com
"American Beauty Manufacturing, Inc.",americanbeautymfg.com
Adonis,adonismfg.com
Indian Hair,indianhair.net
Omega Tech Labs,omegatechlabs.com
CJ Labs,cjlabs.com
Innovative Formulations,innovationonline.com
Big Brands Utah Copacking LLC,bigbrandsutahcopacking.com
GLM Labs Inc.,glmlabsinc.com
Beauty Quest Group,beautyquestgroup.com
Wilson Chemical Innovations Inc.,wilsonchemical.com
Histemo USA,histemousa.com
Dreamline Beauty,dreamlinebeauty.com
Auri Nutra Science,aurinutrascience.com
"Hoss Sauce, Inc.",hosssauce.com
Divine Beauty,divinebeautyproducts.com
Gabel's Cosmetics Inc.,gabels.com
"FastFill Pack, Inc.",fastfillpack.com
Active Concepts LLC,activeconceptsllc.com
Matsun Nutrition,matsunnutrition.com
Continental Cosmetics Ltd.,continentalcosmetics.com
Sun Deep Inc.,sundeepinc.com
"Greenway Research Lab, Inc.",greenwaylab.com
L&R Distributors,lrdist.com
"Dermatech Labs, Inc.",lonusa.com
Beauty Manufacturing Solutions Corporation,beautymanufacture.com
Mansfield-King,mansfieldking.com
United Spirit of America,usa-spirit.com
Pharmasol Corporation,pharmasol.com
"Botanx, LLC",botanx.com
American Distilling,americandistilling.com
PLZ Corp,plzcorp.com
ExtractsUnlimited LLC,extracts-unlimited.com
"Aware Products, LLC",awareproducts.com
"Carib Sales, LLC",caribsalesinc.com
Herbalife Innovations & Manufacturing,herbalife.com
Homeocare Laboratories,homeocare.com
Oridel LTD,oridel.com
Olivela,olivela.com
Cospro Development Corp.,cospro.co
"Reviva Labs, Inc.",revivalabs.com
Anaik,anaik.com
Schwartz Natural Cosmetics,s-schwartz.com
"Natrol, Inc.",natrol.com
Maat Nutritionals,e-maat.com
Ambix Laboratories - Div. of Organics Corp. of America,ambixlabs.com
Hatberg Collective,hatbergcollective.com
G.S. Cosmeceutical,gscos.com
"OraLabs, Inc.",oralabs.com
"Real Aloe Solutions, Inc.",realaloesolutions.com
"Trividia Manufacturing Solutions, formerly P.J. Noyes",trividiams.com
Sister Sky,sistersky.com
BeyondSkin,beyondskin.com
Alatoute,alatoute.com
Purolea Cosmetics Lab,purolea.com
Organic Memories,organicmemories.com
"Unilever United States, Inc.",unileverusa.com
"Dextrum Laboratories, Inc.",dextrumlabs.com
"Liquid Health, Inc.",liquidhealthinc.com
itiba LLC,itibabeauty.com
Templeton Olive Oil,templetonoliveoil.com
H. Chalut Ltee,chalut.com
VERDE COSMETIC LABS,vclpl.com
Frederick Benjamin Grooming,shop.frederickbenjamin.com
"Bentley Laboratories, LLC",bentleylabs.com
Denman International Ltd.,denmanbrushus.com
"Jonathan International, Inc.",jonathaninternational.com
Lucky Hair Shears,luckyhareshears.com
Sunrise Glamour,sunriseglamour.com
RidgeCrest Herbals,rcherbals.com
WWP Beauty,wwpbeauty.com
"Clairol, Inc.",clairol.com
Evergreen Innovation,evergreeninnovate.com
"OrcaSmart Group, Inc.",orcasmart.com
"Healthy Solutions, LLC",healthysolutionsweb.com
"Tu-K Industries, Inc.",tukindustries.com
Hayward Laboratories,haywardlabs.com
Sun Medical Supplies,sunmedicalsupplies.com
Lifetech Resources,lifetechresources.com
Harvest Haven,harvesthaven.com
Cantin Beaute Ltee,cantinbeaute.com
Vital's International Group,vitalsintl.com
Petra Hygienic Systems,petrasoap.com
McKinley Resources,mckinleyresources.com
Ceutical Labs,ceuticallabs.com
Surface Hair Health Art,surfacehair.com
Salon Centre,saloncentre.ca
Sage Products LLC,sageproducts.com
"Ethical Products, Inc.",ethicalpet.com
Maritime Beauty Supply Co. Ltd.,maritimebeauty.com
Next Step Laboratories Corp,nextsteplab.com
Universal Companies Inc.,universalcompanies.com
EMS Contract Packaging,ems-contract-packaging.com
Centerchem Inc.,centerchem.com
Kingdom Beauty Supplies Ltd.,kingdombeauty.com
"Leading Edge Innovations, LLC",le-innovations.com
"Phytogenx, Inc.",phytogenx.com
Kareway,kareway.com
Pro-Tex-All,protexall.com
Mountain Rose Herbs,mountainroseherbs.com
Dragon Herbs,dragonherbs.com
World Club Supply Corp.,entiere.com
Intermountain Nutrution,intermountainnutrition.com
"Kingman Industries, LLC",kingmanlabs.com
SV Labs,svlabs.com
White Rain,whiterain.com
"Cosmetic Enterprises, Ltd.",cosmeticent.com
Progressive Orthotics Ltd.,progressiveorthotics.com
Capilex Beaute Ltee,capilexbeaute.ca
Promotional Marketing Concepts,promotionalmarketingconcepts.com
Groomer's Choice,groomerschoice.com
"Pure Source, LLC",thepuresource.com
Blumaan,blumaan.com
Private Label Beauty & Wellness,privatelabelbeautyandwellness.com
American International Industries,aiibeauty.com
"C-Care, LLC",c-care-company.com
"June Jacobs Labs, LLC",junejacobslabs.com
Precious Cosmetics,preciouscosmetics.com
Neutrogena Corporation,neutrogena.com
AGC Alokozay,sites.google.com
Geritrex Corp,http:
"GF Distributors, Inc",gfdistributors.com
Henkel Corporation,henkel-northamerica.com
Aerona Beauty,aeronabeauty.com
iLABS,ilabsus.com
"GDMI, Inc.",gdmiinc.com
"Joico Laboratories, Inc.",joico.com
Awakening Spirit,awakeningspirit.com
"Marquis XT, LLC",marquisinc.com
Boli LLC,bolinaturals.com
Dr. Joseph Mercola,shop.mercola.com
Wig Supplies,wigsupplies.com
Natural Contract Manufacturing,naturalcontractmanufacturing.com
Alto Pharmaceuticals Ltd.,altopharma.com
"MB Group USA, LLC, dba: MiraBurst",miraburst.com
"Meenaxi Enterprise, Inc",meenaxifoods.com
Vitakem,vitakem.com
Ceva,ceva.us
"Label Systems, Inc.",labelsystemsinc.com
Cordova & Associates,cordovagifts.com
"Cargill, Inc.",cargill.com
FormuNova,formunova.com
"Rockleigh Industries, Inc.",rockleighindustries.com
Pure Spa Direct,purespadirect.com
Brand Your Scent,brandyourscent.com
Organic Supplement Manufacturing,organicmfg.com
Zack Wholesale,zackwholesale.net
DA Brands,dacustomproducts.com
Startool Inc.,startool.com
Dakota Drug Inc.,dakdrug.com
Alaska Spring Pharmaceuticals,alaskaspringpharma.com
"FashionTIY, Inc.",fashiontiy.com
Paket Corp.,paketcorp.com
The Bulk Cart,thebulkcart.com
Pharma Nobis,pharmanobis.com
"Ecometics, Inc.",ecometics.com
Sophisticated Ladies,sophisticatedladies.net
United Global Trading Corp.,unitedglobaltradingcorp.com
TAAM Trading International LLC,taamtrading.com
Concept Workshop Worldwide LLC,conceptworkshop.com
HRR Wholesalers LLC,hrrwholesalers.com
CLC-CHEMOLEE LAB CORP,chemolee.com
"Spartacus Group, Inc.",spartacusgroup.net
Morris Flamingo,morrisflamingo.com
"Sun-Pac Manufacturing, Inc.",sunpacmanufacturing.com
"JAG Alliance, LLC",jagalliance.com
"EVG Extracts, LLC",evgextracts.com
ProLab Health & Beauty Ltd,prolabhealth.com
Your CBD Store,yourcbdstorecincinnatidayton.com
Addicted Beauty Manufacturing,addictedb.com
Borne Botanicals LLC,bornebotanicals.com
Femme Promo,femmepromo.com
"Laboratoire Du-Var, Inc.",du-var.com
Advanced Beauty Labs,advancedbeautylabs.com
Krembs Co.,krembs.com
"Quality Pencils, Inc.",qualitypencils.com
SolScents,solscentsusa.com
CBD BioCare,cbdbiocare.com
GILLETTE,gillette.com
VSAResources,vsaresources.com
Global Beauty Private Label Skincare,globalbeauty.net
Wrinkles Schminkles,wrinklesschminkles.com
Zystein,zystein.com
BonVida,bonvida.biz
Brittanies Thyme LLC,brittaniesthyme.com
CG-Labs,charlesgreenlabs.com
Dutch Harbor Brands,dutchharborbrands.com
Natural Cosmetic Labs,naturalcosmeticlabs.com
Luxuriant,luxuriantonline.com
Reshmi's Group Inc.,reshmisgroup.com
Saphired USA,saphired.com
U.S. Cotton,uscotton.com
"BioMedical Life Systems, Inc.",bmls.com
GEKA a Sulzer Company,geka-world.com
Manus Bio,manusbio.com
Harkness International Corp.,harknessinternational.com
Everythingbranded USA,everythingbranded.com
Postcraft,postcraft.com
Nexstar Holdings Corp,nexstarsales.com
"A,I.G. Technologies, Inc.",aigtechnologies.net
TriDerma,triderma.com
"Wolff Industries, Inc.",wolffindustries.com
Serene Tree,serenetree.com
"Dollardays International, LLC",dollardays.com
"Tria Beauty, Inc.",triabeauty.com
Burmax Corporation,burmax.com
Eco-Logics,ecologicsinc.com
Gerry Udell Incorporated,gerryudell.com
CATS Media Inc.,catsmediainc.com
Savarnas Mantra,savarnasmantra.com
Catalent Pharma Solutions,catalent.com
"Flora, Inc.",florahealth.com
Diamond Cosmetics,diamondcosmetics.com
Ponte Bella Store,pontebellastore.com
Jimy USA,jimyusa.com
Burt's Bees Pet Care,burtsbeespets.com
Kleen Concepts,kleen-concepts.com
GUAM Beauty,guambeauty.com
CMI Cosmetic Manufacturers / Oxygen Botanicals,oxygenbotanicals.ca
"Brushes by Karen, Inc.",brushesbykaren.com
Biogenesis,biogenesis-labs.com
Callings All ships,callingallships.net
ColorLab Private Label,colorlabprivatelabel.com
"CanPrev Natural Health Products, Ltd.",canprev.ca
"The Penthouse Group, Cosmetic Sales Div.",thepenthousegroup.com
Natural Partners Inc.,fullscript.com
ReGo Trading Inc,regowholesale.com
CureUV.com,cureuv.com
Herbs Make Scents,herbsmakescents.com
MK Beauty Club,mkbeautyclub.com
"Guy & O'Neill, Inc.",guyandoneill.com
Sunset Park Massage Supplies,massagesupplies.com
Dalton Health,dalton-health.com
"Green Valley Herbal Enterprises, LLC",greenvalleyherbal.com
WellSpring Pharmaceutical Corporation,wellspringpharm.com
Cosmetica Laboratories Inc.,cosmeticalabs.com
"Go-Natural, Inc.",igonatural.com
Sheencol'or U.S.A,sheencolorgroup.com
"Progressive Products, LLC",wipespluswipes.com
Princess Care,princesscare.com
Adirondack Fragrance & Flavor Farm,adkfragrancefarm.com
Medusa's Make-Up,medusasmakeup.com
Jabet Enterprises and Distribution LLC,jabeteanddllc.com
Diamond Wipes International,diamondwipes.com
Mega Corp.,megacorporation.com
Grafton Private Label Cosmetics,shopgraftoncosmetics.com
"Colorado Quality Products, Inc.",coloradoqualityproducts.com
JC Sales,jcsalesweb.com
Discover CBD,discovercbd.com
"Derma Beauty, Inc.",dermabeautyinc.com
Premier Promotions USA,premierpromotionsusa.com
RAExport,raexport.com
Ti Foods,ti-foods.com
"Basic Packaging Industries, Inc.",basicpackaging.com
Super Health Center,superhealthcenter.com
KDC One,kdc-one.com
Bulkanna,bulkanna.com
BKR,mybkr.com
"Frontier Pharmaceutical, Inc.",frontierpharm.com
High Vibration Ltd.,onelovehempdispensary.com
"Dermaceutical Laboratories, LLC",dlabllc.com
Bubble-Up Girlz,bubbleupgirlz.com
Natural Fibers Corporation -- Milkweedbalm.com,milkweedbalm.com
Femlogic Inc.,femlogic.com
Art Cosmetics USA Inc.,artcosmetics.it
"Seventh Generation, Inc.",seventhgeneration.com
"MedPlast, Inc.",medplastgroup.com
"W.R. Rayson Co., Inc.",raydenco.com
KB Pure Essentials,kbpureessentials.com
Sheffield Pharmaceuticals,sheffieldpharma.com
Aurora Medbiochem Co.,auroramedbiochem.com
"SASSI America, Inc.",sassiworld.com
Legend's Creek Farm,legendscreekfarm.com
OZ Naturals,oznaturals.com
Amerx Health Care Corporation,amerxhc.com
Allergan Inc.,allergan.com
Paramount Cosmetics,paramountcosmetics.net
"Ameriderm Laboratories, Ltd.",ameriderm.com
Viking Chemicals,vikingjanitorsupplies.com
Beilis Development,beilisdevelopment.com
The OhSo Co.,theohsoco.com
"Bell Flavors & Fragrances, Inc.",bellff.com
"Enzyme Solutions, Incorporated",enzymesolutions.com
Jafra Cosmetics International,jafra.com
Penta 5usa,penta5usa.com
Fleet Laboratories,fleetlabs.com
Sanofi Pharmaceuticals,sanofi.us
"Hill Dermaceuticals, Inc.",hillderm.com
Alaska Glacial Mud Co.,alaskaglacial.com
"Sandia Paper, Inc.",sandia.shopfront.com
Anjali MD,anjalimd.com
Cosco Soap & Detergent Co.,coscosoap.com
Argentum Medical,silverlon.com
Biodermis,biodermis.com
"CarePlus Medical, Inc.",turnwedge.com
"ERTH, LLC",erthhemp.com
Diversified Compounded Products LLC,diversifiedcompoundedproducts.com
"Topix Pharmaceuticals, Inc.",topixpharm.com
Big Dan's Hemporium,bigdanshemporiumb2b.com
The Herbal Nutrition Network,herbalnutrition.com
Apex International,trustapexinternational.com
Neurotris,neurotris.com
CBD American Shaman Huntsville,cbdhuntsvilletx.com
Sanitas Skincare,sanitas-skincare.com
Orr Safety Corporation,orrsafety.com
Fair & Flawless Skin,fairandflawless.com
A World of Wipes,aworldofwipes.com
"Zenorex International, Inc.",zenorexinc.com
Natural Ginger Corp.,naturalgingercorp.com
Perth Soap Inc.,perthsoap.com
PureFormulas.com,pureformulas.com
"Pi Pharma, Inc. dba Nature's Extra",naturesextra.com
"Purest Colloids, Inc",purestcolloids.com
"Allure Labs, Inc.",allurelabs.com
Puretek Corp.,puretekcorp.com
Velocity Production and Packaging,velocitypropack.com
Cali Botanicals,calibotanicals.com
"Jamieson, C.E., & Co. Ltd.",jamiesonvitamins.com
Covalon Technologies Ltd,covalon.com
Anti Aging Extracts,aaextracts.com
Delasco,delasco.com
"Troy Chemicals, Inc.",troychemical.com
Logistics Supply,logisticssupply.com
Guna Inc.,gunainc.com
Kimberly-Clark Professional,kcprofessional.com
Technographic Products,technographicproducts.com
ALPS South LLC,easyliner.com
"Arobella Medical, LLC",arobella.com
Hekcin Inc.,hekcin.com
"U.S. Safety & Supply Co., LLC",safetycompany.com
MedshopExpress.com,medshopexpress.com
"Timber Wolf, LLC",timberwolfhandcleaner.com
LM Wholesale Herbs,lm-herbs.com
Buy Hemp CBD Oil,buyhempcbdoil.com
Health Genesis Corp,healthgenesis.com
"MSCEE Skin Care, Inc.",msceeskincare.com
"Iridesse Skin Care, LLC",iridesseskincare.com
Contract Pharmaceuticals Limited Canada,cplltd.com
"MSI Enterprises, Inc.",formula2skincare.com
Lumiera Health Innovation,lumiera.ca
Aroma DE Terra Corporation,aromadeterra.com
Bella Terra Cosmetics,bellaterracosmetics.com
"LEO Pharma, Inc.",leo-pharma.us
"Skin Sake, LLC",skinsake.com
Anne's Apothecary LLC,annesapothecary.com
IndustrialSafetyGear.com,industrialsafetygear.com
Korea Ginseng Corp,kgcus.com
Oculus Innovative Sciences,sonomapharma.com
American Towelette Co.,americantowelette.com
CBD American Shaman,cbdamericanshaman.com
"Casco Bay Gardens, LLC",lbalm.com
Mary Tylor Naturals,marytylor.com
Delta Brands,deltabrands.com
NF Skin,nfskin.com
Canberra Corp.,canberracorp.com
KMK Supply Company,kmkdesign.us
Better Shea Butter,bettersheabutter.com
Aloe Up Suncare Products,aloeup.com
"Chemco Industries, Inc.",chemcoindustries.com
Pure Hemp Botanicals,purehempbotanicals.com
"Pro-Link, Inc.",prolinkhq.com
Bio Med Sciences,silon.com
"Chemite, Inc.",chemiteinc.com
Mission Skincare,mission.com
"SolarTherm Products, Inc.",erasepain.com
Honey Gold Botanicals,honeygoldbotanicals.com
Prosoap,prosoap.com
Proper Nutrition Inc.,propernutrition.com
MUV,muvfl.com
Isodiol International Inc.,isodiol.com
All Safety Products inc,allsafetyproducts.com
Actives International,activesinternational.com
Sacred Leaf,sacredleaf.com
BEEpothecary,beepothecary.us
Nassco Inc.,nasscoinc.com
"Veteran Safety Supply, LLC",veteran-ss.com
"Totally You, Inc.",totallyyou.com
Medix Wellness LLC,medixcbd.com
The CBD Store,thecbdstorecompany.com
"Thayer, Inc.",thayer.org
Hem Incense,hemincense.com
Hemp Depot,hempdepotco.com
"Gentell, Inc",gentell.com
NSI/PHP - Professional Health Products,professional-health-products.com
Fruit d'Or Nutraceuticals,fruit-dornutraceuticals.ca
"GenePharm, Inc.",genepharminc.com
Episencial,babytimeusa.com
Identipak,identipak.com
Essity North America,essityusa.com
Mercy Supply Collaborative,mercyscb.com
Lewis Industrial Supply,lewisindustrialsupply.com
Autumn Harp Inc.,autumnharp.com
Nexcare,nexcare.com
Myo Inc.,myotone.com
Carillon Green Inc.,carillongreen.com
"CARE-TECH Laboratories, Inc.",caretechlabs.com
Tallulah CBD + Juicebar,tallahasseecbd.com
Lescarden Inc.,catrix.com
Blaine Labs,blainelabs.com
Steiner Electric Co.,steinerelectric.com
IC Global Nutraceuticals,icglobalnutraceuticals.com
Choctaw-Kaul Distribution Company,choctawkaul.com
Pawz Dog Boots LLC.,pawzdogboots.com
"Atmosphere Essentials, Inc.",atmosphereessentials.com
Kosher Vitamins Express,koshervitamins.com
iPS Packaging & Automation,ipack.com
Earth Elements Organics,earthelementsorganics.net
Dermarite Industries LLC,dermarite.com
Carolina Medical Products Company,carolinamedical.com
Mary's,madebymarys.com
Columbia Cosmetics,columbiacosmetics.com
DAG Worldwide,truffoire.com
CoreTex Products Inc.,coretexproducts.com
Benedetta,benedetta.com
Gen-El Safety & Industrial Products,genelsafety.com
Eagle Moon Hemp,eaglemoonhemp.com
"Nikken, Inc.",nikken.com
New High Glass,newhigh.com
Surefil An Abaco Partners Company,surefil.com
Aeroelectronics Inc,aeroelectronicsinc.com
QuickBox,quickbox.com
Body Glide LLC,bodyglide.com
"GHC Group, LLC",bluestarointment.com
Twincraft,twincraft.com
Dogswell,dogswell.com
Smartshield,smartshield.com
Pure Southern Health,puresouthernhealth.com
Houston Chem Safe Inc.,houstonchemsafe.com
Highland Laboratories,highlandvitamins.com
Love & Leche,loveandleche.com
Boxout,boxouthealth.com
Dastmalchi,dastmalchi.com
Rocky Mountain Sunscreen,rmsunscreen.com
BioThrive Sciences,biothrivesciences.com
VastMedic LLC,vastmedic.com
CW Hemp,charlottesweb.com
Musher's Secret,musherssecret.com
Candid Clean Corp.,candidclean.com
Carolina Hemp Company,carolinahempcompany.com
Apollo Safety,apollosafetyproducts.net
SkinStitch,skinstitch.com
Wexford Innovations,wexfordlabs.com
Hanna Isul Skin Therapy Inc.,hannaisul.com
Star Manufacturing,starnutra.com
"Keller Cosmetics, Inc.",kellercosmetics.com
SSL International PLC,ssl-international.com
CleanSource Inc.,cleansourceinc.com
Jadience Herbal Formulas,jadience.com
BSN Medical Inc.,bsnmedical.us
"Allspar Solutions, Inc.",allspar.on.ca
Viking Industrial Center,vikingindustrialcenter.com
Empire Safety & Supply,empiresafety.com
Sino Lion USA,sinolion.com
"Express Medical Supply, Inc.",exmed.net
"Briotech, Inc.",briotechusa.shop
"Crown Laboratories, Inc.",crownlaboratories.com
"OraTech, LLC",oratech.com
"R.S. Hughes Co., Inc.",rshughes.com
Derma Essentials Lab,dermaessentialslab.com
Dermalogica,dermalogica.com
Biocogent LLC,biocogent.com
Willow Springs Emu Oil,willowspringsemuoil.ca
Harlem Pharmacy & Surgicals,hrxsurg.com
Loring Sarsfield Inc.,loringsarsfield.com
"Compac Industries, Inc.",compacind.com
Orgaid,orgaid.com
NOVEL NUTRIENTS USA LLC,novelnutrient.com
VitaminGummies.com,vitamingummies.com
GraffEtch,graffetch.com
American Safety Utility Corporation,americansafety.com
Arete Manufacturing,meritmfg.com
"Lindi Products, LLC",lindiskin.com
Ontex Group,ontex.com
Superior Herbals,superiorherbals.biz
Glocecol,glocecol.com
The Sawyer Group,thesawyergroup.com
"Glo-Marr Pet Products, Inc.",glomarr.com
"Jellen Products, Inc.",jellenproducts.com
Trividia Health,trividiahealth.com
Haiteng USA Corp.,haitenggroup.com
Stuart Trading Canada Ltd,klenzy.ca
"Standard Hardware, Inc.",pencomsf.com
"Nice-Pak Products, Inc.",nicepak.com
"NxN, LLC",nxnbeauty.com
PolyGel,polygel.com
Tomlyn,tomlyn.com
HJS Supply Company,hjssupply.com
Dectro,dectro.us
"Skinvisible, Inc.",skinvisible.com
"PDI, Inc.",wearepdi.com
Kresto Hand Cleaner Supply,krestohandcleaner.com
"Sustainable Supply Company, Llc",sustainablesupply.com
Elite Hemp Products,elitehempproducts.com
Palmer Packaging,palmerpackaging.com
Churchwin LLC,churchwin.com
Wormser Group,wormsergroup.com
Process Technologies & Packaging,processtechnologies.com
ALZOO,alzoo-vet.com
Pacon Manufacturing Corp.,paconmfg.com
E-Care Medical Supplies,ecaremedicalsupplies.com
Hellobeautifulface,hellobeautifulface.com
Au Courant Cosmetics Limited,aucourant.com
3M Canada Company,3mcanada.ca
Covalence Laboratories,covalence.com
"ABC Compounding Company, Inc.",abccompounding.com
