name,domain
Tropical Labs,https://www.tropicallabs.com/
Advanced Cosmetic Research Labs Inc.,https://www.acrl.com/
Nabs Labs LLC,https://nabslabs.com/
"Tropical Products, Inc.",https://www.tropicalproducts.com/
"Novapac Laboratories, Inc.",http://www.novapaclabs.com/
AromaLand Inc.,https://www.aromaland.com/Default.asp
Moe's Group LLC,https://www.moesgroup.org/
AMR Labs,https://amrlabs.com/
Product Society LLC,http://www.productsociety.com
Private Label Partners,https://www.privatelabelpartners.net/
Makers Nutrition,https://www.makersnutrition.com/
BioCorp Nutrition Labs,https://biocorpnutritionlabs.com/
Superior Supplement Manufacturing,https://www.superiorsupplementmfg.com
F.A.M.E Health Labs LLC.,https://www.famehealthlabs.com/
"Power Line Packaging, Inc.",http://www.powerlinepackaging.com
"InSpec Solutions, LLC",https://inspecsolutions.com/
Economy Polymers & Chemicals,https://economypolymers.com/
"Vigon International, an Azelis Company",https://www.vigon.com/
ABS Corporation,https://www.abs-corporation.com/
CB Custom Manufacturing,https://www.cedarbear.com/
Organimed LLC,https://organimedusa.com/
Veluca,https://veluca.com/
RainShadow Labs,https://www.rainshadowlabs.com/
Nutrix,https://www.nutrixusa.com/
The Midwest Sea Salt Company Inc.,https://www.midwestseasaltcompany.com/
"Spa De Soleil, Inc.",https://spadesoleil.com/
Nano9,https://nano9.com/
GENEIII BIOTECH,https://www.geneiii.com/
Medpak Solutions,https://www.medpaksolutions.com/
CITCO,https://www.citcousa.com/
"Trinity Parfum, Inc.",https://www.trinityperfumes.com/
Associated Bag,https://www.associatedbag.com/Default.aspx
"Safetec of America, Inc.",https://privatelabel.safetec.com/
Tru Body Wellness,https://www.trubodywellness.com/
"Sawgrass Nutra Labs, LLC",https://sawgrassnutralabs.com
SMT Packaging,https://smtpackaging.com/
S&S Incorporated,http://www.sspackaging.com
MacroCap Labs,https://www.macrocaplabs.com/
Complete Packaging & Manufacturing,https://cpackmanufacturing.com/
"Gaia Filling and Packaging, LLC",https://www.gaiafillandpack.com/
Cougar Packaging Solutions,https://cougargroup.com/
Health and Natural Beauty USA Corp,https://www.hnbusa.com/
Zooby Promotional,https://www.zooby-promotional.com/
Yellow Emperor,https://yellowemperor.com/
Contract Packaging LTD.,http://contractpackagingltd.com/
The Lavish Goat,https://thelavishgoat.com/
Supplement Manufacturing Partner Inc.,https://smpnutra.com/
Dental Technologies Inc.,https://dentaltech.com/
Atlantic Paper & Supply,https://www.atlanticpaper.com/
Bulk Apothecary,https://www.bulkapothecary.com/
Berkshire Corporation,https://disinfexol.com/
Aromasong Manufacturing Corp,https://www.aromasongint.com/
"C&L Supply Company, Inc.",https://candlsupply.com/
Raining Rose,https://www.rainingrose.com
Sbodi,https://sbodi.com/
NutraPak USA,https://nutrapakusa.com/
Cleanroom Connection,https://www.cleanroomsupplies.com/
"Xamax Industries, Inc.",https://xamax.com/
"Wisconsin Pharmacal Company, LLC",https://www.pharmacalway.com/
FillPack USA,https://www.fillpackusa.com/
A&R International Commercial Corp,https://www.aaricc.com/
N.S. Oils,https://medivega.com/
Broner Glove & Safety Company,https://shop.bronersafety.com/
JBK Wellness Labs,https://jbkwellnesslabs.com/
Concept Matrix Solutions,https://www.conceptmatrixsolutions.com
Cindy J Cosmetic Labs,https://cindyjlabs.com/
Zatik Inc.,https://zatiknatural.com/
Creative CNC LLC,https://www.creativecnc.net
France Naturals Inc.,http://www.francenaturals.com
Kivema,https://www.kivemaltd.com/
Hempeutics Pharmacy,https://hempeuticspharmacy.com/
HH Processors,https://hhprocessors.com/
Exhemplary Life,https://www.exhemplarylife.com/
Elvis Elvin Labs,https://www.elviselvinlabs.com/
TriLabs Manufacturing,http://trilabsmfg.com
TradingGoodsLLC,https://tradinggoodsllc.com/
BattingSuperSale.com,https://www.battingsupersale.com/
"AKSH Industries, Inc.",http://www.akshindustries.com
Jade Bloom,https://jadebloom.com/
QuadSil Inc,https://quadsil.us/
J & S Soap & Supply Co.,https://www.jssoap.com/catalog/default.aspx
W.blvd,https://wblvd.com/
EC Studios,http://ec-studios.ca
Dermatech,https://www.dermatech.life/
KBL Cosmetics,https://kblcosmetics.com/
Innovative Cosmetic Labs,https://www.iclpl.com/
Garcoa Laboratories,https://www.garcoa.com/
Vox Nutrition,https://www.voxnutrition.com/
TCI Biotech LLC,https://www.tci-bio.com/
Coughlan Products Corp.,http://www.coughlanproducts.com/
BPI Labs Inc.,https://www.bpilabs.com/
Sun Star Organics,https://sunstarorganics.com/pl.aspx
Eybna Technologies,https://eybna.com/
CBD American Shaman of North Conroe,https://conroecbd.com/
Atomic Pom Labs,https://atomicpomlabs.ca/
I. Shay Cosmetics,https://www.ishaycosmetics.com/
Hathaway Solutions,https://www.hathawaypaper.com/
Diversified Manufacturing Corporation,https://dmcmn.com/
EphuroaLabs,https://ephuroalabs.com/
Aligen,https://aligen.com/
HWL Manufacturing,https://hwlmanufacturing.com/
Spadet,https://spadet.com/
Premark Health Science,http://premarkhs.com/
The Old Town Soap Company,http://www.theoldtownsoapcompany.com
"Green Star Labs, Inc.",https://greenstarlabs.net/
Pravada Private Label,https://www.pravadaprivatelabel.com/
Rocktomic Labs,http://www.rocktomic.com
Flex Cosmetics,https://flexcosmetics.com/
Sitram Inc.,https://sitraminc.com/
American Flash Inc.,http://www.atmamericacorp.com
Body Dimensions Industries,https://www.body-dimensions.com/
CBD American Shaman Frisco,http://friscocbdstore.com/
Neutraderm,https://www.neutraderm.com/
"D.W. Davies & Co., Inc.",https://dwdavies.com
Platinum Deluxe Cosmetics,https://platinumdelux.com/
Colorful Products,https://www.colorfulproducts.com/
"CelaCare Technologies, Inc.",https://www.celacare.com/
Beard Care Club,https://beardcareclub.com/
Pharma Natural,https://pharmanatural.com/
RNA Corporation,http://www.rnacorporation.com/
Zatural,https://zatural.com/
K&D Medical Supplies,https://www.kdmedicalsupplies.com/
Skincare by Marpac,https://www.skincarebymarpac.com/
My Beauty Vision,https://www.mybeautyvision.com/
CBD American Shaman College Station,https://cbdcollegestationtx.com/
ModoMed,http://www.ModoMed.com
Centricity Labs,https://centricitylabs.com/
Diaper Depot USA LLC,https://www.diaperdepotusa.net/
Natural Nutritionals,https://naturalnutritionals.com
"Prehemptive, LLC",https://www.prehemptive.com/
"Royal Labs Natural Cosmetics, Inc.",https://royallabs.com/
Cream Formulators,http://www.creamformulators.com/
"Denison Pharmaceuticals, Inc.",https://denisonpharmaceuticals.com/
Arvanna,https://arvanna.com
"Direct Medical Supplies, LLC",https://www.directmedicalofamerica.com/
Vitality Medical Inc,https://www.vitalitymedical.com
Simplicity Filling Systems LLC,https://simplicityfillingsystems.com/
BIOTA Biosciences,https://www.biotacbd.com
CassCo Bio Labs,https://www.cassco-bio.com/
"Anti-Seize Technology, A.S.T. Industries, Inc.",http://www.antiseize.com
AmericanWholesaleCo,https://americanwholesaleco.com/
"Bactolac Pharmaceutical, Inc.",https://bactolac.com/
Prime Matter Labs,https://www.primematterlabs.com/
Romanov Cosmetics,https://romanovcosmetics.com/
Wasatch Product Development,https://wasatchlabs.com/
Starlion Distribution,https://www.starliondistribution.com/
"Valeant Pharmaceuticals International, Inc.",http://www.valeant.com
Love is Patient Medical Supplies,https://lipms.com/
Great Lakes Wholesale,https://www.glwholesale.com/
"Herbally Yours, Inc.",http://www.herballyyours.net
Apollo Corp.,https://apollobath.com/
"Dermal Theraphy Research, Inc.",https://www.dermaltherapy.com/
Arbonne International LLC,https://www.arbonne.com/us/en/
Applied Industrial Technologies,https://www.applied.com
Private Label Supplements,https://www.plsupplements.com/Default.asp
"Pro Products, LLC",https://proproducts.com/
Virginia Aromas,https://virginia-aromas.com/
"Health & Beauty Natural Oils Co., Inc.",https://www.essentialnaturaloils.com/
Mix Pack Labs LLC,https://mixpacklabs.com/
"Good Scents Oils, LLC",https://www.goodscentsoils.com/
H&MI Wholesale Distributors,https://www.hmiinternational.com/
CBD Oil Botanicals,https://cbdoilbotanicals.com
"EIG Personal Care, USA",https://www.eigpersonalcare.com/
Hemp Lively (H Lively LLC),https://www.hemplively.com/
Procter & Gamble Co.,https://us.pg.com/
CBD American Shaman Woodstock,https://cbdwoodstock.com/
Custom Soap Colorado,https://www.coloradosoap.com
"Solo Laboratories, Inc.",https://www.sololabsinc.com
Checkers Cleaning Supply - Div. of Checkers Marketing Inc.,https://checkerscleaningsupply.com/
Classic Caps & Embroidery,http://www.classicce.com
Omni Centers,https://omnicenters.com/
Makeup Medley,https://www.makeupmedley.com/
Viva Doria,https://vivadoria.com/
MSC Industrial Supply Co.,https://www.mscdirect.com/
"Certified Safety Mfg., Inc.",https://certifiedsafetymfg.com/
Cymcorp International Inc.,https://cymcorp.ca/
Amaze Wholesale LLC,https://amazewholesale.com/
Cactus Juice Bottling,https://www.cactusjuicebottling.com/
Well Aliments LLC,https://wellaliments.com/
Activation Products (CAN) Inc.,https://activationproducts.com/
Genie Supply Inc.,https://www.geniesupply.com/
NBGS USA,http://nbgsusa.com/
AG Beauty,https://agbeautyllc.com/
Cheryls Herbs,https://cherylsherbs.com/
Luminous Skin Lab,https://jelly-masks.com
Champion Products,https://www.championproducts.com
Skin Actives Scientific LLC,https://skinactives.com
One Source Medical Supplies,https://osmsupplies.com/
"4everalive, LLC",https://www.4everalive.com/
BeBeauty Products & Private Label,https://www.bebeautyproducts.com/
6 Degrees Collective,https://www.6degreescollective.com/
"Verla International, Ltd.",https://verlainternational.com/
Aegle Nutrition,https://aeglenutrition.com/
Flex Rocket,https://flexrocket.com/
Sponge Center,https://spongecenter.com/
Natural Wholesale,https://naturalwholesale.com/
Remedy Labs,https://remedylabs.co/
Goodwell Science,https://www.goodwellscience.com/
NutraSky,https://nutrasky.co
Apollo HBC,http://www.apollocorp.com/
CBD American Shaman Rehoboth,https://cbdrehobothbeach.com/
Legere Pharmaceuticals,https://legerepharm.com/
My VitalC,https://www.myvitalc.com/
Concentrated Aloe Corporation,https://conaloe.com/
CBD American Shaman Katy,https://katytxcbd.com/
Salem Botanicals,https://www.salembotanicals.com/
"DLK Medical Technologies, Inc.",http://dlkmedicaltechnologies.com/
Lady Burd,https://www.ladyburd.com/
GAR Labs,https://www.garlabs.com/
Beehive Botanicals Manufacturing Inc.,https://www.beehivebotanicals.net/
The Betty Mills Company (BettyMills.com),https://www.bettymills.com/?utm_source=thomasnet&utm_medium=affiliate
Tekabrush,https://tekabrushonline.com/
Scapa Healthcare,https://www.scapahealthcare.com/
"Silver Shadow Ventures, LLC",https://silvershadowventures.llc/
Mizzi Cosmetics,https://www.mizzicosmeticsrx.com/
ViSona LLC - Personal Care Contract Manufacturer & Co-packer.,https://www.visona.co/
Natures Formulae Ltd.,http://www.naturesformulae.com
MAXCBD Wellness,https://maxcbdwellness.com/
PURE Private Label LLC,https://pureprivatelabel.com/
Private Label Productions,https://theprivatelabelproductions.com/
Voyant Beauty,https://www.voyantbeauty.com/
"Bio-Tech Pharmacal, Inc.",https://www.biotechpharmacal.com/
Immacule Lab,https://immaculelab.com/
"Unicus Pharmaceuticals, LLC",https://www.unicuspharma.com/
Johnyantaherbs LLC,http://johnyantaherbsllc.com
Pacific Health Sciences LLC,http://www.pacifichealth.com
Kria Botanicals,https://kriabotanicals.com/
Organic Body Shop Corp.,https://organicbodyshop.ca/
Shea Growers Africa LLC,https://sheagrowersafrica.com/
Topiderm,http://www.topiderm.com
BSG Aesthetics Solutions,https://www.bsgaesthetics.com/
Specialty Formulation & Manufacturing LLC,https://specialtyformulation.com/
Ko-Pack Inc,https://www.kopack.us/
Evora Worldwide,https://evoraww.com/
"Shay Labs Manufacturing Co . Skin, Hair, Pet, Oral, & Personal Care",http://www.shaylabs.com
"Neurogan, Inc.",https://neurogan.com
Norafin (Americas) Inc.,https://norafin.com/
Nufacturing Inc.,https://www.nufacturing.com/
Universal Nutrition Inc,https://www.cost6.com/
Naturally Vain,https://naturallyvain.com/
Doerfler Mfg. Inc.,https://www.doerflermfginc.com/
Better Bath Better Body,http://betterbathbetterbody.com
Chemco Corp.,https://echemco.com/
Cwi Medical LLC,https://www.cwimedical.com/
Dhaliwal Labs,https://www.dhaliwal-labs.com/
Cosco Enterprises,https://coscosoap.com/
"Jerzy Girls, LLC",https://jerzygirls.com/
"YMlabs, LLC",https://ymlabs.com/
Meriance Collagene Inc.,https://www.meriance.com/en/
"Safeware, Inc",https://www.safewareinc.com/
K&B Labs,https://kandblabs.com/
DermaMed Solutions,https://www.dermamedsolutions.com/
"Olympian Labs, Inc.",https://www.olympianlabs.com/
"Meta Labs, Inc.",https://www.metalabsinc.com/
Koyer Sunscreen,https://theactivelifecompany.com/
Swiss-American CDMO,https://www.swissamericancdmo.com/
Pinnacle Cosmetics,https://www.pinnaclecosmetics.com/
"KeriCure, Inc.",https://kericure.com/
Farmers Lavender,https://www.farmerslavenderco.com/
Mantra Mask,https://mantramask.com/
NuFACE,https://www.mynuface.com/
"Formulated Solutions, LLC",https://www.formulatedsolutions.com/
JetPack Shipping,https://jetpackshipping.com/
EBC,https://www.ebcusa.us/
Floratech,https://www.floratech.com/
CVS Corp.,https://www.cvshealth.com
Vetio Animal Health,http://vetio.com/
US Hemp Wholesale,http://www.ushempwholesale.com
Renaud Naturals,https://renaudnaturals.com/
Alexandria Professional,https://www.alexandriaprofessional.com/
"Genesis Biosystems, Inc.",https://www.genesisbiosystems.com/
Colgate-Palmolive Co.,https://www.colgatepalmolive.com/en-us
"Mcilpack, Inc.",https://mcilpack.com/
Garden Om Hemp Co.,https://gardenom.com/
"Hillyard, Inc.",https://www.hillyard.com/Pages/default.aspx
Lemyn Organics,https://lemyn.com/
Qosmedix,https://www.qosmedix.com/
Unica Canada Inc.,https://www.unicacanada.com/
"Haus Bioceuticals, Inc.",https://hausbio.com/
Dealmed,https://www.dealmed.com/
Taylor MD Formulations,https://taylormdformulations.com/
"Hemplucid, Ltd.",https://hemplucid.com/
Nuance Solutions,https://nuancesolutions.com/
Classic Cosmetics Inc.,https://www.classiccosmetics.com
Jewelled Rose,http://www.jewelledrose.com
"Whisk Products, Inc.",http://www.whiskproducts.com/
Trivedi Effect,https://trivedieffect.com/
Blesswell,https://www.blesswell.co/
Geltor,https://geltor.com/
Essential Wholesale,https://essentialwholesale.com/
"GOJO Industries, Inc.",https://www.gojo.com/en/?sc_lang=en
Fourmile Health,https://fourmilehealth.com/
Caswell-Massey,https://www.caswellmassey.com/
Dermaplaning Supplies,https://www.dermaplaningsupplies.com
Maesa,https://maesa.com/
Source Supply Company,https://sourcesupplycompany.com/
Amrita Aromatherapy,https://www.amrita.net
"King Bio, Inc.",https://drkings.com/
"CCA Industries, Inc.",https://www.shopcca.com
Innovative Body Science,https://innovativebodyscience.com/
ConvaTec Inc.,https://www.convatec.com/
Benefit Cosmetics LLC,https://www.benefitcosmetics.com/en-us/
Atlanco,http://www.atlancoinc.com/
ATC Medical,https://www.atcmedical.com/
Colonial Scientific,http://www.colonialscientific.com/CS/
"SunLeaf Naturals, LLC",https://www.sunleafnaturals.com/
Fix Supply,https://www.fixsupply.com/
"Elitefill, Inc.",https://elitefill.com/
"Capital Janitorial Supply & Service, LLC",http://www.capitaljanitorialsupply.com/index.html
"L.J. Zucca, Inc.",https://ljzucca.com/
"Bowman Beauty & Barber Supply, Inc.",https://www.wbbarber.com/
Inahsi LLC,https://inahsi.com/
Ellatu,http://www.ellatu.com
"Dyna-Tabs, LLC",http://www.dynatabs.com
Universal Distribution LLC,https://www.universaldc.com/
Boro Hemp,https://borohemp.com
True Indian Hair,https://trueindianhair.com/
Steelson Packaging,https://steelsonpackaging.com/
Metro Wholesale SD,https://metrowholesalesd.com/
Hydrox Laboratories,https://www.hydroxlabs.com/
Hairmax,https://hairmax.com/
Valco Sales & Marketing Consultants,https://valcosales.com/
"HealthRight Products, LLC",https://www.healthrightproducts.com/
Cunsa,http://www.cunsa.net/
Merit Surgical,https://www.meritsurgical.ca/
"Dyson, Inc.",https://www.dyson.com/en
Rococo Quality Hair,https://www.rococohairs.com/
The Stephan Company,https://thestephanco.com/
Empack Spraytech Inc.,http://www.empack.ca/
Stylors Inc,https://stylors.com/
"ABCO Laboratories, Inc.",http://www.abcolabs.com/index.cfm?action=home
"M.J. Rapoport & Co., Inc.",https://www.mjrapoport.com/
"Tri-K Industries, Inc.",https://www.tri-k.com/
Puresan USA,https://puresanusa.com/
Arizona Sun,https://www.arizonasun.com/
"Phytoceuticals, Inc.",https://www.phyto-c.com/
Doc Spartan,https://docspartan.com/
Wahl Clipper Corporation,https://www.wahl.com/
Camille Beckman,https://camillebeckman.com/
Bulk Skin Care by Aromaland,https://bulkskincare.com/
"Key West Aloe, Inc.",https://keywestaloe.com/
Natural Essentials,http://www.naturalessentialsinc.com
Reforma Group,https://reformagroup.com/
KIK Danville,https://www.kikcorp.com/
"Playtex Products, Inc.",https://www.playtexproducts.com/
Mineral Fusion,https://www.mineralfusion.com/
JacksonFill,http://www.jacksonfill.com
Promo Lip Balm,http://www.promolipbalm.com/index.php?country=us
"Bronner Brothers Co., Inc.",https://bronnerbros.com/
Hair Systems Inc.,https://www.hairsystemsinc.com/
Banyan Botanicals,https://www.banyanbotanicals.com/
Conair Corporation,https://www.conair.com/
CHI Haircare,https://chi.com/
"Johnson & Johnson Consumer Companies, Inc.",https://www.johnsonsbaby.com/
Keyano,https://www.keyano.com/
"Gordon Laboratories, Inc.",http://www.gordonlabsinc.com
Importfab Inc.,https://www.importfab.com/
Business International Group,https://www.bintergroups.com/
Custom Nutra,https://customnutra.com/
"Polly Products Co., Inc.",http://polly-products.com
On Demand Fulfillment,https://www.ondemandfulfillment.com/
Hallstar Beauty,https://www.hallstarbeauty.com/
"Naturich Labs, Incorporated",https://www.naturich.com
"Tri-Pac Indiana, Inc",https://www.tri-pac.us/
High Ridge Brands Co.,https://www.highridgebrands.com/
FMK Labs,https://fmklabs.com/
Botanic Beauty Labs,https://botanicbeautylabs.com/
QUINOAPLEX,https://quinoaplex.com
Bio-Medical & Pharmaceutical Manufacturing Corp.,https://bio-medicalmanufacturing.com/
Revlon,https://www.revlon.com/
BENEV Company Inc.,https://www.benev.com
CSR Cosmetic Solutions,https://www.csrcs.ca/
"Mana Products, Inc.",https://www.manaproducts.com/
La Dove Inc.,https://ladove.com/
Bristol-Myers Squibb,https://www.bms.com/
"Batia & Aleeza, LLC",http://www.batiaandaleeza.com
Associated Building Specialties,https://www.associatedbuilding.com
"Brand Labs USA, LLC",https://brandlabsusa.com/
Nutri Advanced Labs,https://www.nutriadvancedlabs.com/
Samson Pharmaceutical Inc.,http://www.samsonpharmaceutical.com/
"Red Mountain Goodness, LLC",http://www.redmountaingoodness.com/
Johnson & Johnson,https://www.jnj.com
International Laboratories Canada,https://www.interlabcan.com
Cosmetic Solutions,https://naturalskincare.com/
S&V Labs,https://s-vlabs.com/
"Future International Diversified, Inc.",http://www.futureinternational.com/Soaps.htm
Brands International Corporation,https://www.brandsicorp.com/
PSR Skincare,https://psrskincare.com/
"Action Labs, Inc.",https://sentinel-vitamins.com/
361 Global,https://361.global/
"Estee Lauder Companies International, Inc.",http://www.elcompanies.com/
"American Beauty Manufacturing, Inc.",http://www.americanbeautymfg.com/
Adonis,https://adonismfg.com/
Indian Hair,https://indianhair.net/
Omega Tech Labs,http://www.omegatechlabs.com/
CJ Labs,http://www.cjlabs.com
Innovative Formulations,https://www.innovationonline.com/
Big Brands Utah Copacking LLC,https://www.bigbrandsutahcopacking.com
GLM Labs Inc.,https://www.glmlabsinc.com/
Beauty Quest Group,https://beautyquestgroup.com/
Wilson Chemical Innovations Inc.,https://www.wilsonchemical.com/
Histemo USA,https://histemousa.com
Dreamline Beauty,https://www.dreamlinebeauty.com/
Auri Nutra Science,https://www.aurinutrascience.com/
"Hoss Sauce, Inc.",https://www.hosssauce.com/
Divine Beauty,http://www.divinebeautyproducts.com
Gabel's Cosmetics Inc.,http://www.gabels.com
"FastFill Pack, Inc.",http://fastfillpack.com/
Active Concepts LLC,https://activeconceptsllc.com/
Matsun Nutrition,https://www.matsunnutrition.com/
Continental Cosmetics Ltd.,https://continentalcosmetics.com/
Sun Deep Inc.,https://sundeepinc.com/
"Greenway Research Lab, Inc.",https://www.greenwaylab.com
L&R Distributors,https://lrdist.com/
"Dermatech Labs, Inc.",https://lonusa.com/
Beauty Manufacturing Solutions Corporation,https://beautymanufacture.com/
Mansfield-King,https://www.mansfieldking.com/
United Spirit of America,https://usa-spirit.com/
Pharmasol Corporation,http://www.pharmasol.com
"Botanx, LLC",http://www.botanx.com/
American Distilling,https://www.americandistilling.com/
PLZ Corp,https://www.plzcorp.com/
ExtractsUnlimited LLC,https://www.extracts-unlimited.com/
"Aware Products, LLC",http://www.awareproducts.com
"Carib Sales, LLC",https://www.caribsalesinc.com/
Herbalife Innovations & Manufacturing,https://www.herbalife.com/
Homeocare Laboratories,https://www.homeocare.com
Oridel LTD,http://www.oridel.com
Olivela,https://www.olivela.com/
Cospro Development Corp.,https://www.cospro.co
"Reviva Labs, Inc.",https://www.revivalabs.com/
Anaik,https://www.anaik.com/
Schwartz Natural Cosmetics,https://s-schwartz.com/
"Natrol, Inc.",https://www.natrol.com/
Maat Nutritionals,http://www.e-maat.com
Ambix Laboratories - Div. of Organics Corp. of America,http://www.ambixlabs.com/
Hatberg Collective,https://www.hatbergcollective.com/
G.S. Cosmeceutical,http://www.gscos.com/
"OraLabs, Inc.",https://www.oralabs.com/
"Real Aloe Solutions, Inc.",http://realaloesolutions.com
"Trividia Manufacturing Solutions, formerly P.J. Noyes",https://www.trividiams.com/
Sister Sky,https://sistersky.com/
BeyondSkin,https://beyondskin.com/
Alatoute,https://www.alatoute.com/
Purolea Cosmetics Lab,https://www.purolea.com/
Organic Memories,https://organicmemories.com/
"Unilever United States, Inc.",https://www.unileverusa.com/
"Dextrum Laboratories, Inc.",http://www.dextrumlabs.com/index.html
"Liquid Health, Inc.",https://www.liquidhealthinc.com/
itiba LLC,https://itibabeauty.com/
Templeton Olive Oil,https://www.templetonoliveoil.com/
H. Chalut Ltee,http://www.chalut.com
VERDE COSMETIC LABS,https://www.vclpl.com/
Frederick Benjamin Grooming,https://shop.frederickbenjamin.com/
"Bentley Laboratories, LLC",https://www.bentleylabs.com/
Denman International Ltd.,https://denmanbrushus.com
"Jonathan International, Inc.",http://www.jonathaninternational.com/
Lucky Hair Shears,https://www.luckyhareshears.com/
Sunrise Glamour,http://www.sunriseglamour.com/
RidgeCrest Herbals,https://rcherbals.com/rc
WWP Beauty,https://wwpbeauty.com/
"Clairol, Inc.",https://www.clairol.com/en-us
Evergreen Innovation,https://www.evergreeninnovate.com/
"OrcaSmart Group, Inc.",https://orcasmart.com/
"Healthy Solutions, LLC",https://www.healthysolutionsweb.com/
"Tu-K Industries, Inc.",https://www.tukindustries.com/
Hayward Laboratories,https://www.haywardlabs.com/
Sun Medical Supplies,https://sunmedicalsupplies.com/
Lifetech Resources,https://www.lifetechresources.com/
Harvest Haven,https://www.harvesthaven.com/
Cantin Beaute Ltee,https://www.cantinbeaute.com/
Vital's International Group,https://www.vitalsintl.com
Petra Hygienic Systems,https://www.petrasoap.com/
McKinley Resources,https://mckinleyresources.com/
Ceutical Labs,https://www.ceuticallabs.com/
Surface Hair Health Art,https://surfacehair.com/
Salon Centre,https://saloncentre.ca/
Sage Products LLC,https://sageproducts.com/
"Ethical Products, Inc.",https://www.ethicalpet.com/
Maritime Beauty Supply Co. Ltd.,https://www.maritimebeauty.com/
Next Step Laboratories Corp,https://www.nextsteplab.com/
Universal Companies Inc.,https://www.universalcompanies.com/
EMS Contract Packaging,https://www.ems-contract-packaging.com
Centerchem Inc.,https://www.centerchem.com/
Kingdom Beauty Supplies Ltd.,https://www.kingdombeauty.com/Default.asp
"Leading Edge Innovations, LLC",https://www.le-innovations.com/
"Phytogenx, Inc.",https://www.phytogenx.com/
Kareway,https://kareway.com/
Pro-Tex-All,https://www.protexall.com/
Mountain Rose Herbs,https://mountainroseherbs.com/
Dragon Herbs,https://www.dragonherbs.com/
World Club Supply Corp.,http://www.entiere.com/
Intermountain Nutrution,https://www.intermountainnutrition.com
"Kingman Industries, LLC",https://kingmanlabs.com/
SV Labs,https://www.svlabs.com/index.html
White Rain,https://www.whiterain.com/
"Cosmetic Enterprises, Ltd.",https://cosmeticent.com/
Progressive Orthotics Ltd.,https://progressiveorthotics.com/
Capilex Beaute Ltee,http://capilexbeaute.ca/
Promotional Marketing Concepts,http://www.promotionalmarketingconcepts.com/
Groomer's Choice,https://groomerschoice.com/
"Pure Source, LLC",https://www.thepuresource.com/
Blumaan,https://blumaan.com
Private Label Beauty & Wellness,https://privatelabelbeautyandwellness.com/
American International Industries,http://www.aiibeauty.com
"C-Care, LLC",https://www.c-care-company.com/
"June Jacobs Labs, LLC",https://www.junejacobslabs.com/
Precious Cosmetics,http://www.preciouscosmetics.com/
Neutrogena Corporation,https://www.neutrogena.com/
AGC Alokozay,https://sites.google.com/alokozay.ca/alokozaynorthamerica/home
Geritrex Corp,Http://www.geritrex.com
"GF Distributors, Inc",https://gfdistributors.com/
Henkel Corporation,https://www.henkel-northamerica.com/
Aerona Beauty,https://aeronabeauty.com/
iLABS,https://ilabsus.com/
"GDMI, Inc.",http://www.gdmiinc.com
"Joico Laboratories, Inc.",https://www.joico.com/
Awakening Spirit,https://awakeningspirit.com/
"Marquis XT, LLC",https://marquisinc.com/marquis-xt/
Boli LLC,https://www.bolinaturals.com/
Dr. Joseph Mercola,https://shop.mercola.com/
Wig Supplies,http://wigsupplies.com
Natural Contract Manufacturing,https://naturalcontractmanufacturing.com/
Alto Pharmaceuticals Ltd.,https://www.altopharma.com/
"MB Group USA, LLC, dba: MiraBurst",https://miraburst.com/
"Meenaxi Enterprise, Inc",https://meenaxifoods.com/
Vitakem,https://vitakem.com/
Ceva,https://www.ceva.us/
"Label Systems, Inc.",https://labelsystemsinc.com/
Cordova & Associates,https://www.cordovagifts.com/
"Cargill, Inc.",https://www.cargill.com/
FormuNova,https://formunova.com/
"Rockleigh Industries, Inc.",https://rockleighindustries.com/
Pure Spa Direct,https://www.purespadirect.com/Default.asp
Brand Your Scent,http://brandyourscent.com
Organic Supplement Manufacturing,https://organicmfg.com/
Zack Wholesale,https://zackwholesale.net/
DA Brands,https://www.dacustomproducts.com/
Startool Inc.,http://www.startool.com
Dakota Drug Inc.,https://www.dakdrug.com/
Alaska Spring Pharmaceuticals,http://www.alaskaspringpharma.com
"FashionTIY, Inc.",https://www.fashiontiy.com/
Paket Corp.,https://www.paketcorp.com/
The Bulk Cart,https://www.thebulkcart.com/
Pharma Nobis,https://pharmanobis.com/
"Ecometics, Inc.",http://www.ecometics.com
Sophisticated Ladies,https://www.sophisticatedladies.net/
United Global Trading Corp.,https://unitedglobaltradingcorp.com/
TAAM Trading International LLC,https://taamtrading.com/
Concept Workshop Worldwide LLC,http://www.ConceptWorkshop.com
HRR Wholesalers LLC,https://hrrwholesalers.com/
CLC-CHEMOLEE LAB CORP,https://chemolee.com/
"Spartacus Group, Inc.",http://www.spartacusgroup.net
Morris Flamingo,https://morrisflamingo.com/
"Sun-Pac Manufacturing, Inc.",https://www.sunpacmanufacturing.com/
"JAG Alliance, LLC",https://jagalliance.com/
"EVG Extracts, LLC",https://www.evgextracts.com/
ProLab Health & Beauty Ltd,http://www.prolabhealth.com
Your CBD Store,https://www.yourcbdstorecincinnatidayton.com/
Addicted Beauty Manufacturing,https://addictedb.com/
Borne Botanicals LLC,https://bornebotanicals.com/
Femme Promo,https://www.femmepromo.com/
"Laboratoire Du-Var, Inc.",https://www.du-var.com/
Advanced Beauty Labs,https://www.advancedbeautylabs.com/
Krembs Co.,https://krembs.com/
"Quality Pencils, Inc.",http://www.qualitypencils.com/
SolScents,https://solscentsusa.com/
CBD BioCare,https://www.cbdbiocare.com/deals/jgustave/
GILLETTE,https://gillette.com/
VSAResources,https://vsaresources.com/
Global Beauty Private Label Skincare,https://www.globalbeauty.net/
Wrinkles Schminkles,https://wrinklesschminkles.com/
Zystein,https://www.zystein.com/
BonVida,https://www.bonvida.biz/
Brittanies Thyme LLC,https://brittaniesthyme.com/
CG-Labs,https://www.charlesgreenlabs.com
Dutch Harbor Brands,https://www.dutchharborbrands.com/
Natural Cosmetic Labs,https://www.naturalcosmeticlabs.com/
Luxuriant,https://luxuriantonline.com/
Reshmi's Group Inc.,https://www.reshmisgroup.com/
Saphired USA,https://www.saphired.com/
U.S. Cotton,https://www.uscotton.com/
"BioMedical Life Systems, Inc.",https://www.bmls.com/
GEKA a Sulzer Company,https://www.geka-world.com/en
Manus Bio,http://www.manusbio.com/
Harkness International Corp.,http://harknessinternational.com/
Everythingbranded USA,https://www.everythingbranded.com/
Postcraft,https://postcraft.com/
Nexstar Holdings Corp,https://www.nexstarsales.com/
"A,I.G. Technologies, Inc.",http://aigtechnologies.net/
TriDerma,https://www.triderma.com/
"Wolff Industries, Inc.",https://wolffindustries.com/
Serene Tree,https://serenetree.com/
"Dollardays International, LLC",https://www.dollardays.com/
"Tria Beauty, Inc.",https://www.triabeauty.com/
Burmax Corporation,https://www.burmax.com/
Eco-Logics,http://www.ecologicsinc.com
Gerry Udell Incorporated,http://gerryudell.com/
CATS Media Inc.,https://catsmediainc.com/
Savarnas Mantra,https://savarnasmantra.com/
Catalent Pharma Solutions,https://www.catalent.com/
"Flora, Inc.",https://www.florahealth.com/
Diamond Cosmetics,https://www.diamondcosmetics.com/
Ponte Bella Store,https://www.pontebellastore.com/
Jimy USA,https://jimyusa.com
Burt's Bees Pet Care,https://www.burtsbeespets.com/
Kleen Concepts,https://kleen-concepts.com/
GUAM Beauty,https://guambeauty.com/
CMI Cosmetic Manufacturers / Oxygen Botanicals,https://www.oxygenbotanicals.ca/
"Brushes by Karen, Inc.",https://brushesbykaren.com/
Biogenesis,https://biogenesis-labs.com/
Callings All ships,http://callingallships.net/
ColorLab Private Label,https://www.colorlabprivatelabel.com/
"CanPrev Natural Health Products, Ltd.",https://canprev.ca/
"The Penthouse Group, Cosmetic Sales Div.",https://thepenthousegroup.com/
Natural Partners Inc.,https://fullscript.com/welcome-natural-partners
ReGo Trading Inc,https://regowholesale.com/
CureUV.com,https://www.cureuv.com/
Herbs Make Scents,https://www.herbsmakescents.com/
MK Beauty Club,https://mkbeautyclub.com/
"Guy & O'Neill, Inc.",https://www.guyandoneill.com/
Sunset Park Massage Supplies,https://www.massagesupplies.com
Dalton Health,https://dalton-health.com/
"Green Valley Herbal Enterprises, LLC",https://www.greenvalleyherbal.com/
WellSpring Pharmaceutical Corporation,https://wellspringpharm.com/
Cosmetica Laboratories Inc.,https://www.cosmeticalabs.com/
"Go-Natural, Inc.",https://www.igonatural.com/
Sheencol'or U.S.A,https://www.sheencolorgroup.com/
"Progressive Products, LLC",https://wipespluswipes.com/
Princess Care,https://www.princesscare.com/
Adirondack Fragrance & Flavor Farm,https://adkfragrancefarm.com/
Medusa's Make-Up,https://medusasmakeup.com/
Jabet Enterprises and Distribution LLC,https://jabeteanddllc.com
Diamond Wipes International,https://www.diamondwipes.com/
Mega Corp.,http://www.megacorporation.com
Grafton Private Label Cosmetics,https://shopgraftoncosmetics.com/
"Colorado Quality Products, Inc.",http://www.coloradoqualityproducts.com
JC Sales,https://www.jcsalesweb.com
Discover CBD,https://discovercbd.com/
"Derma Beauty, Inc.",https://www.dermabeautyinc.com/
Premier Promotions USA,https://www.premierpromotionsusa.com/
RAExport,http://raexport.com/
Ti Foods,https://ti-foods.com/
"Basic Packaging Industries, Inc.",http://www.basicpackaging.com
Super Health Center,https://superhealthcenter.com/
KDC One,https://www.kdc-one.com/en
Bulkanna,https://www.bulkanna.com/
BKR,https://mybkr.com
"Frontier Pharmaceutical, Inc.",https://frontierpharm.com/
High Vibration Ltd.,https://onelovehempdispensary.com
"Dermaceutical Laboratories, LLC",https://dlabllc.com/
Bubble-Up Girlz,http://www.bubbleupgirlz.com/
Natural Fibers Corporation -- Milkweedbalm.com,https://milkweedbalm.com/
Femlogic Inc.,http://www.femlogic.com
Art Cosmetics USA Inc.,https://www.artcosmetics.it/
"Seventh Generation, Inc.",https://www.seventhgeneration.com/
"MedPlast, Inc.",http://www.medplastgroup.com
"W.R. Rayson Co., Inc.",http://raydenco.com/
KB Pure Essentials,https://kbpureessentials.com/
Sheffield Pharmaceuticals,http://www.sheffieldpharma.com/
Aurora Medbiochem Co.,http://www.auroramedbiochem.com/
"SASSI America, Inc.",https://www.sassiworld.com/
Legend's Creek Farm,https://www.legendscreekfarm.com
OZ Naturals,https://www.oznaturals.com/
Amerx Health Care Corporation,https://amerxhc.com/
Allergan Inc.,https://www.allergan.com
Paramount Cosmetics,http://www.paramountcosmetics.net/beauty/index.php/
"Ameriderm Laboratories, Ltd.",http://ameriderm.com/
Viking Chemicals,http://vikingjanitorsupplies.com/
Beilis Development,https://www.beilisdevelopment.com/#home
The OhSo Co.,https://theohsoco.com/
"Bell Flavors & Fragrances, Inc.",https://www.bellff.com/
"Enzyme Solutions, Incorporated",https://www.enzymesolutions.com/enzymes/
Jafra Cosmetics International,https://www.jafra.com/
Penta 5usa,http://www.Penta5usa.com
Fleet Laboratories,https://www.fleetlabs.com/
Sanofi Pharmaceuticals,https://www.sanofi.us/
"Hill Dermaceuticals, Inc.",https://www.hillderm.com/
Alaska Glacial Mud Co.,https://alaskaglacial.com/
"Sandia Paper, Inc.",https://sandia.shopfront.com/scripts/cgiip.exe/WService=memord/shopfront3.0/pbr_default.htm?mem=3449
Anjali MD,https://anjalimd.com/
Cosco Soap & Detergent Co.,https://coscosoap.com
Argentum Medical,https://www.silverlon.com/
Biodermis,https://www.biodermis.com/Default.asp
"CarePlus Medical, Inc.",https://turnwedge.com/
"ERTH, LLC",https://erthhemp.com/
Diversified Compounded Products LLC,http://www.diversifiedcompoundedproducts.com
"Topix Pharmaceuticals, Inc.",https://topixpharm.com
Big Dan's Hemporium,https://bigdanshemporiumb2b.com/
The Herbal Nutrition Network,https://herbalnutrition.com/
Apex International,https://www.trustapexinternational.com
Neurotris,https://neurotris.com/
CBD American Shaman Huntsville,https://cbdhuntsvilletx.com/
Sanitas Skincare,https://sanitas-skincare.com/
Orr Safety Corporation,https://www.orrsafety.com/
Fair & Flawless Skin,https://fairandflawless.com/
A World of Wipes,https://www.aworldofwipes.com/
"Zenorex International, Inc.",https://zenorexinc.com/
Natural Ginger Corp.,https://naturalgingercorp.com/
Perth Soap Inc.,https://perthsoap.com/
PureFormulas.com,https://www.pureformulas.com/
"Pi Pharma, Inc. dba Nature's Extra",http://www.naturesextra.com/
"Purest Colloids, Inc",https://www.purestcolloids.com/
"Allure Labs, Inc.",https://allurelabs.com/
Puretek Corp.,https://puretekcorp.com/
Velocity Production and Packaging,https://velocitypropack.com/
Cali Botanicals,https://calibotanicals.com/
"Jamieson, C.E., & Co. Ltd.",https://www.jamiesonvitamins.com/
Covalon Technologies Ltd,https://www.covalon.com/contact
Anti Aging Extracts,https://www.aaextracts.com/
Delasco,https://www.delasco.com/
"Troy Chemicals, Inc.",https://www.troychemical.com/
Logistics Supply,http://www.logisticssupply.com/
Guna Inc.,https://gunainc.com/
Kimberly-Clark Professional,https://www.kcprofessional.com/
Technographic Products,https://www.technographicproducts.com/?v=757e5b5109ed
ALPS South LLC,https://www.easyliner.com/
"Arobella Medical, LLC",http://arobella.com/
Hekcin Inc.,https://hekcin.com/
"U.S. Safety & Supply Co., LLC",https://www.safetycompany.com/
MedshopExpress.com,https://www.medshopexpress.com/
"Timber Wolf, LLC",http://timberwolfhandcleaner.com/
LM Wholesale Herbs,https://lm-herbs.com/
Buy Hemp CBD Oil,https://buyhempcbdoil.com/
Health Genesis Corp,https://healthgenesis.com/
"MSCEE Skin Care, Inc.",https://www.msceeskincare.com/
"Iridesse Skin Care, LLC",https://www.iridesseskincare.com/
Contract Pharmaceuticals Limited Canada,https://cplltd.com/
"MSI Enterprises, Inc.",https://formula2skincare.com/
Lumiera Health Innovation,https://www.lumiera.ca/
Aroma DE Terra Corporation,https://aromadeterra.com/
Bella Terra Cosmetics,https://bellaterracosmetics.com/
"LEO Pharma, Inc.",https://www.leo-pharma.us/
"Skin Sake, LLC",http://www.skinsake.com
Anne's Apothecary LLC,http://www.annesapothecary.com/
IndustrialSafetyGear.com,https://www.industrialsafetygear.com/
Korea Ginseng Corp,https://www.kgcus.com
Oculus Innovative Sciences,https://sonomapharma.com/
American Towelette Co.,https://americantowelette.com/
CBD American Shaman,https://cbdamericanshaman.com
"Casco Bay Gardens, LLC",http://www.lbalm.com
Mary Tylor Naturals,https://marytylor.com/
Delta Brands,http://www.deltabrands.com/
NF Skin,https://www.nfskin.com/
Canberra Corp.,https://canberracorp.com/
KMK Supply Company,http://www.kmkdesign.us
Better Shea Butter,https://bettersheabutter.com/
Aloe Up Suncare Products,https://aloeup.com/
"Chemco Industries, Inc.",https://chemcoindustries.com/
Pure Hemp Botanicals,https://purehempbotanicals.com/
"Pro-Link, Inc.",https://www.prolinkhq.com/
Bio Med Sciences,https://silon.com/
"Chemite, Inc.",http://www.chemiteinc.com
Mission Skincare,https://www.mission.com
"SolarTherm Products, Inc.",https://erasepain.com/
Honey Gold Botanicals,https://honeygoldbotanicals.com/
Prosoap,https://www.prosoap.com/
Proper Nutrition Inc.,https://www.propernutrition.com/
MUV,https://muvfl.com/
Isodiol International Inc.,https://isodiol.com/
All Safety Products inc,https://www.allsafetyproducts.com/
Actives International,https://activesinternational.com/
Sacred Leaf,https://www.sacredleaf.com/
BEEpothecary,http://BEEpothecary.us
Nassco Inc.,https://www.nasscoinc.com//
"Veteran Safety Supply, LLC",http://www.veteran-ss.com
"Totally You, Inc.",https://www.totallyyou.com/
Medix Wellness LLC,https://www.medixcbd.com/
The CBD Store,https://thecbdstorecompany.com/
"Thayer, Inc.",https://www.thayer.org/
Hem Incense,https://www.hemincense.com/usa/
Hemp Depot,https://hempdepotco.com/
"Gentell, Inc",https://www.gentell.com/
NSI/PHP - Professional Health Products,https://professional-health-products.com/
Fruit d'Or Nutraceuticals,https://fruit-dornutraceuticals.ca/
"GenePharm, Inc.",http://www.genepharminc.com
Episencial,https://babytimeusa.com/
Identipak,http://identipak.com/
Essity North America,https://www.essityusa.com/
Mercy Supply Collaborative,https://mercyscb.com/
Lewis Industrial Supply,https://lewisindustrialsupply.com/
Autumn Harp Inc.,https://www.autumnharp.com/
Nexcare,https://www.nexcare.com/3M/en_US/nexcare/
Myo Inc.,https://myotone.com/
Carillon Green Inc.,https://www.carillongreen.com/
"CARE-TECH Laboratories, Inc.",http://caretechlabs.com/
Tallulah CBD + Juicebar,https://tallahasseecbd.com/
Lescarden Inc.,http://www.catrix.com
Blaine Labs,https://blainelabs.com/
Steiner Electric Co.,https://www.steinerelectric.com/home
IC Global Nutraceuticals,https://icglobalnutraceuticals.com/
Choctaw-Kaul Distribution Company,http://www.choctawkaul.com
Pawz Dog Boots LLC.,https://pawzdogboots.com/
"Atmosphere Essentials, Inc.",http://www.atmosphereessentials.com/
Kosher Vitamins Express,https://www.koshervitamins.com/
iPS Packaging & Automation,https://www.ipack.com/
Earth Elements Organics,http://earthelementsorganics.net
Dermarite Industries LLC,http://dermarite.com/
Carolina Medical Products Company,http://www.carolinamedical.com
Mary's,https://madebymarys.com/
Columbia Cosmetics,https://www.columbiacosmetics.com/
DAG Worldwide,https://truffoire.com/
CoreTex Products Inc.,https://coretexproducts.com/
Benedetta,https://benedetta.com/
Gen-El Safety & Industrial Products,https://genelsafety.com/
Eagle Moon Hemp,https://eaglemoonhemp.com/
"Nikken, Inc.",http://www.nikken.com
New High Glass,https://www.newhigh.com/
Surefil An Abaco Partners Company,http://surefil.com/
Aeroelectronics Inc,http://www.aeroelectronicsinc.com
QuickBox,https://www.quickbox.com/
Body Glide LLC,https://www.bodyglide.com/
"GHC Group, LLC",http://bluestarointment.com/
Twincraft,https://www.twincraft.com/
Dogswell,https://www.dogswell.com/
Smartshield,http://www.smartshield.com
Pure Southern Health,https://www.puresouthernhealth.com/
Houston Chem Safe Inc.,https://www.houstonchemsafe.com/
Highland Laboratories,https://www.highlandvitamins.com
Love & Leche,https://www.loveandleche.com/
Boxout,https://www.boxouthealth.com/
Dastmalchi,https://dastmalchi.com/
Rocky Mountain Sunscreen,https://rmsunscreen.com/
BioThrive Sciences,https://biothrivesciences.com/
VastMedic LLC,https://vastmedic.com/
CW Hemp,https://www.charlottesweb.com/
Musher's Secret,https://musherssecret.com/
Candid Clean Corp.,https://candidclean.com/
Carolina Hemp Company,https://www.carolinahempcompany.com/
Apollo Safety,http://www.apollosafetyproducts.net
SkinStitch,https://www.skinstitch.com/
Wexford Innovations,https://www.wexfordlabs.com/
Hanna Isul Skin Therapy Inc.,https://www.hannaisul.com/
Star Manufacturing,https://starnutra.com/
"Keller Cosmetics, Inc.",http://www.kellercosmetics.com/default.asp
SSL International PLC,http://www.ssl-international.com
CleanSource Inc.,https://cleansourceinc.com/
Jadience Herbal Formulas,https://www.jadience.com
BSN Medical Inc.,https://www.bsnmedical.us/bsn-medical-usa.html
"Allspar Solutions, Inc.",https://www.allspar.on.ca/
Viking Industrial Center,https://www.vikingindustrialcenter.com/
Empire Safety & Supply,https://www.empiresafety.com/
Sino Lion USA,https://www.sinolion.com/
"Express Medical Supply, Inc.",https://www.exmed.net/
"Briotech, Inc.",https://briotechusa.shop/
"Crown Laboratories, Inc.",https://www.crownlaboratories.com/
"OraTech, LLC",https://www.oratech.com/
"R.S. Hughes Co., Inc.",https://www.rshughes.com/
Derma Essentials Lab,https://dermaessentialslab.com/
Dermalogica,https://www.dermalogica.com/
Biocogent LLC,https://www.biocogent.com/
Willow Springs Emu Oil,https://willowspringsemuoil.ca/
Harlem Pharmacy & Surgicals,https://hrxsurg.com/index.html
Loring Sarsfield Inc.,http://www.loringsarsfield.com
"Compac Industries, Inc.",http://www.compacind.com/
Orgaid,https://www.orgaid.com/
NOVEL NUTRIENTS USA LLC,https://www.novelnutrient.com
VitaminGummies.com,https://www.vitamingummies.com/
GraffEtch,https://www.graffetch.com
American Safety Utility Corporation,https://www.americansafety.com/
Arete Manufacturing,https://www.meritmfg.com/
"Lindi Products, LLC",https://lindiskin.com/
Ontex Group,https://ontex.com/
Superior Herbals,http://www.superiorherbals.biz
Glocecol,https://glocecol.com/
The Sawyer Group,https://www.thesawyergroup.com/
"Glo-Marr Pet Products, Inc.",https://www.glomarr.com/
"Jellen Products, Inc.",https://www.jellenproducts.com/
Trividia Health,https://www.trividiahealth.com/
Haiteng USA Corp.,https://haitenggroup.com/
Stuart Trading Canada Ltd,https://www.klenzy.ca/
"Standard Hardware, Inc.",https://www.pencomsf.com/
"Nice-Pak Products, Inc.",https://www.nicepak.com/
"NxN, LLC",https://www.nxnbeauty.com/
PolyGel,https://polygel.com/
Tomlyn,https://tomlyn.com/
HJS Supply Company,https://hjssupply.com/
Dectro,https://www.dectro.us/
"Skinvisible, Inc.",http://skinvisible.com
"PDI, Inc.",https://wearepdi.com/
Kresto Hand Cleaner Supply,http://www.krestohandcleaner.com
"Sustainable Supply Company, Llc",https://www.sustainablesupply.com/
Elite Hemp Products,https://www.elitehempproducts.com/
Palmer Packaging,http://www.palmerpackaging.com
Churchwin LLC,https://www.churchwin.com/
Wormser Group,https://www.wormsergroup.com/
Process Technologies & Packaging,https://www.processtechnologies.com/
ALZOO,http://www.alzoo-vet.com/
Pacon Manufacturing Corp.,https://www.paconmfg.com/
E-Care Medical Supplies,https://ecaremedicalsupplies.com/
Hellobeautifulface,https://hellobeautifulface.com/
Au Courant Cosmetics Limited,https://aucourant.com/
3M Canada Company,https://www.3mcanada.ca/3M/en_CA/company-ca/
Covalence Laboratories,https://www.covalence.com/
"ABC Compounding Company, Inc.",https://abccompounding.com/
