name,domain,isRelated
Pharmatech Labs,pharmatechlabs.com,True
Daily Manufacturing,dlymfg.com,True
F.A.M.E Health Labs LLC.,famehealthlabs.com,True
BioCorp Nutrition Labs,biocorpnutritionlabs.com,True
Vitaquest International,vitaquest.com,True
Superior Supplement Manufacturing,superiorsupplementmfg.com,True
Makers Nutrition,makersnutrition.com,True
Peak Nutritional Products,peaknutritionalproducts.com,False
Tru Body Wellness,trubodywellness.com,True
Gemini Pharmaceuticals,geminipharm.com,True
"Atlantic Essential Products, Inc.",atlanticepny.com,True
ABS Corporation,abs-corporation.com,True
M&L Pharmaceutical,mlpharmaceutical.com,True
Organimed LLC,organimedusa.com,True
AMERIPHARMA,ameripharmalabs.com,True
Nano9,nano9.com,True
"Pinnacle Labs International, Inc.",pinnaclelabs.net,True
"GMP Laboratories of America, Inc.",gmplabs.com,True
NutraPak USA,nutrapakusa.com,True
Yellow Emperor,yellowemperor.com,True
GENEIII BIOTECH,geneiii.com,False
Canyonside Labs,canyonsidelabs.com,True
Global Product Group,globalproductgroup.com,True
Nutra Coast,nutracoast.com,True
"Action Pak, Inc.",actionpakinc.com,True
Veluca,veluca.com,True
"Sawgrass Nutra Labs, LLC",sawgrassnutralabs.com,True
MacroCap Labs,macrocaplabs.com,True
Complete Packaging & Manufacturing,cpackmanufacturing.com,True
Supplement Manufacturing Partner Inc.,smpnutra.com,True
Summit Rx Inc,summitrxusa.com,True
Vera Herbals LLC,veraherbals.com,True
Fenchem,fenchem.com,True
UniWell Laboratories,uniwelllabs.com,True
Pocono Pharmaceutical,poconopharma.com,False
Triton Nutra Group,tritonnutragroup.com,True
Concept Matrix Solutions,conceptmatrixsolutions.com,False
Sunflower Hemp Co.,sunflowerhempco.com,True
Private Label Express,privatelabelexpress.com,True
"ELIS Packaging Solutions, Inc.",elispackaging.com,True
TriLabs Manufacturing,trilabsmfg.com,True
"Zyvite Pharmaceuticals, Inc.",zyvite.com,True
Aphena Pharma Solutions,aphenapharma.com,True
Innovative Labs,innovativelabs.com,True
"Victoria World Wide Business Connections Group, LLC",vwwbc.com,True
"Pharmalab Enterprises, Inc.",pharmalabenterprises.com,False
"Custom Tableting, LLC",customtableting.com,True
"Petdine, LLC.",petdinellc.com,True
"Icelandirect, LLC",icelandirect.com,True
Premark Health Science,premarkhs.com,True
Earthsome Labs,earthsome.com,True
"Nutritional Supplement Manufacturers, Inc.- Pure NSM",purensm.com,True
SGS Research,sgsresearch.com,True
Divine Design Manufacturing,divinedesignmanufacturing.com,True
"Nutritional Resources, Inc.",nutritionalresourcesinc.com,True
Pharma Natural,pharmanatural.com,True
PURE Private Label LLC,pureprivatelabel.com,True
Nutralab Canada Corp.,nutralabcorp.com,True
Orchard Vale Naturals,greenwavesolutions.ca,True
"JW Nutritional, LLC",jwnutritional.com,True
Alaska Spring Pharmaceuticals,alaskaspringpharma.com,True
Simplicity Filling Systems LLC,simplicityfillingsystems.com,True
SRK Nutritionals,srknutritionals.com,True
Catamount Labs,catamount-labs.com,True
Rocktomic Labs,rocktomic.com,True
Trifecta Pharmaceuticals USA,trifecta-pharma.com,False
Pacific Health Sciences LLC,pacifichealth.com,True
"Bactolac Pharmaceutical, Inc.",bactolac.com,True
Paragon Laboratories,paragonlabsusa.com,True
Private Label Supplements,plsupplements.com,False
Innova Nutra,innovanutra.com,True
Advanced Supplements LLC,advancedsupplements.com,True
Solin Naturals LLC,solinnaturals.com,True
"American Health Foundations, Inc.",ahfvitamins.com,True
6 Degrees Collective,6degreescollective.com,False
Ingredients Online,ingredientsonline.com,True
Elevate Health Sciences,elevatehealthsciences.com,True
AVEKA Group,aveka.com,False
TrustWorks,trustworksmfg.com,True
Dev Distribution LLC,devmanufacturing.com,True
Aegle Nutrition,aeglenutrition.com,True
NutraSeller Manufacturing,nutraseller.com,True
"Protech Nutra, Inc.",protechnutra.com,True
NatureLab Corp.,naturelabmanufacturing.com,False
Natcon Biolife Sciences Pvt. Ltd.,natconbiolife.com,True
CPG Fusion,cpgfusion.com,True
NutraSky,nutrasky.co,True
Gembra Health,gembrahealth.com,True
Willings Nutraceutical,willingsnutraceutical.com,True
HillVital USA LLC,hillvitalusa.com,False
Randal Optimal Nutrients Inc.,randaloptimal.com,True
FoodScience LLC,foodsciencecorp.com,True
"Bio Nutraceutical, Inc.",bnipure.com,True
Nutra solutions lnt,nutrasolutionsint.com,False
Pharma Tech Industries,pharma-tech.com,True
Columbia Nutritional,columbianutritional.com,False
SternMaid America LLC,sternmaid-america.com,True
"Vitalpax, Inc.",vitalpax.com,True
Life Solutions,lifesolutionsnp.com,True
Vita Pros,vita-pros.com,True
Cunsa,cunsa.net,True
"Factory6, Inc.",factory6mfg.com,True
Nufacturing Inc.,nufacturing.com,True
Universal Nutrition Inc,cost6.com,True
Vitakem,vitakem.com,True
"Brady Enterprises, Inc.",bradyenterprises.com,True
Nutrivo,nutrivo.com,True
DaVinci Laboratories,davincilabs.com,True
Wellington Foods Inc.,wellingtonfoods.com,True
Alyon (US Subsidiary of Fulton),alyonhealthcare.com,True
Quality Ingredients Corp.,qic.us,True
"ABCO Laboratories, Inc.",abcolabs.com,True
"Debut Development, LLC",debutdevelopmentllc.com,False
Alliance Nutra,alliancenutra.com,True
MARKed Products,markedproducts.net,True
Vox Nutrition,voxnutrition.com,True
"Sun-Pac Manufacturing, Inc.",sunpacmanufacturing.com,True
"RV Pharma, LLC",rvpharma.com,True
Cosmos Contract Filling,cosmos-contractfilling.com,True
"Biotron Laboratories, Inc.",biotronlabs.com,True
BestCo,scnbestco.com,True
Importfab Inc.,importfab.com,True
Dazmed Pharmaceuticals,dazmed.com,False
Total Nutrition Technology,totalnutritiontech.com,True
Apex International,trustapexinternational.com,False
NutraCap Labs,nutracapusa.com,True
AyurvedicDoc LLC,ayurvedicdoc.com,True
Puretek Corp.,puretekcorp.com,False
"Custom Processing Services, Inc.",customprocessingservices.com,True
Capstone Nutrition,capstonenutrition.com,True
"Biozone Laboratories, Inc.",biozonelabs.com,False
Creative Essences,creativeessences.com,True
"ADH Health Products, Inc.",adhhealth.com,True
NSI/PHP - Professional Health Products,professional-health-products.com,True
Santa Cruz Nutritionals,santacruznutritionals.com,True
"Action Labs, Inc.",sentinel-vitamins.com,True
Marlyn Nutraceuticals,marlyn.com,True
Vitamix Laboratories,vitamixlabs.com,True
Big Brands Utah Copacking LLC,bigbrandsutahcopacking.com,True
4Excelsior,4excelsior.com,True
"Invivo Biosciences, LLC",invivobio.net,True
TMM Manufacturing,tmmmanufacturing.com,False
Soft Gel Technologies,soft-gel.com,True
Matsun Nutrition,matsunnutrition.com,True
Food Sciences Corp.,foodsciences.com,True
"Jinher, Inc.",jinhernutra.com,True
Ceutical Labs,ceuticallabs.com,True
Best Private Label Supplements,bestprivatelabelsupplements.com,True
Quality Supplement Mfg.,qualitysupplementmfg.com,True
Hi-Tech Nutraceuticals,hi-technutraceuticals.com,True
"Mr. Gummy Vitamins, LLC",mrgummyvitamins.com,True
Klein Anderson Corp,kleinanderson.com,False
"NutriSport Pharmacal, Inc.",nutrisportpharmacal.com,True
"LiquidCapsule Manufacturing, LLC",liquidcapsule.com,True
Homeocare Laboratories,homeocare.com,False
"All Points Manufacturing, LLC",allpointsmfg.com,True
Maat Nutritionals,e-maat.com,False
Ambix Laboratories - Div. of Organics Corp. of America,ambixlabs.com,False
"Trividia Manufacturing Solutions, formerly P.J. Noyes",trividiams.com,True
R.W. Hartnett,rwhartnett.com,True
FoodPharma,foodpharma.com,True
BioThrive Sciences,biothrivesciences.com,True
Prescott Apothecary,prescottcompoundingpharmacy.com,False
Star Manufacturing,starnutra.com,False
"Healthy Solutions, LLC",healthysolutionsweb.com,True
DreamPak LLC,dreampak.com,True
Viacore Nutrition,viacorenutrition.com,True
Deerland Probiotics & Enzymes,adm.com,True
APS BioGroup,apsbiogroup.com,True
Tishcon Corp.,tishcon.com,True
"LRM Packaging, Inc.",lrmpackaging.com,False
Stock Softgels,stocksoftgels.com,True
Allegiant Health,allegiant-health.com,True
"Neova Technologies, Inc.",neovatech.com,True
"NHK Laboratories, Inc.",nhklabs.com,True
Enzyme Process International,enzymeprocess.co,False
Nutrafill,nutrafill.com,True
"King Bio, Inc.",drkings.com,True
"Nutra Solutions, USA",nutrasolutionsusa.com,True
Custom Veterinary Services,customvetservices.com,False
Arizona Nutritional Supplements,aznutritional.com,True
Boli LLC,bolinaturals.com,False
Specialty Dietary Supplements LLC,sdscopack.com,True
Private Label Liquids,privatelabelliquids.com,False
"Nutritional Engineering, Inc.",nutritionengineers.com,False
Lonza,capsugel.com,True
Pharm-RX Chemical Corporation,pharm-rxchem.com,True
Mountain Harvest,themountainharvest.com,True
MTC Industries,mtcindustries.com,True
Vitajoy Group USA,vitajoygroupusa.com,True
"InSpec Solutions, LLC",inspecsolutions.com,False
Nutrix,nutrixusa.com,False
"Catalynt Solutions, Inc.",teamcatalynt.com,True
Health and Natural Beauty USA Corp,hnbusa.com,False
Bulk Apothecary,bulkapothecary.com,True
PK Chem Industries Ltd.,pkchemind.com,True
ChemCeed,chemceed.com,True
Provitas LLC,provitas.com,True
SAE Manufacturing Specialties Corp,saemfg.com,False
Blue Star Corp.,bluestar.global,True
Wego Chemical Group Inc,wegochem.com,True
MicellDD,promomicelldd.com,True
N.S. Oils,medivega.com,True
Essity North America,essityusa.com,False
"Jedwards International, Inc.",bulknaturaloils.com,True
"ChemUniverse, Inc.",chemuniverse.com,False
Nutrastrips,nutrastrips.com,True
Tersus Life Sciences LLC,tersuslifesciences.com,True
Ceutivate LLC,ceutivate.com,True
CAIF Naturally Sourced Solutions,caif.com,True
"Florida Supplement, LLC",floridasupplement.com,True
Zone Wholesale,zonewholesale1.com,False
Velvet Vitality,velvetvitality.com,False
Matrix Life Science,matrixlifescience.com,True
Sun Star Organics,sunstarorganics.com,True
Lifeasible,lifeasible.com,True
Ameri-Kal,ameri-kal.com,True
ZBD International,zbdintl.net,True
Shaklee Corp.,shaklee.com,True
"Haviland Enterprises, Inc.",havilandusa.com,False
EphuroaLabs,ephuroalabs.com,False
Vitasave,vitasave.ca,True
Maxvera Wellness,maxverawellness.com,True
Sky Dental Supply Inc.,skydentalsupply.com,False
GFA Production Inc.,gfaproduction.com,False
"Robinson Pharma, Inc.",robinsonpharma.com,True
Aetna Trading Corp.,aetnatrading.com,True
MidAmerica Supplements,midamericasupplements.com,True
Beard Care Club,beardcareclub.com,False
Perona Pharma Inc.,peronapharma.ca,True
Pharbest Pharmaceuticals,pharbestusa.com,False
"American International Foods, Inc.",americaninternationalfoods.com,True
Novozymes,novozymes.com,True
Specnova,specnova.com,True
American International Ingredients,americaninternationalingredients.com,False
"Gravitas Chemical, LLC",gravitaschemical.com,False
Ausvita Nutrition Inc,ausvitanutrition.com,True
"Suzhou-Chem USA, Inc.",suzhouchem.com,True
Elite Health Partners,elitehealthpartners.com,False
Natural Nutritionals,naturalnutritionals.com,True
"TLC Ingredients, Inc.",tlcingredients.com,True
TCI Biotech LLC,tci-bio.com,True
USI Manufacturing,usimanufacturing.com,True
"Ampak Company, Inc.",ampakcompany.com,True
Azra Asher,azraasher.com,False
Vitality Medical Inc,vitalitymedical.com,False
US Pharmatech Inc.,uspharmatech.com,True
Aryan International,aryanint.com,True
Reagents,reagents.com,False
AHB US LLC.,huahengbio.com,True
Wellness Extract,wellnessextract.com,True
CEDEM Switzerland LLC,cedemag.com,True
Botanic Healthcare LLC,botanichealthcare.net,True
Enhanced Brands,enhancedbrands.com,True
"Valeant Pharmaceuticals International, Inc.",valeant.com,False
Innobio USA,innobioglobal.com,True
Great Lakes Wholesale,glwholesale.com,True
Arbonne International LLC,arbonne.com,True
Rochem International,rochemintl.com,True
Energycure USA,energycureusa.com,True
"HealthRight Products, LLC",healthrightproducts.com,True
Family Health Products,familyhealthproducts.com,True
Viva Doria,vivadoria.com,True
Well Aliments LLC,wellaliments.com,True
Univar Solutions Inc.,univarsolutions.com,True
"Bio-Tech Pharmacal, Inc.",biotechpharmacal.com,True
"SG Supplement, Inc.",sg-supplement.com,True
Candor Nutra Inc.,candornutrainc.com,True
Earths Splendor,earthssplendor.com,True
Archer Daniels Midland Company,adm.com,True
Carolina Dream Nutraceutical,cdnutra.com,True
Molecular Depot LLC,moleculardepot.com,False
"Vivion, Inc.",vivion.com,True
BioAnthem,bioanthem.com,True
Green Jeeva LLC,greenjeeva.com,True
"BTSA US, Inc.",btsa.com,True
Panasource Ingredients,panasourceusa.com,True
"Royal G Snacks, Inc.",rgsfoods.com,True
Beehive Botanicals Manufacturing Inc.,beehivebotanicals.net,True
The Betty Mills Company (BettyMills.com),bettymills.com,True
"TCM Product, Inc.",tcmproductinc.com,True
"Silvolution, LLC/Simply Silver Mouthwash",simplysilvermouthwash.com,True
Valerian Labs,valerianlabs.com,True
Nutri Avenue Inc.,nutriavenue.com,True
HRR Wholesalers LLC,hrrwholesalers.com,False
Specialty Formulation & Manufacturing LLC,specialtyformulation.com,True
Pharma-Aid International Inc.,pharma-aid.com,True
Better Bath Better Body,betterbathbetterbody.com,False
Go Green Test Acct,domain not found!,True
WeDoPrivateLabel,wedoprivatelabel.com,True
Sunny Crunch Foods Ltd.,sunnycrunch.com,True
Cwi Medical LLC,cwimedical.com,True
Angus Chemical Company,angus.com,False
NBTY,naturesbountyco.com,True
Naturally Vitamins,naturally.com,False
"Omana Group, LLC",omana.en.ec21.com,True
"Naturex, Inc.",naturex.com,True
Stauber,stauberusa.com,True
SolisLabs,solislabs.com,True
Health Extension,healthextension.com,True
"Coalescence, LLC",coalescencellc.com,True
"Meta Labs, Inc.",metalabsinc.com,True
Now Foods,nowfoods.com,True
JetPack Shipping,jetpackshipping.com,True
"KB International, Inc.",kbinternationalinc.com,False
"Biosynth International, Inc.",carbosynth.com,True
CVS Corp.,cvshealth.com,False
Only Natural Pet,onlynaturalpet.com,True
Ronstan Paper & Packaging,ronstanpaper.com,True
Divis Nutraceuticals USA,divisnutraceuticals.com,True
"McBoeck, LLC",mcboeck.com,False
Bio San Laboratories Inc.,innateresponse.com,True
Nutratec Life Sciences,nutratecls.com,True
"Gehring Montgomery, Inc.",gehring-montgomery.com,True
Dealmed,dealmed.com,False
BariteWorld,bariteworld.com,False
RFI Ingredients,rfiingredients.com,True
"Banner Pharmacaps, Inc.",bannerls.com,False
Taylor MD Formulations,taylormdformulations.com,True
NuLiv Science,nulivscience.com,True
"Tilley Chemical Company, Inc.",tilleycompany.com,True
Nestle Health Science,nestlehealthscience.us,True
Amazing Herbs,amazingherbs.com,True
Essential Wholesale,essentialwholesale.com,False
Orgentics Inc.,orgenetics.com,True
Vita-Complete Canada Inc.,domain not found!,True
People's Choice All Natural Products,domain not found!,True
RedSky Medical,redskymedical.ca,False
WB Blends,wbblends.com,True
A & A PHARMACHEM INC.,aapharmachem.com,True
Nutri Pharmaceuticals Inc.,domain not found!,True
Vitamins For Life,vitaminsforlife.net,True
"Sandream Enterprises, LLC",sandreamllc.com,True
"Nepera, Inc., A Cambrex Co.",domain not found!,True
"GFS Chemicals, Inc.",gfschemicals.com,False
Spectrum Chemical Mfg. Corp.,spectrumchemical.com,True
Reliance Private Label Supplements,reliancevitamin.com,True
McKinley Resources,mckinleyresources.com,False
Aldon Corporation,aldon-chem.com,False
Ground-Based Nutrition,ground-based.com,True
"Pharmachem Laboratories, Inc.",pharmachemlabs.com,True
Designed by Dean,designedbydean.com,True
IsoSciences,isosciences.com,True
Earth's Creation USA,earthscreationusa.com,True
Charles Bowman and Company,charlesbowman.com,True
Agropur Ingredients,agropuringredients.com,True
"Pharmacare International, Inc.",completemedicalsupplies.com,False
Life Extension Foundation,lifeextension.com,True
Phoenix Formulations,inw-group.com,True
All Aout Health,domain not found!,True
Vit-Best Nutrition,vit-best.com,True
"AmChemteq, Inc.",amchemteq.us,False
"Daminco, Inc.",domain not found!,True
"Neta Scientific, Inc.",netascientific.com,False
Rep-Cal Research Labs,repcal.com,True
"Kyowa Hakko USA, Inc.",kyowa-usa.com,True
New Horizon Foods,newhorizonfoodsinc.com,True
Nnodum Pharmaceuticals,nnodumpharma.com,False
Nutribiotic,nutribiotic.com,True
Prizm Sales Inc.,prizmmarketing.net,True
The Herbal Nutrition Network,herbalnutrition.com,True
GlaxoSmithKline,gsk.com,False
Black Tie CBD,blacktiecbd.net,True
Solar Components,solar-components.com,False
InVite Health,invitehealth.com,True
On Demand Fulfillment,ondemandfulfillment.com,True
Wyeth,ahp.com,False
Irma Corporation,irmaexpress.com,True
Faravelli,faravelli.us,True
Justnutra,justnutra.com,True
Pharma Resources International LLC,pharmaresourcesint.com,True
"Pacific Rainbow International, Inc.",prinutrition.com,True
"Nature's Products, Inc.",domain not found!,True
PureFormulas.com,pureformulas.com,True
Navi Nature Inc,navinatureinc.com,True
"Purest Colloids, Inc",purestcolloids.com,True
Interchem Corp.,interchem.com,False
"Milwhite, Inc.",milwhite.com,False
"Peak Performance Nutrients, Inc.",peakperformancenutrients.com,True
Enilife Laboratories,enilifeinc.com,True
"NutriLabs International, Inc.",nutrilabs.com,False
Tarmo Labs,domain not found!,True
"Raway Pharmacal, Inc.",domain not found!,True
"OmniActive Health Technologies, Inc.",omniactives.com,True
Freeda Vitamins,freedahealth.com,True
"Jamieson, C.E., & Co. Ltd.",jamiesonvitamins.com,True
"Fern Laboratories, Inc.",domain not found!,True
"Horticultural Alliance, Inc",horticulturalalliance.com,True
Lively Paws,livelypaws.com,True
World Ingredients S.A.,winamerica.com,True
BonVida,bonvida.biz,False
Bristol-Myers Squibb,bms.com,False
ADM Animal Health & Nutrition,domain not found!,True
Arnet Pharmaceutical,arnetusa.com,True
Gummi World,gummiworld.com,True
"Zoo Med Laboratories, Inc.",zoomed.com,False
"Nutro Laboratories, Inc.",domain not found!,True
"Chemtos, LLC",chemtos.com,False
Ethical Naturals Inc.,ethicalnaturals.com,True
NutraStar,nutrastar.com,True
"North West Pharma Naturals, Inc.",northwestpn.com,True
"Numed Research, Inc.",ladr.com,False
"Vartex Pharmaceuticals, Inc.",domain not found!,True
"Nutri-Cell, Inc.",nutricellinc.com,True
Nutri Advanced Labs,nutriadvancedlabs.com,True
"The Green Labs, LLC",thegreenlabs.com,True
Health Genesis Corp,healthgenesis.com,True
Mil-Spec Industries,mil-spec-industries.com,False
Nutritional Roots,nutritionalroots.com,True
All One,domain not found!,True
Leevax LLC,leevax.com,False
NHS Labs,domain not found!,True
Lily of the Desert,lilyofthedesert.com,True
"Future International Diversified, Inc.",futureinternational.com,False
PineTales,pinetales.com,False
"Soma Labs, Inc.",somalabs.com,True
Hi-Tech Pharmaceuticals,hitechpharma.com,True
"Vitality Works, Inc.",vitalityworks.com,True
"Nutri-West, Inc.",nutriwest.com,True
"Odan Laboratories, Ltd.",odanlab.com,False
Shinhigh International Corp.,shinhigh.us,True
888 Lots,888lots.com,True
"La Roche Vitamins, Inc.",domain not found!,True
"Robins, A.H., Co.",domain not found!,True
Standard Process Inc.,standardprocess.com,True
"Amerilab Technologies, Inc.",amerilabtech.com,True
AGS Labs Inc,agslabsinc.com,True
Graham Chemical,grahamchemical.com,True
Wilmar Nutrition,wilmarnutrition.com,False
Supplements Global LLC,supplementsglobal.com,True
LBB Specialities LLC,lbbspecialties.com,True
Health Products Corporation,healthproductscorporation.com,True
Mead Johnson & Company,meadjohnson.com,True
CAPTEK Softgel International,capteksoftgel.com,True
"Essential Fine Ingredients, Inc.",domain not found!,True
Formula 707,formula707.com,True
Accurate Chemical & Scientific Corporation,accuratechemical.com,False
Lifestar,lifestar.com,False
Wachters,wachters.com,True
Sacred Leaf,sacredleaf.com,True
"Highland Pharmaceuticals, Llc",highlandpharma.com,False
Ankaim Inc,ankaim.com,True
International Biokinetics Corp.,domain not found!,True
"Nuline Nutritionals, LLC",pharmabase.com,True
Nutralliance,nutralliance.com,True
Magno-Humphries Labs,magno-humphries.com,True
Savoy Medical Supply Co. Inc,savoymedicalsupplies.com,False
Naturade,naturade.com,True
"CompuMed, Inc.",compumed.com,False
Novopharm Ltd.,domain not found!,True
Siddha Labs,siddhalabs.com,True
Nutritional Supply Corp.,nsc24.com,False
Life Bridge International,lifebridgeintl.com,True
Bosgen Chemical,bosgen.com,False
Scilife Biosciences,scilifebiosciences.com,False
Carillon Green Inc.,carillongreen.com,False
"Hillestad Pharmaceuticals USA, Inc",hillestadlabs.com,True
"United Natural Foods, Inc.",unfi.com,True
EGC Reliant Inc.,egcreliant.com,False
ICP Pharma,icppharma.com,False
Barrington Nutritionals,barringtonchem.com,True
Saminchem Inc.,saminchemical.com,True
"Life Tree Biotech USA, Inc.",lifetreeusa.com,True
Sunsource Pharmaceuticals,sunsourcepharma.com,True
EUROPA SPORTS PARTNERS,europasports.com,False
"Kroeger Herb Products Co., Inc.",kroegerherb.com,True
"Optimum Nutrition, Inc.",optimumnutrition.com,True
D & E Pharmaceuticals Inc.,domain not found!,True
MeyerDC,meyerdc.com,False
Vitamin Specialties Co.,domain not found!,True
"Maxsun Industries, Inc.",maxsunindustry.com,True
Molcan Corporation,molcan.com,False
Patheon,patheon.com,False
M-CAP Technologies,domain not found!,True
AuNutra Industries Inc.,aunutra.com,True
Best Formulations,bestformulations.com,True
"Grow Co., Inc.",domain not found!,True
Gold Medal Hair,goldmedalhair.com,False
Kosher Vitamins Express,koshervitamins.com,False
AIDP Inc.,aidp.com,True
Suanfarma USA,suanfarma.com,False
Westcoast Naturals,westcoastnaturals.com,True
"Bomac Vets Plus, Inc.",vets-plus.com,True
"CanPrev Natural Health Products, Ltd.",canprev.ca,True
Natural Partners Inc.,fullscript.com,False
Rival Labs,rivallabs.com,True
"Natrol, Inc.",natrol.com,True
"Vitalabs, Inc.",vitalabs.com,True
Novaxis,novaxishealth.com,True
VastMedic LLC,vastmedic.com,False
"Motherland International,Inc.",domain not found!,True
"Chem Service, Inc.",chemservice.com,True
QuickBox,quickbox.com,False
Longreen Corporation,lgreenhealth.com,True
Pharmakon Labs Inc.,domain not found!,True
Cyanotech,cyanotech.com,True
KNV Chemicals Inc.,knvchemicals.com,True
"Generic Specialties, Inc.",genericspecialties.com,False
"Kensing, LLC",kensingsolutions.com,True
Pestell Nutrition Inc.,pestell.com,True
Pure Southern Health,puresouthernhealth.com,True
Lauree LLC,laureelabs.com,False
Highland Laboratories,highlandvitamins.com,True
"Theralogix, LLC",theralogix.com,True
"Gojira Fine Chemicals, LLC",gojirafc.com,True
Ifp,domain not found!,True
DeWitt Laboratories,dewittmedlab.com,True
Twinlab Corp.,twinlab.com,True
"Edom Laboratories, Inc.",edomlaboratories.com,True
"Liquid Health, Inc.",liquidhealthinc.com,True
Protein Research,proteinresearch.com,True
KJ Ingredients,kjingredients.com,True
"Omicron Biochemicals, Inc.",omicronbio.com,True
RxStore,rxstore.com,False
Verde Nutra,verdenutra.com,True
Coffee Icon Factory Store,coffeeicon.com,True
Alpha Environmental,alpha-environmental.com,True
The Orthotic Group,tog.com,False
"Florida Chemical Supply, Inc.",florida-chemical.com,False
"Sunland Nutrition, Inc.",sunlandnutrition.com,True
LE TAN- RPM Total Vitality,domain not found!,True
Hydrite Chemical Co.,hydrite.com,True
Pickvitamin.com,pickvitamin.com,True
Nickers International,nickersinternational.com,True
"Apothecary Products, Inc.",apothecaryproducts.com,False
Irenda,domain not found!,True
Knowledge Through Solutions,kt-solutions.com,True
"Golden Hands Medical, Inc.",mygoldenhands.com,True
Corbion,corbion.com,True
NEOS LLC,neosllc.com,False
"Metagenics, Inc.",metagenics.com,True
"Vivimed Labs USA, Inc.",vivimedlabs.com,False
Gerber,gerber.com,True
"International Bio-Tech U.S.A., Inc.",domain not found!,True
"Hard Eight Nutrition, LLC",bulksupplements.com,True
Glanbia Nutritionals,glanbianutritionals.com,True
"Naturemost Laboratories, Inc.",domain not found!,True
"Medifast, Inc",medifastinc.com,True
CHM USA LLC,cellhealthmakeover.com,False
"OrcaSmart Group, Inc.",orcasmart.com,True
"Arco Pharmaceuticals, Inc.",domain not found!,True
"Organix Labs, LLC",organixlabsnaturals.com,True
Medical Disposables,medicaldisposables.us,False
Lycored,lycored.com,True
Physician Naturals,physiciannaturals.com,True
"21st Century Healthcare, Inc.",21stcenturyvitamins.com,True
Elite One Source,nutritionallabs.com,False
Natures Sunshine,naturessunshine.com,True
Ceba-Tek Inc.,cebatek.com,False
"Timberline Chemical, Inc",timberlinechem.com,False
Natural Stacks,naturalstacks.com,True
Repligen Inc.,repligen.com,False
Botanic Choice,botanicchoice.com,True
Mineral Medix Corp,mineral-medix.com,True
"Daily Manufacturing, Inc",dailymfg.com,True
Super Health Center,superhealthcenter.com,True
Kwality Co.,kwalitycowholesale.com,False
Nutraceutics Corp.,vivaxl.com,True
PatchMD,patchmd.com,False
ProTab Laboratories,protablabs.com,True
VitaminGummies.com,vitamingummies.com,True
CIE,cie.us,True
Natural Organics Inc.,naturesplus.com,True
"Seidler Chemical Co, Inc./Maroon Group",seidlerchem.com,False
Innovadeum LLC,innovadeum.com,False
Eastman Chemical Co.,eastman.com,False
International Health LLC,interhealthsupport.com,True
Jo Mar Labs,jomarlabs.com,True
"Pure Source, LLC",thepuresource.com,False
The Isopure Company Llc / Nature's Best,domain not found!,True
Perrigo North Labs,perrigo.com,True
"Teknova, Inc.",teknova.com,False
DSM,dsm.com,True
Stop Aging Store,stopagingstore.com,True
Trividia Health,trividiahealth.com,False
Prebionature,prebionature.ca,True
"Nature's Pharmaceuticals, Inc",domain not found!,True
Boomer Naturals,boomernaturals.com,False
Pro-Form,inw-group.com,True
Energy Tools International LLC,energytoolsint.com,False
Tomlyn,tomlyn.com,True
Nutracorp.,domain not found!,True
VitaCeutical Labs,vitaceutical.com,True
Mission Pharmacal Company,missionpharmacal.com,False
Lipomed Inc.,lipomed.com,False
Nutricepts,nutricepts.com,True
Nutri-Vet,nutri-vet.com,True
Ora Organic,ora.organic,True
"Progressive Laboratories, Inc.",progressivelabs.com,True
Cemrad T&M Inc.,cemrad.com,False
Elite Hemp Products,elitehempproducts.com,True
"Mason Vitamins, Inc.",masonvitamins.com,True
AP Essentials,ap-essentials.mychoices.biz,False
Dr. Joseph Mercola,shop.mercola.com,True
Nutriland Group Inc.,nutrilandgroup.com,False
John Ewing Company,domain not found!,True
"American Biorganics, Inc.",domain not found!,True
Triple Maple Trading,tmtpharma.ca,True
"China Vitamins, LLC",chinavitamins-llc.com,True
Pharmatech International,pharmatech-usa.com,True
"Phoenix OTC, Inc.",phoenixotcinc.com,True
"Upsher-Smith Laboratories, Inc.",upsher-smith.com,False
"New Chapter, Inc.",newchapterinc.com,False
"Weeks & Leo Co., Inc",weeksandleo.com,True
"Jiaherb, Inc.",jiaherbinc.com,True
Cerilliant Corporation,cerilliant.com,False
Zhong Ya Chemical (USA) Ltd.,zhongyachemical.com,True
"Elitefill, Inc.",elitefill.com,True
BayMedica,baymedica.com,True
Neeyaan,neeyaan.com,True
PNP Pharmaceuticals,pnppharmaceuticals.com,True
Aligen,aligen.com,True
Air Products Inc.,airproducts.com,True
Nutrabound Labs,nutraboundlabs.com,True
Force Factor,forcefactor.com,True
Marcor Development Corp.,marcordev.com,True
Euroasias Organics Inc,euroasias-organics.com,True
PRIME BRANDS,primebrands.com,True
Sunhills and Pharma Inc,sunhillsandpharma.com,True
American Pet Works,americanpetworks.com,False
NBGS USA,nbgsusa.com,True
All Ingredients Plus Inc.,allingredientsplus.com,True
Tarsal Pharmaceuticals Inc.,tarsalpharma.com,False
"Cargill, Inc.",cargill.com,True
Apollo HBC,apollocorp.com,False
"Alternative Laboratories, LLC",alternativelabs.com,True
"Mineral Logic, LLC",minerallogic.com,True
Conagen Inc,conagen.com,True
Wellness Creations Inc.,gowellpath.com,True
Native Ceuticals,nativeceuticals.com,True
"Sioux Pharm, Inc",siouxpharm.com,False
Hilco Vision,hilcovision.com,False
Nellson,nellsonllc.com,True
"Grant Health Group, LLC",granthealthgroup.com,False
Business International Group,bintergroups.com,True
Best Herb Inc.,bestherb.us,True
Healthy Coffee Brew,healthycoffeebrew.com,True
"DUBONP, LLC",dubonp.com,False
Falcon Trading International,falconti.com,True
Avalon Packaging,capsulecontractmanufacturing.com,True
NextEvo Naturals,nextevo.com,True
"Nu-Tek BioScience, LLC",nu-tekbioscience.com,True
Green Gold Ginseng LLC,greengoldginseng.com,True
China Sourcing Ltd.,chinasourcingltd.com,False
"Markan Global Enterprises, Inc.",markanglobal.com,True
MPP Group LLC,mppgroupllc.com,False
Auri Nutra Science,aurinutrascience.com,True
"Layn USA, Inc",layncorp.com,True
DMS Packaging Services,dmspack.com,True
Fruit d'Or Nutraceuticals,fruit-dornutraceuticals.ca,True
DMC Industries,dmcindustries.com,True
Canadian Sports Nutrition,csnpharma.com,True
Nutraceutical Corporation,nutraceutical.com,True
"Arcway Industries, LLC",arcwayindustries.com,False
Oriental International Trading Corp.,orientint.com,True
"Ion Labs, Inc.",ionlabs.com,False
Chemyunion Inc.,chemyunion.com,False
Innovative Global Supply,igs-americas.com,False
Blue Brain Boost,blue-brain-boost.business.site,False
Armor Animal Health,armoranimalhealth.com,True
Chemill Inc.,chemillusa.com,True
Artemis International - Berryceuticals,artemis-nutraceuticals.com,True
"Piveg, Inc.",piveg.com,True
Doctors Scientific Organica,dsoprivatelabel.com,True
"Unicep Packaging, Inc.",unicep.com,True
"Solara, Inc.",solaralabs.com,True
SIRIO Pharma,siriopharma.com,True
Clauson Naturals,clausonnaturals.com,False
"Enchanted Acres Farm, Inc.",enchantedacresfarm.net,True
Bi-Pac Nutraceutical,bipacnutraceutical.com,True
Nutranomy LLC,nutranomy.com,True
Halcyon Essentials,halcyonessentials.com,True
NOVEL NUTRIENTS USA LLC,novelnutrient.com,True
BioVectra,biovectra.com,False
Mr. Hemp Flower,mrhempflower.com,True
Tulstar Products,tulstar.com,False
M&M Labs,mmlabsusa.com,True
Alliance In Motion Global Inc.,allianceinmotion.com,False
Churchwin LLC,churchwin.com,False
"Coating Place, Inc.",coatingplace.com,False
Nueranutra,nueranutra.com,True
GoldenGevity Inc,truecolloidal.com,True
Magnascent,magnascent.com,True
Life All Natural,lifeallnatural.co,True
Arvanna,arvanna.com,True
CBD Oil Botanicals,cbdoilbotanicals.com,True
"Sonic Packaging Industries, Inc.",sonicpackaging.com,True
TAAM Trading International LLC,taamtrading.com,False
"Neurogan, Inc.",neurogan.com,True
CassCo Bio Labs,cassco-bio.com,False
Treasure of the East,treasureoftheeast.com,True
"Silver Shadow Ventures, LLC",silvershadowventures.llc,True
Humboldts Secret Supplies,humboldtssecretsupplies.com,False
ViSona LLC - Personal Care Contract Manufacturer & Co-packer.,visona.co,False
Newhope Health Supplies,nhhs-us.com,True
Healthi Labs,healthilabs.com,True
"Tower Laboratories, Ltd.",towerlabs.com,True
Simpler Way Nutritionals,simplerway.com,True
Nucare Nutrition,nucare.com,True
PRIMROSE CANDY,primrosecandy.com,True
New Vision Pharmaceuticals,newvisionpharmaceuticals.com,False
Montana Global Health,montanaglobalhealth.com,True
Healthy Life Herbs,healthylifeherbs.com,True
Skyherb,skyherbusa.com,True
Pet Tech Labs,pettechlabs.com,True
Life Solutions Contract Manufacturing,lscontractmanufacturing.com,True
LM Wholesale Herbs,lm-herbs.com,True
Bimini LLC,biminipethealth.com,True
"Mericon Industries, Inc.",mericonindustries.com,True
"InvaPharm, Inc.",invapharm.com,True
Hemp Wholesale Canada,hempwholesalecanada.com,True
World Perfumes,worldperfumesus.com,False
BL Bio Lab,blbiolab.com,True
Probi USA Inc.,probi.com,True
TSI USA Inc.,tsiinc.com,True
Intermountain Nutrution,intermountainnutrition.com,True
Adult Private Label,adultpl.com,False
