name,domain
ACG North America LLC,acg-world.com
A. Holliday & Company Inc.,teacoff.com
Acadian Seaplants,acadianseaplants.com
A Clover Nutrition Inc,clovernutrition.com
Actylis,actylis.com
"Actives Factory, The",theactivesfactory.com
Acme-Hardesty,acme-hardesty.com
"ADH Health Products, Inc.",adhhealth.com
Academy of Nutrition and Dietetics,eatright.org
A.S.I. International,info-asi.net
Advanced Enzyme Technologies Limited,advancedenzymes.com
"AIBMR Life Sciences, Inc.",aibmr.com
ADM,adm.com
Advanced Synthesis,advancedsynthesis.com
AIDP,aidp.com
Akay Europe Gmbh,akay-group.com
Airlite Plastics Company,measurexscoops.com
"Aiya America, Inc. (Aiya Matcha)",aiya-america.com
Algatechnologies,algatech.com
Aker BioMarine Antarctic US LLC,superbakrill.com
Alkemists Labs,alkemist.com
All Packaging Machinery Corp.,allpackagingmachinery.com
"Alfasigma USA, Inc.",mitocarn.com
Alpha Environmental,alpha-environmental.com
Aloecorp,aloecorp.com
Alaska Spring Pharmaceuticals,alaskaspringpharma.com
American Botanical Council (ABC),herbalgram.org
American Custom Drying,acdprocessing.com
AMB Wellness,amb-wellness.com
American Aronia Accelerator (A3),a3aronia.com
American Aronia Accelerator (A3),a3aronia.com
American Herbal Products Association (AHPA),ahpa.org
American FlexPack,americanflexpack.com
Amu Nutrition,amu-nutrition.com
AMETEK Brookfield,brookfieldengineering.com
analyze & realize GmbH,a-r.com
AOCS,aocs.org
"Anderson Global Group, LLC",advancedingredients.com
AOAC International,aoac.org
"Arista Industries, Inc.",aristaindustries.com
"Applied Food Sciences, Inc.",appliedfoods.com
Arizona Nutritional Supplements,aznutritional.com
Arctic Bioscience,arctic-bioscience.com
Artemis International,artemis-nutraceuticals.com
Asiamerica Group Inc.,asiamericaingredients.com
Aromaland,ewbhemp.com
Asiros Nordic,asirosnordic.com
Ashland,ashland.com
Aroma New Zealand,aromanz.com
"AstaReal, Inc.",astarealusa.com
Aviva Naturals,avivanaturals.com
"Automation Products, Inc. – Dynatrol Division",dynatrolusa.com
Atlantia Clinical Trials,atlantiaclinicaltrials.com
Balchem Human Nutrition & Health,balchem.com
Ayush Herbs Inc,ayushherbs.com
Avive Naturals Inc.,avive.ca
Baron Blakeslee,baronblakeslee.net
Bactolac Pharma & Sciegen Pharma New York USA,bactolac.com
Azelis,azelis.com
Baker Dillon Group LLC,bakerdillon.com
Bartek,bartek.ca
Barrington Nutritionals,barringtonnutritionals.com
BASF SE,nutrition.basf.com
"BatchMaster Software, Inc.",batchmaster.com
Bell Flavors & Fragrances,bellff.com
Bentley Brands,bentleybrands.com
Beehive Botanicals,beehivebotanicals.net
Bergami USA,bergamisrl.com
Best Sanitizers,bestsanitizers.com
BGG World,bggworld.com
Beta Analytic,betalabservices.com
Bio-Botanica Inc,bio-botanica.com
BENEO Inc,beneo.com
Biofarma Group,biofarmagroup.com
Bioiberica,bioiberica.com
BIO-CAT,bio-cat.com
Bioactive Services LLC.,bioactive-resources.com
Bioactive Services,bioactive-resources.com
"Bioenergy Life Science, Inc. (BLS)",bioenergylifescience.com
BioGin Health Co Ltd,biogin.com
"BioCell Technology, LLC",biocelltechnology.com
Bionap S.r.l.,bionap.com
Bioplus Life Sciences,bioplus.in
Bioriginal,bioriginal.com
Biovation Labs,biovationlabs.com
Biova,biova.com
Blue Pacific Flavors,bluepacificflavors.com
Bloomage Biotechnology USA INC,bloomagebioactive.com
Blue California,bluecal-ingredients.com
Blue Diamond Almonds Global Ingredients Division,bdingredients.com
CapsCanada,capscanada.com
Catalent Pharma Solutions,catalent.com
Bunge Loders Croklaan,bunge.com
Burcon,burcon.ca
Caldic,caldic.com
Cargill,cargill.com
California Natural Color,californianaturalcolor.com
CAPTEK Softgel International,capteksoftgel.com
Cepham Inc,cepham.com
Certified Laboratories,certified-laboratories.com
Chemi Nutra,cheminutra.com
Catalyst Nutraceuticals,catalystnutra.com
Cereals & Grains Association,cerealsgrains.org
Certified Nutraceuticals,certifiednutra.com
ChromaDex,chromadex.com
Christie & Co,christieand.co
"Chenguang Biotech Group Co., Ltd.",ccgb.net
Cindy Reed Marketer,cindyreedmarketer.com
CJ BIO,cjbio.net
Chenland Nutritionals Inc.,chenland.com
CIRANDA,ciranda.com
Columbia Grain International,columbiagrain.com
Coconut Coalition of the Americas,coconutcoalition.org
Container and Packaging,containerandpackaging.com
"Coating Place, Inc.",coatingplace.com
"Comar, LLC",comar.com
"Consumer Product Testing Co., Inc.",cptclabs.com
Council for Responsible Nutrition (CRN),crnusa.org
CoreFX Ingredients,corefxingredients.com
Consumer Healthcare Products Association (CHPA),chpa.org
CoQ10 Association,coq10association.org
Creative Peptides,creative-peptides.com
"Custom Veterinary Services, Inc.",customvetservices.com
Connoils,connoils.com
Draco Natural Products,draconatural.com
DPL-US (a division of Dr. Paul Lohmann Inc.),dpl-us.com
CPC Nutrition,cpcnutrition.com
Drug Plastics & Glass,drugplastics.com
"Dyna-Tabs, LLC",dynatabs.com
Drug Chemical & Associated Technologies Association,dcat.org
dsm-firmenich,dsm-firmenich.com
Eirich Machines,eirichusa.com
Epax Norway AS,epax.com
Ecuadorian Rainforest,intotherainforest.com
Embio Limited,embio.co.in
"Euromed USA, Inc.",euromedgroup.com
"ERC Catalysts, Inc.",erccatalysts.com
"Ethical Naturals, Inc.",ethicalnaturals.com
Elizabeth Companies,eliz.com
Evolva,veriteresveratrol.com
Eurofins Scientific,eurofins.com
ENCO Pack Automation Solutions,encopack.com
ESHA Research,trustwell.com
Famenity,famenity.com
Federal Equipment,fedequip.com
Farbest Brands,farbest.com
Fette Compacting America,fette-compacting.com
FMI | The Food Industry Association,fmi.org
Foodarom Group Inc.,foodarom.com
Formulator Software LLC,formulatorus.com
Folium Science,foliumscience.com
Fruit d’Or,nutra.fruitdor.ca
ExcelVite Sdn. Bhd.,excelvite.com
Fort Dearborn Company,fortdearborn.com
GELITA,gelita.com
"FutureCeuticals, Inc.",futureceuticals.com
"Gateway Health Alliances, Inc.",ghainc.com
"Gadot America, Inc",gadotbio.com
Gattefossé USA,gattefosse.com
GC Rieber VivoMega AS,vivomega.com
GCI Nutrients,gcinutrients.com
Freemen Nutra,freemennutra.com
Global Curcumin Association,curcuminassociation.org
Givaudan,givaudan.com
"GlobePharma, Inc.",globepharma.com
Glanbia Nutritionals Inc.,glanbianutritionals.com
"Glico Nutrition Co., Ltd.",glico.com
"GMP Nutraceuticals, Inc",gmp-nutraceuticals.com
GMP Laboratories of America,gmplabs.com
GOED Omega-3,goedomega3.com
Goodway Technologies Corporation,goodway.com
Global Prebiotic Association,prebioticassociation.org
"Gourmet Mushrooms, Inc.",mycopia.com
Grace,grace.com
Golden Omega USA,goldenomega.cl
Gnosis by Lesaffre,gnosisbylesaffre.com
Grain Processing Corporation,grainprocessing.com
Green Planet Agri,greenplanetagri.com
Green Source Organics Inc.,gsoextracts.com
"Green Star Labs, Inc.",greenstarlabs.net
Hartman Group,hartman-group.com
"Graminex, L.L.C.",graminex.com
Gustatec Sensory Innovations,gustatec.com
Hepworth CBD,hsgcbd.com
Herbally Yours,herballyyours.net
Helaina,myhelaina.com
HealthFocus International,healthfocus.com
Hill Pharma,hillpharma.eu
Horphag Research (USA) Inc.,"pycnogenol.com,https"
House Wellness Foods Corporation,house-wf.co.jp
Icon Foods,iconfoods.com
HPA-China,hpachina.org
"Hunan Huacheng Biotech, Inc",huachengbio.com
IADSA (International Alliance of Dietary/Food Supplement Associations),iadsa.org
IDF (International Dehydrated Foods),idf.com
IFF Health,iff-health.com
IgY Nutrition,igynutrition.com
HP Ingredients,hpingredients.com
ILC Dover,ilcdover.com
"Indena USA, Inc.",indena.com
INS Farms,ins-us.com
Ingredia Inc,ingredia-usa.com
Industry Transparency Center,itcstrategy.com
ingredientsonline.com,ingredientsonline.com
IMCD,imcdgroup.com
"Innophos, Inc.",innophos.com
International Food Information Council (IFIC),ific.org
Ingredients By Nature,ingredientsbynature.com
Intertek,intertek.com
InnoVactiv,innovactiv.com
"iTi tropicals, Inc.",ititropicals.com
Institute of Food Technologists (IFT),ift.org
"Iris NutriPharma, LLC",irisnutripharma.com
International Probiotics Association,ipa-biotics.org
Jost Chemical Co.,jostchemical.com
Jiaherb Inc.,jiaherb.com
JBSL-USA,nsk-sd.info
JP Packaging LLC.,jppkg.com
Kaneka Probiotics,kanekaprobiotics.com
JRS Pharma,jrspharma.com
Jungbunzlauer International AG,jungbunzlauer.com
Kerry,kerry.com
Kewpie Corporation,kewpie.com
Kemin Human Nutrition and Health,kemin.com
KEB Nutraceutical USA Inc.,kebiotech.com
KGK Science,kgkscience.com
Koster Keunen,kosterkeunen.com
Kraemer US LLC,kraemerag.com
Lallemand Bio-Ingredients,bio-lallemand.com
Layn Natural Ingredients,layncorp.com
Kyowa Hakko USA Inc.,kyowa-usa.com
Kappa Bioscience,balchem.com
Lallemand Health Solutions,lallemand-health-solutions.com
Lebermuth Company,lebermuth.com
LEHVOSS Nutrition,geelawson.com
Lonza Capsules & Health Ingredients,lonza.com
Lycored,lycored.com
Lubrizol Life Science,lubrizol.com
Live Earth Products,livearth.com
LFA Machines,lfacapsulefillers.com
Leatherhead Food Research,leatherheadfood.com
Manipal Natural Pvt Ltd,manipalnatural.com
"Mack Flavor Ingredients, Inc.",mackflavor.com
Lyons Information Systems,lyonsinfo.com
Marchesini Group USA Inc.,marchesini.com
Marine Ingredients,marine-ingredients.com
Marinova Pty Ltd,maritechfucoidan.com.au
Martin Bauer Group,botanicals.com
"Mantrose-Haeuser Co., Inc.",mantrose.com
Maruho Hatsujyo Innovations (MHI),mhi-innovations.com
Matcha.com,matcha.com
Mindful Yoga with Drew,mindfulyogawithdrew.com
"Mitsubishi Corporation Life Sciences, Inc",mcls-ltd.com
Maypro,maypro.com
MG America,mgamerica.com
Mother Murphy’s Flavors,mothermurphys.com
MPI Label Systems,mpilabels.com
Monteloeder,monteloeder.com
MUSHEEZ,musheez.eu
MycoTechnology Inc.,mycoiq.com
MTC Industries,mtcindustries.com
NAMMEX / North American Medicinal Mushroom Extracts,nammex.com
Mount Franklin Foods,mountfranklinfoods.com
National Animal Supplement Council,nasc.cc
Mushroom Wisdom,mushroomwisdom.com
Natural Algae Astaxanthin Association (NAXA),astaxanthin.org
Natures Crops International,naturescrops.com
NaturPro Scientific,naturproscientific.com
Nektium Pharma S.L.,nektium.com
Natural Alternatives International,nai-online.com
Natural Products Association,npanational.org
"Neves Global Resources, LLC",nevesglobal.com
Nitta Gelatin NA Inc.,nitta-gelatin.com
Non-GMO Project,nongmoproject.org
"NEWTREE Co., Ltd",newtree.com
NMI (Natural Marketing Institute),nmisolutions.com
Nexira Inc.,nexira.com
New Zealand Coastal Seafoods,nzcs.co
Norland Products Inc.,norlandprod.com
Nosco,nosco.com
Novolyze,novolyze.com
NOW Foods,nowprivatelabel.com
NuLiv Science,nulivscience.com
Nuherbs,nuherbs.com
NP Nutra,npnutra.com
Nutra-Pack Systems,nutra-pack.com
"Nutrition21, LLC",nutrition21.com
"Nutralliance, Inc.",nutralliance.com
NutriLeads,nutrileads.com
Nutracode,nutracode.life
NutriScience Innovations LLC,nutriscienceusa.com
Nutritional Engineering Inc,nutritionengineers.com
OmniActive Health Technologies,omniactives.com
Nutriventia by Inventia,nutriventia.com
Orochem Technologies Inc,orochem.com
One Innovation Labs,oneinnovationlabs.com
OptiPure/Kenko International Inc.,optipure.com
"NXT USA, Inc.",nxt-usa.com
Osage Flavors,osageflavors.com
Organic & Natural Health Association,organicandnatural.org
PallayPack,pallaypack.com
Overnight Labels,premiumlabelandpackaging.com
Palmate,palmate.com
PAT Vitamins Inc.,patvitamins.com
Pacific Rainbow International,prinutrition.com
"PFC Fulfillment, LLC",pfcfulfills.com
Paragon Laboratories,paragonlabsusa.com
Pharmaworks LLC,pharmaworks.com
"Path Forward Formulator, LLC",pathforwardformulator.com
Pharma Tech Industries,pharma-tech.com
Pharma Foods International Co. Ltd.,pharmagaba.com
"Pick Heaters, Inc.",pickheaters.com
Pharma Technology Inc.,pharmatec.be
Pines International,kansaswheatgrass.com
Polyphenolics,polyphenolics.com
Premium Labels & Packaging Solutions,premiumlabelandpackaging.com
"Poms & Associates Insurance Brokers, LLC",pomsassoc.com
Prime Health Ltd.,primehealth.ca
Prayon,prayon.com
"Probi USA, Inc",probi.com
Pretium Packaging,pretiumpkg.com
Primex ehf,primex.is
"Process Engineering Associates, LLC",processengr.com
Prinova,prinovaglobal.com
"ProHealth, Inc.",uthevernmnbulk.com
PSA Laboratory Furniture,psalaboratoryfurniture.com
Radicle Science,radiclescience.com
Quintessence Nutraceuticals,quintessencenutritionals.com
Qualicaps,qualicaps.com
ProTab Labs,protablabs.com
QuanTEM Food Safety Laboratories,quantemfood.com
Retsch,retsch.com
Quantum Analytics Group,quananalytics.com
RFI Ingredients,rfiingredients.com
"Rochem International, Inc.",rochemintl.com
Rousselot,darlingii.com
Roquette,roquette.com
SD Life Sciences Pvt Ltd,sdnutra.com
"SaltWorks, Inc.",seasalt.com
Santé Laboratories,santelabs.com
San Francisco Herb Co,sfherb.com
Sensient Flavors & Extracts,sensientflavorsandextracts.com
"SearchPath of Chicago, Inc. – Executive Search",spiofchicago.com
Senolyfe,senolyfe.com
Shimadzu Scientific Instruments,ssi.shimadzu.com
SGS Nutrasource,nutrasource.ca
"Skuny BioScience Co., Ltd",skuny.com
Sibelius Limited,sibeliusnaturalproducts.com
SKS Bottle & Packaging,sks-bottle.com
Sigachi US Inc.,sigachi.com
SMP Nutra,smpnutra.com
"Soft Gel Technologies, Inc.",soft-gel.com
Sorbead India,silicagel-desiccant.com
"Specnova, LLC",specnova.com
"Spinaca Farms, Inc.",spinacafarms.com
Stepan Lipid Nutrition,stepan.com
STEQ America,steqamerica.com
Stratum Nutrition,stratumnutrition.com
Spee-Dee Packaging Machinery Inc.,spee-dee.com
Starwest Botanicals,starwestherb.com
Stauber,stauberusa.com
Suanfarma,suanfarma.com
Suzanne’s Specialties,suzannes-specialties.com
Sunflower Hemp Co,sunflowerhempco.com
SweeGen,sweegen.com
Techno Food Ingredients USA,techno-fi.com
Synergized Ingredients,synergizedingredients.com
Synergy Flavors,synergytaste.com
Tadbik,tadbik.com
Thomas Fulfillment,thomasfulfillment.com
TekniPlex,tekni-plex.com
Terry Laboratories LLC,terrylabs.com
The Green Labs LLC,thegreenlabs.com
TR Nutritionals,trnutritionals.com
TriNutra,barringtonnutritionals.com
U.S. Pharmacopeia (USP),usp.org
TWG Health & Nutrition,twghealthandnutrition.com
Trividia Manufacturing Solutions,trividiams.com
TSI Group LTD,tsigroupltd.com
Trust Transparency Consulting,trusttransparency.com
Trace,traceminerals.com
UL,ul.com
Unibar Corporation,unibarcorp.com
Unified Flex Packaging Technologies,unifiedflex.com
Verdure Sciences,vs-corp.com
"Unigen, Inc.",unigen.net
Viatal,viatalcorp.com
Vesta Nutra,vestanutra.com
Vidya Herbs,vidyaherbs.com
Vitalis Extraction Technology,vitaliset.com
Vit-Best Nutrition,vit-best.com
United Natural Products Alliance (UNPA),unpa.com
Vigon International,vigon.com
Virginia Dare,virginiadare.com
Vitaquest International,vitaquest.com
Wacker Chemical Corp.,wacker.com
Vitex Pharmaceuticals Pty. Ltd.,vitexpharma.com
Waitaki Biosciences,waitakibio.com
Vivion,vivion.com
"Wherefour, Inc.",wherefour.com
Wild Blueberry Association of North America,wildblueberries.com
"Welch, Holme & Clark Co. Inc.",whc-oils.com
Wilmar Nutrition,wilmarnutrition.com
Willings Nutraceutical,willingsnutraceutical.com
Wellington Foods,wellingtonfoods.com
Wizard Labels LLC,wizardlabels.com
Windrose Partners LLC,windrosepartners.com
Wiley Companies,wileyco.com
Women In Nutraceuticals,womeninnutraceuticals.org
WPIC Marketing + Technologies,wpic.co
Yellow Emperor,yellowemperor.com
XSTO Solutions (acquired by NutriScience Innovations,xstosolutions.com
ZMC,zmc.top
"ZoomEssence, Inc.",zoomessence.com
