name,domain
"Agri-Dairy Products, Inc.",agridairy.com
Associated Milk Producers Inc.,ampi.com
"Burt Lewis Ingredients, LLC",burtlewisingredients.com
Cabot Creamery Cooperative,cabotcreamery.com
"California Dairies, Inc.",californiadairies.com
"Dairy Farmers of America, Inc.",dfamilk.com
Fayrefield Foods LLC,fayrefieldfoodsusa.com
"Grassland Dairy Products, Inc.",grassland.com
High Desert Milk,highdesertmilk.com
"Hoogwegt U.S., Inc.",hoogwegtus.com
"Interfood, Inc.",interfood.com
"Interra International, LLC",interrainternational.com
James Farrell & Co.,jfarrell.com
Lactalis Ingredients (US),liusa.com
"Land O'Lakes, Inc.",landolakes.com
"MCT Dairies, Inc.",mctdairies.com
"Mitsui & Co. (U.S.A.), Inc.",mitsui.com
"O-AT-KA Milk Products Cooperative, Inc.",oatkamilk.com
Orange Cheese Company,orangecheeseusa.com
Organic Valley,organicvalley.com
"Prairie Farms Dairy, Inc.",prairiefarms.com
Schreiber Foods Inc.,schreiberfoods.com
"T.C. Jacoby & Co., Inc.",jacoby.com
Talmera USA Inc.,talmera.com
Tedford/Tellico Inc.,tedfordtellico.com
Tillamook County Creamery Assn.,tillamook.com
"Tropical Foods, LLC",tropicalfoodsllc.com
United Dairymen of Arizona,uda.coop
"Valley Milk, LLC",valleymilkca.com
"Valley Queen Cheese Factory, Inc.",vqcheese.com
"Agri-Dairy Products, Inc.",agridairy.com
"Agri-Mark, Inc.",agrimarkwheyproteins.com
"Agropur, Inc.",agropur.com
Associated Milk Producers Inc.,ampi.com
BelGioioso Cheese Inc.,belgioioso.com
Bongards' Creameries,bongards.com
"Burt Lewis Ingredients, LLC",burtlewisingredients.com
Cabot Creamery Cooperative,cabotcreamery.com
"Dairy Farmers of America, Inc.",dfamilk.com
"Darigold, Inc.",darigold.com
Fayrefield Foods LLC,fayrefieldfoodsusa.com
First District Association,firstdistrict.com
Glanbia Nutritionals,glanbianutritionals.com
Grande Cheese Company,grande.com
"Grassland Dairy Products, Inc.",grassland.com
"Hilmar Cheese Company, Inc.",hilmarcheese.com
"Hoogwegt U.S., Inc.",hoogwegtus.com
"Interfood, Inc.",interfood.com
"Interra International, LLC",interrainternational.com
James Farrell & Co.,jfarrell.com
Lactalis Ingredients (US),liusa.com
"Land O'Lakes, Inc.",landolakes.com
Leprino Foods Company,leprinofoods.com
"MCT Dairies, Inc.",mctdairies.com
"Mitsui & Co. (U.S.A.), Inc.",mitsui.com
Orange Cheese Company,orangecheeseusa.com
Organic Valley,organicvalley.com
"Prairie Farms Dairy, Inc.",prairiefarms.com
Rosewood Dairy Inc./ Renard's Cheese,renardscheese.com
Saputo Cheese USA Inc.,saputo.com
Sargento Foods,sargento.com
Sartori Cheese,sartoricheese.com
Savencia Cheese USA LLC,alouettefoodservice.com
Schreiber Foods Inc.,schreiberfoods.com
Schuman Cheese,schumancheese.com
"T.C. Jacoby & Co., Inc.",jacoby.com
Talmera USA Inc.,talmera.com
Tedford/Tellico Inc.,tedfordtellico.com
Tillamook County Creamery Assn.,tillamook.com
"Tropical Foods, LLC",tropicalfoodsllc.com
"Valley Queen Cheese Factory, Inc.",vqcheese.com
"HP Hood, LLC",hphood.com
Sargento Foods,sargento.com
Tillamook County Creamery Assn.,tillamook.com
"Agri-Dairy Products, Inc.",agridairy.com
"Agropur, Inc.",agropur.com
BelGioioso Cheese Inc.,belgioioso.com
Fayrefield Foods LLC,fayrefieldfoodsusa.com
First District Association,firstdistrict.com
Glanbia Nutritionals,glanbianutritionals.com
Grande Cheese Company,grande.com
"Hilmar Cheese Company, Inc.",hilmarcheese.com
"Hoogwegt U.S., Inc.",hoogwegtus.com
"Interfood, Inc.",interfood.com
"Interra International, LLC",interrainternational.com
James Farrell & Co.,jfarrell.com
Leprino Foods Company,leprinofoods.com
"MCT Dairies, Inc.",mctdairies.com
Milk Specialties Global,milkspecialties.com
"Mitsui & Co. (U.S.A.), Inc.",mitsui.com
Organic Valley,organicvalley.com
Saputo Cheese USA Inc.,saputo.com
"T.C. Jacoby & Co., Inc.",jacoby.com
Tedford/Tellico Inc.,tedfordtellico.com
"Tropical Foods, LLC",tropicalfoodsllc.com
United Dairymen of Arizona,uda.coop
"Valley Queen Cheese Factory, Inc.",vqcheese.com
"Agri-Dairy Products, Inc.",agridairy.com
"California Dairies, Inc.",californiadairies.com
Cayuga Milk Ingredients,cmingredients.com
"Darigold, Inc.",darigold.com
"Grassland Dairy Products, Inc.",grassland.com
"Hoogwegt U.S., Inc.",hoogwegtus.com
"HP Hood, LLC",hphood.com
"Idaho Milk Products, Inc.",idahomilkproducts.com
"Interra International, LLC",interrainternational.com
James Farrell & Co.,jfarrell.com
Lactalis Ingredients (US),liusa.com
"O-AT-KA Milk Products Cooperative, Inc.",oatkamilk.com
Organic Valley,organicvalley.com
"T.C. Jacoby & Co., Inc.",jacoby.com
Talmera USA Inc.,talmera.com
Tillamook County Creamery Assn.,tillamook.com
"Tropical Foods, LLC",tropicalfoodsllc.com
United Dairymen of Arizona,uda.coop
"Valley Milk, LLC",valleymilkca.com
"Agri-Dairy Products, Inc.",agridairy.com
"Agri-Mark, Inc.",agrimarkwheyproteins.com
Associated Milk Producers Inc.,ampi.com
"Burt Lewis Ingredients, LLC",burtlewisingredients.com
"California Dairies, Inc.",californiadairies.com
Cayuga Milk Ingredients,cmingredients.com
"Dairy Farmers of America, Inc.",dfamilk.com
"Darigold, Inc.",darigold.com
Fayrefield Foods LLC,fayrefieldfoodsusa.com
"Grassland Dairy Products, Inc.",grassland.com
High Desert Milk,highdesertmilk.com
"Hoogwegt U.S., Inc.",hoogwegtus.com
"Interfood, Inc.",interfood.com
"Interra International, LLC",interrainternational.com
James Farrell & Co.,jfarrell.com
"Land O'Lakes, Inc.",landolakes.com
"MCT Dairies, Inc.",mctdairies.com
"Mitsui & Co. (U.S.A.), Inc.",mitsui.com
"O-AT-KA Milk Products Cooperative, Inc.",oatkamilk.com
Organic Valley,organicvalley.com
Schreiber Foods Inc.,schreiberfoods.com
"T.C. Jacoby & Co., Inc.",jacoby.com
Tedford/Tellico Inc.,tedfordtellico.com
United Dairymen of Arizona,uda.coop
"Valley Milk, LLC",valleymilkca.com
"Burt Lewis Ingredients, LLC",burtlewisingredients.com
"California Dairies, Inc.",californiadairies.com
Cayuga Milk Ingredients,cmingredients.com
"Dairy Farmers of America, Inc.",dfamilk.com
"Darigold, Inc.",darigold.com
"Erie Foods International, Inc",eriefoods.com
Fayrefield Foods LLC,fayrefieldfoodsusa.com
Glanbia Nutritionals,glanbianutritionals.com
"Grassland Dairy Products, Inc.",grassland.com
"Hoogwegt U.S., Inc.",hoogwegtus.com
"Idaho Milk Products, Inc.",idahomilkproducts.com
"Interfood, Inc.",interfood.com
"Interra International, LLC",interrainternational.com
James Farrell & Co.,jfarrell.com
Milk Specialties Global,milkspecialties.com
"Mitsui & Co. (U.S.A.), Inc.",mitsui.com
"O-AT-KA Milk Products Cooperative, Inc.",oatkamilk.com
Organic Valley,organicvalley.com
Saputo Cheese USA Inc.,saputo.com
"T.C. Jacoby & Co., Inc.",jacoby.com
United Dairymen of Arizona,uda.coop
"Agri-Dairy Products, Inc.",agridairy.com
"Agri-Mark, Inc.",agrimarkwheyproteins.com
"Agropur, Inc.",agropur.com
Bongards' Creameries,bongards.com
"Grassland Dairy Products, Inc.",grassland.com
"Hoogwegt U.S., Inc.",hoogwegtus.com
"Idaho Milk Products, Inc.",idahomilkproducts.com
"Interfood, Inc.",interfood.com
International Ingredient Corporation,iicag.com
"Interra International, LLC",interrainternational.com
James Farrell & Co.,jfarrell.com
Lactalis Ingredients (US),liusa.com
Milk Specialties Global,milkspecialties.com
"Mitsui & Co. (U.S.A.), Inc.",mitsui.com
Proliant Dairy Ingredients,proliantinc.com
Saputo Cheese USA Inc.,saputo.com
"T.C. Jacoby & Co., Inc.",jacoby.com
Tedford/Tellico Inc.,tedfordtellico.com
"Agri-Dairy Products, Inc.",agridairy.com
"Agri-Mark, Inc.",agrimarkwheyproteins.com
"Agropur, Inc.",agropur.com
APS BioGroup,apsbiogroup.com
Associated Milk Producers Inc.,ampi.com
Bongards' Creameries,bongards.com
"Burt Lewis Ingredients, LLC",burtlewisingredients.com
Cabot Creamery Cooperative,cabotcreamery.com
"Dairy Farmers of America, Inc.",dfamilk.com
"Darigold, Inc.",darigold.com
Fayrefield Foods LLC,fayrefieldfoodsusa.com
First District Association,firstdistrict.com
Glanbia Nutritionals,glanbianutritionals.com
Grande Cheese Company,grande.com
"Grassland Dairy Products, Inc.",grassland.com
"Hilmar Cheese Company, Inc.",hilmarcheese.com
"Hoogwegt U.S., Inc.",hoogwegtus.com
"Interfood, Inc.",interfood.com
"Interra International, LLC",interrainternational.com
James Farrell & Co.,jfarrell.com
Lactalis Ingredients (US),liusa.com
"Land O'Lakes, Inc.",landolakes.com
Leprino Foods Company,leprinofoods.com
"MCT Dairies, Inc.",mctdairies.com
Milk Specialties Global,milkspecialties.com
"Mitsui & Co. (U.S.A.), Inc.",mitsui.com
Organic Valley,organicvalley.com
"Prairie Farms Dairy, Inc.",prairiefarms.com
Saputo Cheese USA Inc.,saputo.com
Schreiber Foods Inc.,schreiberfoods.com
"T.C. Jacoby & Co., Inc.",jacoby.com
Tedford/Tellico Inc.,tedfordtellico.com
Tillamook County Creamery Assn.,tillamook.com
United Dairymen of Arizona,uda.coop
"Valley Queen Cheese Factory, Inc.",vqcheese.com
"Agri-Dairy Products, Inc.",agridairy.com
Cabot Creamery Cooperative,cabotcreamery.com
"Grassland Dairy Products, Inc.",grassland.com
"Hoogwegt U.S., Inc.",hoogwegtus.com
"MCT Dairies, Inc.",mctdairies.com
Schreiber Foods Inc.,schreiberfoods.com
Tillamook County Creamery Assn.,tillamook.com
"Tropical Foods, LLC",tropicalfoodsllc.com
APS BioGroup,apsbiogroup.com
"Burt Lewis Ingredients, LLC",burtlewisingredients.com
Cayuga Milk Ingredients,cmingredients.com
"Erie Foods International, Inc",eriefoods.com
Glanbia Nutritionals,glanbianutritionals.com
"Grassland Dairy Products, Inc.",grassland.com
"Hilmar Cheese Company, Inc.",hilmarcheese.com
"Hoogwegt U.S., Inc.",hoogwegtus.com
"Interfood, Inc.",interfood.com
James Farrell & Co.,jfarrell.com
"Land O'Lakes, Inc.",landolakes.com
Saputo Cheese USA Inc.,saputo.com
Sargento Foods,sargento.com
Schuman Cheese,schumancheese.com
Tedford/Tellico Inc.,tedfordtellico.com
United Dairymen of Arizona,uda.coop
"MCT Dairies, Inc.",mctdairies.com
United Dairymen of Arizona,uda.coop
