Name,Domain
Private Label Foods,privatelabelfoods.com
Culture Fresh Foods,culturefreshfoods.com
National Food & Beverage Inc.,national-foods.com
FoodPharma,foodpharma.com
Subco Foods Inc.,subcofoods.com
Food Label and Nutrition Services,foodlabelservices.com
CLAREMONT FOODS LLC,claremontfoods.com
"U. S. Beverage, Inc.",coastalpackaging.com
Arro Corporation,elementfoodsolutions.com
Prime Label Consultants Inc,primelabel.com
Centra Foods | Non-GMO & Organic Oils,centrafoods.com
G.S. Gelato & Desserts,gsgelato.com
Natural Pet Innovations,naturalpetinnovations.com
The Fresh Factory,thefreshfactory.co
Chelten House Products Inc.,cheltenhouse.com
Synergy Food Group,sfgllc.net
Prime Custom Label,primecustomlabel.com
"Organic Foods International, LLC",organicfoodsinternational.com
G.S. Gelato & Desserts,gsgelato.com
Mineralife Nutraceuticals LLC,mycustommanufacturer.com
Foodmark Inc.,foodmark.com
Freedom Packaging Inc,freedompackaging.com
No. 2 Pen,condimentmarketing.com
Florida Food Products,floridafood.com
Integrity Labeling,integritylabeling.com
Morsel Law PLC,morsellaw.com
Farmington Foods Inc.,farmingtonfoods.com
LMI Packaging,lmipackaging.com
Private Label Foods,privatelabelfoods.com
Supreme Oil Company,stratasfoods.com
"Linbro, Inc.",linbro.com
Tundalaya Inc.,tundalaya.com
Lehi Valley Trading Company,lehivalley.com
Ready Foods Inc.,readyfoods.biz
Create-A-Pack Foods Inc.,capfoodinc.com
California Natural Products,gehlfoodandbeverage.com
FoodPharma,foodpharma.com
Bell Food & Beverage Inc.,westcoastcopacker.com
Natural Choice Foods,naturalchoicefoods.com
Hickory Harvest Foods,hickoryharvest.com
"Marketing Concepts Group, LLC",mcgtec.com
Certified Origins,certifiedorigins.com
Food Forward Consulting,food4ward.com
Renwood Mills,homegrownfamilyfood.com
Roybal Food Consulting,roybalfood.com
Advanced Life Nutraceuticals,advancedlifenutra.com
Chefler Foods LLC,cheflerfoods.com
Snack Innovations Inc.,snackinnovations.com
"U. S. Beverage, Inc.",coastalpackaging.com
LR Johnson Associates,lrjfoods.com
Arro Corporation,elementfoodsolutions.com
"All American Foods, Inc.",aafoods.com
G.S. Gelato & Desserts,gsgelato.com
Natural Pet Innovations,naturalpetinnovations.com
Teeny Foods Corporation,teenyfoods.com
"Centricity Ingredients, Inc.",abingredients.com
EVI Labs,evicorporation.com
Chelten House Products Inc.,cheltenhouse.com
Global Resources Direct LLC,globalresourcesdirect.com
Nutrablend Foods,nutrablendfoods.com
Semper Foods,semperfoods.com
G.S. Gelato & Desserts,gsgelato.com
Oval Kent Foods,resersfoodservice.com
Honor Foods,honorfoods.com
Plant Food Company,plantfoodco.com
Discountlabel,discountlabels.com
Delta Brands,deltabrands.com
ARIZONA FOODS GROUP INC,arizonafoodsgroup.com
Pioneer Meats LLC,pioneermeats.com
Liguria Foods,liguriafoods.com
Valley Forge Tape & Label Co. Inc.,vftl.com
PacknWood,packnwood.com
Diversified Labeling Solutions,teamdls.com
Silgan Plastics,silganplastics.com
Larkos Packing and Distribution Inc,larkospacking.com
"Schwan's Ip, LLC",schwansfoodservice.com
Omni Food Concept,omnifoodconcepts.com
Green Good Pack Inc.,greengoodpack.com
Drug Package LLC,shamrocklabels.com
"Export Solutions, Inc.",exportsolutions.com
Passport Food Safety Solutions,ahfoodchain.com
Certified Marketing Consultants LTD,certifiedmarketing.com
UniPro Foodservice,uniprofoodservice.com
Original Foods Limited,originalfoods.com
Fountain Food and Beverages Ltd.,dairyfountain.com
Morgan-Williams International Inc.,morganwilliams.ca
Serva Packaging Inc.,servapackaging.com
Overhill Farms,overhillfarms.com
Club Coffee Company Inc,clubcoffee.ca
Vero Foods Inc,verofoods.ca
UniPro Foodservice,uniprofoodservice.com
MLG Food Ingredients,mlgfoodingredients.com
Tradition Fine Foods Ltd.,tradition.ca
FDG - The Food Development Group Inc,fooddevelopmentgroup.com
Scipertech,scipertech.ca
Apex Food Source,apexfoodsource.com
Saskatchewan Food Industry Development Centre Inc.,foodcentre.sk.ca
National Dry Company Limited,nationaldry.ca
Sun Mark Foods Ltd.,sunmarkfoods.com
Ya YA Foods,yayafoods.com
LOC Industries Food Division,locindustries.com
Fit Foods Ltd,fitfoods.ca
Scipertech,scipertech.ca
LOC Industries Food Division,locindustries.com
Marsan Foods Limited,marsanfoods.com
GFS Quebec Inc.,gfs.ca
Label Design Ltd.,labeldesign.ca
Soline Trading Ltd,soline.ca
LEC Custom Products,lecind.com
Unicer Foods Ltd,unicerworldfoods.com
Scarlett House Food Group Inc.,scarletthouse.ca
Mexican Corn Products Inc,mexicancornproducts.com
Reena Enterprises Ltd,thccanada.com
Mantab Food Group,mantab.com
Enabled Label,enabledlabel.com
Lactopur Inc.,lactopur.com
Blendtek Ingredients Inc.,blendtek.com
Laven Labels & Trims,laven.com
Label 428,label428.com
Westrow Food Group,westrow.com
Wells Can Company Ltd,wellscan.ca
Cell Foods,cellfoods.com
Laven Labels & Trims,laven.com
Label 428,label428.com
Original Foods Limited,originalfoods.com
Fountain Food and Beverages Ltd.,dairyfountain.com
Serva Packaging Inc.,servapackaging.com
Overhill Farms,overhillfarms.com
Club Coffee Company Inc,clubcoffee.ca
Vero Foods Inc,verofoods.ca
Fiera Foods Company,fierafoods.com
Tradition Fine Foods Ltd.,tradition.ca
Scipertech,scipertech.ca
Apex Food Source,apexfoodsource.com
Saskatchewan Food Industry Development Centre Inc.,foodcentre.sk.ca
Freshline,freshline.io
L & P Packaging Ltd,lppackaging.ca
J.H. McNairn Limited,mcnairnpackaging.com
Oceanfood Sales Ltd.,oceanfoods.com
Brecon Foods Inc,breconfoods.com
Marsan Foods Limited,marsanfoods.com
Bakers Supply House,bakerssupply.ca
GFS Quebec Inc.,gfs.ca
Holy Cow Foods Inc.,originalholycow.com
Linkus Global Inc,linkusfruit.ca
WG Pro-Manufacturing,wgcorporate.com
Hafez International Trading Inc,hafezcanada.com
J&S Food Service,jandsfoodservice.com
LEC Custom Products,lecind.com
Al-Pack Enterprises Ltd,al-pack.com
LABELPAC Inc.,labelpac.com
EarthFresh Farms,earthfreshfoods.com
Patek Packaging,patekpackaging.com
Celtrade,celtrade.ca
Powell May International,powellmay.com
Unicer Foods Ltd,unicerworldfoods.com
Mercury Plastics of Canada Inc,mercplastics.com
JD Sweid Foods,jdsweid.com
Scarlett House Food Group Inc.,scarletthouse.ca
Rexdale Food Specialties Ltd,rexdalefood.ca
Mexican Corn Products Inc,mexicancornproducts.com
INNODELICE,innodelice.com
Reena Enterprises Ltd,thccanada.com
Hd Plastic Product Canada Inc,hdbiopak.com
Arbutus Ridge Farms Ltd,arbutusfarms.ca
Mantab Food Group,mantab.com
Monte del Forno,montedelforno.ca
Lactopur Inc.,lactopur.com
GFI (PEAS.TSXV) Global Food and Ingredients Ltd.,gfiglobalfood.com
Blendtek Ingredients Inc.,blendtek.com
Hemp Wholesale Canada,hempwholesalecanada.com
Laven Labels & Trims,laven.com
Jan K. Overweel,jkoverweel.com
Accu-Label International,accu-label.com
Wellington Produce Packaging,wellingtonpp.ca
Ettlinger Corporation,ettlingercorp.com
"Centricity Ingredients, Inc.",abingredients.com
Supreme Oil Company,stratasfoods.com
St. Charles Trading,stcharlestrading.com
"Sweetener Supply Corporation -""Where Quality Comes Naturally""",sweetenersupply.com
Batory Foods,batoryfoods.com
"All American Foods, Inc.",aafoods.com
"Essex Food Ingredients, Inc.",essexfoodingredients.com
"North Central Companies, Inc.",northcentralco.com
SPICES USA INC.,spicesusa.com
Bioactive Resources L.L.C.,bioactiveresources.com
California Natural Products,gehlfoodandbeverage.com
Elite Ingredients LLC,elite-ingredients.com
Processor's Choice,processorschoice.com
Valente Yeast Company,valentebakerysupplies.com
Arro Corporation,elementfoodsolutions.com
Icon Foods,iconfoods.com
Cardinal Foods LLC,cardinalfoodsllc.com
Elite Spice Inc,elitespice.com
No. 2 Pen,condimentmarketing.com
"Kerr Concentrates, Inc.",kerrbyingredion.com
Olam Edible Nuts,olamnuts.com
Nutrify LLC,nutrify.com
GinoGums,gumstabilizer.com
"Food Partners, Inc",foodpartners.com
Inkamazon LLC,inkamazon.com
Biosun Biochemicals,biosunffi.com
Innophos Holdings,innophos.com
JM Swank Co.,jmswank.com
Marathon Ventures Inc.,marathonventuresinc.com
"B.C.H. America, Inc.",bchamerica.com
Ingredion Incorporated,ingredion.com
"Italia Foods, Inc.",italiafoods.com
John R White Company,johnrwhite.com
Archer Daniels Midland Company,adm.com
The Ingredient House,theingredienthouse.com
Flagstone Foods,flagstonefoods.com
Baldwin Richardson Foods,brfoods.com
FoodPharma,foodpharma.com
MIRASCO,mirasco.com
Excellentia International,excellentiainternational.com
AIC,lbbspecialties.com
"John B. Sanfilippo & Son, Inc.",jbssinc.com
FOODMatch,foodmatch.com
Chelten House Products Inc.,cheltenhouse.com
De Silva Brothers & Company,desilvabrothers.com
Nutrimed International LLC,nutrimedintl.com
Quality Ingredients Corporation,qic.us
Trailblazer Foods,trailblazerfoods.com
Universal Preservachem Inc.,upichem.com
Michael Foods,michaelfoods.com
Happy D Corporation,happydcorporation.com
"Kj Ingredients, Inc.",kjingredients.com
"Nutra Food Ingredients, LLC",nutrafoodingredients.com
Prime Ingredients Inc.,primeingredients.com
ingredients101 LLC,ing-101.com
"Ingredients, Inc.",ingredientsinc.com
Supreme Oil Company,stratasfoods.com
Ici Foods,icifoods.com
St. Charles Trading,stcharlestrading.com
Codex-ing® Biotech Ingredients,codex-ing.com
Batory Foods,batoryfoods.com
"All American Foods, Inc.",aafoods.com
"Essex Food Ingredients, Inc.",essexfoodingredients.com
"North Central Companies, Inc.",northcentralco.com
Global Resources Direct LLC,globalresourcesdirect.com
Sensient Natural Ingredients LLC,sensientnaturalingredients.com
SPICES USA INC.,spicesusa.com
Sweetener Products Company,sweetenerproducts.com
Anderson Advanced Ingredients,advancedingredients.com
California Natural Products,gehlfoodandbeverage.com
Icon Foods,iconfoods.com
Cardinal Foods LLC,cardinalfoodsllc.com
Elite Spice Inc,elitespice.com
Brolite Products Inc.,bakewithbrolite.com
"Nikken Foods Usa, Inc.",nikkenfoods.com
Kronos Foods,gdkfoods.com
Innophos Holdings,innophos.com
Clover Specialties Inc.,cloverspecialties.com
International Dehydrated Foods Inc.,idf.com
JM Swank Co.,jmswank.com
Marathon Ventures Inc.,marathonventuresinc.com
"B.C.H. America, Inc.",bchamerica.com
Ingredion Incorporated,ingredion.com
Ornua Ingredients North America,ornuaingredientsnorthamerica.com
"Italia Foods, Inc.",italiafoods.com
Flagstone Foods,flagstonefoods.com
Connoils LLC,connoils.com
General Mills Convenience & Foodservice,generalmillscf.com
BioAktive Specialty Products,bio-aktive.com
"Schwan's Ip, LLC",schwansfoodservice.com
Trisun (Israel) Ltd.,trisun.co.il
G.S. Gelato & Desserts,gsgelato.com
Green Global Foods LLC,gglfoods.com
Aloecorp Inc,aloecorp.com
Elevance Renewable Sciences,elevance.com
NutraShure,nutrashure.com
Fern Silver Chemical Inc,silverfernchemical.com
Plant Food Company,plantfoodco.com
Ravago Chemicals - Legacy TMC Materials,na.ravagochemicals.com
Server Products,server-products.com
Monterey Mushrooms,montereymushrooms.com
Honor Foods,honorfoods.com
Restaurantware LLC,restaurantware.com
PacknWood,packnwood.com
Iris Trade Inc.,iristrade.com
Ferti-Organic Inc.,ferti-organic.com
MLG Food Ingredients,mlgfoodingredients.com
IP Products,ipinc.ca
LCG Foods Distribution,lcgfoods.com
Cell Foods,cellfoods.com
Saskatchewan Food Industry Development Centre Inc.,foodcentre.sk.ca
Sun Mark Foods Ltd.,sunmarkfoods.com
Shashi Foods Inc.,shashifoods.com
LOC Industries Food Division,locindustries.com
Scipertech,scipertech.ca
Tradition Fine Foods Ltd.,tradition.ca
Vero Foods Inc,verofoods.ca
TA Foods Ltd,tafoods.ca
Farinart,farinart.ca
Everspring Farms Ltd.,everspringfarms.ca
FDG - The Food Development Group Inc,fooddevelopmentgroup.com
Bioriginal,bioriginal.com
J.H. McNairn Limited,mcnairnpackaging.com
Harlan Fairbanks,harlans.ca
InovoBiologic Inc,inovobiologic.com
Marsan Foods Limited,marsanfoods.com
Marsia Foods Inc,marsia.ca
Fountain Food and Beverages Ltd.,dairyfountain.com
Harvestdance International Inc.,harvestdanceintl.ca
Harlan Fairbanks,harlans.ca
InovoBiologic Inc,inovobiologic.com
Marsia Foods Inc,marsia.ca
Fountain Food and Beverages Ltd.,dairyfountain.com
Harvestdance International Inc.,harvestdanceintl.ca
Commercial Food Service Inc.,cfsfood.ca
A&C,acggp.com
EFI Sales Ltd.,efifoodequip.com
Mexican Corn Products Inc,mexicancornproducts.com
National Produce Marketing Inc.,nationalproduce.com
Fruit d'Or inc,fruitdor.ca
MenuSano,menusano.com
Eximcan Canada,eximcan.com
Ceresco Nutrition,ceresconutrition.com
Apex Food Source,apexfoodsource.com
Janitorial/Cleaning/Safety/Food Service Supplier-The Price Group Supply,thepricegroupsupply.com
Nella Cutlery & Food Equipment Inc.,nellacutlery.ca
International Food Focus Ltd.,foodfocus.on.ca
Quick Market Inc.,quickmarket.ca
Sunrise Farms,sunrisefarms.ca
Iconthin Biotech,iconthin.com
Brecon Foods Inc,breconfoods.com
Janitorial/Cleaning/Safety/Food Service Supplier-The Price Group Supply,thepricegroupsupply.com
Nella Cutlery & Food Equipment Inc.,nellacutlery.ca
International Food Focus Ltd.,foodfocus.on.ca
Quick Market Inc.,quickmarket.ca
Iconthin Biotech,iconthin.com
Sunrise Farms,sunrisefarms.ca
Cell Foods,cellfoods.com
Saskatchewan Food Industry Development Centre Inc.,foodcentre.sk.ca
Shashi Foods Inc.,shashifoods.com
LOC Industries Food Division,locindustries.com
GFI (PEAS.TSXV) Global Food and Ingredients Ltd.,gfiglobalfood.com
Scipertech,scipertech.ca
Tradition Fine Foods Ltd.,tradition.ca
Original Foods Limited,originalfoods.com
Neova Technologies Inc,bioseutica.com
Westpoint Naturals,westpointnaturals.com
Vero Foods Inc,verofoods.ca
J&S Food Service,jandsfoodservice.com
Saporito Foods Inc. (Canada),saporitofoods.com
Hemp Oil Canada,freshhempfoods.com
Farinart,farinart.ca
Unipac Packaging Products Ltd,myunipac.com
Food in Canada magazine,foodincanada.com
Everspring Farms Ltd.,everspringfarms.ca
Bioriginal,bioriginal.com
J.H. McNairn Limited,mcnairnpackaging.com
Dorsey Marketing Inc,urbangourmetshop.com
Harlan Fairbanks,harlans.ca
BioNeutra,bioneutra.ca
Unicer Foods Ltd,unicerworldfoods.com
BroadGrain Commodities Inc.,broadgrain.com
GoBio Organics,gobiofood.com
Flavva,flavva.com
Siwin Foods Ltd,siwinfoods.ca
710769 Alberta Ltd,royalfoodproducts.ca
Hafez International Trading Inc,hafezcanada.com
InovoBiologic Inc,inovobiologic.com
Buchanan Trading,buchananglobal.com
Darling International Canada Inc,darlingii.ca
Groupe CANAL International Inc,groupecanal.ca
Ideal Food Service Corp.,idealfoodservice.com
Marsan Foods Limited,marsanfoods.com
Fountain Food and Beverages Ltd.,dairyfountain.com
Harvestdance International Inc.,harvestdanceintl.ca
Tootsi Impex Inc.,tootsi.com
Groupe CANAL International Inc,groupecanal.ca
Ceresco Nutrition,ceresconutrition.com
