name,domain
MTC Industries,mtcindustries.com
Fenchem,fenchem.com
Mountain Harvest,themountainharvest.com
Superior Supplement Manufacturing,superiorsupplementmfg.com
Pharm-RX Chemical Corporation,pharm-rxchem.com
"Palmer Holland, Inc.",palmerholland.com
Vitajoy Group USA,vitajoygroupusa.com
CJ Chemicals,cjchemicals.net
Yellow Emperor,yellowemperor.com
CREMER ERZKONTOR North America Inc.,products.erzkontor.com
Bulk Apothecary,bulkapothecary.com
PK Chem Industries Ltd.,pkchemind.com
ChemCeed,chemceed.com
UniWell Laboratories,uniwelllabs.com
YAAX International,yaax.com
Emerling Foods,emerfood.com
"Jedwards International, Inc.",bulknaturaloils.com
Mazweet,mazweet.com
Chesapeake Bay Snacks,chesapeakebaysnacks.com
Callahan Chemical Co.,calchem.com
"Come Alive Organics, LLC",soviia.com
ZBD International,zbdintl.net
NBF Distributions Inc.,nbfmarket.us
Aetna Trading Corp.,aetnatrading.com
"American International Foods, Inc.",americaninternationalfoods.com
American International Ingredients,americaninternationalingredients.com
"Gravitas Chemical, LLC",gravitaschemical.com
Ausvita Nutrition Inc,ausvitanutrition.com
"Suzhou-Chem USA, Inc.",suzhouchem.com
"Larsen Packaging Products, Inc.",waybeyondthebox.com
Rochem International,rochemintl.com
CBD Oil Botanicals,cbdoilbotanicals.com
Ingredients Online,ingredientsonline.com
Sam Nhut LLC,samnhut.com
Best Global Nutrition Inc.,ningboherb.com
MSC Industrial Supply Co.,mscdirect.com
Archer Daniels Midland Company,adm.com
Global Honey Corp USA LLC,globalhoneycorp.com
Select Ingredients,selectingredients.com
BioAnthem,bioanthem.com
Packform USA LLC,packform.com
"Cargill, Inc.",cargill.com
Coastal Packaging,coastalpackaging.com
World Food S. de R.L.,foodworld.mx
Panasource Ingredients,panasourceusa.com
Batory Foods,batoryfoods.com
Cocoa Supply,cocoasupply.com
The Betty Mills Company (BettyMills.com),bettymills.com
foodguys,foodguys.com
"Austrade, Inc.",austradeinc.com
Nutri Avenue Inc.,nutriavenue.com
Bilotta Traders Group,bilottatraders.com
ChemQuest International,chemquestint.com
Conagen Inc,conagen.com
Bakers Authority,bakersauthority.com
Cormin Industries,corimindustries.com
Sweetener Solutions,sweetenersolutions.com
"Ajinomoto Health & Nutrition North America, Inc.",ajihealthandnutrition.com
"Smitty Bee Honey, Inc.",smittybeehoney.com
"Tilley Chemical Company, Inc.",tilleycompany.com
HoneyTree Inc.,honeytreehoney.com
Buffalo Molasses,buffalomolasses.com
Penta 5usa,penta5usa.com
Top Health Ingredients,tophealthingredients.com
SweetLeaf,sweetleaf.com
Your CBD Store,yourcbdstorecincinnatidayton.com
ICI Foods,icifoods.com
Bushee Family Maple Farm,vermontmaplesweets.com
The Beekeeper's Daughter,beekeepersdaughter.com
Faravelli,faravelli.us
GloryBee,glorybee.com
Sweet Additions,sweetadditions.com
NiuSource,niusource.com
PureFormulas.com,pureformulas.com
C&H Sugar,chsugar.com
"Muddy Pond Sorghum, LLC",muddypondsorghum.com
Domino Foods,dominosugar.com
Zuga Natural Sweetener,zuga.ca
Servomax,servomax.com
Health Genesis Corp,healthgenesis.com
Redox,redox.com
Manus Bio,manusbio.com
Local Hive Honey,localhivehoney.com
"Maasdam Sorghum Mills, Inc.",maasdamsorghum.com
Prestige Maple Products Inc.,prestigemapleproducts.com
"Gehring Montgomery, Inc.",gehring-montgomery.com
Sappi Fine Paper,sappi.com
Independent Ingredients,independentingredients.com
Sweet Harvest Foods,sweetharvestfoods.com
Emerick's Pure Maple Products,puremaplesyruponline.com
Hidden Springs Maple,hiddenspringsmaple.com
LOC Industries Inc.,locindustries.com
"Layn USA, Inc",layncorp.com
"Dutch Valley Food Distributors, Inc.",dutchvalleyfoods.com
BGG,bggworld.com
Gourmet Imports,gourmetimports.com
"Aceso, Ltd.",acesoltd.com
"Maxsun Industries, Inc.",maxsunindustry.com
Westcoast Naturals,westcoastnaturals.com
Zilka & Co,zilkaandcompany.com
Nu Life Market,nulifemarket.com
Hoosier Hill Farm,hoosierhillfarm.com
Pestell Nutrition Inc.,pestell.com
Dutch Gold Honey,dutchgoldhoney.com
KJ Ingredients,kjingredients.com
Nutra Food Ingredients,nutrafoodingredients.com
"Sunland Nutrition, Inc.",sunlandnutrition.com
Bascom Maple Farms,maplesource.com
Anderson's Pure Maple Syrup,andersonsmaplesyrup.com
Milk Tea Factory,milkteafactory.com
"Hard Eight Nutrition, LLC",bulksupplements.com
Organic Partners International,organic-partners.com
Today's Dates,todays-dates.com
Good Good Natural Sweetness LLC,goodgood.net
"Timberline Chemical, Inc",timberlinechem.com
"Bonumose, Inc.",bonumose.com
Gillco Products Inc,gillco.com
Centerchem Inc.,centerchem.com
Heartland Food Products Group,heartlandfpg.com
John E. Koerner Co.,koerner-co.com
Splenda,splenda.com
"Sweeteners Plus, Inc.",sweetenersplus.com
"Sweegen, Inc.",sweegen.com
H & A Canada Inc.,hacanada.com
The Scoular Company,scoular.com
Golden Barrel,goldenbarrel.com
Sandt's Honey Co.,sandtshoney.com
Nature's Garden,naturesgardencandles.com
"Loar & Young, Inc.",loaryoung.com
Sunrise Apples,sunriseapples.com
Feeser's Food Distributors,feesers.com
Triple Maple Trading,tmtpharma.ca
CREMER ERZKONTOR North America Inc.,products.erzkontor.com
Pharm-RX Chemical Corporation,pharm-rxchem.com
"Palmer Holland, Inc.",palmerholland.com
"Catalynt Solutions, Inc.",teamcatalynt.com
CJ Chemicals,cjchemicals.net
The Chemical Co.,thechemco.com
"Van Horn, Metz & Co., Inc.",vanhornmetz.com
Bulk Apothecary,bulkapothecary.com
PK Chem Industries Ltd.,pkchemind.com
Wego Chemical Group Inc,wegochem.com
GJ Chemical,gjchemical.com
"US Fluids, Inc.",us-fluids.com
Fenchem,fenchem.com
Paint Supply,paintsupply.com
"Chemsol, Inc.",chemsol.com
Broner Glove & Safety Company,shop.bronersafety.com
"Jedwards International, Inc.",bulknaturaloils.com
AXEON Water Technologies,axeonwater.com
Chemical Store Inc.,chemicalstore.com
Jorgensen Co.,jorgensenco.com
Xena International Inc.,xenainternational.com
"AKSH Industries, Inc.",akshindustries.com
Callahan Chemical Co.,calchem.com
"Pureline Treatment Systems, LLC",pureline.com
H2o Innovation,h2oinnovation.com
"TLC Ingredients, Inc.",tlcingredients.com
"Ampak Company, Inc.",ampakcompany.com
The Dow Chemical Company,dow.com
Lamberti USA Inc.,lamberti.com
Rochem International,rochemintl.com
Chicago Canvas & Supply,chicagocanvas.com
"Sterling Instrument/Northmar, Inc.",northmar.com
"Appalachian Log Structures, Inc.",applog.com
Univar Solutions Inc.,univarsolutions.com
Ravago Chemicals North America,na.ravagochemicals.com
SK Watermakers,skwatermakers.net
BASF Corporation,basf.com
New Pig,newpig.com
Batory Foods,batoryfoods.com
Atmos Technologies,atmos-technologies.com
"Bentoli, Inc.",bentoli.com
Carolina Biological Supply,carolina.com
Emerald Scientific,emeraldscientific.com
Total Maintenance Solutions,tmssouth.com
"American Chemie, Inc.",americanchemie.com
CCC Chemical Distribution Inc.,ccc-group.com
"Essential Ingredients, Inc.",essentialingredients.com
"Applied Micro Products, Inc.",riserguard.com
Cabot,cabotstain.com
Niacet Corporation,niacet.com
"Smitty Bee Honey, Inc.",smittybeehoney.com
Chemical Specialties Inc.,chemspec.com
"Tilley Chemical Company, Inc.",tilleycompany.com
"BioLife Solutions, Inc.",biolifesolutions.com
Amevel,amevel.com
"Tri-K Industries, Inc.",tri-k.com
Essential Wholesale,essentialwholesale.com
SureCrete Design Products,surecretedesign.com
Knight Chemicals LLC,knightchemicals.com
BakeMark USA LLC,bakemark.com
Galaxy Surfactants Ltd.,galaxysurfactants.com
"Norman, Fox & Co.",norfoxchem.com
Aldon Corporation,aldon-chem.com
ChemPoint,chempoint.com
Coopers Creek Chemical Corporation,cooperscreekchemical.com
Agropur Ingredients,agropuringredients.com
"Osmose Utilities Services, Inc.",osmose.com
"Grignard Company, LLC",grignard.com
Hela Spice Canada Inc.,helaspice.ca
Codex-ing,codex-ing.com
Agridient,agridient.com
"Mitsubishi Gas Chemical America, Inc. (MGCA)",bankofamerica.com
Sierra Molecular Corporation,sierramolecular.com
ICI Foods,icifoods.com
Mar-Cor Purification,mcpur.com
Calolympic Safety,caloly-safety.com
Faravelli,faravelli.us
"Sachs Chemical, Inc.",sachschemical.com
Biotecta Holding LLC,biotecta.com
Inolex,inolex.com
Atlas Soap and Candle Supplies,atlassoapandcandlesupplies.com
"DeWolf Chemical, Inc.",dewolfchem.com
Vermont Gage,vermontgage.com
Techniseal,techniseal.com
American Water Chemicals Inc.,membranechemicals.com
"The Green Labs, LLC",thegreenlabs.com
Supply Line Direct,supplylinedirect.com
"Florida Chemical Supply, Inc.",florida-chemical.com
LANXESS,lanxess.com
"Patel Industries Ltd., Inc.",patelindustries.com
Schoenberg Salt & Chemical Company,gosalt.com
Givaudan Flavors Corporation,givaudan.com
Graham Chemical,grahamchemical.com
All Safety Products inc,allsafetyproducts.com
Eyewash Direct,eyewashdirect.com
The Herbarie,theherbarie.com
"Wood Stabilizing Specialists, Inc.",stabilizedwood.com
Green Products Co.,greenproductsco.net
"Taber Products, Inc.",tabersproducts.com
EGC Reliant Inc.,egcreliant.com
Chemistry Connection,makeyourown.buzz
Trisco Products LLC,razor-rack.com
Conrad Forest Products,conradfp.com
VWR,amresco-inc.com
Dien Inc.,dieninc.com
Chemyunion Inc.,chemyunion.com
Pestell Nutrition Inc.,pestell.com
"Berkebile Oil Co., Inc.",berkebileoil.com
Conway-Cleveland Corporation,conwaycleveland.com
"Gojira Fine Chemicals, LLC",gojirafc.com
Stover & Company,stovercompany.com
McKinley Resources,mckinleyresources.com
"Sunland Nutrition, Inc.",sunlandnutrition.com
Coast Chemical Incorporated,coastsouthwest.com
Bloxygen,bloxygen.com
"Desert Research Institute, Inc.",dri-one.com
Food Specialties,foodspecialties.ca
"Landzettel & Sons, Inc.",landzettelandsons.com
"Valley Biomedical Products & Services, Inc.",valleybiomedical.com
"Ross Organics Specialty Sales, LLC",rossorg.com
Solenis,solenis.com
Sino Lion USA,sinolion.com
BariteWorld,bariteworld.com
"Caribbean Natural Products, Inc.",caribnaturalproducts.com
Viance LLC,treatedwood.com
The Sherwin-Williams Company,sherwin-williams.com
Gillco Products Inc,gillco.com
Centerchem Inc.,centerchem.com
"Caig Laboratories, Inc.",eartheproducts.com
Working Person,workingperson.com
Avatar Corporation,avatarcorp.com
Traverse Bay Farms,traversebayfarms.com
Kumar Organic Products Limited,koplusa.com
"Perma-Chink Systems, Inc.",permachink.com
Aviation Technology,atts-inc.com
"Seidler Chemical Co, Inc./Maroon Group",seidlerchem.com
Eastman Chemical Co.,eastman.com
"Biosecur Lab, Inc.",biosecur.com
"AGM Container Controls, Inc.",agmcontainer.com
"Monson Companies, Inc.",monsonco.com
ProActive Solutions USA,proactivesolutionsusa.com
"Woodstock, Inc.",woodstockinc.com
"Domain, Inc.",formafeed.com
FoodRGB Inc.,foodrgb.com
RK Pigments,rkpigments.com
Metarom USA,metaromusa.com
"Avalon Deco Supplies, Inc.",shop.avalondeco.com
SCOLORANT LLC,scolorant.com
Deiman USA,deimanusa.com
CAIF Naturally Sourced Solutions,caif.com
IFC Solutions,ifc-solutions.com
I Color US LLC,icolorus.com
CK Products,ckproducts.com
"Marksill, LLC",markskill.com
Quality Ingredients Corp.,qic.us
"Tilley Chemical Company, Inc.",tilleycompany.com
Amevel,amevel.com
Dynemic Products Ltd,dynemic.com
Spectrum Chemical Mfg. Corp.,spectrumchemical.com
Papagino Foods,papaginofoods.com
Aldon Corporation,aldon-chem.com
"Roha USA, LLC",roha.com
KIK Danville,kikcorp.com
AKAY USA LLC,akay-group.com
"Sauer Brands, Inc.",sauerbrands.com
"Signature Brands, LLC",signaturebrands.com
Givaudan Flavors Corporation,givaudan.com
Persea Naturals LLC,avocolor.com
Gourmet Imports,gourmetimports.com
Letco Medical,letcomedical.com
Petra International,petradecor.com
"Accurate Color & Compounding, Inc.",accurate-color.com
Bickford Flavors Co.,bickfordflavors.com
Florida Food Products,floridafood.com
"Barry Callebaut USA, LLC.",barry-callebaut.com
Northwestern Extract Co.,northwesternextract.com
ColorMaker Inc.,colormaker.com
KJ Ingredients,kjingredients.com
Tru Herb,tru-herb.com
Kalsec Inc.,kalsec.com
Lycored,lycored.com
Centerchem Inc.,centerchem.com
"McCormick & Company, Inc.",mccormick.com
"Chromatech, Inc.",chromatechcolors.com
Shank's Extracts,shanks.com
Roha Dyechem Ltd,rohagroup.com
Arjuna Natural Ltd.,arjunanatural.com
Feeser's Food Distributors,feesers.com
Economy Polymers & Chemicals,economypolymers.com
"Palmer Holland, Inc.",palmerholland.com
"Van Horn, Metz & Co., Inc.",vanhornmetz.com
CHT USA,cht-silicones.com
Centrisys/CNP,centrisys-cnp.com
"First Source Worldwide, LLC",fsw.cc
Organic Dyes and Pigments,organicdye.com
Fenchem,fenchem.com
Chemical Store Inc.,chemicalstore.com
"Pro-Equipment, Inc.",proequipment.com
American International Ingredients,americaninternationalingredients.com
K&D Medical Supplies,kdmedicalsupplies.com
Prokol Protective Coatings USA,prokolusa.com
Raw Materials Corporation,raw-materials.com
Alfa Laval Inc.,alfalaval.ca
"TLC Ingredients, Inc.",tlcingredients.com
Westech Engineering,westech-inc.com
Vand Solutions LLC,vandsolutions.com
Press Technology & Mfg.,presstechnology.com
Alfa Laval Inc. (US),alfalaval.us
Chromaflo: A Vibrantz Technologies,chromaflo.com
Merit Filter Corporation,meritfilter.com
Univar Solutions Inc.,univarsolutions.com
Ravago Chemicals North America,na.ravagochemicals.com
"Sepor, Inc.",sepor.com
Nouryon,nouryon.com
"FLSmidth, Inc.",flsmidth.com
"Sigachi US, Inc.",sigachi.com
The Betty Mills Company (BettyMills.com),bettymills.com
CentraSep Centrifuges,centrasep.com
Better Bath Better Body,betterbathbetterbody.com
Multi-Kem Corporation,multikem.com
Compucorp,compucorp.net
CCC Chemical Distribution Inc.,ccc-group.com
Clariant Corporation,clariant.com
Art-Stuf,artstuf.com
Essential Wholesale,essentialwholesale.com
Functional Products Inc.,functionalproducts.com
Alco Chemical,alcochemical.com
"Bezjian Dye-Chem, Inc.",bezjiandyechem.com
Kadant Inc.,kadant.com
"Kelco Co., Inc.",cpkelco.com
"Coatex, Inc.",coatex.com
Daico Water Management,daicowater.com
"Metso Minerals Industries, Inc",metso.com
"SPS Engineering, Inc.",spsengineering.com
"R.T. Vanderbilt Company, Inc.",rtvanderbilt.com
"SNP, Inc.",snpinc.com
"Milwhite, Inc.",milwhite.com
"Dyetech, Inc.",dyetechinc.com
Gulf Coast Chemical Corp.,gulfcoast-chemical.com
"Keystone Potato Products, LLC",keystonepotato.com
Global Seven Inc.,globalseven.com
"Warwick Manufacturing & Equipment, LLC",warwickequipment.com
"Superior Materials, Inc.",supmat.com
"The Green Labs, LLC",thegreenlabs.com
Redox,redox.com
"ST Laboratories, Inc.",st-labs.com
"Florida Chemical Supply, Inc.",florida-chemical.com
"B2 Equipment Co., Inc.",b2equipment.com
Accurate Medical Equipment & Supplies Corp,accuratemedsupply.com
Temcor,temcorrollwell.com
"Gehring Montgomery, Inc.",gehring-montgomery.com
"Chemhost, Inc.",chemhost.com
"AOC, LLC.",aocresins.com
"Tavco Chemicals, Inc.",tavcochem.com
JGM Valve,jgmvalve.com
"Ideas, Inc.",ideasadditives.com
"PL Thomas & Co., Inc",plthealth.com
Mctron Technologies Llc,mctron.com
The Herbarie,theherbarie.com
Heron Innovators,heroninnovators.com
DEL Tank & Filtration Systems,deltank.com
Life Bridge International,lifebridgeintl.com
EGC Reliant Inc.,egcreliant.com
Metso Corporation,metso.com
Process Wastewater Technologies LLC.,pwtech.us
MinMine,minmine.com
"R.T. Vanderbilt Holding Company, Inc.",vanderbiltminerals.com
Miller Contracting,millercontracting.us
Great Basin Industrial (GBI),greatbasinindustrial.com
"Lightnin, An SPX Brand",spxflow.com
MIP Process Corporation,mipprocesscorp.com
InTerraChem,interrachem.com
Hoosier Hill Farm,hoosierhillfarm.com
Coatings & Adhesives Corporation,cacoatings.com
Arkema Inc.,arkema-americas.com
Sensient Cosmetic Technologies,sensient-cosmetics.com
"Process Engineered Water Equipment, LLC",pewe-llc.com
Westpro Machinery Inc.,westpromachinery.com
"Ross Organics Specialty Sales, LLC",rossorg.com
G-H Systems,ghsystems.com
Quinn Process Equipment Co.,quinnprocess.com
Mallard Creek Polymers Inc,mcpolymers.com
"Timberline Chemical, Inc",timberlinechem.com
BDP Industries,bdpindustries.com
Blue Sun International,bluesun-international.com
CDE Group,cdegroup.com
Next Step Laboratories Corp,nextsteplab.com
American Colloid Company,colloid.com
"Tri-iso Tryline, LLC",tri-iso.com
Sun Medical Supplies,sunmedicalsupplies.com
Ovivo LLC,ovivowater.us
Ever Performance Polymers Corp.,everroof.com
"Moss-Kelley, Inc.",mosskelley.com
Feeser's Food Distributors,feesers.com
"Enviro-Clear Company, Inc.",enviro-clear.com
"Eco Guar Group, LLC",ecoguargroup.com
Jdv Equipment,jdvequipment.com
Italmatch Chemicals USA,italmatch.com
Tropical Labs,tropicallabs.com
"Palmer Holland, Inc.",palmerholland.com
Crucible Chemical Co.,cruciblechemical.com
Vitex Corp.,vitexcorporation.com
CJ Chemicals,cjchemicals.net
Applied Material Solutions,appliedmaterialsolutions.com
"Van Horn, Metz & Co., Inc.",vanhornmetz.com
Elchemy,elchemy.com
"Chemsol, Inc.",chemsol.com
Chemical Store Inc.,chemicalstore.com
Callahan Chemical Co.,calchem.com
Ingredaco,ingredaco.com
"Smith, Werner G., Inc.",wernergsmithinc.com
Vantage Specialty Chemicals,vantagegrp.com
Magnaflux,magnaflux.com
Ecolab,ecolab.com
Dow Corning Corporation,dow.com
Wacker Chemical Corp.,wacker.com
Hubbard-Hall Inc.,hubbardhall.com
BioSolve Company,biosolve.com
"Alpha Chemical Services, Inc.",alphachemical.com
Compucorp,compucorp.net
Nyco Products Co.,nycoproducts.com
Univar Solutions Oleochemicals Group,chemicalassociates.com
"Aulick Chemical Solutions, Inc.",aulickchemical.com
Essential Wholesale,essentialwholesale.com
Mags Chem Corp.,magschem.com
"J&K Ingredients, Inc.",jkingredients.com
Mallet & Company,malletoil.com
Tannin Corp.,tannincorp.com
"Rite-Kem, Inc.",ritekem.com
"Montello, Inc.",montelloinc.com
"Norman, Fox & Co.",norfoxchem.com
NuGenTec,nugentec.com
"Vantage Specialty Ingredients, Inc.",lipochemicals.com
"Tomco-Harwel Industries, Inc.",tomco-harwel.com
Commercial Products Co. Inc.,commercial-products.com
Global Seven Inc.,globalseven.com
"DeWolf Chemical, Inc.",dewolfchem.com
Redox,redox.com
Exacto Inc.,exactoinc.com
DPI Chemicals USA,dpichemicalsusa.com
Ele Corporation,elecorporation.com
Piedmont Chemical Industries,piedmontchemical.com
Geo. Pfau's Sons Co. Inc.,pfauoil.com
Multicoat Corp.,multicoat.com
Gumix International,gumix.com
Sartomer Americas,americas.sartomer.com
Kerry Inc./Kerry Ingredients U.S.,kerry.com
Stepan Co.,stepan.com
The Herbarie,theherbarie.com
"Nu-Meat Technology, Inc.",nu-meat.com
"Moretex Chemical Products, Inc.",moretexchemical.com
Cedar Concepts,cedarconcepts.net
Ethox,ethox.com
Chemetall,chemetallna.com
Clark Oil & Chemical Company,clarkoilandchemical.com
A L. Wilson Chemical Co.,alwilson.com
Texas Blending & Warehousing Corp.,tbwc.net
"Trico Technologies, Inc",tricotechnologies.com
Menardi-Filtex,menardifilters.com
"Asterion, LLC",asterionstc.com
Coast Chemical Incorporated,coastsouthwest.com
Hydrite Chemical Co.,hydrite.com
"Sunoco, Inc.",sunocologistics.com
Continental Colloids,cci-us.net
"Martin, R. & E. Chemicals",themartincompanies.com
"Mobile Rosin Oil Company, Inc",mobros.com
"Atlas Refinery, Inc.",atlasrefinery.com
American Colloid Company,colloid.com
"Progress Chemical, Inc",progresschemical.com
SIXIN North America Inc.,sixinchemna.com
Carbon Wave,carbonwave.com
"Oil Service, Inc.",oilservice.com
Eastman Chemical Co.,eastman.com
"Tubelite Co., Inc.",estore.tubelite.com
"J. R. Hess & Co., Inc.",jrhessco.com
"Technical Industries, Inc.",tidispersion.com
"ABC Compounding Company, Inc.",abccompounding.com
Hibrett Puratex,hibrettpuratex.com
Superior Supplement Manufacturing,superiorsupplementmfg.com
Pharm-RX Chemical Corporation,pharm-rxchem.com
GENEIII BIOTECH,geneiii.com
"Vigon International, an Azelis Company",vigon.com
Gemini Pharmaceuticals,geminipharm.com
"Palmer Holland, Inc.",palmerholland.com
"Sawgrass Nutra Labs, LLC",sawgrassnutralabs.com
"Liquidyne Process Technologies, Inc.",liquidyneusa.com
"Catalynt Solutions, Inc.",teamcatalynt.com
Vitajoy Group USA,vitajoygroupusa.com
MacroCap Labs,macrocaplabs.com
Twin Specialties,twinoils.com
CJ Chemicals,cjchemicals.net
E & C Chemicals Inc.,eandcchemicals.com
"Van Horn, Metz & Co., Inc.",vanhornmetz.com
CREMER ERZKONTOR North America Inc.,products.erzkontor.com
Bulk Apothecary,bulkapothecary.com
"Amrex Chemical Co., Inc.",amrexchemical.com
"Fox Scientific, Inc.",foxscientific.com
SMC Global,smc-global.com
PK Chem Industries Ltd.,pkchemind.com
"KeenBolden, LLC",keenbolden.com
Wego Chemical Group Inc,wegochem.com
"ProChem, Inc.",prochemonline.com
