name,domain
ChemCeed,chemceed.com
Cincy Carbon,cincycarbon.com
SAE Manufacturing Specialties Corp,saemfg.com
Metalor Technologies USA,metalor.com
Blue Star Corp.,bluestar.global
Barentz,barentz-na.com
"Interstate Products, Inc.",store.interstateproducts.com
NutraPak USA,nutrapakusa.com
Elchemy,elchemy.com
GJ Chemical,gjchemical.com
Interstate Abrasives,interstateabrasives.com
"First Source Worldwide, LLC",fsw.cc
"GreenChem Industries, LLC",greenchemindustries.com
Fenchem,fenchem.com
Bisley International LLC,bisleyinternational.com
Mountain Harvest,themountainharvest.com
MicellDD,promomicelldd.com
"Jedwards International, Inc.",bulknaturaloils.com
"ChemUniverse, Inc.",chemuniverse.com
Hunter Chemical LLC,hunterchem.com
Texan Minerals and Chemicals LLC,tmcgreen.com
Stutz Company,stutzcompany.com
Rose Mill Co.,rosemill.com
Blue Wave Ultrasonics Inc,bluewaveinc.com
Chemical Store Inc.,chemicalstore.com
Welch Holme & Clark Co. Inc.,whc-oils.com
Ebrator Biochemicals Inc.,ebtbio.com
ShopBVV,shopbvv.com
Naturally Vain,naturallyvain.com
Tri-Chem Industries,tri-chem.net
CD Bioparticles,cd-bioparticles.net
Yuji America Corportion,yujiamerica.com
"AKSH Industries, Inc.",akshindustries.com
"Silver Fern Chemical, Inc.",silverfernchemical.com
Clearsynth,clearsynth.com
Chemicals 101 Corp.,chemicals101corp.com
Cal-Chem USA,cal-chemusa.com
Jeneil Biotech,jeneilbiotech.com
SIC Technologies,sictechnologies.com
"Interstate Chemical Co., Inc.",interstatechemical.com
Matrix Life Science,matrixlifescience.com
"PVS Chemicals Solutions, Inc.",pvschemicals.com
Sun Star Organics,sunstarorganics.com
Lifeasible,lifeasible.com
"Remetide Biotech, LLC",remetide.com
ZBD International,zbdintl.net
"S & S Chemical Co., Inc.",sandschemical.com
Innospec,innospecinc.com
"Chemical Strategies, Inc.",chemicalstrategies.com
Ascensus Specialties,ascensusspecialties.com
Aladdin Scientific Corp.,aladdinsci.com
"Pelican Chemicals, Inc.",pelicanchemicals.com
Abosyn Chemicals Inc.,abosyn.com
Silico Chemicals LLC,silicochemicals.com
Creative Enzymes,creative-enzymes.com
J. Drasner & Co.,jdrasner.com
"Prochimie International, Inc.",prochimieinternational.com
Solvent Systems International,solvent-systems.com
"Gravitas Chemical, LLC",gravitaschemical.com
Ausvita Nutrition Inc,ausvitanutrition.com
Allyson Enterprises Inc,allysonenterprises.com
"Pureline Treatment Systems, LLC",pureline.com
"AgTonik, LLC",agtonik.com
Azra Asher,azraasher.com
Ascend Performance Materials,ascendmaterials.com
Dawn Scientific Inc,dawnscientific.com
Aryan International,aryanint.com
Reagents,reagents.com
Inorganic Ventures,inorganicventures.com
SAFECID,safecid.com
AHB US LLC.,huahengbio.com
American Molecules LLC,ammol.org
TCI America,tcichemicals.com
Select Polymers,selectpolymers.com
"Oakwood Products, Inc",oakwoodchemical.com
Protheragen-ING,protheragen-ing.com
Rowell Chemical Corporation,rowellchemical.com
Buckley Oil Company,buckleyoil.com
Kadana USA Inc.,kadanausa.com
Sodrox Chemicals Ltd.,sodrox.com
Focus Tech,pcbchemicals.com
MTH Industrial Solutions,mthindustrialsolutions.com
FTF Scientific,ftfscientific.com
"Searles Valley Minerals, Inc.",svminerals.com
Truly Chemical,trulychemical.com
Cymer LLC,cymerchemicals.com
"Lifecycle Biotechnologies, LP",lifecyclebio.com
OleoChem,oleochemllc.com
Alfa Chemistry,alfa-chemistry.com
Corco Chemical Corporation,corcochem.com
McGean-Rohco Inc.,mcgean.com
"Skylighter, Inc.",skylighter.com
Kindle Fischer Specialty Chemicals LLC,kindlefischer.com
Urvi Enterprise LLC,urviimport.com
Ingredients Online,ingredientsonline.com
"Haviland Enterprises, Inc.",havilandusa.com
Volu-Sol,volusol.com
Parchem,parchem.com
"Certified Safety Mfg., Inc.",certifiedsafetymfg.com
Univar Solutions Inc.,univarsolutions.com
"VanDeMark Chemical, Inc.",vandemark.com
Pilot Chemical Company,pilotchemical.com
AllyOrganic,allyorganic.com
"SG Supplement, Inc.",sg-supplement.com
Candor Nutra Inc.,candornutrainc.com
Ravago Chemicals North America,na.ravagochemicals.com
"A Brite Company, Inc.",abrite.com
Molecular Depot LLC,moleculardepot.com
BASF Corporation,basf.com
GPR Industrial Solutions,gprsol.com
CPG Fusion,cpgfusion.com
"Vivion, Inc.",vivion.com
Nyrstar Tennessee,nyrstar.com
Indo Amines Americas LLC,indoaminesltd.com
"Cargill, Inc.",cargill.com
Tucker Chemical,tuckerchemical.com
Rianlon,rianlon.com
Kind Chemical,kindchemical.com
Sage Oil LLC,sageoilllc.com
Altiras,altiras.com
"Riverland Trading, Llc",riverlandtrading.com
New World Fuel,newworldfuel.com
Hychem Corporation,hychemcorp.com
"CLIAwaived,Inc",cliawaived.com
"Bio-Tech Pharmacal, Inc.",biotechpharmacal.com
"Boston BioProducts, Inc.",bostonbioproducts.com
"Mineral Logic, LLC",minerallogic.com
ALL Chemistry Inc.,all-chemistry.com
"Amsyn, Inc.",amsyn.com
Endeavour Industries LTD,endeavourindustries.ca
Emerald Scientific,emeraldscientific.com
ChemQuest International,chemquestint.com
Pharma-Aid International Inc.,pharma-aid.com
Angus Chemical Company,angus.com
"RinTech, Inc.",rintechinc.com
"Alpha Chemical Services, Inc.",alphachemical.com
Shotwell Hydrogenics,shotwellhydrogenics.com
"Global Enterprise International, LLC",globalenterpriseinternationalus.com
Calabrian Corp.,calabriancorp.com
Alchem Corp.,alchemcorp.com
Del Amo Chemical Co.,delamochemical.com
RB Products Inc.,rbproductsinc.com
RightPath Industries,rightpathind.com
Twin Rivers Technologies,twinriverstechnologies.com
PSG Holdings Inc.,psgholdings.com
"Rieke Metals, Inc.",riekemetals.com
"KB International, Inc.",kbinternationalinc.com
Chemical and Filtration Products of Texas,texas-chem.com
"Biosynth International, Inc.",carbosynth.com
Univar Solutions Oleochemicals Group,chemicalassociates.com
Burden Chemical Company,burdenchemical.com
"TriLink BioTechnologies, Inc.",trilinkbiotech.com
"Gilbert & Jones Co., Inc.",gilbertandjones.net
"Vista Pharmaceuticals, Inc.",vistapharmaceuticals.com
Materials Technologies Research,mtr-ltd.com
Quality Ingredients Corp.,qic.us
"Ajinomoto Health & Nutrition North America, Inc.",ajihealthandnutrition.com
Chementry,chementry.com
Chicago Discovery Solutions,chicagodiscoverysolutions.com
"ACES Pharma, Inc.",acespharma.com
"Coburn Chemicals, Inc.",coburnchemicals.com
Fluid Energy Group,fluidenergygroup.com
"Cronite Co., Inc.",cronite.com
Amevel,amevel.com
Ankem,ankeminc.com
GL Chemtec International Limited,glchemtec.ca
Mags Chem Corp.,magschem.com
"OFS, Inc",ofs-inc.net
"H-O-H Water Technology, Inc.",hohwatertechnology.com
Boremco & Remington Corp.,boremco.com
Scientific Equipment Company,seco.us
Agno Pharma Ltd.,agnopharma.com
Galaxy Surfactants Ltd.,galaxysurfactants.com
"Oak Ridge Research Reagents, Inc.",oakridgeresearchreagents.com
Mays Chemical Company,mayschem.com
Synermed International Inc.,synermedinc.com
Loeffler Chemical Corp,loefflerchemical.com
"Knickerbocker Russell Co., Inc",bignick.biz
"Jarchem Industries, Inc.",jarchem.com
Dover Chemical Limited,doverchem.com
Reliance Private Label Supplements,reliancevitamin.com
Elkimia,elkimia.com
Aldon Corporation,aldon-chem.com
"W.K. Merriman, Inc.",wkmerriman.com
Organomed Corporation,organomed.com
IsoSciences,isosciences.com
Sovereign Chemical Co.,sovchem.net
"Atlantic Screen & Mfg., Inc.",atlantic-screen.com
National Diagnostics,nationaldiagnostics.com
Miyoshi America,miyoshiamerica.com
Sofix Corp.,sofix.net
Capitol Scientific,capitolscientific.com
"AmChemteq, Inc.",e74f8287-04c8-4479-a93c-365b956fbc1c.filesusr.com
Active Peptide,activepeptide.com
"U.S. Petrochemical Industries, Inc.",uspetrochemical.com
Ensign Chemical,ensignchemical.com
"Neta Scientific, Inc.",netascientific.com
Carolina Chemical LLC,carolinachemical.com
Chiral Quest Corp.,chiralquest.com
Prizm Sales Inc.,prizmmarketing.net
"Haldor Topsoe, Inc.",topsoe.com
Sam HPRP Chemicals Inc.,samhprp.com
"Tartaric Chemicals Corp., The",tartarics.com
Milport,milport.com
Action Equipment Sales Co.,actionequipmentsales.com
Veckridge Chemical,veckridgechemical.com
Expo Chemical Company,expochem.com
Naturmega and Originates,naturmega.com
Artcraft Chemicals,artcraftchemicals.com
"Indofine Chemical Company, Inc.",indofinechemical.com
Irma Corporation,irmaexpress.com
Faravelli,faravelli.us
"T.J. Banisch, LLC",chemswap.com
"CMC Materials, Inc.",cmcmaterials.com
"Seaforth Mineral & Ore Co., Inc.",seaforthinc.com
"Sachs Chemical, Inc.",sachschemical.com
Pharma Resources International LLC,pharmaresourcesint.com
"Pacific Rainbow International, Inc.",prinutrition.com
"AstaTech, Inc.",astatechinc.com
"Austin Chemical Co., Inc.",austinchemical.com
PureFormulas.com,pureformulas.com
"Doe & Ingalls, Inc.",doeingalls.com
Optima Chemical Group LLC,optimachem.com
CrossChem LP,crosschem.net
"13C Molecular, Inc.",13cmolecular.com
"Tomco-Harwel Industries, Inc.",tomco-harwel.com
Arlimin Industries,arlimin.com
Vantage Oleochemicals,vantageoleo.com
Allen Pools & Spas,allenpools-spas.com
Battelle & Renwick,battelleandrenwick.com
"Galactic, Inc.",lactic.com
"Tulip Biolabs, Inc.",tulipbiolabs.com
New Sky Energy,newskyenergy.com
SAL Chemical,salchem.com
"Dyetech, Inc.",dyetechinc.com
"Rhenium Alloys, Inc.",rhenium.com
"Dreyfus, Louis Transport Logistics",ldc.com
"DeWolf Chemical, Inc.",dewolfchem.com
Skyherb,skyherbusa.com
LC Laboratories,lclabs.com
North American Minerals Corp.,naminerals.com
"Chemtos, LLC",chemtos.com
AmericanBio,americanbio.com
"R. E. Carroll, Inc.",recarroll.com
Blue Marble Biomaterials,bluemarblebio.com
Prayon,prayon.com
Origin Materials,originmaterials.com
"Monomerchem, Inc.",monomerchem.com
Mil-Spec Industries,mil-spec-industries.com
Kingenta International,en.kingenta.com
Ankom Technology,ankom.com
"Clarkson Chemical Co., Inc.",clarksonsupply.com
Chem One Corp.,chemone.com
Verdegaal Brothers,verdegaalbrothers.com
"Florida Chemical Supply, Inc.",florida-chemical.com
Univertical,univertical.com
"Baychem, Inc.",baychem.com
ExxonMobil,corporate.exxonmobil.com
"Seeler Industries, Inc.",seeler.com
FSTI,fstichem.com
"Sekisui Diagnostics, LLC",sekisuidiagnostics.com
"Soma Labs, Inc.",somalabs.com
"Puritan Products, Inc.",puritanproducts.com
Tedia Company Inc.,tedia.com
"Antec, Inc.",kyantec.com
Colonial Chemical Corp.,colonial-chemical.com
"Slack Chemical Co., Inc.",slackchem.com
The Catalyst Product Group,catalystproductgroup.com
Kraft Chemical Company,kraftchemical.com
"Kaivac, Inc.",kaivac.com
"Asheville Lubricants & Chemicals, Inc.",ashevillelubricants.com
Concrete Service Materials Company,concreteservicematerials.com
"Kiverdi, Inc.",kiverdi.com
Cole Chemical & Distributing,colechem.com
Cornerstone Chemical Company,cornerstonechemco.com
"Hasa, Inc.",hasapool.com
Phentex Corporation,phentex.com
Comal Chemical,comalchem.com
"AlzChem, LLC",alzchem.com
Actives International,activesinternational.com
North Metal & Chemical Co.,northmetal.net
Lab Pro Inc.,labproinc.com
H.B. Chemical,hbchemical.com
Mars Environmental,marsenvironmental.com
"Midas Pharmaceuticals, Inc.",ky.to
"Heterocyclics, Inc.",heterocyclics.com
"Pure Chemistry Scientific, Inc.",chemreagents.com
"DASCO, Inc.",dascoinc.com
"Universal Chemical, Inc.",unichemnj.com
Innova Chemicals,innovachemicals.com
"White Cross Labs, Inc.",whitecrosschem.com
Southwest Research & Production Complex,scaleag.com
"Ideas, Inc.",ideasadditives.com
"Etimine USA, Inc.",etimineusa.com
Suncal Chemical Corp.,suncalchemical.com
Natural Pigments,naturalpigments.com
Excellentia International,excellentiainternational.com
"Enviro Tech Chemicals, Inc.",envirotech.com
"GFS Chemicals, Inc.",gfschemicals.com
Maravai LifeSciences,maravai.com
"Axys Industrial Solutions, Inc.",axyscorp.com
Roll-Aid Chemical & Industrial Supply,roll-aidindustrial.com
Penta Manufacturing,pentamfg.com
Thatcher Chemical Co.,tchem.com
Saminchem Inc.,saminchemical.com
"IodiTech, Inc.",ioditech.com
Continental Chemical USA,continentalchemicalusa.com
EUROPA SPORTS PARTNERS,europasports.com
Grainger Industrial Supply,grainger.com
American Borate Co.,americanborate.com
"QualiFine Chemicals, LLC",qualityfinechemicals.com
Bio Agri Mix,bioagrimix.com
"Harcros Chemicals, Inc.",harcros.com
"C K Enterprises, Inc.",ckeinc.com
"Midland Scientific, Inc.",midlandsci.com
Florachem,florachem.com
Wilcoxusa,wilcoxusa.com
Vertellus,vertellus.com
Ethox,ethox.com
JO Shipping Pvt. Ltd.,joships.com
AIDP Inc.,aidp.com
Tidewater Fleet Supply,tidewaterfleetsupply.com
"Minakem, LLC",minakem.com
"Stevenson-Cooper, Inc.",stevensonseeley.com
Vinmar International,vinmar.com
vivitide,vivitide.com
MS FineChem,msfinechem.com
"NorAg Technology, LLC",noragtech.com
Exaxol,exaxol.com
"Coolants Plus, Inc.",coolantsplus.com
Chem-Impex,chemimpex.com
Wacker Polysilicon,wacker.com
"Melatex, Inc.",melatex.com
"Chem Service, Inc.",chemservice.com
NetQem LLC,netqem.us
Hill Brothers Chemical Co.,hillbrothers.com
Dominion Chemical Co.,dominionchemical.com
"Generic Specialties, Inc.",genericspecialties.com
AquaPhoenix Scientific,aquaphoenixsci.com
Crown Iron,crowniron.com
Colonial Chemical Solutions Inc,colonialchemicals.com
100salts,100salts.com
AMCHEM Inc.,amcheminc.com
It's Nanoed,itsnanoed.com
International Chemtex Corp.,chemtexcorp.com
Coyne Chemical,coynechemical.com
American Radiolabeled Chemicals Inc.,arcincusa.com
"Teckrez, Inc.",teckrez.com
J&K Scientific LLC,jk-sci.com
Arkema Inc.,arkema-americas.com
KJ Ingredients,kjingredients.com
Jungbunzlauer,jungbunzlauer.com
McKinley Resources,mckinleyresources.com
AOBChem,aobchem.com
Pressure Spray Inc.,pressuresprayinc.com
Alpha Environmental,alpha-environmental.com
Global Strategic Materials,globalstrategicmaterials.com
"Sunland Nutrition, Inc.",sunlandnutrition.com
"Shrieve Chemical Products, Inc.",shrieve.com
Quad Chemical,quadchemical.com
Ashland,ashland.com
Ingredient Supplier,ingredientsupplier.com
Hydrite Chemical Co.,hydrite.com
"Eastern Sources,Inc.",easternsourcesus.com
"Concrete Coatings, Inc.",concretecoatingsinc.com
Kilokem LLC,kilokem.com
Corbion,corbion.com
"Napco Chemical Company, Inc.",napcochemical.com
"Barber's Chemicals, Inc.",barbchem.com
BleachTech LLC,bleachtech.com
"LAPOL, LLC",lapol.net
Chemicals Direct USA,chemicalsdirectusa.com
PeroxyChem,peroxychem.com
"Qualchem, Inc.",qualchem.com
Worldwide Janitor,worldwidejanitor.com
Flochem Ltd.,flochem.com
Lycored,lycored.com
"Acme-Hardesty Co., Inc.",acme-hardesty.com
"Surface Gel Tek, LLC",surfacegeltek.com
"TransChemical, Inc",transchemical.com
"Bedford Specialty Sales, Inc.",bedfordsales.com
"Fang Phos, Inc.",fangphos.com
"Halogen Supply Co., Inc.",halogensupply.com
Evonik Corporation,corporate.evonik.us
"PMP Fementation Products, Inc.",pmpinc.com
Salco Salt,salcosalt.com
"Timberline Chemical, Inc",timberlinechem.com
BariteWorld,bariteworld.com
Gillco Products Inc,gillco.com
Centerchem Inc.,centerchem.com
C & E Services,chemengineering.com
Stock Softgels,stocksoftgels.com
"J&W Pharmlab, LLC",jwpharmlab.com
Advanced Chemical Logistics,aclchemical.com
Chemicals Incorporated,chemicalsinc.com
Exfluor Research Corporation,exfluor.com
ChemPak International,chempakintl.com
Avatar Corporation,avatarcorp.com
General Carbon Corp.,generalcarbon.com
Mississippi Phosphates Corporation,missphosphates.com
Surpass Chemical,surpasschemical.com
"Great Lakes Bio Systems, Inc.",greatlakesbiosystems.com
"BioSpectra, Inc.",biospectra.us
Ash Ingredients,ashingredients.com
"Emerald Kalama Chemical, LLC",emeraldkalama.com
"UAS of America, Inc. (United Agricultural Services of America, Inc.)",uas-cropmaster.com
"Seidler Chemical Co, Inc./Maroon Group",seidlerchem.com
Bates Chemical,bateschemical.com
"CALPI, Inc.",calpi.net
Santai Labs,santailabs.com
"Working Bugs, LLC",workingbugs.com
Eastman Chemical Co.,eastman.com
"H & B Industries, Inc.",hbind.com
"Mallinckrodt, Inc.",mallinckrodt.com
"CABB North America, Inc.",cabb-chemicals.com
"Polymer Source, Inc.",polymersource.ca
"Thoro System Waterproofing, Inc.",thorosystem.com
"Teknova, Inc.",teknova.com
APAC Chemical Corportation,apacchemical.com
"Nacalai USA, Inc.",nacalaiusa.com
San Jose Scientific,sanjosescientific.com
Maryland Chemical Co.,marylandchemical.com
H2Q Inc.,h2qaqua.com
Truth Industries,truthind.com
MIDSCI,midsci.com
ProActive Solutions USA,proactivesolutionsusa.com
Delta Products Group,deltaproducts.com
Hudson Chemicals,hudson-chemicals.com
ETS Company Inc.,etscompany.com
"Aqua Solutions, Inc.",aquasolutions.org
Hydro-Chem Corporation,hydrochemcorporation.com
"Dimmid Atlantic, Inc.",dimmidinc.com
Hukill Chemical Corp.,hukill.com
Georgia-Pacific Resins,gp-chemicals.com
"Prepared Biologicals, LLC.",preparedbiologicals.com
Nation Ford Chemical,nationfordchem.com
Stirling Lubricants,stirlinglubricants.com
Rierden Chemical & Trading Company,rierdenchemical.com
Labseeker,labseeker.com
"U.S. Chemicals, LLC.",uschemicals-wob.com
"Pencco, Inc.",pencco.com
"Canton Chem, Inc.",cantonchem.com
"Piedmont Biofuels Industrial, LLC",biofuels.coop
Gusmer Enterprises,gusmerenterprises.com
Triple Maple Trading,tmtpharma.ca
Dynamix Inc.,dynamix-inc.com
"Berryman Chemical, Inc.",berrymanchemical.com
"Pfanstiehl Laboratories, Inc.",pfanstiehl.com
"Precursor Chemicals, Inc.",precursorchem.com
"Molecule Market, LLC",moleculemarket.com
Noah Chemicals,noahchemicals.com
Pharm-RX Chemical Corporation,pharm-rxchem.com
AromaLand Inc.,aromaland.com
Advanced Cosmetic Research Labs Inc.,acrl.com
S&S Incorporated,sspackaging.com
The Midwest Sea Salt Company Inc.,midwestseasaltcompany.com
CJ Chemicals,cjchemicals.net
The Chemical Co.,thechemco.com
Hibrett Puratex,hibrettpuratex.com
Bulk Apothecary,bulkapothecary.com
RainShadow Labs,rainshadowlabs.com
"Amrex Chemical Co., Inc.",amrexchemical.com
MTC Industries,mtcindustries.com
Wego Chemical Group Inc,wegochem.com
Reade Advanced Materials,reade.com
"Kissane Water Conditioning, Inc.",kissanewater.com
Azelis Americas Case,explore.azelis.com
Interstate Pipe & Supply Co.,interstatepipe.com
Technic Inc.,technic.com
Adams Handmade Soap,naturalsoapwholesale.com
BPI Labs Inc.,bpilabs.com
Sophisticated Ladies,sophisticatedladies.net
Ayur Firm,ayurfirm.in
I. Shay Cosmetics,ishaycosmetics.com
SoapGoods,soapgoods.com
Thermo Fisher Scientific,thermofisher.com
Biofuran Materials,biofuranchem.com
DPL-US,dpl-us.com
"American International Foods, Inc.",americaninternationalfoods.com
American International Ingredients,americaninternationalingredients.com
N.T. Ruddock Co.,ntruddock.com
Blue Line Corp.,bluelinecorp.com
Viridis Materials,viridismaterials.com
Candle Cocoon,candlecocoon.com
Fleurty Wick,fwcandlesupply.com
"California Supreme Salt, LLC",cssalt.com
Valco Sales & Marketing Consultants,valcosales.com
Ninja De-Icer,ninjadeicer.com
Family Health Products,familyhealthproducts.com
"U.S. Chlorides, Inc.",uschlorides.com
A&B Ingredients Inc.,abingredients.com
"4everalive, LLC",4everalive.com
PL Industries,plindustries.esstechinc.com
"DLK Medical Technologies, Inc.",dlkmedicaltechnologies.com
Himalayan Salt Wall,himalayansaltwall.com
Jost Chemical Co.,jostchemical.com
"Plantlife, Inc.",plantlife.net
Organic Body Shop Corp.,organicbodyshop.ca
Earth & Envy LLC,earthandenvy.com
Indium Corporation,indium.com
Alchemy Spice Company,alchemyspicecompany.com
Better Bath Better Body,betterbathbetterbody.com
Optimum Salt Lamp,optimum-salt-lamp.com
Compass Minerals,compassminerals.com
Whispering Willow,whisperingwillowsoap.com
Rutgers Polymers,rutgers-polymeres.com
Ronstan Paper & Packaging,ronstanpaper.com
Classic Cosmetics Inc.,classiccosmetics.com
"Martin, William E., & Sons Co. Inc.",martinspices.com
Essential Wholesale,essentialwholesale.com
Fourmile Health,fourmilehealth.com
Pitco Foods,pitcofoods.com
Mid-American Salt,midamericansalt.com
"Dura-Chem, Inc.",duracheminc.net
Mormac Popcorn Co.,popcorncounty.com
OMSHIVA OVERSEAS LLC,omshiva-overseas-llc.business.site
Howard Supply Company Inc,howardsupplyco.com
Morton Salt,mortonsalt.com
Harrell's LLC,harrells.com
Dynalene,dynalene.com
Business International Group,bintergroups.com
"Independent Salt Co., Inc.",indsalt.com
"Nirwana Foods, LLC.",nirwanafoods.com
"SaltWorks, Inc.",seasalt.com
Healthy Life Herbs,healthylifeherbs.com
"Surepure Chemetals, Inc.",surepure.com
Source Vital,sourcevital.com
SV Labs,s-vlabs.com
"ONM Environmental, Inc.",onmenvironmental.com
Jet Stream Fuels,jetstreamfuels.com
Gilchrist & Soames,gilchristsoames.com
"Colonial Metals, Inc.",colonialmetals.com
"Gehring Montgomery, Inc.",gehring-montgomery.com
Schoenberg Salt & Chemical Company,gosalt.com
Bassler Equipment Co.,basslerequipment.com
Ele Corporation,elecorporation.com
Graham Chemical,grahamchemical.com
AgileNobel Global,anglobal.co
Macco Organiques Inc.,macco.cz
Regalis Foods,regalisfoods.com
D.F. Goldsmith Chemical & Metal Corp.,dfgoldsmith.com
Nanoshel LLC,nanoshel.com
Gourmet Imports,gourmetimports.com
Schaefers Soft Water,schaeferssoftwater.com
GUAM Beauty,guambeauty.com
"Botanx, LLC",botanx.com
Cincinnati Bulk Terminals,cinbulk.com
"Neo Solutions, Inc.",neosolutionsinc.com
The Kissner Group,kissner.com
"All-Chemie, Ltd.",chemicalcompounds.allchemie.com
Silver Springs Water Inc.,wateroffer.com
Spices Inc.,spicesinc.com
"MAR-Tech Holdings, Inc.",martechholdings.com
Sawyer Labs,sawyerlabs.com
Pestell Nutrition Inc.,pestell.com
Organic Memories,organicmemories.com
"Southeastern Chemical, Inc.",southeasternchemical.com
"Gojira Fine Chemicals, LLC",gojirafc.com
Hampton Research Corp.,hamptonresearch.com
"Asterion, LLC",asterionstc.com
Chemco Corp.,echemco.com
"Davis Water Treatment, Inc.",daviswater.com
Evergreen Innovation,evergreeninnovate.com
"Detroit Salt Company, LLC",detroitsalt.com
Rock Salt Today,rocksalttoday.com
Chautauqua Chemicals Company,cchemco.com
"Mueller's, Inc.",muellershardware.com
Materion Advanced Materials Group,materion.com
"Redmond, Inc.",redmondinc.com
"Cosmetic Enterprises, Ltd.",cosmeticent.com
"Koppern Equipment, Inc.",koeppern-international.com
Humate AG,humateintl.com
Schuessler Salts,cellsaltstissuesaltsworld.com
BASF Catalysts,catalysts.basf.com
Gunther Salt Company,gunthersalt.com
Chemland Group,chemlandgroup.com
Nutricepts,nutricepts.com
Vigo Importing Co.,vigo-alessi.com
"Oakley Fertilizer, Inc.",bruceoakley.com
Process Technologies & Packaging,processtechnologies.com
"Tangram Company, LLC",tangramco.com
Auto Technology Co.,autotechnology.com
Inalco Pharmaceuticals,inalcopharm.com
Essex Food Ingredients,essexfoodingredients.com
"Vigon International, an Azelis Company",vigon.com
Nutra Coast,nutracoast.com
Makers Nutrition,makersnutrition.com
Daily Manufacturing,dlymfg.com
F.A.M.E Health Labs LLC.,famehealthlabs.com
Supplement Manufacturing Partner Inc.,smpnutra.com
Dental Technologies Inc.,dentaltech.com
UniWell Laboratories,uniwelllabs.com
Broner Glove & Safety Company,shop.bronersafety.com
Salut,getsalut.com
Allan Chemical Corp.,allanchem.com
ChemWorld,chemworld.com
Van Aroma,vanaroma.com
Pumjil,pumjilb2b.com
"Flavor Dynamics, inc.",flavordynamics.com
"Come Alive Organics, LLC",soviia.com
Nutrabound Labs,nutraboundlabs.com
Metarom USA,metaromusa.com
Melthom Foods Inc.,melthomfoods.com
Fontana Flavors,fontanaflavors.com
"Barchemy, LLC",barchemyllc.com
"Perrier Aromatic Products, Inc.",perrieraromatics.com
"FONA International, Inc.",fona.com
RC Fine Foods,rcfinefoods.com
"Flavor & Fragrance Specialties, Inc.",ffs.com
Medisca Scientific,medisca.com
The Flavor Factory,flavorfactory.net
"Thymly Products, Inc.",thymlyproducts.com
DairyChem Inc.,dairychem.com
"Bactolac Pharmaceutical, Inc.",bactolac.com
Dolce Foglia LLC,dolcefoglia.com
Golden Spice International,goldenspiceintl.com
Rochem International,rochemintl.com
Norex Flavours & Fragrances,norex.in
"La Criolla, Inc.",lacriolla.com
FlavorSum,flavorsum.com
Best Global Nutrition Inc.,ningboherb.com
Genie Supply Inc.,geniesupply.com
Incasa Coffee,incasacoffee.com
Deiman USA,deimanusa.com
Cambie,cambie.com
Custom Flavors,customflavors.com
Coastal Packaging,coastalpackaging.com
CAIF Naturally Sourced Solutions,caif.com
"Brenntag North America, Inc.",brenntag.com
Smoke Fun,smokefun.com
Sensient Flavors,sensientflavorsandfragrances.com
Stauber,stauberusa.com
"Newport Flavours & Fragrances, Inc.",naturesflavors.com
"Coalescence, LLC",coalescencellc.com
Baker White Inc.,bakerwhiteinc.com
Arylessence,arylessence.com
Cumberland Packing Corp.,cpack.com
"Solvay Chemicals, Inc.",solvay.us
"Brolite Products, Inc.",bakewithbrolite.com
Northwest Naturals Co.,nwnaturals.com
Jean Niel Inc.,jeanniel.com
Gulf Coast Blenders,gulfcoastblenders.com
RFI Ingredients,rfiingredients.com
"Modernist Pantry, LLC.",modernistpantry.com
Edlong Dairy Technologies,edlong.com
"J&K Ingredients, Inc.",jkingredients.com
La Flor Spices Inc.,laflorspices.com
BakeMark USA LLC,bakemark.com
Custom Essence,customessence.com
Mother Murphy's,mothermurphys.com
"Donmar Foods, Inc.",donmar.ca
Spectrum Chemical Mfg. Corp.,spectrumchemical.com
Doehler North America,doehler.com
First Choice Ingredients,firstchoiceingredients.com
"Bell Flavors & Fragrances, Inc.",bellff.com
"National Fruit Flavor CO, Inc.",nationalfruitflavor.com
"Robertet Flavors, Inc.",robertet.com
OSF Flavors,osfflavors.com
Alimento Ventures Inc.,alimentoventures.com
Red Monkey Foods,redmonkeyfoods.com
Finlays,finlays.net
Crafter's Choice Brands LLC.,crafters-choice.com
Southern Flavoring Company,southernflavoring.com
Denali BioTechnologies Inc.,denalibiotech.com
Pyure Brands LLC,pyureorganic.com
I.P. Callison & Sons (Ipc),callisons.com
"Chemtex USA, Inc.",chemtexusa.com
Mr. White's Vapors,mrwhitesvapors.com
GloryBee,glorybee.com
"Interdonati, H., Inc.",hinterdonati.com
Flavorchem,flavorchem.com
Enilife Laboratories,enilifeinc.com
BOC Sciences,bocsci.com
Domino Foods,dominosugar.com
Gold Medal Products Co.,gmpopcorn.com
Charles H. Baldwin & Sons,baldwinextracts.com
Lorann Oils,lorannoils.com
Takasago International Corporation,takasago.com
Esense,e-sense.com
"Sauer Brands, Inc.",sauerbrands.com
LANXESS,lanxess.com
"Snowie, LLC",snowie.com
T. Hasegawa USA Inc.,thasegawa.com
Tastepoint by IFF,tastepoint.com
The Ingredient House,theingredienthouse.com
Flavor Producers Inc,flavorproducers.com
"AGRANA Fruit US, Inc.",agrana.com
RCB International Ltd.,rcbinternational.com
Givaudan Flavors Corporation,givaudan.com
Labbeemint,labbeemint.com
"Wiley Organics, Inc.",organictech.com
ECBlend,ecblendflavors.com
Whittle & Mutch Inc.,wamiflavor.com
OliveNation LLC,olivenation.com
Creative Flavors & Specialties,flavorsandspecialties.com
Treatt PLC,treatt.com
Lyons Magnus,lyonsmagnus.com
St. Charles Trading,stcharlestrading.com
Virginia Dare,virginiadare.com
"Layn USA, Inc",layncorp.com
Bar None Inc.,barnoneinc.com
Foote & Jenks Corp.,footeandjenks.com
International Bakers Services,internationalbakers.com
Gamay Food Ingredients,gamayfoods.com
Kerry Inc./Kerry Ingredients U.S.,kerry.com
Le Melange LLC,lemelange.com
Citromax Flavors,citromaxflavors.com
Red Arrow USA's Authentic Roasting,redarrowusa.com
International Dehydrated Foods,idf.com
Rocky Mountain Spice Company,rockymountainspice.com
Rodelle Inc.,rodellekitchen.com
White Coffee Corporation,whitecoffee.com
EGC Reliant Inc.,egcreliant.com
"Synergy Flavors, Inc",synergytaste.com
The Arnhem Group,arnhemgroup.com
Majestic International Spice Corp.,majesticspice.com
Letco Medical,letcomedical.com
"Limpert Brothers, Inc",limpertbrothers.com
Beanilla,beanilla.com
"Sunkist Growers, Inc.",sunkist.com
Commercial Creamery Co.,cheesepowder.com
"Flavor Sciences, Inc",flavorsciences.com
"Javo Beverage Company, Inc.",javobeverage.com
The Lebermuth Company,lebermuth.com
Pro-Blending LLC,problending.com
"Amyris, Inc.",amyris.com
Florida Food Products,floridafood.com
Northwestern Extract Co.,northwesternextract.com
Zilka & Co,zilkaandcompany.com
ICC Chemical Corporation,iccchem.com
Xcell International Corp.,xcellint.com
Integrative Flavors,integrativeflavors.com
Stover & Company,stovercompany.com
Ingretec,ingretec.com
Silesia Flavors Inc.,silesia-aroma.com
Sensient Cosmetic Technologies,sensient-cosmetics.com
Beck Flavors,beckflavors.com
"Montecito Roadhouse, Inc.",montecitoroadhouse.com
New Foods Network LLC,newfoods.net
Symrise,symrise.com
Prescott Apothecary,prescottcompoundingpharmacy.com
American Fruits & Flavors,americanfruits-flavors.com
Kalsec Inc.,kalsec.com
Comax Manufacturing Corp.,comaxflavors.com
FPSA (Food Processing Suppliers Association),fpsa.org
"WILD Flavors (USA), Inc.",wildflavors.com
Doctors Scientific Organica,dsoprivatelabel.com
"Wixon, Inc.",wixon.com
Butter Buds Inc.,bbuds.com
Gasco Industrial Corp,gascoindustrial.net
Kerr Concentrates Inc.,kerrconcentrates.com
"Citrus Systems, Inc.",citrussystems.com
"McCormick & Company, Inc.",mccormick.com
Heartland Food Products Group,heartlandfpg.com
McIlhenny Company,tabascoingredients.com
Wholesale Bidi Vapor,wholesale.bidivapor.com
Shank's Extracts,shanks.com
John E. Koerner Co.,koerner-co.com
Fruitcrown Products Corp.,fruitcrown.com
Dairy Farmers of America,dfaingredients.com
Nielsen-Massey Vanillas Inc,nielsenmassey.com
"Star Kay White, Inc.",starkaywhite.com
"The Food Source International, Inc",foodsourceinc.com
Spectrum Pharmacy Products,spectrumrx.com
Pacific Coast Essentials,pacificcoastessentials.com
Horner International,horner-intl.com
"Loar & Young, Inc.",loaryoung.com
Arjuna Natural Ltd.,arjunanatural.com
Novotaste Corporation Inc.,novotaste.com
Atlantic Brew Supply,atlanticbrewsupply.com
"Johanna Foods, Inc.",johannafoods.com
Sea Breeze,seabreezesyrups.com
"JM Swank, LLC",jmswank.com
Zhong Ya Chemical (USA) Ltd.,zhongyachemical.com
