name,domain
AIBMR Life Sciences,aibmr.com
Anderson Advanced Ingredients,advancedingredients.com
Apura Ingredients,apuraingredients.com
Axiom Foods,axiomfoods.com
Balchem Corporation,balchem.com/human-nutrition-health
BeerTrail.com,beertrail.com
Berlin Packaging,berlinpackaging.com
"BETR Brands, LLC",betrbrands.co
Beverage Venture Group,beverageventuregroup.com
BevSource,bevsource.com
BevWrap LLC,bevwrap.com
"Bio-Botanica, Inc.",bio-botanica.com
Bioenergy Life Science (BLS),bioenergylifescience.com
Black Apple Group,blackapplellc.com
Blue Chip Beverage,bluechipbev.com
Blue Pacific Flavors,bluepacificflavors.com
BrewDog Brewing Company LLC,usa.brewdog.com/pages/contract-brewing
Brunswick Bierworks,brunswickbierworks.com
Bullseye Packaging Services,bullseyepackaging.ca
CanSource LLC,cansource.com
Caporale Consulting,caporaleconsulting.com
Catena Solutions,catenasolutions.com
CMC,choosecmc.com
CO₂Sustain,co2sustain.com
Crstl,crstl.so
Custom Label,customlabel.com
DELTA BEV,deltabev.com
Döhler North America,doehler.com
Drink Labs,thedrinklabs.com/about-us/
Due North Corp. Minus Forty QB,duenorth.com
Farbest Brands,farbest.com
FILTEC,filtec.com
Five Star Beverage,fivestarbeverage.com
"Flavor Dynamics, Inc.",FlavorDynamics.com
Flavorman,flavorman.com
FlavorSum,flavorsum.com
Florida Food Products (FFP),floridafood.com
Fogg Filler,foggfiller.com
Foodarom Powered by Glanbia,foodarom.com
Forté Flavors,forteflavors.com
FutureCeuticals,futureceuticals.com
G3 Enterprises,g3enterprises.com
"Gamer Packaging, Inc.",gamerpackaging.com
Givaudan,givaudan.com
Glimpse,tryglimpse.com
"Global Essence, Inc.",globalessence.com
"GNT USA, LLC",exberry.com/en/
Gotham DSD,gothamdsd.com
Hedgifv,-
hidell international,hidellinternational.com
HYDRITE,hydrite.com
IFPC,ifpc.com
Iron Heart Canning Co,ironheartcanning.com
Jungbunzlauer,jungbunzlauer.com/en/
"KHS USA, Inc.",khs.com/en/
Krier Beverage,krierbeverage.com
Lanxess Corporation,velcorin.com
Linker Equipment Corporation,linker.com.pl/us
Matcha.com,bulk.matcha.com
McCormick Flavor Solutions,mccormickfona.com
Mighty Fruits,mightyfruits.com
minisocial,minisocial.com
Monin,monin.com
Mosaic Flavors,mosaicflavors.com
Mother Murphy's Flavors,mothermurphys.com
Nitid Studio | Neuropackaging,nitidstudio.com
NUOY Beverages LLC,-
PACTEON,schneiderequip.com/pacteon-directories
PakTech,paktech-opi.com
Parallel Products,parallelproducts.com
"Pick Heaters, Inc.",pickheaters.com
Pizzey Ingredients,pizzeyingredients.com
Premier Packaging,premierpkg.com
proBrau,probrau.com
PTM Food,ptmfood.com
R.A Jones,rajones.com
RAD Packaging,radpackaging.com
RTD Co-Pack,rtdcopack.com
Sailor Plastic Bottles,sailorplastics.com
Saxco,saxco.com
Sleeping Giant Brewing Company,sleepinggiantbrewing.com
Sovereign Flavors Inc.,sovereignflavors.com
Specialty Food Beverage-PCI,specialtyfoodbeverage.com
Statco-DSI Process Systems,statco-dsi.com
Stevens Point Brewery,pointbeer.com/co-packing
Stiebs,stiebs.com
Stoah Technologies,stoaktechnologies.com/madeva/
Stony Hill Advisors,stonyhilladvisors.com
Sunland Nutrition Inc,sunlandnutrition.com
T. Hasegawa,thasegawa.com
Takasago International Corp,takasago.com
Tap Productions,tapproductions.net
The Forest Farmers,theforestfarmers.com
The Tierra Group,thetierraGroup.com
Top Health Ingredients,tophealthingredients.com
Tradin Organic,tradinorganic.com
Traina Foods,traina.com
Trans-Atlantic Preforms,tapl.ca
Treatt,treatt.com
TWG Health & Nutrition,twghealthandnutrition.com
Van Groningen & Sons Inc.,vgandsons.com
"Vitacyclix, Div. of MORRE-TEC",morreetec.com
WaterSurplus,watersurplus.com
"WEIMA America, Inc.",weima.com
Well Above Bottling & Canning,wellabovebc.com
Zion Packaging,zionpack.com
