name,address,domain_serper
Country Lane Sales Inc,"Salt Lake City, Utah, US",cls-manufacturing.com
Master Foods Lab,"10157 USA Today Way, Miramar, Florida, US",masterfoodslab.com
Amcor,"6974 SCHANTZ RD, Allentown, Pennsylvania, US",amcor.com
TurnKey Health and Beauty,"2901 W. Coast Highway, Suite 200, Newport Beach, California, US",turnkeyhealthandbeauty.com
"NORPAC (PNW Veg Co., LLC)","4755 Brooklake Road Northeast, Brooks, Oregon, US",norpac.com
Howe Company,"629 West Main Street, Grove City, Pennsylvania, US",georgehowe.com
Coco Bakery,"6226 Danville Rd., Mississauga, Ontario, CA",cocosbakery.com
Boombox Beverage LLC,", Skokie, Illinois, US",boomboxbeverage.com
Intelligent Blends,"5330 Eastgate Mall, San Diego, California, US",intelligentblends.com
Kettle Heroes Popcorn,"1705 West Ruby Drive, Tempe, Arizona, US",kettleheroes.com
Lemon Lily Organic Tea,"747 Queen St E., Toronto, Ontario, CA",lemonlily.ca
Beleaf,"No. 305 Hushan Street, Taoyuan City, Taoyuan, TW",beleafvegan.com
R.E. Kimball & Co,"73 Merrimac Street, Amesbury, Massachusetts, US",rekimball.com
Hudson River Foods,"22 Hamilton Way, Castleton, New York, US",hudsonriverfoods.com
Ciuti International,"10865 Jersey Boulevard, Rancho Cucamonga, California, US",ciuti.com
Avatar Natural Foods,"1301 S Boulder Hwy. Ste. 130 Henderson, NV 89015 USA, Henderson, Nevada, US",avatarnaturalfoods.com
Green Star Labs,"4075 Ruffin Road, San Diego, California, US",greenstarlabs.net
Industrial Packaging,"5 Cudworth Rd., Webster, Massachusetts, US",industrialpackaging.com
Sunflower Hemp Co.,"3002 N Rotary Terrace, Pittsburg, Kansas, US",sunflowerhempco.com
Brooks' Bottling,"5560 State Highway 7, Oneonta, NewYork, US",brooksbottlingco.com
Texana Brands Olive Oil,"23703 IH 35, Suite 105B, Kyle, Texas, US",texanabrands.com
Hinkle Fine Foods,"4800 Wadsworth Road, Dayton, Ohio, US",hinklefinefoods.com
RM Palmer,"800 Van Reed Road, Wyomissing, Pennsylvania, US",rmpalmer.com
Tribute Baking Company,"527 Casanova St., Bronx, NY, US",tributebaking.com
Bollore Inc.,"60 Louisa Viens Drive, Dayville, Connecticut, US",bolloreinc.com
Bakery Express,"4711 Hollins Ferry Rd., Halethorpe, Maryland, US",bakeryexpressusa.com
Fischer & Wieser Specialty Foods,"411 South Lincoln Street, Fredericksburg, Texas, US",store.fwfarmstead.com
Ardent Mills ,"3939 Producers Drive, Stockton, California, US",ardentmills.com
Potosi Beverage Company,"209 South Main Street, Potosi, Wisconsin, US",potosibrewery.com
Innovation Foods,"4 Gorton Road, Millville, New Jersey, US",innovation-foods.com
Presto Labels & Packaging,"2653 Technical Drive, Miamisburg, Ohio, US",prestolabels.com
Denali Ingredients,"2400 S Calhoun Rd, New Berlin, Wisconsin, US",denaliingredients.com
Iya Foods,"31W290 Schoger Drive, Naperville, Illinois, US",iyafoods.com
Dak Pak Llc,"39771 South Dakota 34, Woonsocket, South Dakota, US",dakpaksolutions.com
Primal Essence,"1351 Maulhardt Avenue, Oxnard, California, US",primalessence.com
Catalyst Development Inc,"22-8980 Fraserwood Ct, Burnaby, British Columbia, CA",catalystdevelopment.ca
Schreiber Foods,"208 Dykeman Road, Shippensburg, Pennsylvania, US",schreiberfoods.com
Clement's Pastry Shop,"3355 52nd Avenue, Hyattsville, Maryland, US",clementspastry.com
Fourth Street Foods,"Charleroi, Pennsylvania, US",4thstreetfoods.com
"Eagle Labs, Inc.","630 Brooker Creek Blvd., Suite 335, Oldsmar, Florida, US",eaglelabsinc.com
Bongards Premium Cheese,"13200 County Rd 51, Bongards, Minnesota, US",bongards.com
The Produce Connection,"96 Audubon Road, Wakefield, Massachusetts, US",produceconnection.com
Rica’s Way,"9001 NW 97 Terr. Unit “M”, Medley, Florida, US",ricasway.com
COMPAX Packaging,"431 Neil Armstrong Rd, Salt Lake City, Utah, US",compaxpackaging.com
List Distillery,"3680 Evans Avenue, Fort Myers, Florida, US",listdistillery.com
sourceM,"1370 N St Andrews Place,, Los Angeles, California, US",sourcem.com
Cadeco-Deer Park,"2851 East Pasadena Boulevard, Deer Park, Texas, US",cadeco.cc
Aspen Global,"999 East 1950 North Market Place Dr, Spanish Fork, Utah, US",aspengl.com
Daiya Foods,"3100 Production Way, Burnaby, British Columbia, CA",daiyafoods.com
Chesapeake Bay Foods,"2601 Georgetown Road, Baltimore, Maryland, US",cbcrabcakes.com
PennPak Solutions Inc,"157 N Commerce Way, Bethlehem, Pennsylvania, US",pennpaksolutions.com
"InvaPharm, Inc.","Ontario, California, US",invapharm.com
Piedmont National Corporation,"174 Distribution Drive, Birmingham, Alabama, US",piedmontnational.com
Priority Packaging,"2920 Northwest Boulevard, Plymouth, Minnesota, US",prioritypackagingal.com
Essential Spirits Alambic Distilleries,"144B South Whisman Road, Mountain View, California, US",essentialspirits.com
Islamorada Beverages,"3200 St. Lucie Boulevard, Fort Pierce, FL, 34946, Fort Pierce, Florida, US",islamoradabeverages.com
Stever's Candy,"623 Park Avenue, Rochester, New York, US",steverscandy.com
Sigma Services Corporation,"2701 Deborah Avenue, Zion, Illinois, US",sigmasvs.com
"Great Atlantic Trading, Inc.","Ocean Isle Beach, NC 28469, USA, Ocean Isle Beach, North Carolina, US",greatatlantictradinginc.com
Beaverton Foods Inc.,"7100 NE Century Blvd., Hillsboro, Oregon, US",beavertonfoods.com
Earth Ranch LLC,"N173W21170 Northwest Passage, Wisconsin, US",earthranch.com
Pacific Coast Producers,"1376 Lemen Avenue, Woodland, California, US",pacificcoastproducers.com
Stack Street Coffee,"55 West Railroad Ave., West Haverstraw, New York, US",stackstcoffee.com
"LB Processors, LLC","1864 Mosley Ferry Rd, Chapmansboro, Tennessee, US",lbprocessors.com
Darlington Snacks,"10475 Crosspoint Boulevard, Indianapolis, Indiana, US",darlingtonsnacks.com
Todd's,"4413 Northeast 14th Street, Des Moines, Iowa, US",tods.com
Thankful,"6315 Monarch Park Place, Longmont, Colorado, US",ringostarr.com
Lone Star Labels,"330 Lake Park Rd Suite 101, Lewisville, Texas, US",lonestarlabels.com
Walker's Fresh Foods,"506 East 12th Avenue, North Kansas City, Missouri, US",walkersfoodproducts.com
Giant Texas Distillers,"5610 Clinton Drive, Houston, Texas, US",gianttexas.com
SVB Foods,"717 Corning Way, Martinsburg, West Virginia, US",svbfoods.com
North Florida Bottling LLC,"1630 Old Bainbridge Rd, Tallahassee, Florida, US",northfloridabottling.com
Stiles Honey,"859 King Georges Road, Woodbridge Township, New Jersey, US",stileshoney.com
LallyPak,"1209 Central Ave, Hillside, New Jersey, US",lallypakusa.com
3CHI,"8500 E116th Street, Fishers, Indiana, US",3chi.com
LeGrand,"69 Emilien Marcoux Street, Blainville, Quebec, CA",legrand.us
Oregon Potato,"P.O. Box 3110, Pasco, Washington, US",oregonpotato.com
MetaBev,"6 Gloria Lane,, Fairfield, New Jersey, US",metabev.com
Victory Hemp Foods,"252 Jay Louden Road, Carrollton, Kentucky, US",victoryhempfoods.com
EVO Packaging Inc.,"1385 Madeline Lane, Suite 100, Elgin, Illinois, US",evopackaging.com
IC Global Nutraceuticals Private Label,"100 W 24th st, Hialeah, Florida, US",icglobalnutraceuticals.com
Babia,"17220 St Andrews, San Antonio, Texas, US",badiaspices.com
Brutocao Cellars,"13500 U.S. 101, HOPLAND, California, US",brutocaocellars.com
Bond Bakery Brands,"55 St. Clair Ave. W Suite 408, Toronto, Ontario, CA",bondbakerybrands.com
Two Trees Distilling Co.,"17 Continuum Drive, Fletcher, North Carolina, US",twotreesdistilling.com
Consolidated Packaging Group,"9880 West Maple Street, Orland, Indiana, US",conpackgroup.com
The Vegan Copacker,"San Diego, California, US",thevegancopacker.com
Rader Farms,"1270 E Badger Rd, Lynden, Washington, US",raderfamilyfarms.com
TVS Inc,"353 Banner Farm Road, Mills River, North Carolina, US",tvsinc.com
De Leon Packaging Corp,"473 GETTY AVE, Paterson, New Jersey, US",deleonplastics.com
Blendtek,"10 Goddard Crescent, Cambridge, Ontario, CA",blendtek.com
Yellow Emperor,"PO Box 2631, Eugene, Oregon, US",yellowemperor.com
"Two Rivers Coffee, LLC","101 Kentile Road, South Plainfield, New Jersey, US",tworiversdirect.com
Not Just Cookies Wholesale Bakery,"4300 W Lake St, Chicago, IL 60624, United States, Chicago, Illinois, US",notjustcookies.com
Mockingbird Food Group LLC,"4020 Black Gold Drive, Dallas, Texas, US",mockingbirdfoods.com
Cafe Spice,"511 Fishkill Avenue, Beacon, New York, US",cafespice.com
"Performance Packaging of Nevada, LLC","5550 S. Fort Apache Road, Suite 102, Las Vegas, Nevada, US",pplv.co
C.J. Dannemiller Co.,"5300 South Hametown Road, Norton, Ohio, US",cjdannemiller.com
Callan JMB,"244 Flightline Drive, Spring Branch, Texas, US",callanjmb.com
Coalition Foods,"1768 TN-100, Centerville, Centerville, Tennessee, US",coalitionfoods.com
Mount Franklin Foods,"1800 Northwestern Drive, El Paso, Texas, US",mountfranklinfoods.com
"McJak Candy Company, LLC","1087 Branch Road, Medina, Ohio, US",mcjakcandy.com
Vox Nutrition,"5647 Wells Park Road, West Jordan, Utah, US",voxnutrition.com
Henry Broch Foods,"625 Public Service Avenue, Waukegan, Illinois, US",hbroch.com
CBD Printer,"Monterrey, Monterrey, MX",cbdprinter.com
Element Bars,"1140 South Washtenaw Avenue, Chicago, Illinois, US",elementbars.com
Fortress Nutrition,"16595 West Stratton Drive, New Berlin, Wisconsin, US",fortressllc.com
Harpy. E LLC,"Oregon, US",harpyeaglehq.com
Buoyant Brands Inc.,"6042 Broadview Road, Parma, Ohio, US",buoyantbrands.com
Vanguard Culinary Group,"716 Whitfield Street, Fayetteville, North Carolina, US",vanguardculinary.com
Sleeping Giant Brewing Company,"2500 West 5th Avenue, Denver, CO 80223, USA, Denver, Colorado, US",sleepinggiantbrewing.com
Max's Kitchen,"1211 S. 7th St, Modesto, California, US",maxskitchensf.com
Organimed LLC,"12068 Miramar Parkway, Miramar, FL 33025, United States, Miramar, Florida, US",organimedusa.com
Canbrands Specialty Foods Inc.,"3500 Laird Rd Unit 4, Mississauga, Ontario, CA",canbrands.ca
Pasco Foods,"20308 State Highway 71, Spicewood, Texas, US",pasco-foods.com
Pure Functional Foods,"267 State Route 89, South Savannah, New York, US",purefunctionalfoods.com
Crux Ingredients,,cruxingredients.com
"Consolidated Mills, Inc.","7190 Brittmoore Road, Houston, Texas, US",consolidatedmills.com
Lief Labs,"28903 Avenue Paine, Valencia, California, US",lieflabs.com
"Rasi Laboratories, Inc.","320 Half Acre Road, Cranbury, New Jersey, US",rasilabs.com
National Frozen Foods,"10504 WA-28, Quincy, Washington, US",oregonpotato.com
East Wind Nut Butters,"1361 County Road 547, Tecumseh, Missouri, US",eastwindnutbutters.com
Trimpack LLC,"904 S. Primrose Ave, Monrovia, California, US",trim-pack.com
"Morasch Meats, Inc.","4050 Northeast 158th Avenue, Portland, Oregon, US",moraschmeats.com
FormTight Inc.,"11600 E 51st Ave, Denver, Colorado, US",formtightinc.com
Atlantic Packaging,"806 N. 23rd Street, Baton Rouge, Louisiana, US",atlanticpkg.com
Arbre Farms,"6362 N 192nd Ave, Walkerville, Michigan, US",oregonpotato.com
Evermade Foods,"6775 Kennedy Rd., Warrenton, Virginia, US",evermadefoods.com
CEDAR F&B LLC,"7403 Gateway Ct., Manassas, Virginia, US",cedarfb.com
Rival Labs,"2225 E Belt Line Rd Suite 105, Carrollton, Texas, US",rivallabs.com
We Pack Logistics,"2300 13th Street, Paris, Texas, US",wepack.com
Delicouki,"5695-118 Bd des Grandes-Prairies, Montreal, Quebec, CA",delicouki.com
"Macrocap Labs, Inc.","975 Bennett Dr,, Longwood, Florida, US",macrocaplabs.com
T.H.E.M.,"5 East Stow Road, Evesham, New Jersey, US",them.us
Sterling Beverage Co,"160 James E Casey Drive,, New York, US",sterlingbeverageco.com
ECOPACKABLES,"1185 Park Center Dr, Vista, California, US",ecopackables.com
Custom Blending Solutions,"Johnsburg, Illinois, US",customblendingsolutions.com
Covelli Premium Dough Products,"1132 Broadway Street, Buffalo, New York, US",covellidough.com
Utica Specialty Foods,"18 Sidney Circle, Kenilworth, New Jersey, US",uticafoods.com
Siddha Remedies,"California, US",siddharemedies.com
Genesis Manufacturing,"Utah, US",genesismanufacturing.us
Bespoken Spirits Inc.,"101 W Loudon Ave #136, Lexington, Kentucky, US",bespokenspirits.com
Pressery,"4600 Joliet Street, Denver, Colorado, US",pressery.com
Auntie B’s Custom Blending,"204 Railroad Street, Converse, Indiana, US",auntiebscustomblending.com
American Nuts,"6226 Industrial Way, Livermore, California, US",americannuts.com
Rudolph Foods,"1050 Progress Circle, Lawrenceville, Georgia, US",rudolphfoods.com
Comfort Foods,"9900 Montgomery Boulevard Northeast, Albuquerque, New Mexico, US",comfortfoods.com
WePackItAll,"2745 Huntington Drive, Duarte, California, US",wepackitall.com
Nutriient,"2612 West 400 North, Lindon, Utah, US",nutriient.biz
Create-A-Pack Foods Inc.,"1730 Executive Drive, Oconomowoc, Wisconsin, US",capfoodinc.com
English Mountain Spring Water Company,"3161 Old Highway 411, Dandridge, Tennessee, US",englishmountainh2o.com
Veritacor,"1873 N. Magnolia Ave, Orlando, Florida, US",veritacor.com
Logic Packaging,"2900 S FAIRVIEW ST, Santa Ana, California, US",logicpkg.com
Circle Beverage,"1050 East Washington Street, Indianapolis, Indiana, US",circlebev.com
"Red River Foods, Inc.","2840 Sprouse Dr, Richmond, Virginia, US",redriverfoods.com
Clarendon Flavors,"2500 Stanley Gault Pkwy, Louisville, Kentucky, US",clarendonflavors.com
Bear Stewart,"1025 North Damen Avenue, Chicago, Illinois, US",bearstewart.com
Blue Runner Foods Inc,"726 South Burnside Avenue, Gonzales, Louisiana, US",bluerunnerfoods.com
Chelten House Products,"607 Heron Drive, Logan Township, New Jersey, US",cheltenhouse.com
United Citrus,"185 Constitution Drive, Taunton, Massachusetts, US",unitedcitrus.com
Fortune Favors,"2086 Atwood Ave, Madison, Wisconsin 53704, US, Madison, Wisconsin, US",fortunefavorsnuts.com
Econopac,"490 Midwest Road, Toronto, Ontario, CA",econopac.com
Saraya USA,"1470 W 1200 N St,, Orem, Utah, US",sarayausacopacking.com
Kraft Heinz Ingredients Corp,"801 Waukegan Glenview, Glenview, Illinois, US",kraftheinzingredients.com
Rad Manufacturing and Extracts,"860 Commercial Lane, Palmer Lake, Colorado, US",radextraction.com
California Aseptic Beverages,"11020 Poplar Ave, Fontana CA 92336, Fontana, California, US",caasepticbev.com
Janus Food Group,"50 Blue Hill Road, Northumberland, Pennsylvania, US",janus-services.com
All-In Nutritionals,"5060 S Charleston Pike, Springfield, Ohio, US",allinnutritionals.com
Hemp Depot,"Colorado Springs, CO 80907, USA, Colorado Springs, Colorado, US",hempdepotco.com
Assemblies Unlimited,"141 Covington Drive, Bloomingdale, Illinois, US",assemblies.com
The Revere Group,"9310 4th Ave S, Seattle, Washington, US",glerup.com
"Ambassador Meat Distributors, Inc.","2856 Guinotte Avenue, Kansas City, Missouri, US",heartlandfreshfoods.com
ZoRoCo Packaging,"20148 Monte Way, Caldwell, Idaho, US",zorocopackaging.com
Dewey's Bakery,"3840 Kimwell Drive, Winston-Salem, North Carolina, US",deweys.com
Kingmaker Foods,"7698 Zionsville Road, Indianapolis, Indiana, US",kingmakerfoods.com
American Packaging,"5910 S.Whitewater Circle, Holladay, Utah, US",americanpackaging.com
Martini Packaging,"16600 Koala Rd, Adelanto, California, US",martinipackaging.com
BLACK BAND Distillery,"1000 SW Adams St, Peoria, Illinois, US",blackband-distillery.com
Matt Pak Inc.,"2910 Commerce Street, Franklin Park, Illinois, US",mattpak.com
Malnove Holding Company Inc.,"13434 F Street, Omaha, Nebraska, US",malnove.com
Impact Brews,"4831 Spring Grove Avenue, Cincinnati, Ohio, US",impactbev.com
Stuarts Spices,"754 South Clinton Avenue, Rochester, New York, US",stuartsspices.com
Wolfgang Confectioners,"110 Trooper Ct, York, Pennsylvania, US",wolfgangco.com
Big Boss Baking Company,"629 McWay Drive, High Point, North Carolina, US",bigbossbaking.com
"CSA Packaging, LLC","850 Pickens Industrial Drive, Atlanta, Georgia, US",csapackaging.com
Penny Plate,"601 Penny Plate Drive, Glasgow, Missouri, US",pennyplate.com
YaYA Foods Corp.,"450-B Kipling Avenue, Toronto, Ontario, CA",yayafoods.com
EcoEnclose,"Illinois, US",ecoenclose.com
Antithesis Foods Inc.,", , Indiana, US",antithesisfoods.com
FGF Brands,"1295 Ormont Drive, Toronto, Ontario, CA",fgfbrands.com
Canyonside Labs LLC,"621 Washington Street South, Suite 100, Twin Falls, Idaho, US",canyonsidelabs.com
Wellness Croft,"208 South Meadow Road, Plymouth, Massachusetts, US",wellnesscroft.com
Dare Foods Limited,"25 Cherry Blossom Road, Cambridge, Ontario, CA",darefoods.com
"Coracao Confections, Inc.","1401 Marina Way S, Richmond, California, ",coracaoconfections.com
Pace Processing,"Unit 107 19495 - 55 Avenue, Surrey, British Columbia, CA",paceprocessing.com
Bauderer Packaging,"775 West Belden Ave. Suite A, Addison, Illinois, US",baudererpackaging.com
Stampede Culinary Partners,"10500 Railroad Dr, El Paso, Texas, US",stampedeculinarypartners.com
Fairy Tale Cotton Candy,"5120 Park Ave, Des Moines, Iowa, US",fairytalecottoncandy.com
Washington Potato Company,"1900 W 1st St, Warden, Washington, US",oregonpotato.com
Granola Co-Packer,"629 McWay Drive, High Point, North Carolina, US",granolacopacker.com
"Bernice's Foods, Inc","7111 W 151st Street, 326, Overland Park, Kansas, US",bernicesfoods.com
Florida Products,"Florida Products 100 mts Norte de la entrada principal de CENADA, Barreal de Heredia, Heredia, CR",floridafood.com
Bravo Foods & Bakery,"527 Commercial Drive, Statham, Georgia, US",bravobakery.com
Rich Product Corporation,"21511 Division Street, Lockport, Illinois, US",richs.com
Hebert Foods,"574 Hartford Turnpike, Shrewsbury, Massachusetts, US",hebertfoods.com
Associated Milk Producers Inc.,"136 East Railway Street, Freeman, South Dakota, US",ampi.com
"Yost Foods, Inc.","2795 Westway Drive, Brunswick, Ohio, US",yostfoods.com
Comfort Foods Co-Packing & Processing Llc,"9900 Montgomery Boulevard Northeast, Albuquerque, New Mexico, US",comfortfoodsprocessing.com
Pegasus Foods Inc,"1635 Innovation Drive, Rockwall, Texas, US",pegasusfoodgroup.com
Metarom USA,"1725 Gillespie Way, El Cajon, California, US",metaromusa.com
Symphony Sorbet,"California, US",symphonysorbet.com
Dickinson Frozen Foods,"600 NW 21st St, Fruitland, Idaho, US",oregonpotato.com
Orleans Packing Co,"1715 Hyde Park Avenue, Boston, Massachusetts, US",orleanspacking.com
Pivot Sweets,"5320 W River Dr NE, Grand Rapids, Michigan, US",pivotsweets.com
Freeze Pack,"302 Venture Road, Pasco, Washington, US",freezpak.com
Certified Origins,"Via del Madonnino 7, Fraz. Braccagni - 58100 Grosseto (IT), Braccagni, Grosseto, IT",certifiedorigins.com
Meteoric Biopharmaceuticals,"9th Floor, Earth Arise Building, Near YMCA Club, S.G. Highway, Ahmedabad, Gujarat 380015, India, Ahmedabad, Gujarat, IN",meteoricbiopharma.com
Neeyaan,"4 Corporate Drive, Cranbury, New Jersey, US",neeyaan.com
Country Pure Foods,"58 West Road, Ellington, Connecticut, US",countrypure.com
ePac Flexible Packaging,"1856 Corporate Dr. #170, Norcross, Georgia, US",epacflexibles.com
Customflex/CannaZip,"954 Maple Rd, Buffalo, New York, US",cannazipbags.com
POWpack,"7 Eastmans Road, Parsippany-Troy Hills, New Jersey, US",powpack.com
"Probst Preserves, Inc.","3290 West 3500 South, Charleston, Utah, US",natureshollow.com
"World Wide Gourmet Foods, Inc.","21616 87th Ave SE,, Woodinville, Washington, US",wwgourmet.com
National Dry Company,"30 Arrow Road, Toronto, Ontario, CA",nationaldry.ca
"LiDestri Foods, Inc.","568 South Temperance Avenue, Fresno, California, US",lidestrifoodanddrink.com
Ingredients Corporation Of America,"1270 Warford Street, Memphis, Tennessee, US",memphi.net
"Eximius Coffee, LLC","5610 Clinton Drive, Houston, Texas, US",eximiuscoffee.com
Proper Beverage Co.,"4432 South Buttermilk Court, Hudsonville, Michigan, US",properbeverage.com
"Milo's Whole World Gourmet, LLC.","296 South Harper Street, Nelsonville, Ohio, US",miloswholeworld.com
Pittston CoPackers,,pittstoncopackers.com
Troppy Foods,IN,trophyfoods.com
MZ Packaging,"1630 S 4650 W, Salt Lake City, Utah, US",mz-packaging.com
FirstWave Innovations,"8000 Middlesex Corporate Pkwy, Middlesex, North Carolina, US",firstwavenc.com
Passamaquoddy Wild Blueberry Company,"RR1, Columbia Falls, Maine, US",pquoddyberries.com
Pacific Manufacturing And Design,"9520 Black Mountain Rd, San Diego, California, US",interstructinc.com
AE Global,"16301 NW 15th Avenue, Miami, Florida, US",aeglobal.com
Qualia Specialty Provisions,"655 East 10 Mile Road, Madison Heights, Michigan, US",qualiaprovisions.com
"EPD, Inc.","1407 East Cedar Street, Angleton, Texas, US",enterpriseproducts.com
Tejas Beer,"2101 Summer Street, Houston, Texas, US",tejasbeer.com
Kamuk,CR,kammok.com
Triple Sticks,"9200 W. Main Street, Belleville, Illinois, US",triplesticks.com
Josh Packaging Inc,"245 Marcus Blvd., Hauppauge, New York, US",joshpackaging.com
MillPress Imports,"2146 City Line Road, Bethlehem, Pennsylvania, US",millpressimports.com
Aaron Packaging,"4000 150th Ave., Ct E, Sumner, Washington, US",aaronpackaging.com
White Coffee,"18-35 Steinway Place, Long Island City, New York, US",whitecoffee.com
Performance Packaging,"5219 Telegraph Road, Toledo, Ohio, US",performancepkg.com
"Dishaka, LLC","13843 Stafford Road, Stafford, Texas, US",dishaka.com
Bactolac Pharmaceutical,"620 Old Willets Path, Hauppauge, New York, US",bactolac.com
PDM Distribution Services Inc.,"Boone, Iowa, US",pdmcompany.com
Icon Foods,"19250 NE Portal Way, Portland, Oregon, US",iconfoods.com
VIVA 5,"239 2nd Avenue South Suite 200, St. Petersburg, Florida, US",vistahigherlearning.com
GSR Brands Kettle Cooked Solutions,", , ",kettlebrand.com
"Burnette Foods, Inc.","87171 County Road 687, Hartford, Michigan, US",burnettefoods.com
Malt Products Corporation,"4744 Wolf Creek Pike, Dayton, Ohio, US",maltproducts.com
Initiative Foods,"1945 Industrial Way, Sanger, California, US",initiativefoods.com
"The Bainbridge Beverage Co., LLC","2941 Friday Rd, Coloma, Michigan, US",thebainbridgebeveragecompany.com
Brite Way Foods,"4718 Belmont Ave., Youngstown, Ohio, US",britewayfoods.com
MYD Energizar,"Gainesville, Florida, US",mydbattery.com
Mart Frozen Foods LLC,"1825 E. 16th St., Idaho Falls, Idaho, US",martgroup.com
CoRo Coffee,"Berkely, California, US",corocoffee.com
Luna Gourmet Coffee & Tea Company,"610 East 55th Avenue, Denver, Colorado, US",lunagourmet.com
Dutch Treat Foods,"3255 Production Court, Zeeland, Michigan, US",dutchtreatfoods.com
Nummies Bakery,"32 Leone Lane, Chester, New York, US",nummiesbakery.com
Terra Cotta Foods Ltd.,"9-36 Armstrong Ave, Georgetown, Ontario, CA",terracottacookies.com
Gem State Processing,"951 US-30, Heyburn, Idaho, US",oregonpotato.com
Eastgate Group,"611 Norgal Drive, Lebanon, Ohio, US",eastgategroup.com
Luker Chocolate,"Street 13 # 68-98 Bogota, Bogota, DC, CO",lukerchocolate.com
MDS Foods Inc,"331 Joint Park Boulevard, Tullahoma, Tennessee, US",mdsfoods.com
Aegle Nutrition,"1300 Hutton Drive Suite 110, Carrollton, Texas, US",aeglenutrition.com
Wyandot Snacks Inc,"135 Wyandot Avenue, Marion, Ohio, US",wyandotsnacks.com
Shepherd Foods,"752 North 2250 West, Springville, Utah, US",shepherdfoods.com
Berlin Packaging,"525 West Monroe Street, Chicago, Illinois, US",berlinpackaging.com
Wildway,"10203 Kotzebue Street, San Antonio, Texas, US",wildwayoflife.com
Turchetti's Salumeria,"1801 S East Street, Indianapolis, Indiana, US",turchettis.com
Covert Nutra,"Denver, Colorado, US",covertnutra.com
The Factory at 17th Street Barbecue,"1616B Walnut Street, Murphysboro, Illinois, US",17bbq.com
Drink More Water,"7595 Rickenbacker Drive, Gaithersburg, Maryland, US",drinkmore-water.com
Paradise Tomato Kitchens,"1600 Crums Lane, Louisville, Kentucky, US",paradisetomato.com
The Onion Crock,"1221 Mc Reynolds Avenue Northwest, Grand Rapids, Michigan, US",onioncrock.com
Charcuterie Artisans,"1000 Charcuterie Drive, Mapleville, Rhode Island, US",charcuterie.com
Foodberry,"75 Sprague Street, Boston, Massachusetts, US",foodberry.co
The Fresh Factory,"238 Tubeway Drive, Carol Stream, Illinois, US",thefreshfactory.co
"COMMAND Nutritionals, LLC","10 Washington Avenue, Fairfield, New Jersey, US",commandnutritionals.com
Aunt Gussie's Cookies,"141 Lanza Avenue, Garfield, New Jersey, US",auntgussies.com
YouBar Inc.,"445 Wilson Way, City of Industry, California, US",youbars.com
Azoria Foods,"3310 East Corona Avenue, Phoenix, Arizona, US",azoriafoods.com
SDC Nutrition Inc.,"170 Industry Drive, Pittsburgh, PA 15275, USA, Pittsburgh, Pennsylvania, US",sdcnutrition.com
Nutra Coast,"1485 Northwood Dr., Suite 203, Saint Augustine, Florida, US",nutracoast.com
Columbia Packaging Group,"62805 Bennett Ave, Cambridge, Ohio, US",columbiapkg.com
Bakery On Main / Uncle Crumbles,"127 Park Ave Suite 100, East Hartford, Connecticut, US",bakeryonmain.com
Alex's Meat & Provisions,"5600 1st Avenue Unit B-16, Brooklyn, New York, US",alexsmeat.com
Quantum Canning,"3540 State Highway 52 Unit A2, Boulder, Colorado, US",quantumcanning.com
Sky Nutro,"65 Moon St, Southbridge, Massachusetts, US",skynutro.com
JMA Food Group,"232 Columbus Ave, Roselle, New Jersey, US",jmafoodgroup.com
Baily Foods,"2501 West 20th Street, Granite City, Illinois, US",bailyfoods.com
H A Rider & Sons,"2482 Freedom Boulevard, Watsonville, California, US",hariderandsons.com
Crescent Box,"900 168 Road Suite C-6, Turnersville, New Jersey, US",crescentbox.com
Brother and Sister Food,"811 Spangler Road, Camp Hill, Pennsylvania, US",brothersisterfood.com
Gagne Foods,"25 Wing Farm Parkway, Bath, Maine, US",gagnefoods.com
Brooke & Bradford,"759 S. Gladiola Street, Salt Lake City, Utah, US",brookeandbradford.com
Sunrise Bakery,"14728 119 Avenue Northwest, Edmonton, Alberta, CA",sunrisebakery.com
Contract Comestibles,"2004 Beulah Avenue, East Troy, Wisconsin, US",contractcomestibles.com
KC Global Network,"Los Angeles, California, US",kcglobalnetwork.com
NOSH Butters,"410 Chestnut Boulevard, Cuyahoga Falls, Ohio, US",noshbutters.com
Algro International LLC,"16530 Bake Pkwy, Irvine, California, US",algrointernational.com
Badlander,"760 FLORENCE ST, Helena, Montana, US",neteasegames.com
Aurora Natural,"205 Edison Rd., Orange, Connecticut, US",auroraproduct.com
Ibitta Enterprises Inc,"4593 Firestone Boulevard, South Gate, California, US",ibitta.com
PackEdge Inc.,"100 Sanford St., Hamden, Connecticut, US",packedgeinc.com
Econo-Pak,"535 Route 6 & 209, Milford, Pennsylvania, US",econo-pak.com
Dante Disposables LLC,US,dantedp.com
Mayer Brothers,"5786 Limekiln Road, Wolcott, New York, US",mayerbrothers.com
"United Foods International (USA), Inc.","23447 Cabot Boulevard, Hayward, California, US",ufiusa.com
MPH Logistics,"MPH Inc., 1340 Locust St. Fremont, Michigan 49412, Fremont, Michigan, US",repackaging.us
"Coloma Frozen Foods, Inc.","4261 Coloma Road, Coloma, Michigan, US",colomafrozen.com
VitaCare Pharma,"111 Skyline Drive, South Plainfield, New Jersey, US",vitacarepharma.com
TreeHouse Foods (Powdered Beverages),"Manawa, Wisconsin, US",treehousefoods.com
"BMA USA, Inc.","7923 Gloria Ave., Van Nuys, California, US",bmausa.com
Pasco Processing,"P.O. Box 3110, Pasco, Washington, US",oregonpotato.com
The Good Bread Company,"1020 E Franklin Ave, Minneapolis, Minnesota, US",thegoodbread.com
Vanns Spices Ltd,"6920 Tudsbury Road, Milford Mill, Maryland, US",vannsspices.com
"Cola Foods, Llc","7 Industrial Road, Cranston, RI 02888, Cranston, Rhode Island, US",colafoodsllc.com
"Makers Nutrition, LLC","315 Oser Avenue, Hauppauge, New York, US",makersnutrition.com
Langavi Chocolates,"Sede 34104, Durango, MX",langavi.com
"Arena Prepared Foods, LLC","49 Hassey Street, New Bedford, Massachusetts, US",arenapreparedfoodsllc.com
Snackwerks,"180 East Goodale Avenue, Battle Creek, Michigan, US",snackwerks.com
Vale Packaging Limited,"35 Venture Ave, Halifax, Nova Scotia, CA",valepackaging.ca
Oregon Potato Company,"Salem, Oregon, US",oregonpotato.com
Golden Valley Industries,"960 Lone Palm, California, US",goldenvalleyindustries.com
The Organic Snack Company,"14 Commerce Court, Bedford, Pennsylvania, US",organicsnackco.com
Impact,"104 East 6th South, Heber City, Utah, US",impact.com
Sea Salt Superstore,"1106 Shuksan Way, Everett, Washington, US",seasaltsuperstore.com
"Amerilab Technologies, Inc","2765 Niagara Lane North, Plymouth, Minnesota, US",hbiamerilab.com
Midas Foods International,"10750 Capital Street, Oak Park, Michigan, US",midasfoods.com
House-Autry Mills,"7000 U.S. Highway 301 South, Four Oaks, North Carolina, US",house-autry.com
The Jel Sert Company,"501 Conde Street, West Chicago, Illinois, US",jelsert.com
Windy City Organics,"3865 Commercial Avenue, Northbrook, Illinois, US",windycityorganics.com
Bridgford Foods,"1415 West 44th Street, Chicago, Illinois, US",bridgford.com
Temecula Coffee Roasters,"43064 Blackdeer Loop Suite F, Temecula, California, US",temeculacoffeeroasters.com
Vertical Acres Farm,"Indiana, US",verticalacresfarm.com
"Legend Packaging Group, Inc.","1840 Arrow Hwy, La Verne, California, US",legendintl.com
ELIS Manufacturing & Packaging Solutions Inc,"2470 N State Hwy 34, Kaufman, Texas, US",elismanufacturing.com
Tipton Mills Foods,"835 South Mapleton Street, Columbus, Indiana, US",tiptonmills.com
Gramercy Bakery,"7175 South Belcastro Street, Las Vegas, Nevada, US",gramercybakery.com
Stik-Pak Solutions,"501 Commonwealth Parkway, Rocky Mount, Virginia, US",stikpaksolutions.com
LorAnn Oils,"4518 North Aurelius Road, Lansing, Michigan, US",lorannoils.com
FEAST food works,"3300 Oley Turnpike Rd, Reading, Pennsylvania, US",feastfoodworks.com
Secret Creamery,"1301 S Boulder Hwy. Ste. 130 Henderson, NV 89015 USA, Henderson, Nevada, US",secretcreamery.com
Blue Print Foods,"2021 W Fulton St, Chicago, Illinois, US",blueprintfoods.com
"Golding, Inc","8850 Pershall Road, Hazelwood, Missouri, US",goldingblends.com
Wildpack Beverage,"1301 Edison Highway, Baltimore, Maryland, US",wildpackbev.com
DreamPak Food & Beverage,"17100 West Ryerson Road, New Berlin, Wisconsin, US",dreampak.com
Miller's Craft Meats,"1122 Industrial Way, Lodi, CA 95240, Lodi, California, US",millerscraftmeats.com
Cougar Mountain Baking Company,"4224 24th Avenue West, Seattle, Washington, US",cmbc.com
BrewDog,", Columbus, Ohio, US",brewdog.com
GT Foods,"3251 County Road 1503, Rusk, Texas, US",gtf.com.br
Crafty Counter Launch Partners,"15320 Cooper Avenue, Harvey, Illinois, US",craftycounter.com
Artisan Kitchens,"2060 Alexander St, Charleston, South Carolina, US",chooseartisan.com
Nutri-Nation Functional Foods,"1560 Broadway – Unit 1110, Port Coquitiam, British Columbia, CA",nutri-nation.com
Plant Plant,"Heath, Ohio, US",getplanta.com
Miss jones bakery,"Sandusky, Ohio, US",missjones.co
Bluepoint Bakery,"1721 East 58th Avenue, Denver, Colorado, US",bluepointbakery.com
Addison James Foods,"4513 Southwest Cargo Way, Palm City, Florida, US",addisonjamesfoods.com
"Deseret Laboratories, Inc.","1414 E 3850 S St., George, Utah, US",deseretlabs.com
Teton Valley Brands,"3313 West Cherry Lane Suite 215, Meridian, Idaho, US",tetonvalleybrands.com
Paragraphics,"Canton, Ohio, US",para-inc.com
Resilux,"265 John Brooks Road, Pendergrass, Georgia, US",resilux.com
SoGreenPack,"1309 Coffeen Avenue Suite 1200, Sheridan, Wyoming, US",sogreenpack.com
"Oregon Potato Company, Boardman, OR","650 Columbia Ave NE, Boardman, Oregon, US",oregonpotato.com
"Butterfield Foods, LLC","635 Westfield Road, Noblesville, Indiana, US",butterfield-foods.com
Griffo Distillery,"1320 Scott St, Suite A, Petaluma, CA 94954, USA, Petaluma, California, US",griffodistillery.com
"Totai America, Inc.","19675 Mariner Ave, Torrance, California, US",totai.us
SP Brands,"4900 E Pacific Place, Denver, Colorado, US",spbrands.co
HD Packaging,"Henderson, Nevada, US",hdpackaging.com
"Master Blends, LLC","616 Spring Hill Drive, Suite 300, Spring, Texas, US",masterblends.com
