name,address
Country Lane Sales Inc,"Salt Lake City, Utah, US"
Master Foods Lab,"10157 USA Today Way, Miramar, Florida, US"
Amcor,"6974 SCHANTZ RD, Allentown, Pennsylvania, US"
TurnKey Health and Beauty,"2901 W. Coast Highway, Suite 200, Newport Beach, California, US"
"NORPAC (PNW Veg Co., LLC)","4755 Brooklake Road Northeast, Brooks, Oregon, US"
Howe Company,"629 West Main Street, Grove City, Pennsylvania, US"
Coco Bakery,"6226 Danville Rd., Mississauga, Ontario, CA"
Boombox Beverage LLC,", Skokie, Illinois, US"
Intelligent Blends,"5330 Eastgate Mall, San Diego, California, US"
Kettle Heroes Popcorn,"1705 West Ruby Drive, Tempe, Arizona, US"
Lemon Lily Organic Tea,"747 Queen St E., Toronto, Ontario, CA"
Beleaf,"No. 305 Hushan Street, Taoyuan City, Taoyuan, TW"
R.E. Kimball & Co,"73 Merrimac Street, Amesbury, Massachusetts, US"
Hudson River Foods,"22 Hamilton Way, Castleton, New York, US"
Ciuti International,"10865 Jersey Boulevard, Rancho Cucamonga, California, US"
Avatar Natural Foods,"1301 S Boulder Hwy. Ste. 130 Henderson, NV 89015 USA, Henderson, Nevada, US"
Green Star Labs,"4075 Ruffin Road, San Diego, California, US"
Industrial Packaging,"5 Cudworth Rd., Webster, Massachusetts, US"
Sunflower Hemp Co.,"3002 N Rotary Terrace, Pittsburg, Kansas, US"
Brooks' Bottling,"5560 State Highway 7, Oneonta, NewYork, US"
Texana Brands Olive Oil,"23703 IH 35, Suite 105B, Kyle, Texas, US"
Hinkle Fine Foods,"4800 Wadsworth Road, Dayton, Ohio, US"
RM Palmer,"800 Van Reed Road, Wyomissing, Pennsylvania, US"
Tribute Baking Company,"527 Casanova St., Bronx, NY, US"
Bollore Inc.,"60 Louisa Viens Drive, Dayville, Connecticut, US"
Bakery Express,"4711 Hollins Ferry Rd., Halethorpe, Maryland, US"
Fischer & Wieser Specialty Foods,"411 South Lincoln Street, Fredericksburg, Texas, US"
Ardent Mills ,"3939 Producers Drive, Stockton, California, US"
Potosi Beverage Company,"209 South Main Street, Potosi, Wisconsin, US"
Innovation Foods,"4 Gorton Road, Millville, New Jersey, US"
Presto Labels & Packaging,"2653 Technical Drive, Miamisburg, Ohio, US"
Denali Ingredients,"2400 S Calhoun Rd, New Berlin, Wisconsin, US"
Iya Foods,"31W290 Schoger Drive, Naperville, Illinois, US"
Dak Pak Llc,"39771 South Dakota 34, Woonsocket, South Dakota, US"
Primal Essence,"1351 Maulhardt Avenue, Oxnard, California, US"
Catalyst Development Inc,"22-8980 Fraserwood Ct, Burnaby, British Columbia, CA"
Schreiber Foods,"208 Dykeman Road, Shippensburg, Pennsylvania, US"
Clement's Pastry Shop,"3355 52nd Avenue, Hyattsville, Maryland, US"
Fourth Street Foods,"Charleroi, Pennsylvania, US"
"Eagle Labs, Inc.","630 Brooker Creek Blvd., Suite 335, Oldsmar, Florida, US"
Bongards Premium Cheese,"13200 County Rd 51, Bongards, Minnesota, US"
The Produce Connection,"96 Audubon Road, Wakefield, Massachusetts, US"
Rica’s Way,"9001 NW 97 Terr. Unit “M”, Medley, Florida, US"
COMPAX Packaging,"431 Neil Armstrong Rd, Salt Lake City, Utah, US"
List Distillery,"3680 Evans Avenue, Fort Myers, Florida, US"
sourceM,"1370 N St Andrews Place,, Los Angeles, California, US"
Cadeco-Deer Park,"2851 East Pasadena Boulevard, Deer Park, Texas, US"
Aspen Global,"999 East 1950 North Market Place Dr, Spanish Fork, Utah, US"
Daiya Foods,"3100 Production Way, Burnaby, British Columbia, CA"
Chesapeake Bay Foods,"2601 Georgetown Road, Baltimore, Maryland, US"
PennPak Solutions Inc,"157 N Commerce Way, Bethlehem, Pennsylvania, US"
"InvaPharm, Inc.","Ontario, California, US"
Piedmont National Corporation,"174 Distribution Drive, Birmingham, Alabama, US"
Priority Packaging,"2920 Northwest Boulevard, Plymouth, Minnesota, US"
Essential Spirits Alambic Distilleries,"144B South Whisman Road, Mountain View, California, US"
Islamorada Beverages,"3200 St. Lucie Boulevard, Fort Pierce, FL, 34946, Fort Pierce, Florida, US"
Stever's Candy,"623 Park Avenue, Rochester, New York, US"
Sigma Services Corporation,"2701 Deborah Avenue, Zion, Illinois, US"
"Great Atlantic Trading, Inc.","Ocean Isle Beach, NC 28469, USA, Ocean Isle Beach, North Carolina, US"
Beaverton Foods Inc.,"7100 NE Century Blvd., Hillsboro, Oregon, US"
Earth Ranch LLC,"N173W21170 Northwest Passage, Wisconsin, US"
Pacific Coast Producers,"1376 Lemen Avenue, Woodland, California, US"
Stack Street Coffee,"55 West Railroad Ave., West Haverstraw, New York, US"
"LB Processors, LLC","1864 Mosley Ferry Rd, Chapmansboro, Tennessee, US"
Darlington Snacks,"10475 Crosspoint Boulevard, Indianapolis, Indiana, US"
Todd's,"4413 Northeast 14th Street, Des Moines, Iowa, US"
Thankful,"6315 Monarch Park Place, Longmont, Colorado, US"
Lone Star Labels,"330 Lake Park Rd Suite 101, Lewisville, Texas, US"
Walker's Fresh Foods,"506 East 12th Avenue, North Kansas City, Missouri, US"
Giant Texas Distillers,"5610 Clinton Drive, Houston, Texas, US"
SVB Foods,"717 Corning Way, Martinsburg, West Virginia, US"
North Florida Bottling LLC,"1630 Old Bainbridge Rd, Tallahassee, Florida, US"
Stiles Honey,"859 King Georges Road, Woodbridge Township, New Jersey, US"
LallyPak,"1209 Central Ave, Hillside, New Jersey, US"
"3CHI","8500 E116th Street, Fishers, Indiana, US"
LeGrand,"69 Emilien Marcoux Street, Blainville, Quebec, CA"
Oregon Potato,"P.O. Box 3110, Pasco, Washington, US"
MetaBev,"6 Gloria Lane,, Fairfield, New Jersey, US"
Victory Hemp Foods,"252 Jay Louden Road, Carrollton, Kentucky, US"
EVO Packaging Inc.,"1385 Madeline Lane, Suite 100, Elgin, Illinois, US"
IC Global Nutraceuticals Private Label,"100 W 24th st, Hialeah, Florida, US"
Babia,"17220 St Andrews, San Antonio, Texas, US"
Brutocao Cellars,"13500 U.S. 101, HOPLAND, California, US"
Bond Bakery Brands,"55 St. Clair Ave. W Suite 408, Toronto, Ontario, CA"
Two Trees Distilling Co.,"17 Continuum Drive, Fletcher, North Carolina, US"
Consolidated Packaging Group,"9880 West Maple Street, Orland, Indiana, US"
The Vegan Copacker,"San Diego, California, US"
Rader Farms,"1270 E Badger Rd, Lynden, Washington, US"
TVS Inc,"353 Banner Farm Road, Mills River, North Carolina, US"
De Leon Packaging Corp,"473 GETTY AVE, Paterson, New Jersey, US"
Blendtek,"10 Goddard Crescent, Cambridge, Ontario, CA"
Yellow Emperor,"PO Box 2631, Eugene, Oregon, US"
"Two Rivers Coffee, LLC","101 Kentile Road, South Plainfield, New Jersey, US"
Not Just Cookies Wholesale Bakery,"4300 W Lake St, Chicago, IL 60624, United States, Chicago, Illinois, US"
Mockingbird Food Group LLC,"4020 Black Gold Drive, Dallas, Texas, US"
Cafe Spice,"511 Fishkill Avenue, Beacon, New York, US"
"Performance Packaging of Nevada, LLC","5550 S. Fort Apache Road, Suite 102, Las Vegas, Nevada, US"
C.J. Dannemiller Co.,"5300 South Hametown Road, Norton, Ohio, US"
Callan JMB,"244 Flightline Drive, Spring Branch, Texas, US"
Coalition Foods,"1768 TN-100, Centerville, Centerville, Tennessee, US"
Mount Franklin Foods,"1800 Northwestern Drive, El Paso, Texas, US"
"McJak Candy Company, LLC","1087 Branch Road, Medina, Ohio, US"
Vox Nutrition,"5647 Wells Park Road, West Jordan, Utah, US"
Henry Broch Foods,"625 Public Service Avenue, Waukegan, Illinois, US"
CBD Printer,"Monterrey, Monterrey, MX"
Element Bars,"1140 South Washtenaw Avenue, Chicago, Illinois, US"
Fortress Nutrition,"16595 West Stratton Drive, New Berlin, Wisconsin, US"
Harpy. E LLC,"Oregon, US"
Buoyant Brands Inc.,"6042 Broadview Road, Parma, Ohio, US"
Vanguard Culinary Group,"716 Whitfield Street, Fayetteville, North Carolina, US"
Sleeping Giant Brewing Company,"2500 West 5th Avenue, Denver, CO 80223, USA, Denver, Colorado, US"
Max's Kitchen,"1211 S. 7th St, Modesto, California, US"
Organimed LLC,"12068 Miramar Parkway, Miramar, FL 33025, United States, Miramar, Florida, US"
Canbrands Specialty Foods Inc.,"3500 Laird Rd Unit 4, Mississauga, Ontario, CA"
Pasco Foods,"20308 State Highway 71, Spicewood, Texas, US"
Pure Functional Foods,"267 State Route 89, South Savannah, New York, US"
Crux Ingredients,""
"Consolidated Mills, Inc.","7190 Brittmoore Road, Houston, Texas, US"
Lief Labs,"28903 Avenue Paine, Valencia, California, US"
"Rasi Laboratories, Inc.","320 Half Acre Road, Cranbury, New Jersey, US"
National Frozen Foods,"10504 WA-28, Quincy, Washington, US"
East Wind Nut Butters,"1361 County Road 547, Tecumseh, Missouri, US"
Trimpack LLC,"904 S. Primrose Ave, Monrovia, California, US"
"Morasch Meats, Inc.","4050 Northeast 158th Avenue, Portland, Oregon, US"
FormTight Inc.,"11600 E 51st Ave, Denver, Colorado, US"
Atlantic Packaging,"806 N. 23rd Street, Baton Rouge, Louisiana, US"
Arbre Farms,"6362 N 192nd Ave, Walkerville, Michigan, US"
Evermade Foods,"6775 Kennedy Rd., Warrenton, Virginia, US"
CEDAR F&B LLC,"7403 Gateway Ct., Manassas, Virginia, US"
Rival Labs,"2225 E Belt Line Rd Suite 105, Carrollton, Texas, US"
We Pack Logistics,"2300 13th Street, Paris, Texas, US"
Delicouki,"5695-118 Bd des Grandes-Prairies, Montreal, Quebec, CA"
"Macrocap Labs, Inc.","975 Bennett Dr,, Longwood, Florida, US"
T.H.E.M.,"5 East Stow Road, Evesham, New Jersey, US"
Sterling Beverage Co,"160 James E Casey Drive,, New York, US"
ECOPACKABLES,"1185 Park Center Dr, Vista, California, US"
Custom Blending Solutions,"Johnsburg, Illinois, US"
Covelli Premium Dough Products,"1132 Broadway Street, Buffalo, New York, US"
Utica Specialty Foods,"18 Sidney Circle, Kenilworth, New Jersey, US"
Siddha Remedies,"California, US"
Genesis Manufacturing,"Utah, US"
Bespoken Spirits Inc.,"101 W Loudon Ave #136, Lexington, Kentucky, US"
Pressery,"4600 Joliet Street, Denver, Colorado, US"
Auntie B’s Custom Blending,"204 Railroad Street, Converse, Indiana, US"
American Nuts,"6226 Industrial Way, Livermore, California, US"
Rudolph Foods,"1050 Progress Circle, Lawrenceville, Georgia, US"
Comfort Foods,"9900 Montgomery Boulevard Northeast, Albuquerque, New Mexico, US"
WePackItAll,"2745 Huntington Drive, Duarte, California, US"
Nutriient,"2612 West 400 North, Lindon, Utah, US"
Create-A-Pack Foods Inc.,"1730 Executive Drive, Oconomowoc, Wisconsin, US"
English Mountain Spring Water Company,"3161 Old Highway 411, Dandridge, Tennessee, US"
Veritacor,"1873 N. Magnolia Ave, Orlando, Florida, US"
Logic Packaging,"2900 S FAIRVIEW ST, Santa Ana, California, US"
Circle Beverage,"1050 East Washington Street, Indianapolis, Indiana, US"
"Red River Foods, Inc.","2840 Sprouse Dr, Richmond, Virginia, US"
Clarendon Flavors,"2500 Stanley Gault Pkwy, Louisville, Kentucky, US"
Bear Stewart,"1025 North Damen Avenue, Chicago, Illinois, US"
Blue Runner Foods Inc,"726 South Burnside Avenue, Gonzales, Louisiana, US"
Chelten House Products,"607 Heron Drive, Logan Township, New Jersey, US"
United Citrus,"185 Constitution Drive, Taunton, Massachusetts, US"
Fortune Favors,"2086 Atwood Ave, Madison, Wisconsin 53704, US, Madison, Wisconsin, US"
Econopac,"490 Midwest Road, Toronto, Ontario, CA"
Saraya USA,"1470 W 1200 N St,, Orem, Utah, US"
Kraft Heinz Ingredients Corp,"801 Waukegan Glenview, Glenview, Illinois, US"
Rad Manufacturing and Extracts,"860 Commercial Lane, Palmer Lake, Colorado, US"
California Aseptic Beverages,"11020 Poplar Ave, Fontana CA 92336, Fontana, California, US"
Janus Food Group,"50 Blue Hill Road, Northumberland, Pennsylvania, US"
All-In Nutritionals,"5060 S Charleston Pike, Springfield, Ohio, US"
Hemp Depot,"Colorado Springs, CO 80907, USA, Colorado Springs, Colorado, US"
Assemblies Unlimited,"141 Covington Drive, Bloomingdale, Illinois, US"
The Revere Group,"9310 4th Ave S, Seattle, Washington, US"
"Ambassador Meat Distributors, Inc.","2856 Guinotte Avenue, Kansas City, Missouri, US"
ZoRoCo Packaging,"20148 Monte Way, Caldwell, Idaho, US"
Dewey's Bakery,"3840 Kimwell Drive, Winston-Salem, North Carolina, US"
Kingmaker Foods,"7698 Zionsville Road, Indianapolis, Indiana, US"
American Packaging,"5910 S.Whitewater Circle, Holladay, Utah, US"
Martini Packaging,"16600 Koala Rd, Adelanto, California, US"
BLACK BAND Distillery,"1000 SW Adams St, Peoria, Illinois, US"
Matt Pak Inc.,"2910 Commerce Street, Franklin Park, Illinois, US"
Malnove Holding Company Inc.,"13434 F Street, Omaha, Nebraska, US"
Impact Brews,"4831 Spring Grove Avenue, Cincinnati, Ohio, US"
Stuarts Spices,"754 South Clinton Avenue, Rochester, New York, US"
Wolfgang Confectioners,"110 Trooper Ct, York, Pennsylvania, US"
Big Boss Baking Company,"629 McWay Drive, High Point, North Carolina, US"
"CSA Packaging, LLC","850 Pickens Industrial Drive, Atlanta, Georgia, US"
Penny Plate,"601 Penny Plate Drive, Glasgow, Missouri, US"
YaYA Foods Corp.,"450-B Kipling Avenue, Toronto, Ontario, CA"
EcoEnclose,"Illinois, US"
Antithesis Foods Inc.,", , Indiana, US"
FGF Brands,"1295 Ormont Drive, Toronto, Ontario, CA"
Canyonside Labs LLC,"621 Washington Street South, Suite 100, Twin Falls, Idaho, US"
Wellness Croft,"208 South Meadow Road, Plymouth, Massachusetts, US"
Dare Foods Limited,"25 Cherry Blossom Road, Cambridge, Ontario, CA"
"Coracao Confections, Inc.","1401 Marina Way S, Richmond, California, "
Pace Processing,"Unit 107 19495 - 55 Avenue, Surrey, British Columbia, CA"
Bauderer Packaging,"775 West Belden Ave. Suite A, Addison, Illinois, US"
Stampede Culinary Partners,"10500 Railroad Dr, El Paso, Texas, US"
Fairy Tale Cotton Candy,"5120 Park Ave, Des Moines, Iowa, US"
Washington Potato Company,"1900 W 1st St, Warden, Washington, US"
Granola Co-Packer,"629 McWay Drive, High Point, North Carolina, US"
"Bernice's Foods, Inc","7111 W 151st Street, 326, Overland Park, Kansas, US"
Florida Products,"Florida Products 100 mts Norte de la entrada principal de CENADA, Barreal de Heredia, Heredia, CR"
Bravo Foods & Bakery,"527 Commercial Drive, Statham, Georgia, US"
Rich Product Corporation,"21511 Division Street, Lockport, Illinois, US"
Hebert Foods,"574 Hartford Turnpike, Shrewsbury, Massachusetts, US"
Associated Milk Producers Inc.,"136 East Railway Street, Freeman, South Dakota, US"
"Yost Foods, Inc.","2795 Westway Drive, Brunswick, Ohio, US"
Comfort Foods Co-Packing & Processing Llc,"9900 Montgomery Boulevard Northeast, Albuquerque, New Mexico, US"
Pegasus Foods Inc,"1635 Innovation Drive, Rockwall, Texas, US"
Metarom USA,"1725 Gillespie Way, El Cajon, California, US"
Symphony Sorbet,"California, US"
Dickinson Frozen Foods,"600 NW 21st St, Fruitland, Idaho, US"
Orleans Packing Co,"1715 Hyde Park Avenue, Boston, Massachusetts, US"
Pivot Sweets,"5320 W River Dr NE, Grand Rapids, Michigan, US"
Freeze Pack,"302 Venture Road, Pasco, Washington, US"
Certified Origins,"Via del Madonnino 7, Fraz. Braccagni - 58100 Grosseto (IT), Braccagni, Grosseto, IT"
Meteoric Biopharmaceuticals,"9th Floor, Earth Arise Building, Near YMCA Club, S.G. Highway, Ahmedabad, Gujarat 380015, India, Ahmedabad, Gujarat, IN"
Neeyaan,"4 Corporate Drive, Cranbury, New Jersey, US"
Country Pure Foods,"58 West Road, Ellington, Connecticut, US"
ePac Flexible Packaging,"1856 Corporate Dr. #170, Norcross, Georgia, US"
Customflex/CannaZip,"954 Maple Rd, Buffalo, New York, US"
POWpack,"7 Eastmans Road, Parsippany-Troy Hills, New Jersey, US"
"Probst Preserves, Inc.","3290 West 3500 South, Charleston, Utah, US"
"World Wide Gourmet Foods, Inc.","21616 87th Ave SE,, Woodinville, Washington, US"
National Dry Company,"30 Arrow Road, Toronto, Ontario, CA"
"LiDestri Foods, Inc.","568 South Temperance Avenue, Fresno, California, US"
Ingredients Corporation Of America,"1270 Warford Street, Memphis, Tennessee, US"
"Eximius Coffee, LLC","5610 Clinton Drive, Houston, Texas, US"
Proper Beverage Co.,"4432 South Buttermilk Court, Hudsonville, Michigan, US"
"Milo's Whole World Gourmet, LLC.","296 South Harper Street, Nelsonville, Ohio, US"
Pittston CoPackers,""
Troppy Foods,IN
MZ Packaging,"1630 S 4650 W, Salt Lake City, Utah, US"
FirstWave Innovations,"8000 Middlesex Corporate Pkwy, Middlesex, North Carolina, US"
Passamaquoddy Wild Blueberry Company,"RR1, Columbia Falls, Maine, US"
Pacific Manufacturing And Design,"9520 Black Mountain Rd, San Diego, California, US"
AE Global,"16301 NW 15th Avenue, Miami, Florida, US"
Qualia Specialty Provisions,"655 East 10 Mile Road, Madison Heights, Michigan, US"
"EPD, Inc.","1407 East Cedar Street, Angleton, Texas, US"
Tejas Beer,"2101 Summer Street, Houston, Texas, US"
Kamuk,CR
Triple Sticks,"9200 W. Main Street, Belleville, Illinois, US"
Josh Packaging Inc,"245 Marcus Blvd., Hauppauge, New York, US"
MillPress Imports,"2146 City Line Road, Bethlehem, Pennsylvania, US"
Aaron Packaging,"4000 150th Ave., Ct E, Sumner, Washington, US"
White Coffee,"18-35 Steinway Place, Long Island City, New York, US"
Performance Packaging,"5219 Telegraph Road, Toledo, Ohio, US"
"Dishaka, LLC","13843 Stafford Road, Stafford, Texas, US"
Bactolac Pharmaceutical,"620 Old Willets Path, Hauppauge, New York, US"
PDM Distribution Services Inc.,"Boone, Iowa, US"
Icon Foods,"19250 NE Portal Way, Portland, Oregon, US"
VIVA 5,"239 2nd Avenue South Suite 200, St. Petersburg, Florida, US"
GSR Brands Kettle Cooked Solutions,", , "
"Burnette Foods, Inc.","87171 County Road 687, Hartford, Michigan, US"
Malt Products Corporation,"4744 Wolf Creek Pike, Dayton, Ohio, US"
Initiative Foods,"1945 Industrial Way, Sanger, California, US"
"The Bainbridge Beverage Co., LLC","2941 Friday Rd, Coloma, Michigan, US"
Brite Way Foods,"4718 Belmont Ave., Youngstown, Ohio, US"
MYD Energizar,"Gainesville, Florida, US"
Mart Frozen Foods LLC,"1825 E. 16th St., Idaho Falls, Idaho, US"
CoRo Coffee,"Berkely, California, US"
Luna Gourmet Coffee & Tea Company,"610 East 55th Avenue, Denver, Colorado, US"
Dutch Treat Foods,"3255 Production Court, Zeeland, Michigan, US"
Nummies Bakery,"32 Leone Lane, Chester, New York, US"
Terra Cotta Foods Ltd.,"9-36 Armstrong Ave, Georgetown, Ontario, CA"
Gem State Processing,"951 US-30, Heyburn, Idaho, US"
Eastgate Group,"611 Norgal Drive, Lebanon, Ohio, US"
Luker Chocolate,"Street 13 # 68-98 Bogota, Bogota, DC, CO"
MDS Foods Inc,"331 Joint Park Boulevard, Tullahoma, Tennessee, US"
Aegle Nutrition,"1300 Hutton Drive Suite 110, Carrollton, Texas, US"
Wyandot Snacks Inc,"135 Wyandot Avenue, Marion, Ohio, US"
Shepherd Foods,"752 North 2250 West, Springville, Utah, US"
Berlin Packaging,"525 West Monroe Street, Chicago, Illinois, US"
Wildway,"10203 Kotzebue Street, San Antonio, Texas, US"
Turchetti's Salumeria,"1801 S East Street, Indianapolis, Indiana, US"
Covert Nutra,"Denver, Colorado, US"
The Factory at 17th Street Barbecue,"1616B Walnut Street, Murphysboro, Illinois, US"
Drink More Water,"7595 Rickenbacker Drive, Gaithersburg, Maryland, US"
Paradise Tomato Kitchens,"1600 Crums Lane, Louisville, Kentucky, US"
The Onion Crock,"1221 Mc Reynolds Avenue Northwest, Grand Rapids, Michigan, US"
Charcuterie Artisans,"1000 Charcuterie Drive, Mapleville, Rhode Island, US"
Foodberry,"75 Sprague Street, Boston, Massachusetts, US"
The Fresh Factory,"238 Tubeway Drive, Carol Stream, Illinois, US"
"COMMAND Nutritionals, LLC","10 Washington Avenue, Fairfield, New Jersey, US"
Aunt Gussie's Cookies,"141 Lanza Avenue, Garfield, New Jersey, US"
YouBar Inc.,"445 Wilson Way, City of Industry, California, US"
Azoria Foods,"3310 East Corona Avenue, Phoenix, Arizona, US"
SDC Nutrition Inc.,"170 Industry Drive, Pittsburgh, PA 15275, USA, Pittsburgh, Pennsylvania, US"
Nutra Coast,"1485 Northwood Dr., Suite 203, Saint Augustine, Florida, US"
Columbia Packaging Group,"62805 Bennett Ave, Cambridge, Ohio, US"
Bakery On Main / Uncle Crumbles,"127 Park Ave Suite 100, East Hartford, Connecticut, US"
Alex's Meat & Provisions,"5600 1st Avenue Unit B-16, Brooklyn, New York, US"
Quantum Canning,"3540 State Highway 52 Unit A2, Boulder, Colorado, US"
Sky Nutro,"65 Moon St, Southbridge, Massachusetts, US"
JMA Food Group,"232 Columbus Ave, Roselle, New Jersey, US"
Baily Foods,"2501 West 20th Street, Granite City, Illinois, US"
H A Rider & Sons,"2482 Freedom Boulevard, Watsonville, California, US"
Crescent Box,"900 168 Road Suite C-6, Turnersville, New Jersey, US"
Brother and Sister Food,"811 Spangler Road, Camp Hill, Pennsylvania, US"
Gagne Foods,"25 Wing Farm Parkway, Bath, Maine, US"
Brooke & Bradford,"759 S. Gladiola Street, Salt Lake City, Utah, US"
Sunrise Bakery,"14728 119 Avenue Northwest, Edmonton, Alberta, CA"
Contract Comestibles,"2004 Beulah Avenue, East Troy, Wisconsin, US"
KC Global Network,"Los Angeles, California, US"
NOSH Butters,"410 Chestnut Boulevard, Cuyahoga Falls, Ohio, US"
Algro International LLC,"16530 Bake Pkwy, Irvine, California, US"
Badlander,"760 FLORENCE ST, Helena, Montana, US"
Aurora Natural,"205 Edison Rd., Orange, Connecticut, US"
Ibitta Enterprises Inc,"4593 Firestone Boulevard, South Gate, California, US"
PackEdge Inc.,"100 Sanford St., Hamden, Connecticut, US"
Econo-Pak,"535 Route 6 & 209, Milford, Pennsylvania, US"
Dante Disposables LLC,US
Mayer Brothers,"5786 Limekiln Road, Wolcott, New York, US"
"United Foods International (USA), Inc.","23447 Cabot Boulevard, Hayward, California, US"
MPH Logistics,"MPH Inc., 1340 Locust St. Fremont, Michigan 49412, Fremont, Michigan, US"
"Coloma Frozen Foods, Inc.","4261 Coloma Road, Coloma, Michigan, US"
VitaCare Pharma,"111 Skyline Drive, South Plainfield, New Jersey, US"
TreeHouse Foods (Powdered Beverages),"Manawa, Wisconsin, US"
"BMA USA, Inc.","7923 Gloria Ave., Van Nuys, California, US"
Pasco Processing,"P.O. Box 3110, Pasco, Washington, US"
The Good Bread Company,"1020 E Franklin Ave, Minneapolis, Minnesota, US"
Vanns Spices Ltd,"6920 Tudsbury Road, Milford Mill, Maryland, US"
"Cola Foods, Llc","7 Industrial Road, Cranston, RI 02888, Cranston, Rhode Island, US"
"Makers Nutrition, LLC","315 Oser Avenue, Hauppauge, New York, US"
Langavi Chocolates,"Sede 34104, Durango, MX"
"Arena Prepared Foods, LLC","49 Hassey Street, New Bedford, Massachusetts, US"
Snackwerks,"180 East Goodale Avenue, Battle Creek, Michigan, US"
Vale Packaging Limited,"35 Venture Ave, Halifax, Nova Scotia, CA"
Oregon Potato Company,"Salem, Oregon, US"
Golden Valley Industries,"960 Lone Palm, California, US"
The Organic Snack Company,"14 Commerce Court, Bedford, Pennsylvania, US"
Impact,"104 East 6th South, Heber City, Utah, US"
Sea Salt Superstore,"1106 Shuksan Way, Everett, Washington, US"
"Amerilab Technologies, Inc","2765 Niagara Lane North, Plymouth, Minnesota, US"
Midas Foods International,"10750 Capital Street, Oak Park, Michigan, US"
House-Autry Mills,"7000 U.S. Highway 301 South, Four Oaks, North Carolina, US"
The Jel Sert Company,"501 Conde Street, West Chicago, Illinois, US"
Windy City Organics,"3865 Commercial Avenue, Northbrook, Illinois, US"
Bridgford Foods,"1415 West 44th Street, Chicago, Illinois, US"
Temecula Coffee Roasters,"43064 Blackdeer Loop Suite F, Temecula, California, US"
Vertical Acres Farm,"Indiana, US"
"Legend Packaging Group, Inc.","1840 Arrow Hwy, La Verne, California, US"
ELIS Manufacturing & Packaging Solutions Inc,"2470 N State Hwy 34, Kaufman, Texas, US"
Tipton Mills Foods,"835 South Mapleton Street, Columbus, Indiana, US"
Gramercy Bakery,"7175 South Belcastro Street, Las Vegas, Nevada, US"
Stik-Pak Solutions,"501 Commonwealth Parkway, Rocky Mount, Virginia, US"
LorAnn Oils,"4518 North Aurelius Road, Lansing, Michigan, US"
FEAST food works,"3300 Oley Turnpike Rd, Reading, Pennsylvania, US"
Secret Creamery,"1301 S Boulder Hwy. Ste. 130 Henderson, NV 89015 USA, Henderson, Nevada, US"
Blue Print Foods,"2021 W Fulton St, Chicago, Illinois, US"
"Golding, Inc","8850 Pershall Road, Hazelwood, Missouri, US"
Wildpack Beverage,"1301 Edison Highway, Baltimore, Maryland, US"
DreamPak Food & Beverage,"17100 West Ryerson Road, New Berlin, Wisconsin, US"
Miller's Craft Meats,"1122 Industrial Way, Lodi, CA 95240, Lodi, California, US"
Cougar Mountain Baking Company,"4224 24th Avenue West, Seattle, Washington, US"
BrewDog,", Columbus, Ohio, US"
GT Foods,"3251 County Road 1503, Rusk, Texas, US"
Crafty Counter Launch Partners,"15320 Cooper Avenue, Harvey, Illinois, US"
Artisan Kitchens,"2060 Alexander St, Charleston, South Carolina, US"
Nutri-Nation Functional Foods,"1560 Broadway – Unit 1110, Port Coquitiam, British Columbia, CA"
Plant Plant,"Heath, Ohio, US"
Miss jones bakery,"Sandusky, Ohio, US"
Bluepoint Bakery,"1721 East 58th Avenue, Denver, Colorado, US"
Addison James Foods,"4513 Southwest Cargo Way, Palm City, Florida, US"
"Deseret Laboratories, Inc.","1414 E 3850 S St., George, Utah, US"
Teton Valley Brands,"3313 West Cherry Lane Suite 215, Meridian, Idaho, US"
Paragraphics,"Canton, Ohio, US"
Resilux,"265 John Brooks Road, Pendergrass, Georgia, US"
SoGreenPack,"1309 Coffeen Avenue Suite 1200, Sheridan, Wyoming, US"
"Oregon Potato Company, Boardman, OR","650 Columbia Ave NE, Boardman, Oregon, US"
"Butterfield Foods, LLC","635 Westfield Road, Noblesville, Indiana, US"
Griffo Distillery,"1320 Scott St, Suite A, Petaluma, CA 94954, USA, Petaluma, California, US"
"Totai America, Inc.","19675 Mariner Ave, Torrance, California, US"
SP Brands,"4900 E Pacific Place, Denver, Colorado, US"
HD Packaging,"Henderson, Nevada, US"
"Master Blends, LLC","616 Spring Hill Drive, Suite 300, Spring, Texas, US"
