name,domain
LANXESS Corporation,lanxess.com
A.S.I. International Inc.,info-asi.net
Rahal Fruits & Flavors Inc.,rahalfruits.com
Stauber Performance Ingredients,stauberusa.com
MATCHA.COM,bulk.matcha.com
Cherry Central Cooperative,cherrycentral.com
Brothers International Ingredients Divisions,brothersinternational.com
"NutriScience Innovations, LLC",nutriscienceusa.com
ABV Corp,abvcorp.net
3 Mountains - Sarilla,drinksarilla.com
3A Antioxidants,tres-a.net
3i Solutions,3isolutions.com
4Potentia,4potentia.com
5 Star Organic Foods,5star-foods.com
A&B Ingredients,abingredients.com
A. H. A International Co Ltd,ahabiochem.com
A. Holliday & Company Inc.,teacoff.com
AAK,aak.com
AB Enzymes,abenzymes.com
Abbott Blackstone,abbottblackstone.com
ABF Ingredients,abfingredients.com
ABITEC,abiteccorp.com
Above Food's Specialty Ingredients,abovefood.com
ABS FOODS LIMITED,absfoodingredients.com
ABV Products Co.,abvproducts.com
Accurate Ingredients,acing.net
Acme-Hardesty Co.,acme-hardesty.com
ADM/Matsutani,fibersol.com
AEB Biochemical,aeb-group.com
AEP Colloids,aepcolloids.com
AFP Aseptic FruitPurees,asepticfruitpurees.com
Agridient Inc,agridient.com
AgriFiber,agrifibersolutions.com
Agri-Mark Whey Proteins/Cabot Cheese,agrimark.net
AgroAmerica,agroamerica.com
Agrocomplex,agrocomplex.com.pl
Agropur Ingredients,agropur.com
AGT Foods,agtfoods.com
"AIDP, Inc.",aidp.com
AIPrime Nutritions Pvt.,aiprimeorganic.com
"Ajinomoto Foods North America, Inc.",ajinomotofoods.com
AK Nisasta,aknisasta.com.tr
Akay,akay-group.com
Akc Commodities,akccommodities.com
Al Barakah Dates Factory,albarakahdatesfactory.com
Alca Trading Corp,alcacorp.com
Allive,allive.com
"Almendra Americas, LLC",almendra.com
Almi International,almi.at
Aloe Jaumave,aloejaumave.com
Aloecorp,aloecorp.com
Aloha Medicinals,alohamedicinals.com
Alpha Biosciences,alphabiosciences.com
Altalena,altalenawholesale.com
Alvinesa Natural Ingredients,alvinesa.com
Amai Proteins,amaiproteins.com
Amano Enzyme USA,amano-enzyme.com
Amber Wave,amberwaveusa.com
AMCO Proteins,amcoproteins.com
AME Nutritional Ingredients,amenutrition.com
American Botanicals,americanbotanicals.com
American Fiber,americanfiber.com
American Ingredients Inc.,americaningredientsinc.com
"American International Foods, Inc.",americaninternationalfoods.com
American Key Food Products,akfponline.com
Amerigo Scientific,amerigoscientific.com
Amerikoa Ingredients,amerikoa.com
Ampak Company,ampakcompany.com
Amyris,amyris.com
AnaBio Technologies,anabio.ie
Anchor Ingredients,anchoringredients.com
Andersen Shelling,andersenshelling.com
Anderson Advanced Ingredients,andersonglobalgroup.com
Angel Yeast,en.angelyeast.com
Anhui Jinhe Industrial Co Ltd,en.jinheshiye.com
Anhui Sealong Biotechnology Co Ltd,en.sealong.cn
"Antares Health Products, Inc.",tpgs.com
Antithesis Foods,antithesisfoods.com
Applied Food Sciences,appliedfoods.com
"Applied Food Sciences, Inc.",appliedfoods.com
Apura Ingredients Inc.,apuraingredients.com
Araza Natural Purees,arazapurees.com
Arborea,arborea.io
Arcadia Biosciences,arcadiabio.com
Archer Daniels Midland (ADM),adm.com
Ardent Mills,ardentmills.com
"Arizona Algae Products, LLC",azalgae.com
Arla Foods,arla.com
Armand Products,armandproducts.com
ARMCOM,armcommodities.com
Aroxa - Cara Technologies,cara-online.com
Arshine Food Additives Co.,arshinefoodadditives.com
Artemis International - Berryceuticals®,artemis-nutraceuticals.com
Artemis-Nutraceuticals,artemis-nutraceuticals.com
Aspen Beverage Group,finlays.net
Aspen Global Enterprises,aspenglobalenterprise.com
ASR Group-Domino,asr-group.com
ATPGroup,atpgroup.com
Aust & Hachmann (Canada) Ltd/Ltee,austhachcanada.com
Austrade Inc,austradeinc.com
Ausvita Nutrition,linkedin.com
Avatar Honey,avatarmanukahoney.com
"Avebe America, Inc.",avebe.com
Avena Foods,avenafoods.com
Axiom Foods,axiomfoods.com
Azelis Americas,azelis.com
Azuca,azuca.co
Azumex Corp,azumexsugar.com
B&D Nutritional Ingredients,bdnutritional.com
B&D Nutritional Ingredients Inc.,bdnutritional.com
B.T. Sweet,cambya.com
Back of the Yards Algae Sciences,algaesciences.com
Bakels / Aromatic USA,bakelsusa.com
"Baolingbao biology Co., Ltd",blb-cn.com
Barentz,barentz.com
Bartek Ingredients,bartek.ca
"Bascom Maple Farms, Inc",bascommaple.com
Batory Foods,batoryfoods.com
Bay State Milling,baystatemilling.com
Bay State Milling Company,baystatemilling.com
BBFY Industrial USA,bbfyusa.com
BCFoods,bcfoods.com
Bedemco,bedemco.com
BENEO Inc.,beneo.com
Bergstrom Nutrition,balchem.com
Berkeley Yeast,berkeleyyeast.com
Best Ground International,bestground.com.mx
Better-Juice,better-juice.com
BevSource,bevsource.com
BG Organics,bg-organics.com
BGG,bggworld.com
BI Nutraceuticals,botanicals.com
Bickford Flavors,bickfordflavors.com
Billy Goat Hop Farm,billygoathopfarm.com
Bio Factor Group LLC,bio-factor.com
Bioactive Resources,bioactive-resources.com
BioActives,bioactives.com
"Bio-Botanica, Inc.",bio-botanica.com
Biocatalysts Ltd,biocatalysts.com
Biocreations Asia,biocreations.asia
"Bioenergy Life Science, Inc.",bioenergylifescience.com
BIOMILQ,biomilq.com
BioNeutra Inc.,bioneutra.ca
Bionutrigen Co Ltd,bionutrigen.com
Biorigin,biorigin.net
Bioriginal,bioriginal.com
Biospringer,biospringer.com
BioVeritas LLC,bioveritas.com
Blendtek Fine Ingredients,blendtek.com
Bloomage Biotechnology,bloomagebioactive.com
Blue California Inc,bluecal-ingredients.com
Blue Diamond Growers,bdingredients.com
Blue Evolution Foods,blueevolution.com
Blue Sky Hemp Ventures,blueskyhempventures.com
Bluegrass Ingredients,bluegrassingredients.com
"Bohemia Hop, a.s.",bohemiahop.cz
Boortmalt/Prairie Malt,boortmalt.com
Boreas Freeze Dry,boreasfreezedry.com
Botanic Healthcare,botanichealthcare.net
Botanikind,botanikind.com
Brewery Direct,brewerydirect.com
Bromex Sp. z o.o,bromex.com.pl
BSI,brewingscience.com
Buchanan Global Ingredients,buchananglobal.com
Buck Creek Distributing,buckcreekhops.com
Budenheim USA Inc,budenheim.com
Bunge,bunge.com
Burleson's Honey,burlesons-honey.com
Butter Buds,bbuds.com
Cache Creek Foods,cachecreekfoods.com
Caif,caldic.com
"Cain Food Industries, Inc.",cainfood.com
California Cereal Products,californiacereal.com
California Natural Color,californianaturalcolor.com
"California Spice Basket, Inc.",caspicebasket.com
Camlin Fine Sciences Ltd,camlinfs.com
Canadian Oats Milling Ltd.,canadian-oats.com
Capol LLC,capol.de
Carbon Activated Corp.,activatedcarbon.com
"Caregen Co., Ltd.",caregen.com
Carmi Flavors,carmiflavors.com
Cascade Organic Farms,cascademilling.com
Cascade Organic Flour,cascademilling.com
Casey Ingredients,caseying.com
Castle Malting S.A.,castlemalting.com
Catalina Food Solutions,catalinafoodsolutions.com
Catania Oils,cataniaoils.com
CBS BREW,cbsbrew.com
CEAMSA / Palmer Holland,ceamsa.com
Centra Foods,centrafoods.com
Central Milling Company,centralmilling.com
Cepham Inc,cepham.com
Ceylon Cinnamon,ceylonspice.us
Charles Faram,charlesfaram.com
Chaucer,chaucerfoods.com
Chemi Nutra,cheminutra.com
Chemital,chemitalfood.com
Chihon Biotechnology Co Ltd,chihonbio.com
China Garlic,jinxiyuanfood.com
Chinova Bioworks,chinovabioworks.com
CHS Inc.,chsinc.com
Church & Dwight (ARM & HAMMER Performance Products),ahperformance.com
CII Foods - Cereal Ingredients,ciifoods.com
CIRANDA,ciranda.com
Cirona Labs,cironalabs.com
Citadelle,citadelle-camp.coop
Citromil,citromil.net
Citrus Argentina,citrusargentina.com
Citrus Extracts,allthingscitrus.com
CJ Bio,cjbio.net
CK Ingredients Inc,ckingredients.com
Clarendon Flavors,clarendonflavors.com
Clarkson Specialty Lecithins,clarksongrain.com
Clear Source US,clearsourceus.com
C-Merak,c-merak.ca
CO2Sustain®,co2sustain.com
"Codexis, Inc.",codexis.com
COFCO Corporation,cofco.com
Colcafe Corporativo,industriacolombianadecafe.com
Colcafé S.A.S.,colcafe.com
Cold Valley Farms,coldvalleyfarms.com
Coleman Hops,colemanag.com
Colony Gums Inc,colonygums.com
Colorado Hemp Works,coloradohempworks.com
Colorado Malting Company,coloradomaltingcompany.com
Columbus Vegetable Oils,cvoils.com
Comet-Bio,comet-bio.com
Commercial Creamery Company,cheesepowder.com
Compound Solutions Inc.,compoundsolutions.com
Comvita,comvita.com
COO-OP,coo-op.com
Corbion,corbion.com
Core Fruit Ingredients,core-fruit.com
Cosun Protein,cosunprotein.com
Country Malt Group,countrymalt.com
Covation Bio,covationbiopdo.com
Covico Coconut Solutions,covico.com
CP Kelco,cpkelco.com
CR Citrus,crcitrus.com
Crain Walnut Shelling Inc,crainwalnut.com
Creative Compounds,creativecompounds.com
Crisp Malting Group Ltd.,crispmalt.com
Crosby Hops,crosbyhops.com
Crown Iron Works,crowniron.com
CSM Ingredients,csmingredients.com
CSPC Nutritionals,cspcusa.com
CUBIQ FOODS,cubiqfoods.com
Cultivated Biosciences,cultivated.bio
Custom Flavors,customflavors.com
Custom Food Ingredients Sdn Bhd,cfigroup.com
D9 Designs,d9designs.com
DairyChem,dairychem.com
DakotaMB,dakotamb.com
"DDW, The Color House",ddwcolor.com
De Wit Speciality Oils,dewitoils.nl
Deko International,dekointl.com
Del Carmen Foods,delcarmenfruits.com
Delore Group,delore.cn
Del-Val Food Ingredients,dvfi.com
Deosen Biochemical,deosen.com
Deseret Laboratories Inc.,deseretlabs.com
Desert Valley Date,desertvalleydate.com
Dexing PARCHN Sodium Isovitamin C Co,parchn.com
DFI Organics,dfiorganics.com
Diamond Nuts,diamondnuts.com
Diversified Ingredients,diversifiedingredients.com
Döhler,doehler.com
Draco Natural Products,draconatural.com
DSM - Firmenich,dsm-firmenich.com
Duchenut,duchenut.net
Durabilis Sweeteners,durabilissweet.com
East Coast Crush & Co-Pack,crushandcopack.com
ECOM Cocoa,ecomtrading.com
Ecopol,ecopol.com
EcoProducts B'Ayoba,baobabexports.com
Ecovative,ecovative.com
"Ecuadorian Rainforest, LLC",intotherainforest.com
"Efco Products, Inc.",efcoproducts.com
Efecan Ingredients,efecan.com.tr
Elite Spice,elitespice.com
Elo Life Systems,elolife.com
Embassy Ingredients Ltd.,embassyingredients.com
Emerling Foods,emerfood.com
Emmi Nutritional Solutions (ENS),emminutritionals.com
Emsland Group,emslandamerica.com
Encore Fruit Marketing,encorefruit.com
"Entosense, LLC",entosense.com
Enveed,enveedhemp.com
Enzyme Development Corporation,enzymedevelopment.com
Epogee,epogee.com
"Equichem International, Inc.",equichem.com
Equinom,equi-nom.com
Erie Foods International,eriefoods.com
Erkon Konsantre AS,erkonsantre.com
Escarpment Laboratories Inc,escarpmentlabs.com
Essentia Protein Solutions,essentiaproteins.com
Essex Food Ingredients,essexfoodingredients.com
Eurial Ingredients & Nutrition,eurial-ingredients.com
EUROVANILLE Inc.,eurovanille.com
Evergrain Ingredients,evergrainingredients.com
Evergreen Sweeteners Inc,esweeteners.com
Exandal Corp / Colorexa Corp,exandal.com
ExcelVite Inc.,excelvite.com
Eybna,eybna.com
F&B Masters International Group,fbmna.com
F&S Fresh Foods,fsfreshfoods.com
F.G.F. Trapani,fgftrapani.com
Fallon Trading Co Inc,fallontrading.com
Faravelli,faravelli.us
Farbest Brands,farbest.com
Farmington Research,farmingtonresearch.com
"FBC Industries, Inc.",fbcindustries.com
FCI Flavors,fciflavors.com
Fenchem,fenchem.com
Fermentis,fermentis.com
FFP (Florida Food Products),flafoods.com
"Fiberstar, Inc.",fiberstar.net
Fieldcraft,fieldcraft.com
Fierce Fruit,fiercefruit.com
Fine Organics,fineorganics.com
Finlay Tea Solutions,finlayusa.com
First Choice Ingredients,firstchoiceingredients.com
Flavor & Fragrance Specialties (FFS),ffs.com
Flavor Consultants,flavorconsultants.com
Flavorah & Brewch Flavors,wholesale.flavorah.com
Flex Foods Limited,flexfoodsltd.com
Florida Bulk Sales,floridabulksales.com
"Food Ingredient Solutions, LLC",foodcolor.com
Foodchem International,foodchem.cn
Forest Farmers,theforestfarmers.com
"Fortitech, Inc.",dsm.com
Franklin Baker,franklinbaker.com
Freeze-Dry Ingredients,freeze-dry-ingredients.com
Fresh Blends,freshblends.com
Fresh Hemp Foods,freshhempfoods.com
Fresh Time Foods,freshtimefoods.com
Friesland Foods Domo USA Inc.,frieslandcampinaingredients.com
"FrieslandCampina Ingredients North America, Inc.",frieslandcampina.com
Fromagex,fromagex.com
Fruit d'Or,fruitdor.ca
Fruit Purees Miami,fruitpureesmiami.com
"FruitSmart, Inc.",fruitsmart.com
Frulact,frulact.com
Fufeng Group,fufeng-group.cn
Fuji Foods USA,fujifoodsusa.com
"Fuji Health Science, Inc. & AstaReal, Inc.",astareal.com
Fuji Vegetable Oil Inc,fujioilusa.com
"Full Harvest Technologies, Inc.",fullharvest.com
Futaste Pharmaceutical,sdftyy.com
FutureCeuticals,futureceuticals.com
FutureCeuticals Van Drunen Farms,futureceuticals.com
G S Dunn Limited,gsdunn.com
Gadot Biochemical Industries,gadotbio.com
Galactic,lactic.com
Galam,galam.co.il
Galdisa USA,galdisausa.com
Gamay Food Ingredients,revelafoods.com
Gambrinus Malting Corp,gambrinusmalting.com
Ganeden,bc30probiotic.com
Garon Foods,garonfoods.com
Gateway Food Products,gatewayfoodproducts.com
GC Ingredients,gcingredients.com
Gelita,gelita.com
GELPRIME Industry - Gelatin of bovine origin,gelprime.com.br
GENCOR,gencorpacific.com
Geno,genomatica.com
Georgia Spice,gaspiceco.com
Gillco,gillco.com
Gillco Ingredients,gillco.com
"Ginkgo Bioworks Holdings, Inc.",ginkgo.bio
"Glacier Hops Ranch, Inc",glacierhopsranch.com
Glanbia Nutritionals,glanbianutritionals.com
GLG Life Tech Corporation (Stevia),glglifetech.com
"Global Essence, Inc.",globalessence.com
Global Natural Foods,globalnaturalfoods.com
"Global Organics, Ltd.",global-organics.com
Global Savors,globalsavors.com
GloryBee,glorybee.com
"GNT USA, Inc.",exberry.com
Gold Coast Ingredients,goldcoastinc.com
Golden Peanut,goldenpeanut.com
Good Culture Kombucha,goodculturekombucha.com
Graceland Fruit,gracelandfruit.com
Grain Craft,graincraft.com
Grain Millers,grainmillers.com
Grain Processing Corporation (GPC),grainprocessing.com
Grainwell Foods,grainwellfoods.com
Grande Custom Ingredients Group,grande.com
Granny's Spices,grannysspices.in
Great Western Malting,greatwesternmalting.com
Green Boy Group,greenboy.com
Green Fresh,greenfreshfood.com
Green Jeeva,greenjeeva.com
Green Source Organics,gsoextracts.com
Greenfield Global USA Inc,greenfield.com
Gremount International Company Limited,gremountint.com
Grupo PSA,grupopsa.com
Guangzhou Lemon Biotechnology Co,sinopectin.com
Guilin SanLeng Biotech,sanleng-biotech.com
"Guizhou Gui Tea Group Co.,Ltd",guitea.com
Gum Products International,gpiglobal.com
Gumix International Inc.,gumix.com
Guzen Development Inc,guzendevelopment.com
Gyeonggi Trade Promotion Agency,en.g-trade.or.kr
H & A (Canada) Inc.,hacanada.com
H B Taylor Co,hbtaylor.com
Habib Rice Products Ltd.,habibriceproducts.com
HALAVET GIDA SANAYI VE TICARET A.S.,halavet.com
Hanamaruki Foods Inc.,hanamaruki.co.jp
Handan Green and Healthy Dehydrated Vegetables Food Co.,cndehydratedfoods.com
Handary S.A,handary.com
Harvest Commodities,harvestcommoditiesinc.com
HB Natural Ingredients,hbnaturalingredients.com
"Healthy Food Ingredients (SK Food, Hesco, Suntava, Heartland Flax)",hfifamily.com
Heartland Flax (A Healthy Food Ingredients brand),hfifamily.com
Heartland FPG,heartlandfpg.com
Heartland Mill,heartlandmill.com
Heartland Supply,heartlandsupply.com
Hebei Huayu Yongcheng Food Co Ltd,hyycfood.com
Helaina,myhelaina.com
Heliae Development,heliae.com
Hemp Acres,hempacresusa.com
Hemp Foundation,hempfoundation.net
hempoilcanada.com,hempoilcanada.com
Henan Jindan Lactic Acid Technology Co.,jindanlactic.com
HENAN SUNNY FOODSTUFF,hnsunnyfood.com
Henan Tailijie Biotech Co.,tailijie.net
Hesco/Dakota Organic Products (A Healthy Food Ingredients Brand),hfifamily.com
Hibiscus Farm LLC,hibiscusfarm.com
High Hope Foods,highhopefoods.cn
HighChem America,highchem.us
Hilmar Ingredients,hilmar.com
HiveMind Beverage,hivemindbev.com
HL-AGRO-PRODUCTS PVT LTD,hlagro.com
Holton Food Products,holtonfp.com
Honestly Cranberry,honestlycranberry.com
Honey Blossom USA,thehoneyblossom.com
HoneyTree,honeytreehoney.com
Honeyville Inc.,honeyville.com
Hoogwegt Group,hoogwegt.com
Hop Head Farms,hopheadfarms.com
Hop Product Australia,hops.com.au
Hop Revolution Limited,hoprevolution.com
HOPFRANCE,hops-comptoir.com
Hops Connect,hopsconnect.com
"Hops Direct, LLC / Puterbaugh Farms",hopsdirect.com
Hopscotch USA,hopscotch.us
Hopsteiner,hopsteiner.com
HopTechnic™,hoptechnic.com
Horen Group,horengroup.com
Hormel Ingredient Solutions,hormelingredientsolutions.com
Horner International,horner-intl.com
HP Ingredients,hpingredients.com
HPS Food & Ingredients,hpsfood.ca
HTBA,htba.com
Huaheng Bio,huahengbio.com
Huayan Collagen,huayancollagen.com
Hunan Jiayi Biotechnology Co,biojiayi.com
Hunan Nutramax,nutra-max.com
HVA CEYLON,hvaceylon.com
HYDRITE,hydrite.com
ICI Foods,icifoods.com
ICL Food Specialties,iclfood.com
Icon Foods Inc,iconfoods.com
Idaho Milk Products,idahomilkproducts.com
Idaho Pacific,idahopacific.com
IFF (International Flavors & Fragrances),iff.com
Iida Group,iidagroup.co.jp
IMAG Organics,imagorganics.com
ImaginDairy,imagindairy.com
Imbibe,imbibeinc.com
Imperial Sugar Company,imperialsugar.com
Imperial Yeast,imperialyeast.com
Inca Gold Organics,incagoldorganics.com
IncasaCoffee,incasacoffee.com
Incredo,incredo.com
Indiana Sugars,sugars.com
Indie Hops LLC,indiehops.com
indyk USA,indyk.es
InfraReady Products,infrareadyproducts.com
Ingiabio,ingiabio.com
Ingredia Inc,ingredia-usa.com
Ingredients Online,ingredientsonline.com
ingredients PLUS,ingredientsplus.com.au
"Ingredients Solutions, Inc.",isi.us.com
Ingredion,ingredion.com
Ingredion Incorporated,ingredion.com
Inland Island Yeast Laboratories,inlandislandyeast.com
INNOBIO Corporation Limited,innobioglobal.com
Innophos,innophos.com
InnovoPro,innovopro.com
Intercontinental Specialty Fats (ISF),isfsb.com
Interfiber,interfiber.com
International Food,intfood.it
International Food Products Corporation,ifpc.com
International Golden Foods,naturaldate.com
Interstarch USA Inc,interstarch.com.ua
Invetek,invetek.com
Invico Worldwide,invicoworldwide.com
Irca Group,irca.eu
Island Magic Fiji - Organic Turmeric,islandmagic.net
iSpice Foods,ispicefoods.com
"Ivanhoe Industries, Inc.",ivanhoeind.com
J. Rettenmaier USA LP,jrsusa.com
Jarrow Formulas,jarrow.com
Jascole Inc,jascole.com
Javo,javobeverage.com
Javo Beverage Company,javobeverage.com
"Jebsen & Jessen Life Science, Inc.",jj-lifescience.com
Jiaherb Inc,jiaherbinc.com
JIANGSU BENEFIT OCEAN TECHNOLOGY CO,jsboc.com
Jiangsu Boli Bioproducts,bolibio.com
Jiangsu Jiangshan Pharmaceutical Co,en.jspcinc.com
Jiangyin Healthway International Trade Co.,healthwaychem.com
JJ Nuts & Seeds,jjnuts.com
"JK Sucralose, Inc.",jksucralose.com
"John Fearless Company, Inc.",johnfearlesswoodproducts.com
"John I. Haas, Inc. | BarthHaas Group",johnihaas.com
Joolies Organic Medjool Dates,go.joolies.com
Jost Chemical,jostchemical.com
"Juan Navarro Garcia, S.A.U.",juannavarro.com
Jungbunzlauer,jungbunzlauer.com
JVM Sales Corp dba Milano's Cheese,jvmsales.com
K V AGRO PRODUCTS,kvagroproducts.com
Kadoya Sesame Mills,kadoya.com
Kalustyan,kalustyan.com
Kaneka North America LLC,kaneka.com
Keicha Tea World,keichamatcha.com
"Kemin Foods, L.C.",kemin.com
Kikkoman Sales USA Inc,kikkomanusa.com
Kinish,kini-sh.com
KJ Ingredients,kjingredients.com
KMC,kmc.dk
Koel Colours Pvt. Ltd,koelcolours.com
Kokomio LLC,kokomio.com
Kowa American Corp,kowachemical.com
Kraft Chemical Co,kraftchemical.com
Krishna Enzytech Pvt Ltd,krishnaenzytech.com
KSM-66 Ashwagandha,ksm66ashwagandhaa.com
Kyoto Grain Systems,kyoto-grain.co.jp
Kyowa Hakko USA,kyowa-usa.com
La Crosse Milling,lacrossemilling.com
La Grama,lagramaperu.com
La Milanaise Mill,lamilanaise.com
La Presserie (Pure Flavors),lapresserie.com
La Tour SA,la-tour.com
Laboratorios Fem,laboratoriosfem.com
Lafaza Foods,lafaza.com
Lallemand Bio-Ingredients/Macco.,bio-lallemand.com
"Lallemand, Inc.",lallemand.com
Lalsai Dehy Foods,lalsaidehyfoods.com
Lamb Weston,lambweston.com
Land O'Lakes Inc,landolakes-ingredients.com
Lantmännen Functional Foods AB,lantmannenfunctionalfoods.com
Layn Natural Ingredients,layncorp.com
Leiber GMBH,leibergmbh.de
"Lemur International, Inc.",lemurinc.com
Leprino Foods Company,leprino.com
Les vergers Boiron,les-vergers-boiron.com
Levapan,levapan.com
Leveking Enzymes,levekingenzymes.com
Levelle,levellenutrition.com
Lief Labs,lieflabs.com
LifeSpice Ingredients,lifespiceingredients.com
Limagrain Cereal Seeds/Malt Revolution,limagraincerealseeds.com
LinkOne Ingredient Solutions,linkone-solutions.com
Linyi Wonderful Foods Co,wonderfulfood.cn
Lipid Nutrition,stepan.com
Lipidos Santiga SA,lipsa.es
LiquaDry Inc,liquadry.com
"LIX Brands, LLC",lixbrands.com
Lochhead Manufacturing,lochheadvanilla.com
LODAAT Pharmaceuticals,lodaatpharma.com
Lonza Inc.,lonza.com
Louis Dreyfus,ldc.com
Lugo Nutrition,lugonutrition.com
Lycored,lycored.com
M2 Ingredients Inc.,m2ingredients.com
"Mahashree, Inc.",mahashreegroup.com
Majestic Spice,majesticspice.com
"MAK Wood, Inc.",makwood.com
Malt Handling,malthandling.com
Malt Products Corporation,maltproducts.com
Malteurop Malting Company,malteurop.com
Maltwerks,maltwerks.com
Mane Kancor,manekancor.com
Manildra Group USA,manildrausa.com
Mantrose-Haeuser Co Inc,mantrose.com
Manus Bio,manusbio.com
Manzana Products Co,manzanaproductsco.com
Maple Leaf Farms Inc,mapleleaffarms.com
Marroquin Organic International,marroquin-organics.com
MartinBauer,martin-bauer.com
Masienda LLC,masienda.com
Master Martini USA,martiniprofessional.it
Master Sweetener,mastersweetener.com
Matahari Spice LLC,mataharispice.com
Matco Foods Pvt. Ltd.,matcofoods.com
Matrix Life Science Inc,matrixlifescience.com
Maverik Oils,maverikoils.com
Maypro Industries,maypro.com
McCormick & Co Inc,mccormick.com
McKeany-Flavell,mckeany-flavell.com
"Meduri Farms, Inc.",medurifarms.com
Meelunie America,meelunie.com
MeliBio Inc,melibio.com
MicellDD Corp,micelldd.com
Michroma,michroma.co
Microbiome Labs,microbiomelabs.com
MicroDried,microdried.com
MightyFruits,mightyfruits.com
Mill 95,mill95hops.com
Millbio,millbio.com
Miller Milling Company,millermilling.com
Milne,milnefruit.com
MINN-DAK GROWERS,minndak.com
Misitano & Stracuzzi,misitanoestracuzzi.com
Mitsubishi International Food Ingredients,mifiusa.com
"Miyako Oriental Foods, Inc.",coldmountainmiso.com
Monk Fruit Corp.,monkfruitcorp.com
Montana Craft Malt,montanacraftmalt.com
Morii Foods Inc.,morii-foods.co.jp
Morre-Tec Industries,morretec.com
Morton Salt Inc,mortonsalt.com
Motif Food Works,madewithmotif.com
Mouterij Dingemans Belgium,dingemansmout.be
"MTC Industuries, Inc.",mtcindustries.com
Multiple Organics,multipleorganics.com
"Muntons Malted Ingredients, Inc.",muntons.com
Murphy and Son,murphyandson.co.uk
Murtuza Foods Pvt Ltd,murtuzafoods.com
Mushroom Wisdom,mushroomwisdom.com
Musto Wine Grape Co,juicegrape.com
MycoLogic,mycologic.solutions
MycoTechnology,mycoiq.com
MyFOREST Foods,myforestfoods.com
National Cortina,nationalcortina.com
"Natra Midco, S.L",natra.com
Natsucar,natsucar.com
Natural & Organic Farms Mexico,nofmexico.com
Natural Agro Food,naturalagrofood.com
Natural Remedy,naturalremedy.com
Nature Bio Foods,naturebiofoods.organic
Nature’s Crops International,naturescrops.com
Nature's Ingredients,naturesingredients.solutions
Nature's Ingredients Inc.,naturesingredients.solutions
Naturipe Foods LLC.,naturipefarms.com
"Nederland USA, Inc",chocoweb.com
Neiman Brothers,neimanbrothers.com
NETZRO,netzro.us
Newest Biotech,newestbio.com
NewNature Biotechnology,newnaturebio.com
Nexira,nexira.com
Nexxus Foods Inc,nexxusfoods.com
NiHTEK,nihtek.com
Nims Food,nims.com.tr
Ningbo Herb,ningboherb.com
Niusource Inc.,niusource.com
Nobazul,camposazules.mx
Nomad Trading Co.,nomadtrading.co
"Noramco, Inc.",noramco.com
North Central Companies,northcentralco.com
"Northern Diversified Solutions, Inc.",northerndiversified.com
Northwestern Extract Co.,northwesternextract.com
Nourish Ingredients,nourishingredients.com
NOVAIR,novair-usa.com
Novel Nutrients Private Limited,novelnutrient.com
Novel Nutrients Pvt Ltd,novelnutrient.com
NP Nutra,npnutra.com
Nu Life Market,nulifemarket.com
NuCicer,nucicer.com
Nuliv Science,nulivscience.com
NURA,nurausa.com
Nuritas,nuritas.com
Nutlicious,nutlicious.com
Nutra Food Ingredients,nutrafoodingredients.com
Nutra-Agri Ingredients,nutra-agri.com
NutraEx Food,nutraex.com
NutraShure,nutrashure.com
NutraSweet,nutrasweet.com
Nutrifusion LLC,nutrifusion.com
NutriOriginal,nutrioriginal.com
Nutriterra,nutriterraomega3.com
"Nutrition 21, LLC",nutrition21.com
NUTRITION INNOVATION,linkedin.com
Nuwen,nuwen.com
NW Naturals,nwnaturals.com
NZ Hops Ltd,nzhops.co.nz
OFI,ofi.com
Oh! So Sweet/Arnhem Inc.,arnhemgroup.com
Ohly Americas,ohly.com
Ojai Energetics,ojaienergetics.com
"Old Orchard Brands, LLC",oldorchard.com
Oleon,oleon.com
Om Mushroom Superfood,ommushrooms.com
Omega Fruit Sea buckthorn Products,omegafruit.ca
Omega Ingredients Ltd,omegaingredients.co.uk
Omega Yeast Labs LLC,omegayeast.com
Omnia Nisasta,omnianisasta.com.tr
One Banana Ingredients,onebananas.com
Onego Bio,onego.bio
O'Neill Wines,oneillwine.com
Oneness Technologies,linkedin.com
Onion Usa,onionusa.com
Onset Worldwide LLC,onsetworldwide.com
Oobli Inc,oobli.com
Open Book Extracts,openbookextracts.com
Opera Bioscience,operabioscience.com
Optibiotix,optibiotix.com
Optimized Foods,optimizedfoods.com
Oregon Hazelnuts,oregonhazelnuts.org
Oregon Hops,oregonhops.org
Organic by Nature,organicbynatureinc.com
Organic Spices,organicspices.com
Osage Food Products,osagefood.com
Oskaloosa Food Products,oskyfoods.com
Out of Mexico,outofmex.com
OvaEasy,ovaeasy.com
Pacific Basin Partnership,pbpspice.com
Pacific Grain & Foods,pacificgrainandfoods.com
Pacific Rim Innovations,pacificrimbrands.ca
PACIFIKAVA,pacifikava.co
Pallas Biotech,pallasbio.com
Palm Done Right,palmdoneright.com
Pannonia Bio Zrt.,pannoniabio.com
Paradise Fruits,paradise-fruits.de
Paradise Tomato Kitchens,paradisetomato.com
Paragon Pure,paragonpure.com
Parchem,parchem.com
Pardes Dehydration Company,pardesdehydration.com
Parker Food Group,parkerfoodgroup.com
"Par-Way Group, Inc. d/b/a Par-Way Tryson Co. Inc.",vegalene.com
Paste and Juice,paste-juice.com
PAX Spices and Labs Inc,paxspices.com
Pearl Crop,pearlcrop.com
Pearl Group Corporation,vietnampepper.vn
Pecan Deluxe Candy Company,pecandeluxe.com
Pectcof B.V.,pectcof.com
Perfect Day,perfectday.com
Perimondo,perimondo.com
PGP International,pgpint.com
Pharmachem Innovations,pharmachem.com
Pharm-Rx Chemical Corporation,pharm-rxchem.com
Philadelphia Macaroni Co,philamacaroni.com
Phusis,phusisbio.com
Phytech,phytech.com
Pizzey Ingredients,pizzeyingredients.com
PLANETARIANS,planetarians.com
Plant Lipids,plantlipids.com
Plantex,plantex.fr
Plantible Foods,plantiblefoods.com
PLT Health Solutions,plthealth.com
Pocantico Resources,pocanticoresources.com
Pocono Organics,poconoorganics.com
Poindexter Nut Company,poindexternut.com
Polifar,polifar.com
Popping FUN Inc,poppingfun.com
Power Leaves,powerleaves.com
Prathista International,prathista.us
Prayon,prayon.com
"Precision Fermentation, Inc.",precisionfermentation.com
Premier Juices,premierjuices.com
PREMIUM INGREDIENT CO.,premiumingredient.com
Prenexus Health,prenexushealth.com
Princeton Partners,princetonpartners.com
Prinova USA,prinovausa.com
Proeon,proeon.co
Profile Food Ingredients,profilefoodingredients.com
Profood International,profoodinternational.com
ProKern,prokern.com
Propagate Lab,propagatelab.com
Prosi Thang Long,prosi.com.vn
"Prosur, Inc.",prosur.es
Prosweetz Ingredients Inc. (Pana Source),panasourceusa.com
Provil,provilgr.com
Provitas LLC,provitas.com
Proximity Malt LLC,proximitymalt.com
Pullman Sugar,pullmansugar.com
Puratos,puratos.com
Puratos Corporation,puratos.us
Pure & Good Foods,pgfoodsind.com
Pure & Green Life Inc.,purengreenlife.com
Puredia,puredia.com
PureNutrix,purenutrix.us
Puris Foods,puris.com
Purlee Inc.,purleeinc.com
Qimei USA,qimeiusa.com
Qingdao Lulin Processed Vegetable Co Ltd.,lulinfood.com
Quadra Group,quadragroup.com
QualiTech,qualitechco.com
Quality Ingredients Corp,qic.us
Quick Dry Foods,quickdryfoods.com
Quiet Light Communications,quietlightcom.com
RahrBSG,rahr.com
RDM International,rdmintl.com
Red Monkey Foods,redmonkeyfoods.com
Red Oak Foods LLC,redoakfoods.net
Renewal Mill,renewalmill.com
Resugar,resugar.com
Revela Foods,revelafoods.com
Ribus,ribus.com
Richardson Food & Ingredients,richardson.ca
River Valley Specialty Farms,rivervalleyfarms.ca
Riverbend Malt House,riverbendmalt.com
Roha USA LLC,roha.com
"Roquette America, Inc.",roquette.com
Royal Ingredients Group,royal-ingredients.com
Royal Ridge Fruits,royalridgefruits.com
Royal Tropics LLC,royaltropics.com
Sabater,sabaterglobal.com
Sabinsa Corporation,sabinsa.com
Sakae Aromatic,sakaearomatic.co.jp
Salba Chia,salbasmart.com
SALPA & CHERUBINI SRL,salpa.it
SALTWELL,saltwellsalt.com
"Sampco LLC, a JBS Company",sampcoinc.com
Samyang,samyang.com
"San-Ei Gen F.F.I. (U.S.A.), Inc.",saneigen.com
Santo Tomas,santotomas.com.mx
Sarda Bio Polymers Private Limited,sardabiopolymers.com
Sartori Company,sartoricheese.com
Savage Nutra,savagenutra.com
Savor,savor.it
Schare & Associates,juicedeals.com
"Schreiber Foods International, Inc.",ambrosia-foods.com
Scientific Living,slivinginc.wpengine.com
SEAGARDEN AS,seagarden-norway.com
Seawind Foods,seawindfoods.com
Segev Food,segevfood.com
Select Ingredients,selectingredients.com
Sempera Organics,semperaorganics.com
Sensegen Inc,sensegen.com
Sensient Colors LLC,na.sensientfoodcolors.com
Sensus America Inc,inspiredbyinulin.com
Sesajal,sesajal.com
Setton Farms,settonfarms.com
Shandong Jianyuan Bioengineering Co Ltd,jianyuangroup.com
Shanghai Richfield International Co Ltd,richfield-food.com
Shemberg Corporation,shemberg.com.ph
Shiru,shiru.com
Shri Ahimsa Naturals Ltd,naturalcaffeine.co.in
SIBU Sea Berry Therapy,sibu.com
"Sichuan Ingia Biosynthetic Co., Ltd.",scingia.com
Siemer Specialty Ingredients,siemerspecialtyingredients.com
SilkySweet,silkysweet.com
Simco Foods,simco.us
Simpsons Malt,simpsonsmalt.co.uk
Singing Dog Vanilla,singingdogvanilla.com
Sioux Honey Association (Sue Bee Honey),siouxhoney.com
Sirio Pharma Company Limited,siriopharma.com
SM Ingredients Inc.,smingredients.com
SmartGroupTraders INC,smartgrouptradersinc.com
Smitty Bee Honey,smittybeehoney.com
SMS Corporation,smscor.com
Socius Ingredients,sociusingredients.com
Solvay,solvay.com
Sophie's BioNutrients,sophiesbionutrients.com
SoRSE Technology,sorsetech.com
Source86 (formerly Ingredient Brothers),source86.com
SpartanNash,spartannash.com
Specialty Enzymes & Probiotics,specialtyenzymes.com
Specnova LLC,specnova.com
Spectrum Fruits,spectrumfruits.com
Spire Tea,spiretea.com
"St. Charles Trading, Inc.",stcharlestrading.com
Stauber,stauberusa.com
Stepan Lipid Nutrition North America,stepan.com
"Stiebs, LLC",stiebs.com
Stoak Technologies,stoaktechnologies.com
Stone Path Malt LLC,stonepathmalt.com
Stratas Foods,stratasfoods.com
Stratum Nutrition,stratumnutrition.com
Stryka Botanics,stryka.com
"Suan Farma, Inc.",suanfarma.com
Sugaright,cscsugar.com
"Summit Foods, Inc",summitfoodsor.com
"Sun Harvest Salt, LLC",secretsunsalt.com
Sun Impex Biz,sunimpex.biz
SUNAR,sunarmisir.com.tr
SunGarden,sproutnet.com
Sunita Hydrocolloids Inc,sunitahydrocolloids.com
SunnyGem,sunnygem.com
Sunrise Foods International Inc.,sunrisefoods.com
Sunrise Fresh,sunrisefresh.com
Suntava (A Healthy Food Ingredients Brand),hfifamily.com
Super Beta Glucan,superbetaglucan.com
Super-Biotech,super-biotech.com
Superedibles,superedibles.net
Suzanne's Specialties,suzannes-specialties.com
Suzhou-Chem,suzhouchem.com
SVZ USA Inc.,svz.com
Sweegen,sweegen.com
Sweet Green Fields,sweetgreenfields.com
Sweet Harvest Foods,sweetharvestfoods.com
Sweet Living Farms,sweetlivingfarms.com
Sweetener Products Co.,sweetenerproducts.com
Sweetener Solutions,batorysmartboards.com
Syensqo,syensqo.com
"Synbiotic Health, Inc.",synbiotichealth.com
Synthite,synthite.com
TAKOSA FOOD,takosa.com
Tasteomics,tasteomics.com
TastesNatural,tastesnatural.com
TAT Nisasta San Ve Tic A. S.,tatnisasta.com.tr
Taurus Spice,taurusspice.com
Teawolf,teawolf.com
"Techno Food Ingredients USA, Inc",techno-fi.com
Terpene Belt Farms,terpenebeltfarms.com
Terra Ingredients,terraingredients.com
Terra Nostra,terranostra.com
"Terry Laboratories, LLC",terrylabs.com
Terviva,terviva.com
The Coffee Brewmasters,thecoffeebrewmasters.com
The Hop Guild/The Fruit Guild,thehopguild.com
The Iidea Company / Naturel West,iidea.com.mx
The Ingredient House,theingredienthouse.com
The Lupulin Exchange,lupulinexchange.com
The Mushroom Company,southmill.com
The Neil Jones Food Company,neiljonesfoodcompany.com
"The Nisshin OilliO Group, Ltd.",nisshin-oillio.com
The Nutty Gourmet,nutty-gourmet.com
The Tierra Group,thetierragroup.com
The Wright Group,thewrightgroup.net
ThreePeaks Brands,threepeaksbrands.com
"Thymly Products, Inc.",thymlyproducts.com
"Tiancheng International, Inc",tianchengusa.com
TIC Gums,ingredion.com
Tiger Soy,tigersoyllc.com
"Tilley Distribution, Inc.",tilleydistribution.com
Tirlan,tirlan.com
TOMCO2 Systems Company,tomcosystems.com
"Top Health Ingredients, Inc.",tophealthingredients.com
Top Hop,hop.cz
Topchance Foods Inc,topchancefoods.com
Tosla Nutricosmetics,tosla.si
Totally Natural Solutions,totallynaturalsolutions.com
Tradin Organics LLC,tradinorganic.com
Traina Foods,trainadriedfruit.com
Trait Biosciences,traitbio.com
TransChemical,transchemical.com
Tree Top Fruit Ingredients,foodingredients.treetop.com
Trilogy Flavors,trilogyflavors.com
Trinity Fruit,trinityfruit.com
Triplebar Bio Inc.,triplebar.com
Triton Algae Innovations,tritonai.com
True Citrus,truecitrus.com
True Farms,truefarms.co
True Natural Foods,truenaturalfoods.com
True Nutrition,truenutrition.com
True Terpenes,trueterpenes.com
TSI Group,tsigroupltd.com
TurtleTree,turtletree.com
TWG Health & Nutrition,twghealthandnutrition.com
Two Track Malting,twotrackmalting.com
Ultra Ingredients,ultra-ingredients.com
Ultra Pure LLC,bulkalcohol.com
Unichem Enterprises Inc.,unichemsupply.com
Unigen,unigen.com
United Malt Group,unitedmalt.com
United Mineral & Chemical Corp.,umccorp.com
Univar Solutions,univarsolutions.com
Universal Ingredients,universalcorp.com
Value Ingredients Private Limited,valueingredients.com
Vantage Specialty Chemicals,vantagegrp.com
Vegify,eatvegify.com
Verb Biotics,verbbiotics.com
Verdure Sciences,vs-corp.com
"Versatile Products & Ingredients, LLC",versatileingredients.com
Vertosa,vertosa.com
Very Good Mfg,verygoodmfg.com
"Vida-Blend, Inc.",vida-blend.com
Vidya Herbs,vidyaherbs.com
Vie-Del Bulk Juices & Concentrates,vie-del.com
Virun,virun.com
Vitablend,vitablend.nl
Vita-Pakt Citrus Products Co,vita-pakt.com
Vivici,vivici.com
Vivion,vivion.com
Volunteer Botanicals,volunteerbotanicals.com
Vortex Cannabis Inc.,vortex-cannabis.com
W Hydrocolloids Inc,rico.com.ph
wahops.org,usahops.org
Waka Coffee Inc,wakacoffee.com
"Watson Nutrition, Inc.",watsonii.com
Waykana,waykana.com
"Welcome Dairy, Inc.",welcomedairy.com
Wellesley Therapeutics,wellesleytherapeutics.com
"Westco Chemicals, Inc.",westcochemicals.com
Western Foods,westernfoodsco.com
Westrock Coffee,westrockcoffee.com
Westrock Coffee Company,retail.westrockcoffee.com
Weyermann® Specialty Malting Company,weyermann.de
WHC Lab,whclab.com
"White Labs, Inc.",whitelabs.com
WhiteMUG - Intelligent Nutrition,whitemuginc.com
"Wholesome Sweeteners, Inc.",wholesomesweet.com
Wilatta,wilatta.com
Wilbur Ellis,wilburellis.com
Wild Blueberries,wildblueberries.com
Wild Hibiscus Flower Co,wildhibiscus.com
Willamette Valley Hops,willamettevalleyhops.com
Wintersun International Inc.,wintersunchem.com
Win-Win,eatwinwin.com
Wisconsin Spice Inc,wisconsinspice.com
Wisdom Natural Brands,wisdomnaturalbrands.com
Wixon,wixon.com
"Woodspur Farms, LLC",oasisdate.com
WTI,wtiinc.com
"Xena International, Inc.",xenainternational.com
XYProtein,xyprotein.com
Yakima Chief Hops Inc,yakimachief.com
Yakima Quality Hops,yakhops.com
Yakima Valley Hops,yakimavalleyhops.com
Yamamoto,go-yamamoto.com
Youngstown Distributors,youngstownd.com
"ZA Hops, LLC",zahops.com
Zero Egg,zeroegg.com
