name,domain
Aavishkar Oral Strips Pvt Ltd,aavishkar.com
5 Star Foods International LLC.,5star-foods.com
AAK - AarhusKarlshamn United USA,aak.com
4POTENTIA,4potentia.com
ABF Ingredients,abfingredients.com
ABC Nutritionals Ltd,abcnutritionals.com
Abbott Blackstone Co.,abbottblackstone.com
ABOX Automation Corp.,aboxautomation.com
3H LABS Co.,3hbiomedical.com
A To Z Nutrition International,atoznutritioninc.com
AceBiome,ingredientsnetwork.com
Actylis,actylis.com
Acme-Hardesty,acme-hardesty.com
Actichem,actichem.net
ACG,nike.com
Accelerated Freeze Drying Company Ltd.,amalgamfoods.com
Actus Nutrition,actus.com
ADH Health Products Inc.,adhhealth.com
Activ'Inside,activinside.com
ADM/Matsutani LLC,matsutaniamerica.com
Advanced Biotech,adv-bio.com
Aditya Chemicals,adityachemicals.in
AgEx Pharma LLC,agexpharma.com
Agronic Food Pvt. Ltd.,agronicfood.com
ADM,adm.com
AGROPUR,agropur.com
Advenza LLC,advenza.biz
AGT Foods,agtfoods.com
Act Polyols Pvt Limited,actpolyols.com
AIDP Inc.,aidp.com
Ahiflower – Natures Crops International,ahiflower.com
Akay Bioactives,akaybioactives.com
AIPRIME NUTRITIONS PVT. LTD.,aiprimeorganic.com
Aker BioMarine Human Ingredients AS,akerbiomarine.com
AL BARAKAH DATES – FOODLINKS LLC,albarakahdatesfactory.com
AlaskOmega /Wiley Companies,alaskomega.com
Airlite Plastics Company,airliteplastics.com
Aiya Matcha (Aiya America Inc.),aiya-america.com
AlfaCaps,alfacaps.com
AlgaeCytes Germany GmbH,algaecytes.com
AlgaeCytes Limited,algaecytes.com
Aloe Jaumave Sa De Cv,aloejaumave.com
Aloecorp,aloecorp.com
Alkemist Labs,alkemist.com
Algalif Iceland ehf.,algalif.is
Alpha Plus Tech,alphaplustech.us
Almendra Americas,almendra.com
Alpine Natural Nutrients Inc.,alpinenaturalnutrients.com
Ambe NS Agro Products Pvt. Ltd.,ambeorganic.com
AMCO Proteins,amcoproteins.com
Aloha Medicinals and American Botanicals,americanbotanicals.com
Alzchem Group AG,alzchem.com
Amapharm GmbH,amapharm.de
American Authentic Nutrition,aangrassfed.com
American International Container,aicontainer.com
Ambe Phytoextracts Pvt.,ambe-group.com
American Laboratories,americanlaboratories.com
American Lecithin Co.,americanlecithin.us
American River Nutrition,americanrivernutrition.com
American HuaYi Co,exhibitor.supplysideeast.com
AMRU RICE CAMBODIA CO . LTD.,amrurice.com.kh
Analytical Resource Labs,analyticalresource.com
American SanjiangBio Nutrition,americansanjiangbio.com
Ampak Company,ampakcompany.com
Anderson Advanced Ingredients,advancedingredients.com
Ankaim Inc.,ankaim.com
Anthanor Labs Inc.,athanorlabs.net
Aoi Matcha,aoimatcha.com
Andritz Separation,andritz.com
Amoretti,amoretti.com
Aptar CSP Technologies,csptechnologies.com
Applied Food Sciences (AFS),appliedfoods.com
Apura Ingredients,apuraingredients.com
Ara Testing Labs,aratesting.com
ArcticSource1,arcticsource1.com
Arista Industries,aristaindustries.com
Arizona Custom Blends,acbmfg.com
Arla Foods Ingredients,arlafoodsingredients.com
Arjuna Natural LLC,arjunanatural.com
Apollo Ingredients Pvt. Ltd,ingredientsnetwork.com
Arnet Pharmaceutical,arnetusa.com
ARMCOM,armcommodities.com
Aroma NZ,aromanz.com
Artemis International,artemis-nutraceuticals.com
Asahi Kasei America,asahi-kasei.com
Associated Labels,associatedlp.com
AstaReal,astarealusa.com
Athos Collagen Pvt. Ltd.,athoscollagen.com
Aspire Pharmaceuticals,aspire-pharma.com
Atlantia Clinical Trials Ltd.,atlantiaclinicaltrials.com
Atlantic Chemicals Trading of North America,act.de
Aurea Biolabs/Plant Lipids,aureabiolabs.com
AuNutra Industries Inc.,aunutra.com
Austrade Inc.,austradeinc.com
Avena Foods Ltd,avenafoods.com
Aviva Natural Supplements,avivanaturals.com
AYANA BIO,ayanabio.com
Avery WePrint Labels,avery.com
Aura Sciences,aurabiosciences.com
Azelis Pharma &amp; Healthcare US,azelis.com
Banned Substances Control Group (BSCG),nugevity.com
Barentz,barentz.com
Balchem Corp.,balchem.com
Barrington Nutritionals,barringtonnutritionals.com
Barlean's Organic Oil LLC,barleans.com
BASF,basf.com
BART Sp. z.o.o.,bart.pl
Bata Food LLC,batafood.com
Bascom Maple Farms,bascommaple.com
Batory Foods,batoryfoods.com
BCFoods,bcfoods.com
BBFY Industrial USA Inc.,bbfyusa.com
Bedemco Inc.,bedemco.com
Bariatrix Nutrition Corp,bariatrix.com
Beehive Botanicals,beehivebotanicals.com
Beijing Leway International Fairs Co.,tofswa.86exporter.com
Berlin Packaging,berlinpackaging.com
Berkem,berkem.it
Bertoli Homogenizers North America,bertoli-homogenizersna.com
BG Organics,bg-organics.com
Bioactive Resources,bioactive-resources.com
BGG,boardgamegeek.com
BioCaps Enterprises,biocaps.net
BIO-CAT,bio-cat.com
Bio-Botanica Inc.,bio-botanica.com
BIOGRUND US,biogrund.com
Biohm Technologies,biohmtechnologies.com
bioMerieux,biomerieux.com
Bionap USA Inc.,bionap.com
BioCell Technology LLC,biocelltechnology.com
BioNeutra North America,bioneutra.ca
Bioenergy Life Science,bioenergylifescience.com
Biosfered S.r.l.,biosfered.com
BioTess | APD,adp.com
Bioriginal Foods &amp; Science,bioriginal.com
Bi-Pac Nutraceutical,bipacnutraceutical.com
Biova,biova.com
Black Label Ingredients,blacklabelingredients.com
Blue Mountain Labs LLC,bluemfg.com
Blue Pacific Flavors Inc.,bluepacificflavors.com
BONCHA BONCHA INTERNATIONAL COMPANY LIMITED,bonchabio.com
Botalys SA,botalys.com
Bloomage Biotechnology Corp.,bloomagebioactive.com
Borong Bio,borongbio.com
Botanic Healthcare Pvt Ltd,botanichealthcare.net
Bruker,bruker.com
Briess Malt &amp; Ingredients Co.,briess.com
Brenntag North America,brenntag.com
Bright Pharma Caps,brightpharmacaps.com
Budenheim USA,budenheim.com
BTSA,btsa.com
C.A.P.S.,nhl.com
Bunker Foods Corp.,bunkerfoods.ca
Caldic,caldic.com
CALTRON CLAYS &amp; CHEMICALS PVT.LTD.,caltronclays.com
Cambridge Commodities Inc.,us.cambridgecommodities.com
California Natural Color - Polyphenolics - MegaNatural®-BP,polyphenolics.com
CapPlus Technologies,capplustech.com
Cargill,cargill.com
CapsCanada,capscanada.com
CAPTEK® Softgel International,capteksoftgel.com
Catherych,catherych.com
Carmi Flavor &amp; Fragrance Co.,carmiflavors.com
Caseus Group LLC,caseusgroup.com
Catalent Pharma Solutions,catalent.com
Cell Biotech,cellbiotech.in
CCPIT Sub-Council of Chemical Industry,chinaexhibition.com
Century Foods International,centuryfoods.com
Cepham Inc.,cepham.com
CellMark Ingredients,cellmark.com
Cellg8,cellg8.com
Certified Laboratories,certified-laboratories.com
Chenland Nutritionals,chenland.com
Chemi Nutra LLC,cheminutra.com
China Vitamins,chinavitamins-llc.com
Charles Bowman &amp; Company,charlesbowman.com
China Chamber Of Commerce for Import &amp; Export of Medicines &amp; Health Products,devex.com
CII,cii.in
Cilicant Inc.,cilicant.com
CINA Corporation dba - Cinsulin.com,cinsulin.com
CIAPST (BEIJING) INTERNATIONAL EXHIBITION CO LTD,exhibitor.supplysideglobal.com
Ciranda,ciranda.com
Citromax Flavors,citromaxflavors.com
Clarkson Specialty Lecithins,clarksonspecialtylecithins.com
CJ BIO,cjbio.net
CK Ingredients,ckingredients.com
Compound Solutions Inc.,compoundsolutions.com
ColorMaker Inc.,colormaker.com
Colorcon,colorcon.com
Clasen Quality Chocolate,cqc.com
Comar,comar.com
Condensa S.A.,condensa.com
Contek Life Science Co.,contek.asia
Chubby Gorilla,chubbygorilla.com
CoreFX Ingredients,corefxingredients.com
CRB,crbgroup.com
Custom Flavors,customflavors.com
CVC Technologies,cvcusa.com
CSL USA Inc.,cslusa.com
D&amp;L Premium Foods,dnl.com.ph
Custom Packaging Solutions,thecustompackaging.com
Daabon Organic USA,daabonusa.com
Daesang America,daesangamerica.com
Daicel ChemTech,daicelchemtech.com
Custom Label,customlabel.com
Deutsche Extrakt Kaffee GmbH,dek.de
De Wit Speciality Oils,dewitoils.nl
Deseret Laboratories Inc.,deseretlabs.com
Document Compliance Network,documentcompliance.com
Dairy Farmers Of America,dfamilk.com
Devansoy,devansoy.com
Divis Nutraceuticals,divisnutra.com
DMC Biotechnologies,dmcbio.com
Domino Specialty Ingredients/ASR Group,dominospecialtyingredients.com
DolCas Biotech,dolcas-biotech.com
Dr. Pharm-USA,drpharm-usa.com
Dosic Import And Export Co. Ltd.,dosic.com
dsm-firmenich,dsm-firmenich.com
Eagle Labs Inc.,eaglelabsinc.com
DropperBottles.com,dropperbottles.com
Draco Natural Products,draconatural.com
Duas Rodas,duasrodas.com
Earth Made Nutritions Inc. (Organic Herb Inc USA Branch),em-herb.com
Ecoxtract,ecoxtract.com
Ecuadorian Rainforest,intotherainforest.com
Eirich Machines-American Process Systems,eirichusa.com
Elevate Health Sciences,elevatehealthsciences.com
Enterobiome Inc.,enterobiome.com
EMBOCAPS &amp; GELTECH &amp; NATURALENDO TECH,embocaps.com
Enwave Corporation,enwave.net
Dongyu USI,dongyuusi.lookchem.com
Epax Norway AS,epax.com
Epstein Becker Green,ebglaw.com
Eaglechem,eaglechem.in
Ethical Naturals,ethicalnaturals.com
Erie Foods International,eriefoods.com
Eurofins Food Chemistry Testing Des Moines,eurofinsus.com
Empwr Nutrition Group,empwrnutrition.com
Eva Nutra,evanutra.com
Euromed USA,euromedgroup.com
Everest Formulations,everestformulations.com
Everlite Nutraceuticals,everlitenutraceuticals.com
Evonik Corporation,evonik.com
Excellentia International,excellentiainternational.com
ExcelVite Sdn. Bhd.,excelvite.com
Factory 6,runefactory.com
Farbest Brands,farbest.com
Fast Track Packaging Inc.,ftpackaging.ca
Fallwood Corporation,fallwoodcorp.com
FCI Flavors,fciflavors.com
Federal Equipment Company,fedequip.com
Fernando's Food Partners,fernandosfoodpartners.com
FGF Trapani,fgftrapani.com
Firsd Tea North America,firsdtea.com
Fine Pharma INC,finepharma.com
Fismer Lecithin GmbH,fismer-lecithin.com
Flavor Consultants,flavorconsultants.com
Flavor Insights,flavorinsights.com
Flavorcan International Inc.,flavorcan.ca
Flavorchem,flavorchem.com
Florida Food Products,floridafood.com
foodguys,foodguys.com
FoodPharma,foodpharma.com
Foodtopia,exploreasheville.com
Formulation Technology,formulationtech.com
Fortis Solutions Group,fortissolutionsgroup.com
Freemen Nutra Group LLC.,freemennutra.com
Fraupharma,fraupharma.com
Freund,freundglobal.com
FrieslandCampina Ingredients North America,frieslandcampinaingredients.com
Fres-co System USA,fresco.com
Fruit d'Or Nutraceuticals,fruitdor.ca
Fuller Enterprise USA,fulleringredients.com
Fujian Lichuang Biotech Co.,synapse.patsnap.com
FUNTRITION,funtrition.com
FutureCeuticals,futureceuticals.com
Gadot America,gadotbio.com
Galam,galamgroup.com
GCI Nutrients,gcinutrients.com
Gelita USA,gelita.com
GEMCO,gemcomedical.com
Gelner Gida A.S.,gelner.com.tr
GenMont Biotech,en.genmont.com.tw
Generichem Corp.,generichem.com
Gencor/Pharmako,gencorpacific.com
Gemini Pharmaceuticals,geminipharm.com
Geno,genoauriemma.com
Genu-in,genu-in.com
GF FERMENTECH Inc.,gffermentech.com
Genova Pharma LLC,genovapharmaus.com
Givaudan Flavors Corporation,givaudan.com
Gillco Ingredients,gillco.com
Global Bioingredients,globalbioingredients.com
Glatt Air Techniques,glatt.com
Global Widget,globalwidget.com
GlobePharma,globepharma.com
Glanbia Nutritionals,glanbianutritionals.com
Global Sterilization and Fumigation,globalsterilization.com
GloryBee,glorybee.com
Global Organics Ltd.,global-organics.com
GMP Laboratories of America,gmplabs.com
Gnosis by Lesaffre,gnosisbylesaffre.com
Gold Coast Ingredients,goldcoastinc.com
Golden Omega,goldenomega.cl
Grain Millers,grainmillers.com
GOED OMEGA 3,goedomega3.com
Grasslands Food &amp; Ingredients Ltd,grasslandsltd.com
Gravis Global,gravisglobal.com
Grain Processing Corporation (GPC),grainprocessing.com
Graminex,graminex.com
Gourmet Mushrooms,gmushrooms.com
Greenvit,greenvit.pl
GNT USA,exberry.com
H3 Plastics,h3plastics.com
Greenyn Biotechnology Co.,greenynbio.com
Green Source Organics,gsoextracts.com
Grontvedt Biotech,grontvedtbiotech.no
Halavet Gelatines,halavet.com.tr
H&amp;M USA Inc.,www2.hm.com
Hanamaruki Foods Inc.,hanamaruki.co.jp
HBI Health &amp; Beauty Innovations,health-beauty-international.com
HDDES Extracts Pvt. Ltd.,hddes.com
Healthy Food Ingredients,hfifamily.com
Heat and Control,heatandcontrol.com
Heray Saffron,herayspice.com
Helaina,myhelaina.com
HINDUSTAN MINT &amp; AGRO PRODUCTS PVT LTD,hindustanmint.com
Hilmar,hilmar.com
HONEYGREEN S.A.U.,honeygreen.com
Herbal Creations USA LLC,herbal-creations.com
HP Ingredients,hpingredients.com
Hong Kong SinoExpo,imsinoexpo.com
Herbstreith &amp; Fox Inc.,herbstreith-fox.de
HTBA (HealthTech BioActives),htba.com
Horphag Research USA,pycnogenol.com
Hunan Jiayexing International Exhibition Co.,exhibitor.supplysideglobal.com
Hybrid Confections,hybridconfections.com
HPS Food &amp; Ingredients,hpsfood.ca
HydroReleased Ingredients,hydroreleasedingredients.com
Hydrosome Labs,hydrosomelabs.com
hyLabs,hylabs.co.il
Icon Foods,iconfoods.com
IFC Solutions,ifc-solutions.com
ICL Food Specialties,iclfood.com
IFF,iff.com
IFF Pharma Solutions,pharma.iff.com
IgY Nutrition,igynutrition.com
IGY Immune Technologies &amp; Life Sciences Inc.,igylifesciences.com
IMA North America,ima.it
IEH Laboratories &amp; Consulting Group,iehinc.com
Imbibe,imbibemagazine.com
Immuno-Dynamics,immunodynamics.com
IMCD,imcdgroup.com
India Glycols Ltd.,indiaglycols.com
Impact Products,impactproducts.com
Indus Biotech Limited,indusbiotech.com
Indo Phytochem Pharmaceuticals,indophytochem.com
INFORMED Sport/INFORMED Choice,choice.wetestyoutrust.com
Ingredia,ingredia.com
Ingredients By Nature,ingredientsbynature.com
Indena USA,indena.com
Ingredient Brothers,source86.com
Ingredion,ingredion.com
Innophos,innophos.com
Innocap Micro Encapsulation Technologies,exhibitor.supplysideglobal.com
Inovar Packaging Group,inovarpackaging.com
innoVactiv Inc.,innovactiv.com
Innovative Labs,innovativelabs.com
INQUIS Clinical Research,inquis.com
International Food Products Corp.,ifpc.com
Intelligent Blends,intelligentblends.com
InvaPharm,invapharm.com
Invico Worldwide,invicoworldwide.com
INW: Innovations in Nutrition and Wellness,inwmfg.com
Irati International,irati.fr
Ivanhoe Industries Inc.,ivanhoeind.com
ITALGEL S.p.A,italgel.com
J. Rettenmaier USA LP,jrsusa.com
Japan Bio Science Laboratory Co.,jbsl-net.com
Jebsen &amp; Jessen Life Science,jj-lifescience.com
Jellice Co.,jellicecollagen.com
Jiaherb,jiaherbinc.com
Jennison Quality Components Inc.,jennisonqc.com
JK Botanicals Pvt. Ltd.,jairamdass.com
Jost Chemical,jostchemical.com
JRS PHARMA,jrspharma.com
Jungbunzlauer,jungbunzlauer.com
Kaize Group Limited,kaizeorganic.com
KD Nutra,kdnutra.kdpharmagroup.com
JHD Corp,jhdcorp.com
Kaneka North America,kaneka.co.jp
K. Patel Phyto Extractions Private Limited,phytoextractskp.com
Kemin Industries Inc,kemin.com
Keicha Matcha,keichamatcha.com
Kerry,kerry.com
Ketone Labs,ketone.com
Kingdomway USA,kdw-usa.com
KINJIRUSHI Co.,kinjirushi.co.jp
Konark Herbals &amp; Healthcare Pvt. Ltd.,konarkherbals.com
Korean Red Ginseng Corp.,kgc.co.kr
KEY International,keyinternational.com
Krishna Enzytech,krishnaenzytech.com
KSM-66 Ashwagandha,ksm66ashwagandhaa.com
KULKAO S.A,kulkao.com
Kyowa Hakko,kyowa-usa.com
L.B. Bohle,lbbohle.com
Labomar Canada Inc.,labomarcanada.com
Laboratoires Expanscience,expanscience.com
Lakanto,lakanto.com
Lalilab,lalilab.com
Lallemand Health Solutions,lallemand-health-solutions.com
Lavisa,lovisa.com
LBB Specialties,lbbspecialties.com
Lefan Capsule Inc.,lefancaps.com
Lerøy Seafood Group,leroyseafood.com
LEMUR International Inc.,lemurinc.com
Lactalis American Group,lactalisamericangroup.com
Les Industries Bernard &amp; Fils Ltee,bernards.ca
Lithotype,lithotype.com
Lief Labs,lieflabs.com
Life Bridge International,lifebridgeintl.com
Lodaat Pharma,lodaatpharma.com
Lonza Capsules &amp; Health Ingredients,lonza.com
Lorand Laboratories,lorandlabs.com
Lycored,lycored.com
Logical Square LLC,logicalsquare.com
Lovingly Made,lovinglymade.ca
Louis Dreyfus Company,ldc.com
Malt Products Corporation,maltproducts.com
Marinova Pty Ltd,marinova.com.au
Marron Foods,marronfoods.com
Maolac Ltd.,maolac.com
M2 Ingredients Inc.,m2ingredients.com
MANE,mane.com
Markan Global Enterprises Inc.,markanglobal.com
Marroquin Organic International,marroquin-organics.com
Martech Research,martechresearch.com
Martin Marietta Magnesia Specialties,magnesiaspecialties.com
MERIEUX NutriSciences,merieuxnutrisciences.com
Melt-to-Make,melt-to-make.com
Master Sweetener,mastersweetener.com
Maypro Industries,maypro.com
MeriCal,merical.com
Matco Foods Limited,matcofoods.com
Meteoric Biopharmaceutical USA,meteoricbiopharma.com
Metarom USA,metaromusa.com
Mibelle AG Biochemistry,mibellebiochemistry.com
Micro Salt Inc.,microsaltinc.com
Microthermics,microthermics.com
Microphyt Inc,microphyt.eu
MicroDried,microdried.com
Mineral BioSciences,mineralbiosciences.com
Mineral Resources International,mineralresourcesint.com
Mission Pharmacal Company | CDMO,missionpharmacal.com
Mineralife Nutraceuticals,mycustommanufacturer.com
Mitsubishi International Food Ingredients,mifiusa.com
MJS Packaging,mjspackaging.com
Molecular BioLife International Inc.,molecularbiolife.com
Monterey NUTRA,montereynutra.com
Montana Global Health,montanaglobalhealth.com
Molecular Health Technologies,molecularhealthtech.com
Molecules Biolabs Pvt. Ltd.,moleculesgroup.com
Morinaga Nutritional Foods,morinaga-usa.com
Mother Murphy's Flavors,mothermurphys.com
Mosaic Flavors,mosaicflavors.com
MRP Solutions,mrpcap.com
MTC Industries,mtcindustries.com
Mueggenburg USA,mueggenburg-usa.com
Multi-Pak Corporation,multi-pak.com
Muscadine Products Corp.,muscadineproducts.com
Natac,natacgroup.com
Munson Machinery Co.,munsonmachinery.com
Nammex,nammex.com
Mushroom Wisdom,mushroomwisdom.com
National Harvest Corp.,national-harvest.com
Mullins Cheese &amp; Whey,mullinswhey.com
Natural Alternatives Intl/CarnoSyn Brands,nai-online.com
Natural Remedies,naturalremedy.com
Navada Imports,navadaimports.com
Natural Trace,natural-trace.com
NDC Exports Pvt Ltd,cocomate.com
Natural Wellness Now Health Products,nowfoods.com
Nature's Ingredients Inc.,naturesingredients.solutions
Neil Jones Food Company,neiljonesfoodcompany.com
Neo Cremar Co.,cremar.co.kr
NESSO,nesso.com
Nehal Naturals LLP,nehalnaturals.com
Nestle Quality Assurance Center (NQAC) Dublin,nqacdublin.com
New Acai Amazonas,newacaiamazonas.com
Newport Flavors,newportflavours.com
Nexira,nexira.com
Newgen Biotech USA Inc.,newgenbiotech.com
Nexatis Inc.,nexatisus.com
Nexus Laboratori s.r.l.,nexuslabs.eu
NEXXUS Foods,nexxusfoods.com
Nexus Wise SDN BHD,nexuswise.com
Ningbo Green-Health Pharmaceutical Co.,green-health.com.cn
Nitta Gelatin Na,nitta-gelatin.com
NiuSource Inc.,niusource.com
NJ Labs,njlabs.com
Northwest Naturals LLC,nw-naturals.net
Novonesis,novonesis.com
Novotech Nutraceuticals,novotechnutra.com
NP Nutra,npnutra.com
NSF International,nsfsport.com
Nu-Mega Ingredients,nu-mega.com
NuLiv Science USA Inc.,nulivscience.com
Nuritas,nuritas.com
Nulixir,nulixir.com
Nuherbs Co.,nuherbs.com
Nugene Pharma (Shandong),health.nugene.com.cn
Nutra Food Ingredients,nutrafoodingredients.com
Nutra-Agri Ingredients LLC,nutra-agri.com
Nutralliance Inc.,nutralliance.com
Nutraceuticals World,nutraceuticalsworld.com
NutraIngredients-USA,nutraingredients-usa.com
NutraPak USA an Icelandirect Company,nutrapakusa.com
NutraStar Inc,nutrastar.com
NutraShure,nutrashure.com
Nutraland USA,nutralandusa.com
Nutrafutura,nutrafutura.com
Nutrastrips,nutrastrips.com
Nutriland Group,sites.google.com
Nutrient Innovations,nutrientinnovations.com
NutriOriginal Corp.,nutrioriginal.com
Nutrisport Pharmacal,nutrisportpharmacal.com
Nutriterra,nutriterraomega3.com
NutriLeads,nutrileads.com
NutriScience Innovations,nutriscienceusa.com
Nutravative Ingredients,nutravative.com
Nutriagaves de Mexico,nutriagaves.com
Nutrition Formulators,nutritionformulators.com
Nutritional Outlook Magazine,nutritionaloutlook.com
Nutrition21,nutrition21.com
Nutriventia Limited,nutriventia.com
Old Bridge Minerals,oldbridgeminerals.com
NXT-USA,nxt-usa.com
OHN Naturals,ohnnaturals.com
OMNICA CO. LTD,omnica.com
OmniActive Health Technologies,omniactives.com
Omya Inc.,omya.com
Once Again Nut Butter,onceagain.com
One Innovation Labs,oneinnovationlabs.com
Onset Worldwide,onsetworldwide.com
OneDairy,onedairy.com
OptiBiotix Health Plc,optibiotix.com
Originates Inc.,originates.com
Oregon Freeze Dry,ofd.com
Osage Food Products,osagefood.com
Organic By Nature Inc.,obncorp.net
Orgenetics Inc.,orgenetics.com
Pacific Ingredient Exchange,pacificingredient.com
Pacific Rainbow International,prinutrition.com
Package All a TricorBraun Company,packageall.com
PacMoore Process Technologies,pacmoore.com
Palmer Holland,palmerholland.com
PanaSource Ingredients Inc.,panasourceusa.com
Paradise Fruits North America,paradise-fruits.de
Paragon Laboratories,paragonlaboratories.com
Paramount Global,paramount.com
PB Leiner,pbleiner.com
PAT Vitamins Inc.,patvitamins.com
PELLUCID LIFESCIENCES PVT. LTD.,pellucidlifesciences.com
PERFEX Corporation,perfex.com
Percheron Bioceutical Co.,percheron-bioceutical.com
PERUVIAN NATURE S &amp; S SAC,peruviannature.com
Phynova Group Ltd,phynova.com
Perimondo,perimondo.com
PHOENIX,wearephoenix.com
Pharmachem Innovations,pharmachem.com
Phytochem International,phytocheminc.com
Pizzey Ingredients,pizzeyingredients.com
PhytoGaia Sdn Bhd,phytogaia.com
Plascene,plascene.com
Plantex,plantexequip.com
PNP Pharmaceuticals,pnppharmaceuticals.com
PLT Health Solutions,plthealth.com
Polymerall Flexible Packaging,polymerall.com
POM Wonderful,pomwonderful.com
Prachin Chemical Inc.,prachinchemical.com
Prestolabels.Com,prestolabels.com
PPC Flex,ppcflex.com
Premier Research Labs,prlabs.com
Pretium Packaging,pretiumpkg.com
Probiotical,probiotical.com
ProBiotix Health plc,probiotixhealth-ir.com
Prinova,prinovaglobal.com
Proliant Health &amp; Biologicals,phb1.com
Probi USA,probi.com
Pronto Fulfillment LLC,prontofulfillmentcenter.com
PROVA,provaus.com
ProTab Laboratories,protablabs.com
Provitas,provitas.com
Puredia Corporation Limited,puredia.com
PT. SATORIA AGRO INDUSTRI,satoriaagro.com
Purearth Supplies Inc,purearthsupplies.com
PURIS,puris.com
Q-Full USA,q-full.com
Quadra,quadrabags.com
QAD Redzone,rzsoftware.com
Radicle Science,radiclescience.com
Quality Ingredients Corporation,qic.us
RAFBRIX EXTRACTS,rafbrixextracts.com
Rawga,rawga.co.kr
Redox Inc.,redoxengine.com
Reliance Vitamin Company,reliancevitamin.com
Relsus Pte Ltd,relsus.com
Renaissance Flavors,renaissanceflavors.com
RFi Ingredients,rfiingredients.com
Rhema Health Products Limited,rhemamade.com
RIBUS,ribus.com
REPCO,repco.com.au
Richardson Food &amp; Ingredients,richardsonfoodandingredients.com
Rierden Chemical &amp; Trading,rierdenchemical.com
Rimfrost AS,rimfrostkrill.com
River Valley Specialty Farms,rivervalleyfarms.ca
Riviana Foods,riviana.com
Robertet USA - Fragrances &amp; Ingredients,robertet.com
ROELMI HPC USA,roelmihpc.com
Rochem International,rochemintl.com
Roha USA,roha.com
Romaco North America,romaco.com
Rooibos North America,rooibosna.com
Robinson Pharma,robinsonpharma.com
RTCO PAK INC.,rtcopackaging.com
Roquette America Inc.,roquette.com
Rousselot,darlingii.com
Sabinsa Corporation,sabinsa.com
Samyang Corporation,samyangcorp.com
S&amp;G Nutrition Inc.,sgnutriinc.com
Samriddh Nutractive Pvt. Ltd.,samriddhnutra.com
Sanat Products ( A Unit of Dr. Wilmar Schwabe),sanat.co.in
Sanner of America,sanner-group.com
Sanzyme Biologics,sanzymebiologics.com
Sabater Global,sabaterglobal.com
Sanjiang Biotech Inc.,sanjiangbiotech.com
Saputo Ingredients,saputo.com
ScentSational Technologies,scentt.com
Scientific Living Inc.,slivinginc.wpengine.com
Scoular,scoular.com
SCN Bestco,scnbestco.com
SDC Nutrition,sdcnutrition.com
See Nutrition,see-nutrition.com
SDM Nutraceuticals,sdmhealth.com
Seipel Group Inc.,seipelgroup.com
Select Ingredients,selectingredients.com
Sensapure Flavors,sensapure.com
Sentinel Vitamins,sentinelvitamins.com
Seppic,seppic.com
SETOLAS USA,setolas.us
SG Systems Global,sgsystemsglobal.com
SGS,sgs.com
Shining Seas Ingredients/Grenera Nutrients Pvt. Ltd,shiningseasingredients.com
Shree Divyanand Herbals (SD Herbs),sdherbs.com
Silesia Flavors,silesia-aroma.com
Simpson Biotech Co.,simpsonbiotech-usa.com
Shenzhou Biology &amp; Technology Co.,szbtcl.en.made-in-china.com
Sigachi US,sigachi.com
Silva International,silva-intl.com
Shubh Psyllium Industries,shubhpsyllium.com
Sirio Pharma/Best Formulations,en.siriopharma.com
Sisk Fulfillment Service,siskfs.com
Smilax Psyllium Impex LLP,smilaxpsyllium.in
Smirk's Ltd.,smirks.com
SMK Global,smk-global.com
Soft Gel Technologies,soft-gel.com
Sojitz Corporation of America,sojitzamericas.com
Solabia S.A.S.,solabia.com
Solutex NA LLC,solutexcorp.com
Southeastern Reduction Company,pecanshellflour.com
Sovereign Flavors,sovereignflavors.com
Sonic Biochem Extractions Private Limited,sonicbiochem.co.in
Specnova,specnova.com
SMP Nutra,smpnutra.com
Specialty Enzymes &amp; Probiotics,specialtyenzymes.com
Starboard Bio,starboardbio.nz
St. Charles Trading,stcharlestrading.com
Stauber Performance Ingredients,stauberusa.com
Stratum Nutrition,stratumnutrition.com
Starwest Botanicals,starwest-botanicals.com
SuanNutra USA – Monteloeder,suannutra.com
Stryka Botanics,stryka.com
Substantiation Sciences LLC.,substantiationsciences.com
Sudeep Pharma USA,sudeeppharma.com
Sun Ten Laboratories / STPCA,sunten.com
Suheung Co.,suheung.com
Sundyota Numandis Probioceuticals Pvt. Ltd.,sundyotanumandis.com
Sunland Nutrition,sunlandnutrition.com
Sunway Biotech Co.,sunway.cc
Suzhou-Chem Inc.,suzhouchem.com
Super Beta Glucan Inc.,superbetaglucan.com
Suzanne's Specialties,shop.christinacooks.com
Sweet Additions,sweetadditions.com
Sweet Harvest Foods Inc.,sweetharvestfoods.com
Synbiotic Health,synbiotichealth.com
Synergy Flavors,synergytaste.com
Symrise,symrise.com
TCM Biotech International Corp,tcmbio.com
T. Hasegawa USA,thasegawa.com
Syntegon Pharma Technology,syntegon.com
Tatua USA,tatua.com
Techno Food Ingredients Co.,techno-fi.com
TCI Co.,tci-bio.com
Tenzo Tea,tenzotea.co
Terra Nostra,terranostra.com
Terry Laboratories,terrylabs.com
Tes Equipment Supplier,tesequipmentsupplier.com
Thai Wah Public Company Limited.,thaiwah.com
Thiru Mavadi Bio Energy,tmbioenergy.com
Tiba Starch &amp; Glucose,tiba-eg.com
Tilley Distribution,tilleydistribution.com
Tirlan Ingredients Ltd,tirlaningredients.com
Top Health Ingredients,tophealthingredients.com
TopGum Industries Ltd.,topgummiceuticals.com
TLC Regulatory and Laboratory Consulting,tlcregulatoryandlaboratory.com
Total Ingredients,total-ingredients.com
Traco Manufacturing,tracomfg.com
Trace Minerals Research,traceminerals.com
Tradin Organic USA,tradinorganic.com
Treatt USA,treatt.com
Trafa Pharmaceutical Inc.,trafapharma.com
Turnkey Health and Beauty,turnkeyhealthandbeauty.com
TSI Group Co.,tsigroupltd.com
TurtleTree,turtletree.com
TWG Health &amp; Nutrition,twghealthandnutrition.com
True Spice Co.,truespicefoods.com
Uckele Health &amp; Nutrition,uckele.com
U.S Pharmaceutical Equipment Inc.,theuspe.com
UBON SUNFLOWER COMPANY LIMITED,ubonsunflower.com
Uncountable,uncountable.com
Umalaxmi Organics Pvt.,umalaxmibrands.in
UniChem Enterprises,unichemsupply.com
Unibar Corporation,unibarcorp.com
Unicorn Natural Products Private Limited,unicornnature.com
Unique Biotech Limited,uniquebiotech.com
Union Standard Equipment,unionmachinery.com
US Greens,usgreenscorp.com
Univar Solutions,univarsolutions.com
US Pharma Lab Inc.,uspl.com
US Pharmatech,uspharmatech.com
United Pharma,unitedpharmallc.com
USP,usp.ac.fj
Vanille Labelle,vanille-labelle.com
Valens Int. d.o.o.,valens.si
Vego Naturals,vego-naturals.com
Venkatesh Naturals Inc.,venkateshnaturals.co.in
Vedic Lifesciences Clinical Research,vediclifesciences.com
Verger Naturals (Pvt) Ltd,vergersl.com
Verb Biotics,verbbiotics.com
Verdure Sciences,vs-corp.com
Veritacor and Nutramedia,veritacor.com
Vesta Nutra,vestanutra.com
Vida-Blend,vida-blend.com
Vidya,vidya.us
Vireo Systems,vireosystems.com
Viablife Biotech,en.viablife.com
Virun,virun.com
Vitality Works,vitalityworks.com
Vita Forte Inc.,vitaforteinc.com
Vitaceutical Labs,vitaceutical.com
Vitalpax,vitalpax.com
Virginia Dare Extract Co.,virginiadare.com
Vitalus Nutrition Inc.,vitalus.com
VitaSynth sp. z.o.o,vitasynthspzoo.com
Vitux/ConCordix,concordix.com
Vivify,vivifycompany.com
VIVA 5,cience.com
VRM Media,vrmmedia.com
VPET USA,vpetusa.com
Vivici B.V,vivici.com
Viva Pharmaceutical Inc.,vivapharm.com
Wacker Chemical Corporation,wacker.com
Waitaki Biosciences,waitakibio.com
Waleria Healthtech Private Limited,exhibitor.supplysidewest.com
WDS America,w-u-d.com
WePackItAll,wepackitall.com
Weber Flavors,weberflavors.com
Westco Chemicals,westcochemicals.com
Whole Herb Company,wholeherbcompany.com
Weishardt International,weishardt.com
WIN Nutrition,winutrition.com
WholeFoods Magazine,wholefoodsmagazine.com
Windmill Health Products,windmillvitamins.com
Windson Organics Private Limited,windsonindia.com
Western Packaging Distribution Inc,westernpkg.com
Wixon Inc.,wixon.com
Wisconsin Whey Protein,wisconsinwhey.com
Wisesorbent Technology LLC,wisesorbent.com
Xi'an Faitury Bio-Tech Co.,faitury.com
Yaxin Flexible Packaging,yaxininc.com
Yellow Emperor,yellowemperor.com
Xtractiva Lifescience Private Limited,xtractiva.com
ZoomEssence,zoomessence.com
