Name,Domain

ABC Fruits,abcfruits.com

Advanced Logistics,advancedlogistics.us

Agile Cold Storage,agilecoldstorage.com

Agrana Fruit mexico SA de CV,mx.agrana.com

"Agrana Fruit US, Inc.",us.agrana.com

AgriFrost,bobaluberries.com

"AgriFrost, LLC",bobaluberries.com

Agristo NV,agristo.com

Agritrade International,agritrade-international.com

agroempaques,en.agroempaques.com.pe

Agroindustria Frutos de Oro SAC,cxmp.com

Agroindustrias AIB SA,aib.com.pe

AGROMAR INDUSTRIAL S.A.,agromarindustrial.com.pe

Ajinomoto Foods North America,ajinomotofoods.com

Al Mansour for Trade and Distribution,mmd.mansourgroup.com

ALCA Corp,alcacorp.com

Alex Ingredients,alexingredients.com

ALIFRUT,minutoverde.cl

All Gold Imports,allgold.ca

Altex USA Corp.,grupoaltex.com

American Beverage Marketers,abmcocktails.com

American Packaging Corporation,americanpackaging.com

Americold Logistics,americold.com

"Amy�s Kitchen, Inc.",amys.com

"Anacapa Foods, LLC",anacapafoods.com

"Ansberry Sales, LLC",frozenb2b.com

Apfrut,apfrut.cl

Apple Valley Foods Inc,applevalleyfoods.com

Arbre Group Holding Corporation,oregonpotato.com

Arcadia Cold Storage,arcadiacold.com

Arctic Apples,arcticapples.com

ArdoVLM,ardovlm.com

Arlusa,grupodetpon.com

"ASC Co., LTD",asc.co.jp

"Ascent Foods, LLC",ascentfoods.com

Asia Frozen Food Corp.,asiafd.com

"B & G Foods, Inc.",bgfoods.com

Badafi Foods,badafifoods.com

"Baja Foods, LLC",bajafoodsllc.com

BC Frozen Foods Ltd.,bcfrozenfoods.com

Bellingham Cold Storage,bellcold.com

"Bellisio Foods, Inc.",bellisiofoods.com

"Berry Brokers International, LLC",berrycentral.ca

"Berry Cold, LLC",berrycoldnc.net

Berryhill Foods Inc.,berryhillfoods.com

BFE,bfevip.com

BIOMAC SRL,biomacweb.com

"Bixby Food Sales, LLC",frozenb2b.com

"Blencor, LLC",blencor.com

Bleuets Mistassini Ltee.,bleuets-mistassini.com

Blount Fine Foods,blountfinefoods.com

Blueridge Produce Inc.,blueridgeproduce.com

BMT Foods,bmtfoods.com

"Boardman Foods, Inc.",boardmanfoods.com

"Brecon Foods, Inc.",breconfoods.com

Brothers International,brother.ca

"Burley Foods, LLC",burleyfoods.com

"C. H. Belt & Associates, Inc.",sunleaffoods.com

C.H. Robinson,chrobinson.com

"Cahoon Farms, Inc",cahoonfarms.com

"California Custom Fruits & Flavors, Inc.",ccff.com

"California Splendor, Inc.",calsplendor.com

"Camerican International, Inc.",camerican.com

Caravel Foods (UK) Ltd,caravelfoods.com

"Cascade International Foods, Inc.",cifoods.com

Catch-Up Logistics,catchuplogistics.com

Cavendish Farms Corporation,cavendishfarms.com

Cebro Frozen Foods,cebrofrozenfoods.com

"Chairmans Foods, LLC",chairmansfoods.com

Champion Foods,championpetfoods.com

Charles Masson Inc.,masson-food.com

Chaucer Foods,chaucerfoods.com

"Cherry Central, Inc.",cherrycentral.com

"CMS/Huster, Ltd.",tradeatlas.com

Coastal Food SOlution,coastalfoodgroup.com

Cofrusa S de RL de CV,cofrusamexico.com

Coldbox Builders,coldboxbuilders.com

"Columbia Fruit, LLC",columbia-fruit.com

Comfrut S.A.,comfrut.com

Compania Frutera La Paz S.A.,lapazfruits.com

Conagra Brands Inc.,conagrabrands.com

"Congeladora Anahuac, SA de CV",canahuac.com

Congeladora Horticola S.A de CV. / CH FOODS INC,horticola.com.mx

Congeladora Nino / USA Trading & Services L.L.P.,congeladoranino.com

Congelados de Navarra SAU,congeladosnavarra.com

Congelados LaHacienda,lahaciendaproducts.com

"Continental Food Sales, Inc.",continentalfoods.ca

Cooler Logistics,coolerlogistics.com

Core Fruit Ingredients,core-fruit.com

CORE X Partners,corexpartners.com

Core X Premier,corexpartners.com

Crestwood Global,crestwoodglobal.com

Daily Harvest,daily-harvest.com

Danper Trujillo SAC,danper.com

Datacor,datacor.com

David Jones & Company,davidjones.com

Del Carmen Foods Inc.,delcarmenfruits.com

Del Mar Food Products Corp.,delmarfoods.com

"Delkor Systems, Inc.",delkorsystems.com

"Dennis Sales, Ltd.",dennisales.com

DF-Americas,dutyfreeamericas.com

DHL Supply Chain,dhl.com

"Diversifood Associates, Inc.",diversifood.com

"DNI Group, LLC",dnigroup.com

Dole Packaged Foods,dolesunshine.com

Dr. Oetker Germany,oetker.com

Dr. Oetker USA,oetker.us

Dr. Praegers,drpraegers.com

DuPak Inc.,dupak.com

Eckert Frozen Foods,eckertcs.com

Ecofroz S.A.,ecofroz.com

Emblem Cranberry,emblemecanneberge.com

"Empacadora GAB, Inc.",joeproduce.com

"Encore Fruit Marketing, Inc.",encorefruit.com

"Enfield Farms, Inc.",enfieldfarms.com

Evansville Cold Storage,evansvillecold.com

Ever Fresh Fruit Co.,everfreshfruit.com

"Expor San Antonio, SA de CV",esa.com.mx

"Export Packers Co., Ltd.",exportpackers.com

F&S Produce Company,fsfreshfoods.com

"Fallon Trading Co., Inc.",fallontrading.com

Farm Frites,farmfrites.com

Fennec Foods Inc.,fennecfoods.com

Ferreiro and Company,ferreiroandcompany.com

"FGI Universal, LLC",fgiuniversal.com

"FGM Frozen Foods, LLC",fgmfrozenfoods.com

"FieldSweet, LLC",fieldsweet.com

FINE FOOD GIDA SAN. VE TIC IHR. ITH.A.S.,fine-food.com.tr

"Firestone Pacific Foods, Inc.",firestonepacificfoods.com

Food Properties Group,foodpropertiesgroup.com

"Food Service Systems, LLC",foodservicesystems.com

foodguys,foodguys.com

FPS Food Process Solutions,fpscorp.ca

Frank Donio Inc,donio.com

Freedom Packaging,freedompackaging.com

Freezpak Logistics,freezpak.com

Fresh & Ugly Produce,imperfectfoods.com

Frigodar,frigodar.com

"Frigorizados La Huerta, S.A. de C.V.",lahuerta.com.mx

Frio Food Inspirators,friofood.nl

Frozen & Refrigerated Buyer,frbuyer.com

Fruitcrown Products Corp.,fruitcrown.com

"Fruitrade International, Inc.",fruitrade.net

FruitSmart,fruitsmart.com

Frutical S.A.C.,frutical.com

Fruticola Olmue SpA,olmue.com

Fruveco Frozen Foods,fruveco.com

Fruvemex,fruvemex.com

G&C Foods,gcfoods.com

"Gaarde Foodsource & Service, Inc.",mnpdebt.ca

GBZ International LLC,gbaholdings.com

"George Chiala Farms, Inc.",gcfarmsinc.com

Gio Food Group,giofoodgroup.com

"Glacier Sales, Inc.",glaciersales.com

Global Food Exchange LLC,thefoodexchangellc.com

Global Food Ingredient Solutions,foodingredientsolution.com

Global Food Investment SAE,global-food.com

"Global Organics, Ltd",global-organics.com

Global Partners,globalp.com

Golden Eagle Blueberries,geberries.com

Golden Eagle Farm Group,geberries.com

"Graceland Fruit, Inc.",gracelandfruit.com

Graphic Packaging International,graphicpkg.com

Grasso Foods,grassofoods.com

Great Foods,greatfoods.com.eg

Great Fresh LLC,great-fresh.com

Great Lakes Packing Company,greatlakespacking.com

Green Garden Produce LLC,greengardenproduce.com

Greenwood Associates,greenwoodassociates.com

"Greenwood Associates, Inc",greenwoodassociates.com

"Greenwood Associates, Inc.",greenwoodassociates.com

Greenyard Frozen Belgium NV,greenyard.group

Grocery Outlet Bargain Market,groceryoutlet.com

"H & T Seafood, Inc",htseafood.com

H & W Ingredients,hwingredients.com

H&A Farms LLC,handafarms.com

Hanline Frozen Foods,hanlinefrozenfoods.com

Hanover Foods Corp.,hanoverfoods.com

Happy D Corporation,happydcorporation.com

"Harris Hollow Foods, LC",harrishollow.com

"Harvest Food Group, Inc.",harvestfoodgroup.com

H-E-B,heb.com

"Hebei dingyu import and export co.,ltd",certificat.ecocert.com

Heinen USA Corporation,heinen.biz

Herculean Prepared Meals,herculeanmealprep.com

Heritier,lheritier-guyot.com

HM Clause,hmclause.com

"HUNG PHAT FRUITS PRODUCING CO.,LTD",frozenb2b.com

"Hurricane Express, Inc.",hurricaneexpressinc.com

IceGen Corp.,icegen.com

"Inn Foods, Inc.",innfoods.com

Insignia International,insignia.gg

Integrated Packaging Machinery,callipm.com

"Interamerican Quality Foods, Inc.",iqf-tx.com

Interglobo North America,interglobo.com

IQF World,iqfworld.com

Isik Organic Co,isiktarim.com

Ismailia Frozen Foods,ismailiafoods.com

ITN Group,itn.rs

ITN GROUP,itn.rs

J.G. Boswell Co.,boswelltomatoes.com

J.R. Simplot Company,simplot.com

JAG Food Sales Inc.,jagfoodsales.com

"Jain Farm Fresh Foods, Inc.",jainfarmfresh.us

Jasper Wyman & Son Inc.,wymans.com

Java Holdings Inc.,javaholdings.ca

Jewel Apple LLC,jewelapple.com

Johanson Transportation Service,johansontrans.com

Johnson Foods Inc.,johnson-foods.com

JSO Associates Inc.,jsoassociates.com

"Julian W. Black & Son, Inc.",julianwblack.com

Just Quality International Inc.,jqinternational.com

Kahlon Farms Ltd.,kahlonfarms.com

King Plastics,kingplastic.com

KWIDZYN SP. Z O.O.,kwidzyn-download.com

La Terra Fina,laterrafina.com

"Lakeside Foods, Inc.",lakesidefoods.com

Lamb Weston,lambweston.com

"Lamex Agrifoods, Inc.",lamexfoods.eu

Lehigh Food Sales,lehighfoods.com

LiDestri Food and Drink //LiDestri Foods,lidestrifoodanddrink.com

LiDestri Foods,lidestrifoodanddrink.com

Limson Trading,epolimson.com

Lineage,lineage2.com

Loman Brown Inc.,lomanbrown.com

"Loman Brown, Inc. //Loman Brown Inc.",lomanbrown.com

Lutosa SA,lutosa.com

Maberry and Maberry Berry Associates,maberrys.com

Madeira Trading LLC,madeiratrading.com

Mapeks Organics,mapeksorganic.com

"MarBran, USA",marbran.com

"Martin Group, LLC",martingroupllc.com

Materne North America,gogosqueez.com

MB Global Foods,mbglobalfoods.com

McCain Foods Canada,mccain.ca

"McCain Foods USA, Inc.",mccain.com

"McCall Farms, Inc.",mccallfarms.com

Meadow Berry Farms Ltd.,meadowberryfarms.com

Mebol S.A.C.,eximpedia.app

Merieux NutriSciences,merieuxnutrisciences.com

Messem International B.V.,messem.com

Michaels Energy,michaelsenergy.com

"Michigan Freeze Pack, Co.",michiganfreezepack.com

Milano�s Cheese,milanoscheese.com

"Miller and Smith Foods, Inc.",millerandsmithfoods.com

"Milne Fruit Products, Inc.",milnefruit.com

Mintec,mintecglobal.com

Mirasco Inc.,mirasco.com

Monterey Food Ingredients,montereygourmetfoods.com

Morgan Foods Inc.,morganfoods.com

MRB Food Sources,mrbfoods.com

"Muzzi Family Farms, LLC",muzzifamilyfarms.com

NAFOODS Group JSC,nafoods.com

