name,domain
"JDI Enterprises, Inc. dba Inn Serendipity",innserendipity.com
Lady Jane Gourmet Seed Co.,ljseedco.com
"Cricket Flours, LLC",cricketflours.com
Fit Kitchen Direct,fitkitchendirect.com
"Jungell, Inc. dba GlucoLift",glucolift.com
"Loco Bebe, LLC",locobebe.com
"Cape Cod Select, LLC",capecodselect.com
"Richie's king of Slush, Mfg., Co., Inc. dba Richie's Classic Italian Ice",richiesslush.com
"Ketologie, LLC",ketologie.com
"WeCreations, LLC dba Flour Farm, LLC",flour.farm
Premium Nut and Dried Fruit Co.,premiumnut.com
"Crave Foods, LLC dba Hearthy Foods, Inc.",hearthyfoods.com
"SeqTech Diagnostics, LLC",seqtechdx.com
Con Yeager Spice Co.,conyeagerspice.com
"Nassau Foods, Inc.",nassaufoods.com
"Angelica Food and Manufacturing, LLC",angelicafoods.com
"California Splendor, Inc.",calsplendor.com
"Cooper Meat Packers, Inc. dba Country Pleasin",countrypleasin.com
"Blue Sky Inspirations, LLC dba Rowdy Prebiotic Foods",rowdybars.com
Baker's Breakfast Cookie dba Erin Baker's,erinbakers.com
"Capitol Tea, LLC dba Esteemed Tea Collective",esteemedteaco.com
"Mojis, Inc. dba Weller",welleryou.com
"Perky Powders, LLC",perkypowders.com
"Tenzo Tea, Inc.",tenzotea.co
"Fusion Ranch, Inc.",fusionranch.com
"Icon Foods, Inc.",iconfoods.com
P&G Food Industries Corp. dba Pure & Good Foods,pgfoodsind.com
"Niagara Fiber, LLC dba Allied Blending L.P.",alliedblending.com
"Holton Food Products Co., Inc.",holtonfp.com
Gluten-Free Baking Solutions,glutenfreebakingsolutions.com
"Harmonies Brew, LLC",harmoniesbrew.com
"Greek Island Spice, Inc.",greekislandspice.com
"Pyramid Pet Products, Inc. dba Tuscan Natural",tuscannatural.com
"The Vegan Knife, LLC",theveganknife.com
"PURE Dog Food, LLC",hellopure.com
"LongRun, LLC., dba Keto Delivered",ketodelivered.com
"BistroMD, LLC",bistromd.com
"Tocaya Organica, LLC",tocayaorganica.com
"Levain Bakery Cookie Co., LLC dba Levain Bakery",levainbakery.com
"RAD Snack Trade, LLC dba Amazi Foods",amazifoods.com
"Nomoo, LLC dba Fat Badger Bakery",fatbadgerbakery.com
"Upper Crust Bakery, Inc.",uppercrustbakery.com
"Sifted, LLC",sifted.co
Paragon Wholesale Foods Corp.,paragonfresh.com
"Brooksmade Gourmet Food, Inc.",brooksmadegourmetfoods.com
Integrity Ingredients Corp.,integrityingredientscorp.com
"California and Hawaiian Sugar Co., Inc.",chsugar.com
"BlendTech, Inc.",blendtechinc.com
"Montana Flour and Grains, Inc.",montanaflour.com
"Spreckels Sugar Co., Inc.",spreckelssugar.com
Cyril's Bakery Co.,cyrils.com
"Primos and Cousins USA, Inc.",primos-cousins.com
"Animal Feed Supplement, Inc. dba New Generation Supplements",newgensupplements.com
"Serface Care, Inc. dba Myro",mymyro.com
"Junkless Foods, Inc.",junklessfoods.com
"Little Rae's Bakery, Inc.",littleraesbakery.com
"Fireking Baking Co., Inc.",firekingbaking.com
"Homer Foods, LLC dba Legal Hot Sauce",legalhotsauce.com
"Kessler's Food Services, Inc. dba Kessler Foods, Inc.",kesslerfoods.com
"The Run-A-Ton Group, Inc.",runaton.com
"Joy's International Foods, Inc.",joyofgarlic.com
Nora Seaweed Snacks,norasnacks.com
"Kingmaker Foods, LLC",kingmakerfoods.com
"Upper Crust Enterprises, Inc.",uppercrustent.com
"MamaSezz Foods, Inc.",mamasezz.com
Good Boy Bakery,goodboybakery.com
"Off The Farm Foods, Inc.",offthefarm.com
"The Honest Bison, Inc.",thehonestbison.com
"Recipe Magic, LLC",myrecipemagic.com
"Green Girl Bakeshop, Inc.",greengirlbakeshop.com
"Norman's Dairy Delight, LLC",normansdairy.com
"Gabila Food Products, Inc. dba Gabila's Knishes",gabilas.com
"Versatile Products and Ingredients, LLC",versatileingredients.com
Falcon Distribution Co.,falcondistribution.com
"Agri Food and Feed, LLC",agrifoodandfeed.com
"Monaco Foods, Inc.",monacofoods.com
"Great Lakes Packing Co. International, Inc.",glpacking.com
"Real Foods USA, LLC",realfoodsusa.com
Jones Neitzel Co.,jonesneitzel.com
"Ful-Flav-R Food Products Co., Inc.",fulflavr.com
"San Joaquin Figs, Inc. dba Nutra Fig",nutrafig.com
The PROgram,profruit.com
"Nuka Enterprises, LLC dba 1906 New Highs",1906.shop
"Wilbur Enterprises, Inc. dba Marketplace Foods Group",marketplacefoodsgroup.com
"Don Miguel Mexican Foods, Inc.",donmiguel.com
"NutriData, Inc.",nutridata.com
"Bradley Systems, Inc.",bradley-systems.com
"B&D Nutritional Ingredients, Inc.",bdnutritional.com
"VM Nutritional, Inc. dba VMN Liquids",vmnliquids.com
"Cibus Fresh, LLC",cibusfresh.com
Grand Traverse Pie Co.,gtpie.com
"Element Food Solutions, LLC.",elementfoodsolutions.com
"Graybill Processing, LLC dba AmpliSource",amplisource.com
"Maxsun Industries, Inc.",maxsunindustry.com
BTRFY Food Co.,btrfy.com
"The Carrington Tea Co., LLC dba Carrington Farms",carringtonfarms.com
"Navitas, LLC dba Navitas Organics",navitasorganics.com
"Energy Feeds International, LLC",energyfeeds.com
"ChickenPoop by Simone Chickenbone, Inc.",ilovechickenpoop.com
"Savannah Food Co., Inc.",savannahclassics.com
Ouhlala Gourmet Corp. dba Buddy Fruits,buddyfruits.com
Piepers Pies,pieperspies.com
"Fortis Foods International, L.P.",fortisfoods.com
"Keystone Natural Holdings, LLC",keystonenatural.com
J&J Snack Foods Corp. dba Mary B’s,marybsbiscuits.com
"Nugget's Brands, Inc.",nuggetshealthyeats.com
"Elite Science, LLC dba WorksSOwell",workssowell.com
"Gourmet Express, Inc.",gourmetxpress.com
"Petra Pet, Inc. dba Petrapport, Inc. and Beefeaters Holding Co., Inc.",beefeaters.com
Cloud Star Corp.,cloudstar.com
Cookincity,cookincity.com
"SPI, Group",spigroup.net
"Gulf Coast Blenders, Inc.",gulfcoastblenders.com
"Korvel-Food, Inc.",korvel-food.com
"Mill Haven Foods, LLC",millhavenfoods.com
Ancient inGRAINed Snack Co. dba Ka-Pop! Snacks,kapopsnacks.com
"Everybody Eats, Inc.",everybodyeats-inc.com
"Nippon Trends Foods Service, Inc. dba Yamachan Ramen",yamachanramen.com
"Brazi Bites, LLC",brazibites.com
"Agovi, Inc.",agoviinc.com
"Milton's Baking Co., LLC dba Milton's Craft Bakers",eatmiltons.com
"Sugartown Smoked Specialties, Inc.",smokedfoods.com
"Small Valley Milling, LLC (SVM)",smallvalleymilling.com
"Rijuice, LLC",rijuice.com
"Primal Kitchen, LLC",primalkitchen.com
QURE Water Co.,qurewater.com
"Puffworks, Inc.",puffworks.com
The Better Meat Co.,bettermeat.co
"Mercer Milling Co., Inc.",mercermilling.com
Feed Products and Service Co.,feedproducts.net
"BFY Food Group, LLC",bfyfoodgroup.wordpress.com
"Sara Lee Frozen Bakery, LLC",saraleefrozenbakery.com
"Outer Aisle Gourmet, LLC",outeraislegourmet.com
Mesa Salsa Co.,mesasalsa.com
Lahtt Sauce Co.,lahttsauce.com
The Hershey Co.,thehersheycompany.com
Negroni Corp.,negroni.com
"Spudsy, Inc.",spudsy.com
Mezza Notte Ristorante,mezzanottealbany.com
Jeff's Garden Foods,jeffsgardenfoods.com
Lumen Juices,drinklumen.com
Mindful Food Consulting,mindfulfood.com
"Evermore Pet Food, Inc.",evermorepetfood.com
"Free Bread, Inc.",freebreadinc.com
Ripe Gelato,ripegelato.com
"Nots! Snacks, Inc.",nots-snacks.com
Medina Baking and Powder Products,medinabaking.com
"Do Only Good Pet Nutrition, LLC",doonlygoodpetfood.com
"Ancient Brands Milling, LLC (ABM) dba Grainwell Puffed Grains",grainwellfoods.com
Jem Organic Nut Butters,jemorganics.com
"Mugger's Marrow, LLC",muggersmarrowllc.com
"Lumi Juices, LLC",lumijuice.com
"Nutraberry, LLC",nutraberryinc.com
"B.G.Reynolds Syrups, Inc.",bgreynolds.com
Ralphs Organic Garden,ralphsgarden.com
"Living Freely Gluten Free, LLC",livingfreelyglutenfree.com
"Trailnuggets, LLC",trailnuggets.com
"Food2fork, LLC",food2fork.com
"Mikana Foods, Inc.",mikanafoods.com
"MUSH Foods, Inc.",eatmush.com
"Anna's Kitchen, LLC",annaskitchenshrub.com
"Frentzas Foods, LLC",frentzasfoods.com
"Sogni Dolci, LLC",glutenfreecd.com
"Simply Home Goods, LLC dba Om Sweet Home, Ltd.",om-sweethome.com
"Glenda's Kitchen, LLC",glendaskitchen.co
"Segev Food Import & Export, Ltd.",segevfood.com
"NatureSauce, LLC dba ReadtheLabl",readthelabl.com
Stone Mill Bread and Flour Co.,stonemillbread.net
"Quality Plus Feeds, Inc.",qualityplusfeedinc.com
"Bonumose, Inc.",bonumose.com
"Apsara Foods, LLC dba Angkor Cambodian Food",angkorfood.com
Cache Toffee Collection,cachetoffee.com
"Borgo de' Medici USA, Inc.",borgodemedici.us
"Germinal Organic, Inc.",germinalorganic.com
"Foodies Vegan, Ltd.",foodiesvegan.com
"Fond Bone Broth, LLC",fondbonebroth.com
"Mannamedia, LLC dba Balm of Gilead",allnaturalbalm.com
"Naia, Inc. dba Gelateria Naia",gelaterianaia.com
Enzo Olive Oil Co.,enzooliveoil.com
"Gemsa Enterprises, LLC dba Gemsa Oils",gemsaoils.com
Keith Giusto Bakery Supply Co. (KGBS),kgbakerysupply.com
"Dave's Killer Bread, Inc.",daveskillerbread.com
"Elkins Distribution, Inc. dba Old World Cone Co.",oldworldcone.com
"Feltman's of Coney Island, LLC",feltmansofconeyisland.com
"Hudson Valley Marshmallow Co., LLC",hudsonvalleymarshmallow.com
Villa Jerada,villajerada.com
"The Japanese Pantry, LLC",thejapanesepantry.com
Crafty Counter,craftycounter.com
"Kos Naturals, LLC",kos.com
"2712270 Manitoba, Ltd. dba Manitoba Milling Co.",manitobaflax.com
"HB Natural Ingredients USA, LLC",hbnaturalingredients.com
Humming Hemp Group,thehumminggroup.com
goProducts Corp. dba goliips.com,goliips.com
"Maui Raw, LLC",mauiraw.com
"Five Friends Food, Inc. dba Nomi Snacks",nomisnacks.com
"Sauce Ventures, LLC dba Truff Hot Sauce",truff.com
American Natural Premium,americannaturalpremium.com
Pawsitively Pure Dog Food,pawsitivelypuredogfood.com
Remy's Kitchen,remysk9kitchen.com
"Nurture Life, Inc.",nurturelife.com
"Reina Meals, LLC",reinameals.com
"Phildesco, Inc.",phildesco.com
"Columbia Valley Family Farms, Inc.",columbiavalleyfoods.com
"Chicago Specialty Bakers, Inc.",csbakers.com
"Elma Farms, LLC",elmafarms.com
"Annarino's Foods, Ltd.",annarinofoods.com
"Copra Coconuts, Inc.",copracoconuts.com
"Knott's Fine Foods, Inc.",knottsfoods.com
"Zesty Brands, LLC  dba  AwsumSnacks",awsumsnacks.com
"Warnock Food Products, Inc.",warnockfoods.com
"West Virginia Potato Chip Co., LLC dba Mister Bee Potato Chip Co.",misterbee.com
Gfreely,gfreely.com
"ASR Group International, Inc.",asr-group.com
"Meritage Soups, LLC",meritagesoups.com
"Custom Food Products, Inc. (CFP) dba NPC Processing, Inc.",npcprocessing.com
Yamasa USA Corp.,yamasausa.com
"The Lazy Dog Cookie Co., Inc.",lazydogcookies.com
"Le Petit Sucre, Ltd.",lepetitsucreltd.com
"Olive Tree, LLC",olivetreekc.com
"GBS Partners, Inc. dba Boulder Sausage Co.",bouldersausage.com
"Oh Baby Foods, Inc.",ohbabyfoods.com
"Prollergy Corp. dba Ready, Set, Food!",readysetfood.com
Paleo Scavenger LLC dba Within/Without,withinwithout.com
"Tree Top, LLC dba Above the Crust Pizza",abovethecrustpizza.com
"BliS, LLC",blisgourmet.com
"Capa di Roma, Inc.",capadiroma.com
Artisan Confections,artisanconfections.com
Bodega Latina Corp. dba El Super,elsupermarkets.com
"Btg Brands, LLC dba Donkey Brands, LLC",donkey-brands.com
"Aidells Sausage Co., Inc.",aidells.com
Case Pork Roll Co.,caseporkrollnj.com
"Diana's Bananas, Inc. (DBI)",dianasbananas.com
"Certified Origins, Inc.",certifiedorigins.com
"Arrowhead Mills, Inc.",arrowheadmills.com
"East Coast Fresh Cuts, Inc.",eastcoastfresh.com
"Cortazzo Foods, LLC",cortazzofoods.com
"Franco's Cucina, Inc.",francoscucina.net
"Soojian's, Inc. dba Ak-mak Bakeries",akmakbakeries.com
"Atticus Bakery, LLC, dba Chabaso Bakery",chabaso.com
"Aries Prepared Beef, Co.",ariesbeef.com
La Fede,lafede.com
"Dominex Natural Foods, LLC",dominexnaturalfoods.com
"Alex's Meat and Provisions, Inc.",alexsmeat.com
"Durkee Mower, Inc. dba Marshmallow Fluff",marshmallowfluff.com
"Avon Foods Co., LLC",avonfoodco.com
"Phil's Fresh Foods, LLC dba Evol Foods",evolfoods.com
"Freirich Foods, Inc.",freirich.com
"Farmer's Market Foods, Inc.",farmersmarketfoods.com
Portable Chef,portablechefnyc.com
Meel Corp.,meelcorp.com
"Kenco Service Co., dba Allied Kenco Sales",alliedkenco.com
"BuildASoil, LLC",buildasoil.com
Nine Spoons Soup,ninespoonssoup.com
Dippin' Flavors,dippinflavors.com
Kings Poultry Farm,kingspoultryfarm.com
"Nosh Butters, LLC",noshbutters.com
"Steve Evans Genuine Country Sausage, LLC",sesausage.com
"Eban's Bakehouse, LLC",ebansbakehouse.com
The Filling Station Microbrewery,thefillingstationmicrobrewery.com
Beachwood BBQ,beachwoodbbq.com
"Gelato Giuliana, LLC",gelatogiuliana.com
"Hummel Bros, Inc.",hummelbros.com
"T. J. Pupillo, Inc. dba Supermarketers.com",supermarketers.com
"Joyce Chen Specialty Foods, Inc.",joycechenfoods.com
"Ira Middleswarth and Son, Inc.",middleswarthchips.com
"Mullen Foods, LLC",mullenfoods.com
N.K. Hurst Co.,nkhurst.com
"Mustard Girl All American Mustards, Inc.",mustardgirl.com
"OneUp Vapor, LLC",oneupvapor.com
Pearson Foods Corp.,pearsonfoods.com
"Great American Foods, Inc. dba Pik-Nik Foods USA",pik-nik.com
"PeaceWorks Holdings, LLC",peaceworks.com
Olivio Premium Products Corp.,olivio.com
"Smithfield Foods, Inc.",smithfieldfoods.com
"Key West Natural Products, Inc., dba Nellie and Joe's",keylimejuice.com
"GraceKennedy Foods (USA), LLC dba LA FE Foods, Inc.",lafe.com
"Palace Foods, Inc.",palacefoodsinc.com
"Conagra Brands, Inc.",conagrabrands.com
"Maple Grove Farms of Vermont, Inc.",maplegrove.com
"The Pastene Companies, Ltd.",pastene.com
"Paramount Bakeries, Inc.",paramountbakeries.com
"Mila's European Bakery, Inc.",milasbakery.com
"Lip Balm Express, LLC",lipbalmexpress.com
"Ralph and Paul Adams, Inc., dba RAPA Scrapple",rapascrapple.com
"Rare Bird Preserves, Inc.",rarebirdpreserves.com
Sanyo Foods Corp. of America,sanyofoodsamerica.com
Sioux Honey Association Co-op,siouxhoney.com
"Sirob Imports, Inc.",boborisfoods.com
"Snyder's Of Hanover, Inc.",snydersofhanover.com
"Suncrest Farms Country Hams, Inc.",suncrestham.com
"Sweetzels Foods, LLC",sweetzels.com
"Talk O'Texas Brands, Inc.",talkotexas.com
The Brinery,thebrinery.com
Uncle Henry's Pretzel Bakery,unclehenry.com
"Westminster Cracker Co., Inc.",westminstercrackers.com
"Winter Gardens Quality Foods, Inc.",wintergardens.com
"When Pigs Fly, Inc.",sendbread.com
"Windy City Gold Popcorn, Inc. dba Chicago Gold Popcorn",chicagogoldpopcorn.com
"Purity Foods, Inc. dba Nature's Legacy",natureslegacyforlife.com
"Ovenly, LLC",oven.ly
Hereford and Hops Steakhouse and Brewpub,herefordandhops.com
Uturn BBQ,uturnbbq.com
"Griffith Foods Worldwide, Inc.",griffithfoods.com
"American Halal Co., Inc. dba Saffron Road Food",saffronroad.com
Civilized Coffee Co.,civilizedcoffee.com
"TRU Brands, Inc. dba TRUBAR",trubar.com
"Pamcakes Pancakes, LLC",pamcakespancakes.com
"Krasiva, LLC dba Choicolate Artisan Chocolates",choicolate.com
"Southside Bottling Works, LLC",southsidecraftsoda.com
VIVAIODAYS,vivaiodays.com
"Grand Central Baking Co. dba Grand Central Bakery, Inc.",grandcentralbakery.com
"Harris Freeman and Co., Inc.",harrisfreeman.com
"Hammond Pretzel Bakery, Inc.",hammondspretzels.com
Julius Sturgis Pretzel Bakery,juliussturgis.com
E J Faller Pretzel Co.,fallerspretzels.com
"Seasonally Fresh, Inc.",seasonallyfresh.com
"Harold A. Steuber Enterprises, Inc. dba Associated Services Co.",associatedcoffee.com
Bon Me Foods,bonmetruck.com
"Cucina Aurora, Inc.",cucinaaurora.com
"International Gourmet Foods, Inc.",igf-inc.com
"Galli Gourmet, Inc. dba Galli Foods",gallifoods.com
Halladay's Harvest Barn,halladays.com
"Byrd International, Inc.",byrdinternational.com
MOTHER shrub,mothershrub.com
Neomonde Baking Company,neomondebakery.com
"O&H Danish Bakery, Inc.",ohdanishbakery.com
"Profile Food Ingredients, LLC",profilefoodingredients.com
"Amazing Taste Foods, Inc.",amazingtaste.com
"Schiltz Foods, Inc.",schiltzfoods.com
"The Wenger Group, Inc.",thewengergroup.com
"Tucker Milling, LLC",tuckermilling.com
"Browning's Honey Co., Inc.",browningshoney.com
SIN-MIN,sin-min.com
"Kind Lips, LLC",kindlips.com
"Foods Galore, Inc.",foodsgalore.com
"Holiday Fried Pecans, LLC",holidayfriedpecans.com
"Cinnaholic Franchising, LLC",cinnaholic.com
"Leasa Industries Co., Inc.",leasa.com
WP Produce Corp.,wpproduce.com
"Kindstrom-Schmoll, Inc.",kindstrom-schmoll.com
"Ridley Feed Ingredients, Inc. (RFI)",ridleyfeedingredients.com
SunLife Organics,sunlifeorganics.com
"Kabirs Bakery, Inc.",kabirsbakery.com
"Farm To Table Foods, LLC",farmtotablefoods.com
"Girl In The Little Red Kitchen, LLC",littleredkitchenbakeshop.com
The Lakewood Bakery,lakewoodbakery.com
Giannis Fast Foods dba Gianni's Chicken Burgers,giannischickenburgers.com
Troy's Bakery,troysbakery.com
"Go Veggies, Inc.",goveggies.com
"Bien Cuit, LLC",biencuit.com
Heidi's Health Kitchen,heidishealthkitchen.com
"J(2) Health, LLC dba Spark Organics",sparkorganics.co
"Neighbors, LLC",neighborscookies.com
"Viet Phu, Inc. dba Red Boat Fish Sauce",redboatfishsauce.com
True Fare,shop.truefare.com
"Primal Palate, LLC",shop.primalpalate.com
"Elements for Athletes, LLC",getyourelements.com
The Joyful Food Co.,thejoyfulfoodco.com
Northwest Fit Meals,nwfitmeals.com
"Eat Cooked, LLC dba Simply Healthy Vegan",simplyhealthyvegan.com
"PIP Enterprises, Inc. dba Porto's Bakery, Inc.",portosbakery.com
Under the Weather,undertheweatherpet.com
Preen Pets Corp.,preenpets.com
"JGM 2000, LLC dba Flancer's",flancers.com
PBJ.LA,pbj.la
"Primizie Foods, LLC",primiziefoods.com
"Hank Sauce, LLC",hanksauce.com
Hellfire Hot Sauce,hellfirehotsauce.com
"Pepplish Provisions, LLC",pepplish.com
"Bagel Dots, LLC",bageldots.com
"Benito's Hot Sauce, LLC",benitoshotsauce.com
"Patrida Imports, LLC",patridaimports.com
Lilly's Fresh Pasta,lillysfreshpasta.com
Prestige Bread Co. dba Hudson Bread Co.,hudsonbread.com
"J-M Farms, Inc.",jmfarms.com
Beyond Green Sustainable Food Partners,beyondgreenpartners.com
Beepa's Beans,beepas.com
"Ruth's Vegetarian Gourmet Foods, Inc.",ruthsgourmet.com
"JES Foods, Inc.",jesfoods.com
"A La Carte Connections, LLC dba The Intrepid Culinologist",alacarteconnections.com
Native Raw Eats,nativeraweats.com
"Lyon Bakery, Inc.",lyonbakery.com
"J and D's Down Home Enterprises, Inc. dba J and D's Foods, Inc.",baconsalt.com
Shar,sharsnacks.com
"PB2 Foods, Inc.",pb2foods.com
"JOJO's Chocolate, LLC",jojoschocolate.com
"Wakaya Perfection, LLC",thewakayagroup.com
"Super Healthy Kids, Inc.",superhealthykids.com
"Uncle Charley's Sausage Co., LLC",unclecharleys.com
"The Greater Knead, Inc.",thegreaterknead.com
"Kalyn's Kitchen, LLC",kalynskitchen.com
"KetoNatural Pet Foods, Inc.",ketonaturalpetfoods.com
"Oakville Produce Partners, LLC dba Greenleaf, Inc.",greenleafsf.com
"Volare Enterprises, LLC dba Bandit's Biscuits",banditsbiscuits.com
"D Bar B Sausage and Meats, LLC dba Kountry Boys Sausage Co.",kountryboys.com
"Mission Barns, Inc.",missionbarns.com
"Prairie Pride Farm of Minnesota, LLC",prairiepridefarm.com
"Portlandia Foods, Inc.",portlandiafoods.com
Edible Armstrong LLC dba Killer Creamy,killercreamery.com
"Appel Foods, LLC dba Nut Crumbs",nutcrumbs.com
"Chef Cristy's Raw Foods, LLC",chefcristy.com
"Keep Moving, Inc. dba Gutzy Organic",gutzyorganic.com
"Kween Foods, LLC dba Oat Haus",oat.haus
"Nature Nate's, LLC",naturenatesllc.com
"Navada Imports, LLC",navadaimports.com
"Brutus and Barnaby, LLC",brutusandbarnaby.com
"Dr. Tim's Pet Food Co., LLC",drtims.com
"Cat-Man-Doo, Inc.",catmandoo.biz
"Dan-O's Seasoning, LLC",danosseasoning.com
"Mesa Verde Trading Co., Inc.",mesaverdetrading.com
"Propagate Lab, LLC",propagatelab.com
"Veestro, LLC",veestro.com
"Mud Wtr, Inc.",mudwtr.com
"Motif FoodWorks, Inc.",madewithmotif.com
iCook After School,icookafterschool.com
"PetPlay, Inc. dba Petite Cuisine",petitecuisine.com
"Max and Ruffy's, LLC",maxandruffys.com
Bar &amp; Cocoa,barandcocoa.com
"Bushka's Kitchen, LLC",bushkaskitchen.com
"Uproot, Inc.",uprootmilk.com
"Athlaero, LLC dba Kalahari Biltong",eatbiltong.com
"The Iams Co., Inc.",iams.com
"Subziwalla, LLC",subziwalla.com
Zaro's Family Bakery,zaro.com
"Charley & Sons, Inc.",charleyandsons.com
"Hannah International Foods, Inc.",hannahfoods.net
"Ashbury Market, Inc. dba Joyfull Bakery",joyfullbakery.com
"McClure's Pickles, LLC",mcclures.com
"Shirley's Cookie Co., Inc.",shirleyscookies.com
"Tracy Bakery, Inc.",tracybakery.com
Jasmin and Olivz Mediterranean,jasminandolivz.com
"Puppridge All Natural Dog Treats, LLC",puppridgetreats.com
Weelicious,weelicious.com
"Bulk Buy Usa, LLC",bulkbuyusa.com
"Fruitwood Standup Market, LLC",fruitwoodstandupmarket.com
"The Real Good Foods Co., LLC",realgoodfoods.com
"Plantible Foods, Inc.",plantiblefoods.com
"Wick's Pies, Inc.",wickspies.com
Mary's secret ingredients,maryssecretingredients.com
"The Lauridsen Group, Inc. (LGI)",lauridsengroupinc.com
Eclipse Foods Co.,eclipsefoods.com
"Bakers Authority, LLC",bakersauthority.com
"Super Sauce, Inc. dba Otamot Foods",otamotfoods.com
"Abbot's Butcher, Inc.",abbots.com
"Evr Foods, Inc. dba Lavva",lovvelavva.com
"Pivotal Foods, LLC",pivotalfoods.com
Hemp Northwest,hempnorthwest.com
Bryt Life Foods Corp.,brytlifefoods.com
"Barr Necessities, LLC dba The Empowered Cookie",empoweredcookie.com
"Barvecue, Inc.",barvecue.com
"All Y'alls Foods, Inc.",allyallsfoods.com
By Nature Pet Food,bynaturepetfoods.com
Butch Pet Foods Ltd & Co.,butchpetfoodsusa.com
"Curation Foods, Inc.",curationfoods.com
"Balletic, Inc.",balleticfoods.com
"The Vegg, LLC",thevegg.com
"Daring Foods, Inc.",daring.com
Leep Foods,leepfoods.com
"Jewels Of The Forest, LLC",shroomjerky.com
"Joolies, LLC",joolies.com
Dirt to Dinner,dirt-to-dinner.com
Gottfried Wicklein GmbH & Co. KG,wicklein.de
"World Flavors, Inc.",worldflavors.com
POPZ Europe Kft,popz.com
"Bobbie Baby, Inc.",hibobbie.com
"AnnaMaria's Foods, Inc.",annamariasfoods.com
Holi Aioli,holiaioliusa.com
"BRIZO Dressing, LLC",brizodressing.com
"Carfagna's, Inc.",carfagnas.com
"Cooper Marketing Group, Inc. dba Dere Street",derestreet.com
"Epic Pickles, LLC",epicpickles.com
"Accord Foods, Inc.",accordfoods.com
"Georgia Spice Co., LLC",gaspiceco.com
"Henry's Dream Distributors, LLC dba Tejano Salsa",tejanosalsa.com
"Ott Food Products, LLC",ottfoods.com
"Onofrio's Ultimate Foods, LLC",ultimatefoods.net
"Northwest Gourmet Food Products, Inc.",nwgourmetfoods.com
"La Provence Bakery, Inc.",laprovenceinc.com
Meska Sweets,meskasweets.com
Maine Seasalt Co.,maineseasalt.com
"The Natsirt Group, LLC dba Mama Biscuits Gourmet Biscuits",mamabiscuit.com
Phillips Candy House,phillipschocolate.com
"Spritzal Cookie Co., LLC",spritzal.com
Pirro's Sauce,pirrossauce.com
"Saucy Lips Prime, LLC",saucylipsfoods.com
"New York Shuk, LLC",nyshuk.com
"Allyson Enterprises, Inc.",allysonenterprises.com
"Industria y Procesadora de Cereales Inproceca, C.A. dba Avelina",avelina.com
"Seawon Greenlife, Inc.",seawongreenlife.com
"JP Racks, LLC dba SoKusa",sokusa.com
"Port City Foods, LLC dba Port City Foods",portcitypretzels.com
"Hebei Qimei Agriculture Science and Technology Co., Ltd (Qimei) dba Qimei USA, Inc.",qimeiusa.com
Momentum Carnivore Nutrition,momentumcn.com
Ingredient Consortium,ingredientconsortium.com
"Ultra Ingredients, Inc.",ultra-ingredients.com
Truex-Imhoff Co.,trueximhoff.com
"The Food Source International, Inc.",foodsourceinc.com
Victoria Pacific Corp.,victoriapacific.com
Capitol Food Co.,capitolfoodco.com
YSA Ingredients,ysaingredients.com
Dadant and Co.,dadantco.com
Green Boy Group (GBG),greenboy.com
"Real Food Marketing, LLC",realfoodmarketing.com
"Bocha Sweet, LLC",bochasweet.com
"Senza Fine, LLC dba Centra Foods",centrafoods.com
The PetStaurant,thepetstaurant.com
"Atlantic Food Carrier, LLC dba Atlantic Ingredients",atlanticingredients.com
Nabolom Bakery,nabolombakery.com
Arizmendi Bakery,arizmendibakery.com
"PieTisserie, LLC",pietisserie.com
"Doughtronics, Inc. dba Acme Bread Co.",acmebread.com
"Firebrand Artisan Breads, LLC",firebrandbread.com
Fournée Bakery,fourneebakery.com
"Top Quality Supplements, LLC dba Sunday Scaries",sundayscaries.com
"Bridgewell Agribusiness, LLC",bridgewellab.com
"Mondelēz Global, LLC dba Mondelēz International, Inc.",mondelezinternational.com
"SinnovaTek, Inc.",sinnovatek.com
"Defonce, Inc.",defonce.com
"Yinlink International, Inc.",yinlinkinc.com
"ChipMonk, Inc. dba ChipMonk Baking",chipmonkbaking.com
"Pacific Coast Management, LLC dba RA' Flower Brands",raflower.com
Wild Product Co.,thewildist.com
The International Companies,intlholdings.com
"Champlain Valley Organics, LLC dba Vermont Pure CBD",vermontpurecbd.com
"Farmhand Organics, LLC",farmhandorganics.com
"Afia, LLC dba Afia Foods",afiafoods.com
Frankie and Jo's,frankieandjos.com
"Bonnecaze Farms, LLC",bonnecazefarms.com
"Steviva Brands, Inc.",steviva.com
Pastaio Pastas,firmas-rep.myshopify.com
"Myra Darious, LLC",dariousdatecookie.com
FireCreek Snacks,firecreeksnacks.com
Willi's Sausage Co.,willissausages.com
"Great American Deli, LLC",greatamericandeli.com
Kelapa LLC dba Sacred Serve,sacredserve.com
"Roots Organic Gourmet, LLC dba Roots Hummus",rootshummus.com
Yummer,yummmer.com
"George Packing Co., Inc. dba Northwest Hazelnut Co.",hazelnuts.com
"Good Luck International, Inc. dba Spyce Sauce",spycesauce.com
Harvest Table Culinary Group,harvesttableculinary.com
"Jaymo's Sauces, LLC",jaymosauces.com
"Royal Bakers Distributing, Inc.",royalbakersdist.com
CheesecakeDelivered.Com,cheesecakedelivered.com
"Metro-Webb Wholesale Foodservice, LLC",metrowebbfoods.com
Pastificio Boulder,pastificioboulder.com
"Burnett and Son Meat Co., Inc.",burnettandson.com
Frederick's Pastries,pastry.net
"Centered Table Co., LLC",centeredtable.com
"Fabalish, Inc.",fabalish.com
"Tanuk, Inc. dba Meal Mantra",mealmantra.com
"Beviva Foods, LLC",bevivafoods.com
"MKFP International Trading, Inc.",easythaikitchen.us
"Patty's Peppers, LLC",pattyspeppers.com
"Villari Food Group, LLC",villarifood.com
"La Perla Spice Co., Inc. dba Del Mayab",delmayab.com
Voyaging Foods,voyagingfoods.com
"Sword Performance, Inc.",drinksword.com
"Macro Vegetarian, LLC",macrovegetarian.com
"Pleese Foods, Inc.",pleesefoods.com
Innovative Bakery Resources (IBR),innovativebakeryresources.com
"United General Bakery, Inc. dba Upper Crust Bakery, Inc.",ucbakery.com
"USA Halal Chamber of Commerce, Inc.",ushalalcertification.com
"Rose and Shore, Inc.",roseandshore.com
Postre Caramels,postrecaramels.com
"Spice Kit, Inc.",spicekit.com
"This Bar Saves Lives, LLC dba This Saves Lives",thissaveslives.com
"Columbus Manufacturing, Inc. dba Columbus Craft Meats",columbuscraftmeats.com
"Elite Enterprise US, LLC dba All Natural Dips",allnaturaldips.com
Las Tortugas,lastortugas.com
Barry Foods Sales,barryfoodsales.com
"Piece of Cook, LLC dba Ready Set Dinner",readysetdinner.com
"Twin Lake Crunberry Co., LLC",twinlakecranberry.com
"Assisi USA, LLC dba Oil & Vinegar",oilandvinegarusa.com
"Underscores Baked Goods, Inc.",ubgoods.com
Taste Kitchen,tastekitchena2.com
"Roth Industries, LLC",rothbrands.com
Common Ground Food Co-op,commonground.coop
"Green Belly Foods, Inc.",greenbellyfoods.com
"Yonder Foods, LLC",yonderfood.com
"Telos Life, LLC",teloslife.com
Keto and Co.,ketoand.co
"Katina's Greek Foods, Inc.",katinasgreekfoods.com
"Home Cooking New York, LLC (HCNY)",homecookingny.com
"G.F. Bakers, LLC",mrshewitts.com
"G&I Products, LLC",gandiproducts.com
"Smart Snacks, LLC dba Cooggies",cooggies.com
"J. Horrocks Design, LLC",jhdesign.com
"Eat Real Food, LLC dba Culina",culinayogurt.com
Hook Line and Savor,hooklineandsavor.com
"Boomerang's Foods, Inc.",boomerangspies.com
Craig's Vegan,craigsvegan.com
Papa Pita Bakery,papapita.com
"Lark's Meadow Farms, LLC",larksmeadowfarms.com
Mama Lola's Tortilla Co.,mamalola.com
"EggLife Foods, Inc.",egglifefoods.com
"Better Carob, Inc.",bettercarob.com
Each and Every Co.,eachandevery.com
"Stevita Co., Inc.",stevitanaturals.com
"Sweet Origins, LLC",sweetorigins.com
"Century Snacks, LLC",centurysnacks.com
"DGG Group, LLC dba Wella Organics",wellafoods.com
Melanie's Medleys,melaniesmedleys.com
Southern Recipe,southernrecipe.com
Dr. Ayala's Magic Spice,ayalasmagicspice.com
"Nomolotus, LLC dba Truvani",truvani.com
Diet-to-Go,diettogo.com
"Larmar Foods, Inc. dba Garlic Expressions",garlicexpressions.com
PhoNatic Vietnamese Cuisine,pho-natic.com
"Etalia Foods, LLC",etaliafoods.com
"Simplified Foods, LLC dba Simple Botanics",simplebotanics.com
"The Dannon Co., Inc.",dannon.com
"Real Pickles Cooperative, Inc.",realpickles.com
The Art Of Edibles,theartofedibles.com
"PQ Productions, Inc. dba Allergy Cookie",allergycookie.com
"Northern Lights Food Processing, LLC dba Nutrativa Global",nutrativaglobal.com
Cociel Foods,cociel.org
"My Best Friends Cupcakes, LLC",mybestfriendscupcakes.com
Hammer Enterprises Integrated Solutions,hammerenterprisesis.com
"Fanestil Meats Fresh Local Market, LLC",fanestils.com
"Zenner's Quality Meat Products, Inc. dba Zenner's Sausage Co.",zennerssausage.com
"Certified Nutritionals, Inc.",certifiednutritionals.com
"TDI Partners, LLC dba InViCo Worldwide",invicoworldwide.com
"American Natural Proccessors, Inc. (ANP)",americannaturalprocessors.com
California Cling Peach Board (CCPB),californiaclingpeaches.com
Icky Enterprises LLC dba Bettys Eddies,bettyseddies.com
"Pasolivo, Inc.",pasolivo.com
"Belton Foods, LLC",beltonfoods.com
"Authentic Foods, Inc.",authenticfoods.com
"Good Clean Food, LLC dba Good Clean Food Hawaii",gcfhawaii.com
Bear Stewart Corp.,bearstewart.com
"Provimi Foods, Inc.",provimifoods.com
"Milne Fruit Products, Inc. dba MicroDried",microdried.com
"Mola Foods, Inc.",molafoods.com
"Butcher Block Sauces, Inc.",butcherblocksauces.com
"AFG Unlimited, LLC dba Rex Fine Foods, Inc.",rexfoods.com
"St. Clair Foods, Inc.",stclair.com
"Cajun Chef Products, Inc.",cajunchefshop.com
"Nirmala's Kitchen, Inc.",nirmalanarine.com
"Tone Brothers, Inc.",tones.com
Charlie Biggs' Food Co.,charleybiggs.com
"ICPK Corp. dba Calpack Foods, LLC",calpackfoods.com
"Felbro Food Products, Inc.",felbro.com
The HV Food Products Co.,hiddenvalley.com
"Salter's Chesapeake Gourmet, LLC",salterschesapeakegourmet.com
"Artisan Bakers, Inc.",artisanbakers.com
The Level Hot Pantry,level.ai
"Cool Mountain Beverages, Inc.",coolmountain.com
"Small Seed Bars, LLC",smallseedbar.com
"Taylor Street Sweets, LLC",taylorstreetsweets.com
"Phygit Foods, LLC",phygit.net
"Three Sisters Artisanal Meats, LLC",3sistersmeats.com
"Fante, Inc. dba Casa Sanchez Foods",casasanchezfoods.com
Hutch's Gourmet BBQ Sauce,hutchsbbq.com
"Sunnyland Bulghur Co., Inc. dba Sunnyland Mills",sunnylandmills.com
"Mininger Foods, Inc.",miningerfoods.com
"Sunnyvalley Smoked Meats, Inc.",sunnyvalleysmokedmeats.com
"California Dried Fruit, Inc.",californiadriedfruit.com
The Sleepers,sleepersgourmet.com
"Jer-n-Al's, Inc.",jernalsbbqsauce.com
"Maui Epicure, LLC dba Maui Fruit Jewels",mauifruitjewels.com
"Caja Popcorn, LLC",cajapopcorn.com
"AtlantisValley Foods, LLC",atlantisvalley.com
"Magic Spoon, Inc.",magicspoon.com
"The Sirius Raw Dog Food Co., Inc. dba State of Nature",stateofnatureraw.com
"Daily Nuts and Fruits, Inc.",dailynuts.com
"Silagy Sauce, LLC",silagysauce.com
Hazmat- Taste The Hot Zone,tastethehotzone.com
Thrive Sauce Co. dba MOB Sauce,mobsauceco.com
"Prime Fresh Products, LLC",primeplanet.net
"The Cajun Spoon, LLC",thecajunspoon.com
Mulvadi Corp.,mulvadi.com
"Canopy Foods, Inc.",canopyfoods.com
Frans Cake and Candy Supplies,franscakeandcandy.com
Mel´s Naturals,mels-naturals.com
"Bear Food, LLC",bearfood.biz
"Lorenz Schneider Co., Inc. dba NYSnacks",nysnacks.com
"BLIX U.S., Inc.",myblix.com
"Jewel Confections, LLC dba Shrewd Food, LLC",shrewdfood.com
"Tyler Distribution Centers, Inc.",tylerdistribution.com
"Pepper Preppers, LLC",pepperpreppers.com
Wet Wizard Sauce Co.,wetwizardsauce.com
The Local Food Market and Cafe,thelocalfoodmarket.com
"The Graceful Cookie, Inc.",thegracefulcookie.com
"Break Time Snacks, LLC",breaktimesnacks.com
"Grandpointe Acquisition, LLC dba evo hemp",evohemp.com
"Chi Dog, LLC",chidog.com
"Styria Bakery II, LLC",styriabakerybread.com
"Sherri's Fun Foods, Inc. dba Sherri's Crab Cakes",sherriscrabcakes.com
"Inday Holdings, LLC dba Inday NYC",indayallday.com
"That's Good Garlic, LLC",thatsgoodgarlic.com
Nino's Gourmet Dough,ninosgourmetdough.com
Encore Sausage Co.,encoresausage.com
Cha Cha Cha Taqueria,chachachapdx.com
Le Bon Garcon,lebongarcon.com
"Flocchini Family Provisions, Inc., dba Flocchini Sausage",flocchinisausage.com
"Decadence Gourmet Cheesecakes, LLC",decadencecheesecakes.com
Canyon Spirit Soapworks,canyonspiritsoap.com
Nature's Select Pet Food,naturesselectpetfood.com
P. Terry's Burger Stand,pterrys.com
"Pocket Deli Franchising, LLC",pocketdeli.com
"Bimmy's, LLC",bimmys.com
"Nara Organics, Inc.",naraorganics.com
Marcellino Ristorante,marcellinoristorante.com
J&G Steakhouse,jgsteakhousescottsdale.com
"Earthly Treats, Inc. dba Real Food From the Ground Up",fromthegroundupsnacks.com
"Verdu-US, LLC",verdu-us.com
Athena Farms,athenafarms.net
"Baked by Yael, LLC",bakedbyyael.com
"The Plum Group, LLC",plumgroupfoods.com
"Cherish Food, LLC",cherish-foods.com
"JLS Foods International, Inc.",jlsfoods.com
"Kansas Protein Foods, LLC",kansasproteinfoods.com
"Cache Creek Foods, LLC",cachecreekfoods.com
"Merchants Market Group, LLC",merchantsmarket.com
CCD Innovation,ccdinnovation.com
"Alpha Food Labs, LLC",alphafoodlabs.com
"Banana Vital, LLC",bananavital.com
"Biosun Biochemicals, Inc. dba Biosun Flavors and Food Ingredients (Biosun FFI)",biosunffi.com
"Florida Worldwide Citrus Products Group, Inc.",fwwcitrus.com
"CitraSource, LLC",citrasource.com
"On‑Cor Frozen Foods, LLC",on-cor.com
"Geliko, LLC",geliko.com
"Culinaire Foods, Inc.",culinairefoods.com
Nomz Foods Co.,eatnomz.com
"Orange Dot Baking Co., LLC",orangedotbaking.com
"JKUB Distributors, LLC",jkubdistribution.com
"Skally's Old World Bakery, Inc.",oldworldbakery.com
"Paino Organics, LLC",painoorganics.com
"Europa Market Co., Inc.",europa-market.com
"KeepIdeas, Inc. dba KeepRecipes.com",keeprecipes.com
"Culture Fresh Foods, LLC",culturefreshfoods.com
"BeeFree, LLC",beefreegf.com
The Sioux Chef,sioux-chef.com
"American Purpac Technologies, LLC (APT)",purpac.com
"Neese Country Sausage, Inc.",neesesausage.com
"Completeats, LLC dba Love + Chew",loveandchew.com
"The Better Baking Co., LLC",thebetterbakingcompany.com
Terra Cotta Cookie Co. Ltd.,terracottacookies.com
"Tortillacraft, LLC",tortillacraft.com
Southeastern Reduction Co. dba Pecan Shell Flour,pecanshellflour.com
"Treasure8, LLC",treasure8.com
"Sunday at the Beach, LLC",sundayatthebeach.com
"Pizzeria Limone, LLC",pizzerialimone.com
"Shure Foods, Inc.",shurefoods.com
"Cedar Lake Products, Inc.",cedarlakeproducts.com
"Brian's Foods, LLC",briansfoods.com
"Ingredient Experts, LLC dba Key Blends",keyblends.com
"Brother's Gerard Baking Co., LLC",brothersgerard.com
Wag & Woof,wagandwooftreats.weebly.com
Vite Ramen,viteramen.com
Richard's Cajun Foods Corp.,richardscajunfoods.com
"Tacodeli Holdings, Inc.",tacodeli.com
Coalition Brands,coalition-brands.com
"Food Ingredients, Inc.",foodingredientsinc.com
"NUMU Food Group, Inc.",numucheese.com
"4 Paws Pastries, LLC",4pawspastries.com
"Yost Foods, Inc.",yostfoods.com
"Brooklyn Buttery, LLC",brooklynbuttery.com
"Kentucky Bad Dog, LLC",kentuckybaddog.com
HoneyFlower Foods,honeyflowerfoods.com
"Wertheim Enterprises, Inc dba RGW Candy Co.",rgwcandyshop.com
"Dog and Whistle, Inc.",dogandwhistle.com
"Stewart Ingredient Systems, Inc.",stewartis.com
"Cacao & Cardamom, LLC",cacaoandcardamom.com
"Custom Foods, LLC dba Custom Bakehouse",custombakehouse.com
"Honest Health, LLC dab Potli",getpotli.com
Hummingbird Wholesale,hummingbirdwholesale.com
"FreshEX, Inc.",freshex.com
Jim Pandol and Co.,jimpandolandcompany.com
SunRich Foods International Corp.,sunrichfoods.com
"Meli Wraps, Inc.",meliwraps.com
"Padrino Foods, LLC",padrinofoods.com
Butter Buds Inc.,bbuds.com
"Square-H Brands, Inc.",squarehbrands.com
Atsa Foods Co.,atsafoods.com
Doubletake Salsa Co.,doubletakesalsa.com
"Deep South Honey, LLC dba Pure Southern Honey",puresouthernhoney.com
"Gott's Partners, LP dba Gott's Roadside",gotts.com
Three Vectors Corp. dba Durkha Dog Chew,durkha.pet
"Altva Holdings, LLC dba Honest Paws, LLC",honestpaws.com
"Sherman Family Foods, Ltd. dba Kustom Pak Foods, Inc.",kustompakfoods.com
"Little Shop of Bagels, Inc.",littleshopofbagels.com
"Multiexport Foods,  Inc.",latitude45salmon.com
"Mama Kicks, LLC",mamakicks.com
Stripp'd Juice,strippdjuice.com
"Tara Misu, LLC dba Blazin Bakery",blazinbakery.com
"Sr Pepper, LLC dba The Casa Market",thecasamarket.com
"Stellar Snacks, LLC",stellarsnacks.com
"Moku, Inc.",mokufoods.com
"Worthington Foods, Inc.",eatworthington.com
"Fieldcraft, Inc.",fieldcraft.com
"Detroit Mushroom Factory, LLC dba The Mushroom Factory",themushroomfactory.com
Pet Wants Charlotte,petwantsclt.com
"Baron Spices, Inc.",baronspices.com
"Seattle's Favorite, LLC",seattlesfavorite.com
Frozen Xplosion,frozenxplosion.com
"Basics, LLC",basicsmarket.com
"Delectable Samplings, Inc.",delectablesamplings.com
"Bodacious Foods Co., Inc. dba Mama Geraldine's",mamageraldines.com
"Uncle Sharkii Franchising, LLC",unclesharkii.com
"Mista Foods, LLC",mistafood.com
FoMu,fomuicecream.com
"Love and Joy Foods, LLC dba Nacheez",nacheez.com
Milkster Nitrogen Creamery,milkster.com
"Abzz Snacks, LLC dba Yoconut",yoconutdairyfree.com
"EasyKale Labs, LLC",easykale.com
"Trans Globe, LLC",tglobetrade.com
"Fly by Jing, Inc.",flybyjing.com
"Panthera, LLC",pantherallc.biz
"Come Alive Organics, LLC dba Soviia Agave",soviia.com
"Guar Resources, LLC",guarresources.com
The Michlitch Co. dba Spokane Spice,spokanespice.com
"First Spice Mixing Co., Inc.",firstspice.com
"The Sausage Maker, Inc.",sausagemaker.com
"Nutricepts, Inc.",nutricepts.com
Charles H. Baldwin and Sons dba Baldwin Extracts,baldwinextracts.com
"Cvista, LLC",cvista.com
"Mary Tylor Naturals, LLC",marytylor.com
"All American Seasonings, Inc.",allamericanseasonings.com
"East American Group, Inc. (EAG)",eastamericangroup.com
"South Florida Bakery, Inc.",sflbakery.com
"New Jersey Feed Lab, Inc. (NJFL)",njfl.com
"Lyoferm, Inc.",lyoferm.com
"Linbro, Inc.",linbro.com
"Pro-Pacific Agents, Inc. dba Ignite Food Service",ignitefoodservice.com
"Avalon Manufacturing, LLC",avalonmfg.com
"Norse Dairy Systems, LLC",norse.com
"Bio-Revival, LLC",bio-revival.com
Lillies of Charleston,lilliesofcharleston.com
Miriam's Earthen Cookware (MEC),miriamsearthencookware.com
"JEKM Enterprises, Inc. dba Ultimate Baker",ultimatebaker.com
"Kowalski Companies, Inc.",kowality.com
Zummo Meat Co.,zummo.com
"New England Marketers, Inc. dba Bay Shore Chowders",bayshorechowders.com
"Lake Erie Frozen Foods Co., Inc. (LEFFCO)",leffco.net
"JKL Specialty Foods, Inc. dba Asian Menu Sauces",asianmenusauces.com
"The Critelli Olive Oil Co., dba The Olive Oil Factory, LLC",theoofactory.com
"Beard's Quality Nut Almond Co., LLC",qualitynut.com
Adluh Milling Co.,adluh-store.myshopify.com
"Blue Chip Cookie Co., Inc. dba  Blue Chip Cookies Direct, LLC",bluechipcookiesdirect.com
G.O. Corp. dba G.O. Fresh,gofresh-precut.com
Serrano Brothers Co.,serranobrotherscompany.com
"Allied Food Products, Inc.",alliedfoodproducts.com
"Nor Cal Food Solutions, LLC dba Mad Will's Food Co., Inc.",madwills.com
Dream Chocolate Co.,dreamchocolate.com
J&M Food Products Co.,halalcertified.com
"Gateway Food Products Co., Inc. (GFP)",gatewayfoodproducts.com
"Rivland Foods, Inc.",rivland.com
Lesaffre Yeast Corporation dba Red Star,redstaryeast.com
"Flanigan Farms, Inc.",flaniganfarms.com
"AdvancePierre Foods, Inc. dba Barber Foods",barberfoods.com
Isernio's Sausage Co.,isernio.com
"Valido Foods, Inc.",validofoods.com
Texas Coffee Co. dba Texjoy,texjoy.com
"Dolores Canning Co., Inc.",dolorescanning.com
Natural Fruit Corp.,nfc-fruti.com
Texas Lone Star Tamales,texaslonestartamales.com
Steward & Jasper Orchards Co.,stewartandjasper.com
"Lagier Ranches, Inc.",lagierranches.com
Leelanau Fruit Co.,leelanaufruit.com
"The Great American Spice Co., Inc.",americanspice.com
RisingHy Specialty Sauces,risinghy.com
"Sahlen Packing Co., Inc.",sahlen.com
"Old Colony Baking Co., Inc.",ocolony.com
"Italia Foods, Inc.",italiafoods.com
V&V Sausage Co.,vandvsausage.com
"Northern Soy, Inc. dba Soyboy",soyboy.com
"Hahn Bros., Inc. dba Hahn's of Westminster",hahnsofwestminster.com
"Miedema Produce, Inc.",miedemaproduce.com
International Coconut Corp.,internationalcoconut.com
Kingsbrook Foods,kingsbrook.com
"The Chili House, Inc.",agnorchilimix.com
"Test Laboratories, Inc. dba Brewster Nutrition",brewsternutrition.com
"Brown Bag Unlimited, LLC dba Nature's Crush",naturescrushpopcorn.com
"The Gourmet Center, Inc. dba McGuire and Associates, LLC",matgci.com
Cook with JULIA,cookwithjulia.io
Body Butter by Kelley,bodybutterbykelley.com
"Buppy Pets, LLC",buppypets.com
"SimplyFresco, LLC dba Cocina Fresca",cocinafresca.com
The Pet Pantry,thepetpantry.com
EatWell Meal Kits,eatwellmealkits.com
"Gurley’s Foods, LLC",gurleysfoods.com
"Balkan Bites, LLC",balkanbites.co
"Organic Food Incubator, Inc. (OFI)",organicfoodincubator.com
"H. A. Rider and Sons, Inc.",hariderandsons.com
"Gilbert's Craft Sausages, LLC",gilbertssausages.com
"Fork in the Road Foods, LLC",forkintheroad.com
"Moringa Infusions, LLC",moringavinga.com
"Julian W. Black & Son, Inc.",julianwblack.com
"Opportuniteas, LLC",opportuniteas.com
"Royal Tours and Travel, LLC",royaltoursllc.net
"Sonoma Farm, Ltd.",sonomafarm.com
"Foods for Function, Inc. dba Caliper Foods",caliperfoods.com
"Meyers Bay Foods Co., LLC dba CrumbleOns",crumbleons.com
"Yodelay Yogurt, LLC",yodelayyogurt.com
"The Cookie Department, Inc.",thecookiedepartment.com
"Zenb US, Inc.",zenb.com
"Vroom Foods,  Inc.",vroomfoods.com
"Ocean Seafood Depot, Inc.",oceanseafood.com
Alfresco Pasta,alfrescopasta.com
"Nuts About Granola, LLC dba Sarah's Sweet and Savory Snacks, LLC",sarahssnacks.com
"C Vision Foods, LLC",visionfoodsllc.com
"Kitchen Fusions, LLC",kitchenfusions.com
Native Harvest,nativeharvestfoods.com
"SO SOYA+, Inc.",sosoyafoods.com
"Best Rice, Inc.",bestriceusa.com
"Beveri Nutrition, LLC",beverinutrition.com
"Whole Heathy Baby, LLC dba Whole Healthy Food",wholehealthyfood.com
"Premier Organics, Inc. dba Artisana Organics",artisanaorganics.com
Big Boss Baking Co.,bigbossbaking.com
Purely Pecans,purelypecans.com
"EJZ Foods, Inc. dba ZenSoy",tryzen.com
"Let There Be Hemp, Inc.",lettherebehempfoods.com
Red V Foods Corp.,redvfoods.com
"Sausage Queen, LLC dba Seemore Meats and Veggies",eatseemore.com
"Vita Coco Co., Inc.",vitacoco.com
"JackBakes, Inc.",jackbakes.com
Seedible,eatseedible.com
"Sirabella's VeganCheesecake.net, LLC",vegancheesecake.net
"HSJR, Inc. dba Snacks from the Sea",snacksfromthesea.com
"Dr. In The Kitchen, LLC dba Flackers",flackers.com
Jackson Hole POP,jhpopcorn.com
"Alison Mountford, Inc. dba Ends+Stems",endsandstems.com
Bakery Corp.,bakerycorp.com
Swiss Food Products LP,swissfoodproducts.com
Core and Rind,coreandrind.com
"SiroArt, Inc. dba Vape Juice Depot",vapejuicedepot.com
"Family Fresh Pack, LLC",freshpackwi.com
"Summit Naturals, Inc. dba HighKey Snacks",highkey.com
"Kibo Foods, LLC",kibofoods.us
"Live Wild Snacks, LLC dba Union Snacks",unionsnacks.com
"Snack It Forward, LLC dba Peatos",peatos.com
"Bow Creek Ranch, LLC",bowcreekranch.com
"Protein Products, Inc. (PPI)",proteinproductsinc.com
"Credo Foods, PBC",credofoods.com
"Bread Zeppelin Holdings, LLC",breadzeppelin.com
Rosetta Bakery,rosettabakery.com
"Cornucopia's Vitamin Factory Outlet, Inc. dba Cornucopia Natural Foods",cornucopiahealthfoods.com
"ChefShares, LLC",chefshares.ericnance.com
"Patter Fam Sauces, LLC",patterfamsauces.com
Walnut Burger,walnutburger.com
"Squirrel Stash Nuts, LLC",squirrelstash.com
"Purely Pomegranate, Inc.",purelypomegranate.com
Yin Yang Naturals,yinyangnaturals.com
Rise Southern Biscuits and Righteous Chicken,risebiscuitschicken.com
AyoA Foods,ayoafoods.com
"Wilatta Imports, LLC",wilatta.com
"S. Kamberg and Co., Ltd.",ingredientsoucing.com
"Reliable Products, Inc. dba PureFarms Organic, Inc.",reliableproduct.com
Ancestry Pet Food,ancestrypetfood.com
"Vermont Dog Eats, LLC",vermontdogeats.com
Chic Chef Co.,chicchefco.com
"Wampler's Farm Sausage Co., Inc.",wamplersfarm.com
"Quintessence Nutraceuticals, LLC",quintessencenutraceuticals.com
"Marley Spoon, Inc.",marleyspoon.com
"Green Tea Hawaii, LLC",greenteahawaii.com
"Alchemy Spice Co., Inc.",alchemyspicecompany.com
"New Horizon Foods, Inc.",newhorizonfoodsinc.com
"Food Technology Services, Inc. (FTSI)",foodtechservice.com
San Antonio Packing Co.,sanantoniopacking.com
"Palacios Foods USA, Inc.",palacios.us
"Kitchen Partners of Maine, LLC dba Pemberton's Gourmet Foods",pembertonsgourmetfoods.com
"Sunrise Foods International, Inc.",sunrisefoods.com
"Amelia Toffee Co., LLC",ameliatoffee.com
"Grasso Foods, Inc.",grassofoods.com
Müv Energy Chocolate,muvenergy.com
"APS Phoenix, LLC",apsphoenix.com
"Pet Food Solutions, LLC",petfoodsolutions.com
"Gourmet Culinary Partners, LLC",gourmetculinarypartners.com
"Lusty Monk, LLC",lustymonk.com
"Oliverio Italian Style Peppers, Inc.",oliveriopeppers.us
Louisiana Kosher Committee (LKC),louisianakosher.com
"Cloud and Joy, LLC",cloudandjoy.com
"Lazy Labs Bakery, LLC",lazylabsbakery.com
"Breadsmith, Inc.",breadsmith.com
"Healthy Treats, Inc., dba Dogs Love Kale",dogsloveus.com
"Big League Foods, Inc.",bigleaguefoods.com
Fruit Slabs,fruitslabs.com
"Whole and Free Foods, LLC dba Every Body Eat",everybodyeating.com
Sans Bakery,sansbakery-nyc.com
"The Helping Friendly Salve, LLC",thehelpingfriendlysalve.com
"ACH Food Companies, Inc. (ACH)",achfood.com
"La Flor de Mexico, Inc.",lfmfoods.com
Fiesta Canning Co.,fiestacanning.org
"Big Dipper Food Co., Inc.",bigdipperfood.com
"Global Resources Direct, LLC",globalresourcesdirect.com
"Barrier Island Organics, LLC",barrierislandorganics.com
"Prana Gourmet Foods, Inc.",pranaimports.com
"Teasdale Foods, Inc. dba Teasdale Latin Foods",teasdalelatinfoods.com
"Sobisk Foods, LLC",sobiskfoods.com
