name,domain
"Crest Discount Foods, Inc. dba Crest Fresh Market",crestfoodsok.com
Vistar Corp.,vistar.com
"Apiterra, Inc.",apiterrafoods.com
"Hack Things, LLC dba Crowd Cow, Inc.",crowdcow.com
"Kent Quality Foods, Inc.",kqf.com
"Foodpro International, Inc.",foodpro.net
"HerbNZest, LLC",herbnzest.com
"CJDE Treats, LLC dba Treat House",treathouse.com
"Make My Cake II, Inc.",makemycake.com
Buddy's Kitchen Incorporated,buddyskitchen.com
"Bee Sweet Citrus, Inc.",beesweetcitrus.com
"A.V. Thomas Produce, Inc.",avthomasproduce.com
"KanPak, LLC",kanpak.us
"L. H. Hayward and Co., LLC dba Camellia Brand",camelliabrand.com
"Ark Foods Group, Inc.",arkfoods.com
"Red Gold, Inc.",redgoldfoods.com
"Sovereign Flavors, Inc.",sovereignflavors.com
The Vidalia Onion Committee,vidaliaonion.org
"Lifestyle Foods, Inc.",lifestylefoods.com
"Design By Nature, Inc. dba Nature has Flavor",naturehasflavor.com
"Mo'Pweeze Bakery, LLC",mopweezebakery.com
Kenover Marketing Corp. dba Kayco,kayco.com
"JBN Group, LLC dba Gold Meat USA",goldmeat.us
"Ameripack Foods, LLC",ameripackfoods.com
"Wildtree Herbs, Inc.",wildtree.com
Bay Ridge Bakery,bayridgebakery.com
"The Flame Broiler, Inc.",flamebroilerusa.com
"HoneyBlaze, LLC",honeyblaze.com
"TS Ingredients, Inc.",tsingredients.com
"Crave Popcorn Co., LLC",cravepopcornco.com
"Smude Enterprises, LLC",smudeoil.com
Hillbilly's Jerky,hillbillysjerky.net
Tart-a-licious,tartalicious.com
"Survival Frog, LLC",survivalfrog.com
"Derstine’s Food Service, Inc.",derstines.com
"Tenderbelly, LLC",tenderbelly.com
"Souto Foods, LLC",soutofoods.com
"Chef'd, LLC",hotfreebees.com
"Caroline's Cakes, Inc.",carolinescakes.com
"One Step Ahead Marketing, LLC dba Au Bon Broth",aubonbroth.com
"On Safari Foods, Inc.",onsafarifoods.com
Chef Martin's Alpine Brand Sausages,chefmartinsausage.com
"Stiefel Associates, Inc.",stiefelrep.com
"S and S Farms and Deli, Inc.",ssmarketplace.com
"Noadiam USA, LLC dba Sky Organics",skyorganics.com
"Dough & Spice, Inc.",justdandydough.com
"FoodShare, LLC dba GiftAMeal",giftameal.com
"Provision Pros, Inc.",provisionprosinc.com
Liteful Foods,litefulfoods.com
"Blue Mountain Enterprises, Inc. dba Blue Mountain Flavors",bluemountainflavors.com
"Sustainable Proteins, LLC",sustainableproteins.com
"AMBI Prestigio Food, Inc.",ambifoods.com
"Six Foods, LLC dba Chirps Chips",eatchirps.com
Unrefined Bakery,unrefinedbakery.com
"Williams Foods, Inc.",williamsfoods.com
"Simmons Prepared Foods, Inc.",simmonspreparedfoods.com
"Quality Bakery Products, Inc.",qualitybakeryproducts.net
Simplot Retail,simplotretail.com
"Wisoman Foods, Inc.",wisoman.com
"Healthy Partner Pet Snacks, LLC",healthypartnerpetsnacks.com
"J.C. Specialty Foods, Inc. dba Dr. Pete's",dr-petes.com
"Coco Guilhem, LLC dba Maison de Monaco",maisondemonaco.com
"Seabrook Brothers and Sons, Inc.",seabrookfarms.com
"Mt. Olive Pickle, Inc.",mtolivepickles.com
"Cal-Maine Foods, Inc.",calmainefoods.com
The Pictsweet Co.,pictsweetfarms.com
"Bolner's Fiesta Products, Inc.",fiestaspices.com
"Ghigi Food Industries, LLC",ghigiusa.com
"Borges USA, Inc. dba Star Fine Foods",starfinefoods.com
"Cloverdale Foods Co., Inc.",cloverdalefoods.com
"Griffin Food Co., Inc.",griffinfoods.com
"Bloemer Food Sales Co., Inc.",bloemerfoods.com
"Bono USA, Inc.",bonousainc.com
"Crider's Poultry, Inc. dba Crider Foods, Inc.",criderfoods.com
"Coates Produce, LLC",coatesproduce.com
"Bektrom Foods, Inc.",bektrom.com
"USAOrganics, LLC",mojojerky.com
"Ritika's Global Grains, LLC dba Farmers' Table Grains",ritikasglobalgrains.com
"Mike Shea's Coffee Roasting Co., Inc.",mikesheascoffee.com
"Marfood USA, Inc.",marfoodusa.com
JMB Food Sales Co.,jmbfoodsales.com
NY Fudge and Confections,nyfudge.net
Lizard Juice,lizardjuice.com
"National Fruit Product Co., Inc. dba White House Foods",whitehousefoods.com
"The Olive Fruit, LLC",theolivefruit.com
"Nestlé USA, Inc.",nestleusa.com
"SALOV North America Corp. dba Filippo Berio USA, Ltd.",filippoberio.com
"Keebler, Inc.",keebler.com
"Quality Bakers of America Cooperative, Inc. (QBA)",qba.com
The Krave Kobe Burger,kravekobeburger.com
Chicago Steak Co.,mychicagosteak.com
"Jasper Wyman and Son, Inc.",wymans.com
"Natural Decadence, LLC dba Raised Gluten Free",raisedglutenfree.com
"915 Labs, LLC",915labs.com
"Voodoo Doughnut, LLC",voodoodoughnut.com
Kerr Pacific Corp.,kerrpacific.com
Carlton Packing,carltonfarms.com
"Veritas Farms, Inc.",theveritasfarms.com
Model Meals,modelmeals.com
"Swaggerty Sausage Co., Inc.",swaggertys.com
"United Seafood Enterprises, LP",unitedseafoodenterprises.com
"Temptee Specialty Foods, Inc.",tempteeco.com
"El Milagro, Inc.",el-milagro.com
Whole Heart Provisions,wholeheartprovisions.com
"Sao Noi, LLC",sao-noi.com
"Mia's Kitchen, Inc.",miaskitcheen.com
"Good-One Mfg., LLC",thegood-one.com
"Benchmark USA, Inc.",benchmarkusainc.com
"Fiddyment Farms, Inc.",fiddymentfarms.com
"Blue Cattle Truck Trading Co., LLC dba Mexican Vanilla",mexicanvanilla.com
"Jacmar Foodservice Distribution, Inc.",jacmar.com
"Northern Frozen Foods, Inc. dba Northern Haserot",northernhaserot.com
"Danny Cash Unlimited, LLC",dannycash.com
"Eataly Net USA, LLC",eataly.com
Central Milling Co.,centralmilling.com
"Togo's Eateries, Inc.",togos.com
"Gina Cucina, Inc.",ginacucina.com
"Belmont Peanuts of Southampton, Inc.",belmontpeanuts.com
"Backcountry Nutrition, LLC dba Fourpoints Bar",fourpointsbar.com
CAM CSM Corp. dba California Coast Naturals,cacoastnaturals.com
"Exchange Enterprises, LLC dba Spice Exchange",shopspiceexchange.com
"Built Franchise Systems, LLC",builtcustomburgers.com
"Eliot's Adult Nut Butters, LLC",eliotsnutbutters.com
"Mindful Foods, Inc. dba Soozys",soozysgrainfree.com
Wine Forest Wild Foods,wineforest.com
"Estolia's, Inc.",estolias.com
"Saladinos, Inc.",saladinos.com
"MomoMilk, LLC dba Milk Bar",milkbarstore.com
"F and A Food Sales Co., Inc.",fafoodsales.com
"Feesers, Inc. dba Feeser's Food Distributors",feesers.com
Christ Panos Foods Corp.,panosfoods.com
"Fischer Foods of New York, Inc.",fischerfoods.net
Sitto's Bakery,sittosbakery.com
Falcon and Flash Spice Co.,falconandflash.com
"Piqua Pizza Supply, Co., Inc.",piquapizza.net
"Sweet Innovations, LLC",sweetinnovations.com
"Indianhead Foodservice Distributor, Inc. (IFD)",callifd.com
"Imperial Trading Co., LLC",imperialtrading.com
Springfield Grocer Co. dba SGC Foodservice,sgcfoodservice.com
"Thurston Foods, Inc.",thurstonfoods.com
"Desert Gold Food Co., Inc.",desertgoldfoodcompany.com
"Saipua, Inc.",saipua.com
Darlington Cookie Co. dba Darlington Snacks,darlingtonsnacks.com
"Vosges, Ltd. dba Vosges Haut-Chocolat",vosgeschocolate.com
"Merus, LLC",meruscompanies.com
"Pope's Kitchen, LLC",popeskitchen.com
"Erie Bone Broth, LLC",eriebonebroth.com
Cucina Bambini,cucinabambini.com
"Forbes Candies, Inc.",forbescandies.com
"Greenspot Foods, LLC",greenspotfoods.com
"Carol's Cookies, Inc.",carolscookies.com
"LoCo Food Distribution, LLC",locofooddistribution.com
"Cozy Nutrition dba G2G Bar, LLC",good2gobar.com
"Belstra Milling Co., Inc. (BMC)",belstramilling.com
"Kalmbach Feeds, Inc.",kalmbachfeeds.com
Boulder Dough Co.,boulderdough.com
"4Pure, Inc.",drink4pure.com
Moxie Bread Co.,moxiebreadco.com
"Artisan Made Foods, LLC dba Spicy Mo's",spicymos.com
Amy & Brian Naturals,amyandbriannaturals.com
Buddy's Nut Butters,buddysnutbutters.com
"Chudabeef Jerky Co., LLC",chudabeef.com
"Artemis Pet Food Co., Inc.",artemiscompany.com
"Stanislaus Food Products Co., Inc.",stanislaus.com
"Union Kitchen, LLC",unionkitchen.com
"Country Fresh Meats, Inc.",countryfreshmeats.com
Gourmet Fournet Creole Onion Dip,gourmetfournet.com
GoodBites Group,goodbites.co
"Raw Dog Brands, Inc. dba Raw Dog Hawaii",rawdoghawaii.com
"Little Wicomico Oyster Co., LLC",lwoysters.com
Pops Bakery,popsbakery.com
Au'Some Foods,ausomefoods.com
"Sasya Foods, LLC",sasyafoods.com
Green City Market,greencitymarket.org
Nonfood,eatnonfood.com
"J.S.W. Farm, LLC dba JSW Farm The Chop Shop, Inc.",jswfarmchopshop.com
"All-Plant Liquid Plant Food, Inc.",allplantliquidplantfood.net
"Oregon Fruit Products, LLC",oregonfruit.com
"Inked Organics, LLC",inkedorganics.com
Happy Campers Gluten-Free,happycampersgf.com
"Gluten Free Foods Manufacturing, LLC",glutenfreefoodsmfg.com
"DRCM, LLC dba Dot's Homestyle Pretzels",dotspretzels.com
Lyden Spice Corp.,lydenspice.com
"Lemur International, Inc.",lemurinc.com
"Roxy Trading, Inc.",roxytrading.com
Ranch Hand,weareranchhand.com
"Ceres Solutions Cooperative, Inc.",ceres.coop
"Orangeburg Milling Co., Inc.",omcfeeds.com
Premier Cooperative,premiercooperative.com
Biltong USA,biltongusa.com
"Des Moines Feed Co., Inc.",desmoinesfeed.com
"Best Maid Products, Inc.",bestmaidpickles.com
"Southern Classic Food Group, LLC",southernclassicfood.com
Sundance Natural Foods Co.,sundancenaturalfoodscompany.com
"Jac Express, LLC dba QoQonut",qoqonut.com
"Bashas, Inc.",bashas.com
"Bubba's Sweet Nectar, LLC",bubbashoney.com
"PretzelHaus Bakery, LLC",pretzelhausbakery.com
"Green B.E.A.N. Delivery, LLC",greenbeandelivery.com
"Food For Thought Enterprises, Inc.",foodforthoughtchicago.com
"Lentz Milling Co., LLC",lentzmilling.com
"Meow Global Networks, Inc. dba Rosa Food Products Co., Inc.",rosafoods.com
"Lowes Foods, LLC",lowesfoods.com
"Chobani Global Holdings, LLC dba Chobani, LLC",chobani.com
"Food and Beverage Associates, Inc.",fba-usa.com
"Euro-American Brands, LLC",euroamericanbrands.com
Elmer Candy Corp. dba Elmer Chocolate,elmerchocolate.com
"Quaker Hill Farms, Inc. dba Chortles",chortles.com
"Pulse Foods, LLC dba Pulse Roasted Chickpeas",pulseroastedchickpeas.com
"Freeman Brothers, Inc. dba Clint & Sons",clintandsons.com
Jacquet North America Corp.,jacquetbakery.com
"Organic Gum, LLC",wildgum.com
"Beck Western Brokerage, Inc.",beckwestern.com
"Favorite Foods, Inc.",favoritefoods.com
"Cheese Plus, LLC",cheeseplus.com
Each Peach Market,eachpeachmarket.com
"Zingerman's Delicatessen, Inc.",zingermansdeli.com
"The Good Food Store, Inc.",goodfoodstore.com
The Aniata Cheese Co.,aniata.com
"Market Hall Foods, Inc.",markethallfoods.com
"Seaboard Triumph Foods, LLC (STF)",seaboardtriumphfoods.com
"Crescent Foods, Inc.",crescentfoods.com
"Shenandoah Valley Organic, LLC (SVO) dba Farmer Focus",farmerfocus.com
"Scavuzzo's, Inc.",scavuzzos.com
Deli Star Corp.,delistarcorp.com
"Franco Whole Foods, LLC",francowholefoods.com
Caputo's Market & Deli,caputos.com
"Carman Ranch, LLC",carmanranch.com
"Pondini, Inc.",pondini.com
"Alon's Bakery and Market, Inc.",alons.com
"The Art of Cheese, LLC",theartofcheese.com
Bonique Corp.,boniqueusa.com
Organic Roots Olive Oil,organicrootsoliveoil.com
The Zinneken's Group LLC,zinnekenswaffles.com
"G.A. Food Services of Pinellas County, Inc. dba GA Foods, Inc.",gafoods.com
"FreshFry, LLC",freshfry.me
"The Recovery Station, LLC",therecoverystation.com
"Fresh and Ready Foods, Inc.",freshandreadyfoods.com
Milwaukee Pretzel Co.,milwaukeepretzel.com
"Origins Paleo Meals, LLC dba Minute Mixology",minutemixology.com
"Spokin, Inc.",spokin.com
"Curly Top Baker, LLC",curlytopbaker.com
"Helthe Brands, Inc.",helthebrands.com
"Better Bites Bakery, LLC",betterbitesbakery.com
"Nouveau Foods, LLC dba Lotus Pops",lotuspops.com
"Zubiate Foods, LLC",eatzubi.com
"Naturally Clean Eats, LLC",naturallycleaneats.com
"Lem Products Holding, LLC",lemproducts.com
78 Brand Co.,78brand.com
SanaBio GmbH,sanabio.eu
Brothers International Food Corp. dba Brothers All Natural,brothersallnatural.com
Vermont Tortilla Co.,vttortillaco.com
Luzo Foodservice Corp.,luzo.com
"American Food Distributor, LLC",afdllc.com
"Jordano's, Inc.",jordanos.com
"Organic Food Bar, Inc.",organicfoodbar.com
"LES Foods, Inc. dba Bohana",bohanalife.com
"Amalia's Cocina, Inc.",amaliascocina.com
"Gambinos Bakery, Inc.",gambinos.com
"Simit and Smith, inc.",simitandsmith.com
"Extra Virgin Foods, Inc.",extravirginfoods.com
"Boston Salads and Provisions Co., Inc. dba Boston Salads & Prepared Foods",bostonsalads.com
"Gold Coast Baking Co., LLC",goldcoastbakery.com
"APJ Meats, Inc.",apjmeats.com
"Barrett Ag Service, Inc. dba Barrett Petfood Innovations (BPI)",barrettpetfoodinnovations.com
"Alpine Ingredients, LLC",alpineingredients.com
"Aguiar Ag Group, Inc. (AAG)",aguiaraggroupinc.com
"Butler Milling & Sales, LLC",butlermilling.com
"Sun Beef, LLC dba Sunfed Ranch",sunfedranch.com
William C. Loughlin and Co.,sourceingredients.com
"RADS Sauce, LLC",rads-sauce.com
"Hoff & Pepper, LLC",hoffandpepper.com
The Jersey Tomato Co.,jerseytomatoco.com
"Elijah's Xtreme Gourmet Sauces, Inc.",elijahsxtreme.com
Whitehouse Station Sauce Co.,whitehousesauce.com
"Lucky Nutrition, LLC dba Luckybar",luckybar.com
"Whirlybird Granola, LLC",whirlybirdgranola.com
"Brooklyn Biltong, LLC",brooklynbiltong.com
"Keys Manufacturing Co., Inc.",keysmanufacturing.com
"3PM Bites, LLC",3pmbites.com
Brown Dog Fancy,browndogfancy.com
"Oregon Spice Co., Inc.",oregonspice.com
"Randall Burkey Co., Inc. dba Happy Hen Treats",happyhentreats.com
"Two Percent, LLC dba Bare Bites",barebites.com
"Moonland Produce, Inc.",moonlandproduce.com
"Fresh Avenue Partners, LLC",freshavenue.com
Prince Corp.,prince-corp.com
"The Doggie Express, LLC",thedoggieexpress.com
"Nirwana Foods, LLC",nirwanafoods.com
"Esti Foods, LLC",estifoods.com
"Icing On Top, LLC dba Yoosh's",yooshs.com
Anita's Yogurt,anitas.com
"Dewey's Bakery, Inc.",deweys.com
"Goodnow Farms, LLC",goodnowfarms.com
Josephine's Feast,josephinesfeast.com
"Heavenly Tea, Inc.",heavenlytealeaves.com
"Little Porky's Marinade, Inc.",littleporkysmarinade.com
"Ventura Coastal, LLC",venturacoastal.com
"Louis Wohl and Sons, Inc.",louiswohl.com
"Three Brothers Bakery, Inc.",3brothersbakery.com
"Olde Man Granola, LLC",oldemangranola.com
"Lakeside Poultry Ranch, Inc. dba Lakeside Bakery Supplies",lakesidebakerysupplies.com
"Fair Market, Inc.",fairmarketinc.com
"Bespoke Group, LLC dba Global Agro Commodities, LLC",globalagco.com
"Paletería La Michoacana, LLC",lamichoacanalogansquare.com
"Mother Juice, Ltd.",motherjuice.com
"Amy's Gourmet Apples, Inc.",amysgourmetapples.com
"Onions 52, Inc.",onions52.com
"Tommy's Food Service, Inc.",tommysfoodservice.com
"Arcade Industries, Inc. dba Arcade Snacks",arcadesnacks.com
"OneTeam Humanity Foods, Inc. dba NutBurgers",nutburgers.com
"Kocotek, Inc.",kocotek.com
Doris Peruvian Pastries,dorisperuvianpastries.com
"Smoking Goose, LLC",smokinggoose.com
"Chowbotics, Inc.",partners.chowbotics.com
Star of the West Milling Co.,starofthewest.com
Fizzeology Foods,fizzeology.com
"Chambers and Owen, Inc.",chambers-owen.com
"Chicago Pastry, Inc.",chicagopastry.com
"Olive Oil Distributors, LLC dba EXAUoliveoil",exauoliveoil.com
"Detroit Dough, LLC",eatdetroitdough.com
"Atlanta Oriental Food Wholesale Co., dba Buford Highway Farmers Market",aofwc.com
"Blackhive Corp., Inc.",blackhivecorp.com
"Fisher Foods Marketing, Inc. dba Fishers Foods, Inc.",fishersfoods.com
"Baked By Bibis, LLC (BBB)",bbbhealthytreats.com
"Cosmos Food Co., Inc.",cosmosfood.com
"Claude's Sauces, Inc.",claudessauces.com
"King Cheesecake Co., Inc.",kingcheesecake.net
"Double D Meat Co., Inc.",doubledsausage.com
UW Provision Co.,uwprovision.com
"À La Carte Foods Properties, LLC",alcfp.com
"National Meat and Provision Co., Inc. dba Natco Food Service Merchants",natcofs.com
"Furman Foods, Inc. dba Furmano Foods, Inc.",furmanos.com
"Allen Brothers, Inc.",allenbrothers.com
"Lukes Seafood, LLC dba Luke’s Lobster Me, LLC",lukeslobster.com
"Benestar Brands, LLC",benestarbrands.com
"Venezia Bakery, Inc.",veneziabakery.com
"The Wonderful Co., LLC",wonderful.com
Savage Jerky Co.,savagejerky.com
"Somerfield Farms, LLC",somerfieldfarms.com
"Good Planet Foods, Inc.",goodplanetfoods.com
Fresh Bakery Network,freshbakerynetwork.com
Simmons Grain Co.,simmonsgrain.com
"Heartland Harvest, Inc.",heartlandharvestinc.com
"American Quick Foods, Inc.",americanquickfoods.com
"Island Way Sorbet, LLC",islandwaysorbet.com
"Specialty Food Solutions, Inc.",foodsolutionsgroup.com
Real Mckoy Enterprises Corp. dba The Real McKoy's Barbecue Sauce,realmckoyenterprises.com
"Harvest Time Foods, Inc. dba Anne's Old Fashioned Food Products",annesdumplings.com
"Marjorie's Beef Jerky, Inc.",marjoriesbeefjerky.com
Little Black Dressing Co.,littleblackdressing.com
"Pura Vida Vegas, LLC",puravidavegas.com
"Granville Spice Co., LLC",granvillespice.com
"Georgetown Cupcake, LLC",georgetowncupcake.com
"Nex-xos Worldwide, LLC",nex-xos.com
"Capitol Kettle Corn and Popcorn, Inc.",capitolkettlecorn.com
"Louisiana Lagniappe Foods, LLC",louisianalagniappefoods.com
"GreenBerries, LLC",greenberrieskitchen.com
"Culver Duck Farms, Inc.",culverduck.com
"GoFresh, LLC",gofreshusa.com
"Tortillas De Casa, LLC",tortillasdecasa.com
"La Valle Foods USA, LLC",lavalleus.com
"Stewart Seeds, Inc.",stewartseeds.com
"JM Exotic Foods, Inc.",jmexoticfoods.com
"Snavely's Mill, Inc.",snavelysmill.com
"AMI Group, LLC",amigrp.com
"Sterling Caviar, LLC",sterlingcaviar.com
"International Cruise Food and Hotel Suppliers, Inc.",icfh.com
"Bake'n Joy Foods, Inc.",bakenjoy.com
"Royal Food Service Co., Inc.",royalfoodservice.com
"Pacer Technology,  Inc.",pacer.technology
"Martin's Potato Chips, Inc.",martinssnacks.com
"John Gross and Co., Inc.",jgrossco.com
Duval's Fresh Local Seafood,duvalsfreshlocalseafood.com
"Perfect Granola, LLC",theperfectgranola.com
"Karns Prime and Fancy Food, Ltd. dba Karns Quality Foods",karnsfoods.com
"Theodore J Katsiroubas and Sons, Inc. dba Katsiroubas Produce",katsiroubasproduce.com
"Clarkson Soy Products, LLC dba Clarkson Specialty Lecithins",clarksonspecialtylecithins.com
"Saratoga Peanut Butter Co., LLC",yopeanut.com
Keen Bean Organics,mykeenbean.com
KOKO KosherKorean,kosherkorean.com
"Kiryas Joel Poultry Processing Plant, Inc.",kjpoultry.com
"Dagim Tahorim Co., Inc.",dagimfish.com
"Cosmos Consultants, Inc.",cosmosconsultantsinc.com
"Yoni's Food, LLC dba Yoni's Pretzel Challah",yonispretzelchallah.com
"LemonShark Poke, LLC",lemonsharkpoke.com
"Victorian House Scones, LLC",victorianhousescones.com
"PF Bakeries, LLC",pfbakeries.com
"Idahoan Foods, LLC",idahoan.com
"Bush Brothers Provision Co., Inc.",bush-brothers.com
"BUICED, Inc.",buiced.com
"Southeastern Yu Brothers, Inc. dba Southeastern Food Supplies",sefoodsupplies.com
"Hormans Pickles, Inc.",hormansbestpickles.com
Isabella's Creations,isabellascreations.com
"Lil Mixins, LLC",lilmixins.com
"Twin City Foods, Inc.",twincityfoods.com
"Alfred Nickles Bakery, Inc.",nicklesbakery.com
"Turoni's Pizza, Inc., dba Turoni's Pizzeria and Brewpub",turonis.com
"Christensen Farms & Feedlots, Inc.",christensenfarms.com
Jones Potato Chip Co.,joneschips.com
"Essential Minerals, LLC",essentialminerals.com
"Agri-Flavors, Inc.",agriflavors.com
"Miami Beef Co., Inc.",miamibeef.com
"Trevo, LLC",trevocorporate.com
"Back To Basics Foods, LLC",backtobasicsfoods.com
"CitraPac, Inc.",citrapac.com
"Biena, LLC dba Biena Snacks",bienasnacks.com
Beanfields PBC,beanfields.com
"Two Farms, Inc. dba Royal Farms",royalfarms.com
"The Halal Guys, Inc.",thehalalguys.com
Hometown Food Co.,hometownfoodcompany.com
Chicago Culinary FX (CCFX),chicagoculinaryfx.com
Tullivers Natural Pet Food,tulliverspetfood.com
"SMPL Brands, LLC",getsmpl.us
"Cargus International, Inc.",cargus.com
"Enson Group, Inc.",ensongroup.com
"Emerson's Bakery, Inc.",emersonsbakeryky.com
"Grow Co., Inc.",ww25.growco.us
"Alaska Sausage and Seafood Co., Inc.",alaskasausage.com
"A.G.Y. Corp. dba Hudson Valley Foie Gras, LLC",hudsonvalleyfoiegras.com
Ahi and Vegetable,ahiandvegetable.com
"ALL Holding Co., LLC dba Leidy's, LLC",leidys.com
Classic Cookie,classiccookie.com
"Flowers Foods, Inc.",flowersfoods.com
"Sapor Food Group, Inc. dba Simply Good Jars, Inc.",simplygoodjars.com
A Little Cake,alittlecake.com
"Milio's Sandwiches, LLC",milios.com
"Unity Vibration Living Kombucha Tea, LLC",unityvibrationkombucha.com
"Live Free Foods, LLC",livefreefoods.com
"Yolele Foods, Inc.",yolele.com
Top Chef Meals,topchefmeals.com
"Feast & Fettle, Inc.",feastandfettle.com
"Euro-USA Trading Co., Inc. dba Jovial Foods, Inc.",jovialfoods.com
"Lilac Patisserie, LLC",lilacpatisserie.com
"Mybread, LLC dba MyBread Gluten Free Bakery",mybreadbakery.com
"Co. Pasta, Inc.",companypasta.com
"Survivalcave, Inc.",survivalcavefood.com
"New Horizon Health, Inc. dba Longevity Warehouse",longevitywarehouse.com
"Hoboken Farm Stands, Inc.",hobokenfarms.com
The Really Great Food Co.,reallygreatfood.com
"Maddalena's Cheesecake and Catering, Inc.",maddalenascatering.com
"The Blooming Oven, Inc.",bloomingoven.com
"Shady Maple Farm Market, Inc.",shady-maple.com
Simplecare Products,simplecareproducts.com
"Food Matters Market, LLC",foodmattersmarket.com
"Dandy Cotton Candy Co., Inc.",dandycottoncandy.com
"Sorbatto, LLC",sorbatto.com
"Amest Foods, Inc.",amestfoods.com
"Plochman, Inc.",plochman.com
South and Spoon Pudding Co.,southandspoon.com
"Big Gain, Inc.",biggain.com
Gray Duck Chai,grayduckchai.com
Know Allergies,knowallergies.com
"A and H Creation, Inc. dba I am (aranth)",iamaranth.com
"WizCo, LLC dba Zipzicle",zipzicles.com
"Savory Spice Shop, Inc.",savoryspiceshop.com
"Melonhead, LLC dba Mile High Organics",milehighorganics.com
"Suss Sweets That Make You Smile, LLC dba Suss Carumel",susscarumel.com
"Cosmo's Superior Foods, LLC",cosmossuperior.com
"Scratch Cupcakery, LLC",scratchcupcakery.com
Wilson's Orchard & Farm,wilsonsorchard.com
"Pasquale's Food Service, Inc.",pasquales.pizza
"Creative Foods, Inc.",creativefoodinc.com
Andean Star Corp.,andeanstarsuperfoods.com
"87P, LLC",87p.me
"Machine Shed, LLC",machineshed.com
"Joy Snacks, LLC",joysnacks.com
Indiana Packers Corp.,indianapackerscorp.com
Sir Walter Candy Co.,sirwaltercandy.com
"Huy Fong Foods, Inc.",huyfong.com
"Blue Horizon Development, LLC dba Precise Portions",preciseportions.com
"Recipe Rack, Inc.",reciperack.me
"Falcon Trading Co., Inc. dba SunRidge Farms, Inc.",shopsunridgefarms.com
"Butterfields, LLC",butterfieldsbutter.com
"MSN Corp. dba Budd Foods, Inc.",mrsbudds.com
"Butterfly Bakery, Inc.",butterflybakeryne.com
"Amarals Bakery, Inc.",amaralsbakery.com
Francesco's Italian-American Bakery,francescosbakery.com
"Famous Products, Inc.",famousbbq.com
"Entenmann’s, Inc.",entenmanns.com
Better Bread Co.,betterbreadcompany.com
"Dutch Country Soft Pretzels, LLC",dutchcountrysoftpretzels.com
"Calise and Sons Bakery, Inc.",calisebakery.com
"The Elegant Farmer, Inc.",elegantfarmer.com
"Jim L. Shetakis Distributing Co., dba Shetakis Wholesalers, Inc.",shetakis.com
"Regional Distributors, Inc.",regdist.com
"Celia's Gourmet Foods, LLC",celiasgourmetfoods.com
"Natural American Foods, Inc. dba Sweet Harvest Foods, Inc.",sweetharvestfoods.com
"Tortillas, Inc.",tortillasinc.com
SakeOne Corp.,sakeone.com
"Dairy Clean Products, Inc. dba Proxy-Clean Products",proxycleanproducts.com
"Jorly Holdings, LLC dba Blends by Orly",blendsbyorly.com
"Maple Leaf Farms, Inc. (MLF)",mapleleaffarms.com
"The Sweet Box, LLC",iamjimmiller.com
"VeganCuts, Inc.",vegancuts.com
"Monteleone Foods, Ltd.",monteleonepeppers.com
"Kuck Farms, Inc.",kuckfarms.com
"Angry Irishman, LLC",angryirishman.net
Three Forks Bakery and Brewing Co.,threeforksnc.com
"Gardners Candies, Inc.",gardnerscandies.com
"Homestat Farm, Ltd.",homestatfarm.com
"Indulgent Foods, LLC",indulgentfoods.com
"Kallas Honey Farm, Inc.",kallashoney.com
"Lancaster Foods, LLC",lancasterfoods.com
"Murray Biscuit Co., LLC",murraysugarfree.com
My Grandma's of New England,mygrandma.com
"Mr. Dee's, Inc.",mr-dees.com
"John Paton, Inc. dba Golden Blossom Honey",goldenblossomhoney.com
"Primal Spirit Foods, Inc.",primalspiritfoods.com
"Mighty Vapors, LLC",mightyvapors.com
"RB Brew, LLC dba Bradley Farm",raybradleyfarm.com
"Pacific Valley Foods, Inc.",pacificvalleyfoods.com
"NTC Marketing, Inc.",ilovelibbys.com
"Gillian's Foods, Inc.",gilliansfoodsglutenfree.com
"Rocky Mountain Natural Meats, LLC dba Great Range Brand Bison",greatrangebison.com
"Regal Health Foods International, Inc.",regalsnacks.com
"Summit Nutritionals International, Inc.",newsummitnutritionals.com
"Sweet Beginnings, LLC",beelovebuzz.com
BRU Handbuilt Ales and Eats,bruboulder.com
"Ponix, Inc.",ponixfarms.com
"Farm.One, Inc.",farm.one
"Steak-umm Co., LLC",steakumm.com
Unique Coffee Roasters,uniquecoffeeroasters.com
"Tallgrass Beef Co., LLC",tallgrassbeef.com
Aux Merveilleux de Fred,auxmerveilleux.com
"Tom Sturgis Pretzels, Inc.",tomsturgispretzels.com
"Naked Dates, LLC",healthynakeddates.com
"Trawigo, LLC/LP",trawigo.com
"Real Ketones, LLC",realketones.com
"Premier Meat Co., Inc.",premiermeatcompany.com
"Cedar Crest Specialties, Inc. dba Cedar Crest Ice Cream",cedarcresticecream.com
"Flatbread Company, Inc.",flatbreadcompany.com
Good Foods Co-op,goodfoods.coop
"Genji, LLC",genjiweb.com
Rockenwagner Bakery,rockenwagner.com
"Martin's Pretzels and HPDP, Inc.",martinspretzels.com
"Dakota Style, Inc.",dakotastyle.com
"Chips Charles Enterprises, Inc. dba Charles Chips",charleschips.com
"Don Julio Foods, Inc.",donjuliofoods.com
"Terranova Bakery, LLC",terranovabakery.com
"Flavorsmith, LLC dba Snackzels",snackzels.com
"Draeger's Markets, Inc.",draegers.com
Bloomingfoods Market and Deli,bloomingfoods.coop
"Blue Napkin, LLC",bluenapkin.net
Kitchen Kettle Village,kitchenkettle.com
George P. Cole Family L.P. dba i Fratelli Pizza,ifratellipizza.com
Macrina Bakery and Cafe,macrinabakery.com
"Gourmet Gardens Specialty Foods, Inc.",gourmetgardens.com
"PurFoods, LLC",purfoods.com
"Napoli Foods, Inc.",napolifoodsinc.com
Pie Provisions,pieprovisions.com
"Park Slope Food Coop, Inc. (PSFC)",foodcoop.com
"Palmisano Brothers Produce Co., Inc. dba The Peddler's Son",peddlersson.com
"Pasture 2 Plate, Inc.",pasture2plate.com
"Virginia Poultry Growers Cooperative, Inc. (VPGC)",vapoultrygrowers.com
"Amick Farms, LLC",amickfarms.com
"Maine Lobster Outlet, LLC",mainelobsteroutlet.com
"Freshfields Farm, Inc.",freshfieldsfarm.com
"Buffoonery Factory, LLC dba Rumble Jar",therumblejar.com
Ala Carte Alice,alacartealice.com
"Deep Fork Foods, LLC",deepforkfoods.com
"Potato Products of Idaho, LLC (PPI)",ppidaho.com
"Heritage Family Specialty Foods, Inc.",heritagefamilyfoods.com
"Planet Sub, Inc.",planetsub.com
Sukhi's Gourmet Indian Foods,sukhis.com
"Gourmet Cargo, LLC",gourmetcargo.com
Rockin JR Ranch KItchen,rockinjr.com
"Marsh Crispy, LLC dba The Marshinator",themarshinator.com
"Pizzafire Cleveland, LLC",pizzafire.com
"Setton International Foods, Inc.",settoninternational.com
"OMghee, LLC",omghee.com
BL Worldwide dba BestLife Worldwide,myblw.com
Plated With Purpose,preparedwithpurpose.com
"Eat the 80, LLC",eatthe80.com
"Sparta Foods, Inc.",spartafoodsden.com
"Sandwich Bros. of Wisconsin, LLC",sandwichbros.com
"Santoni's, Inc.",santonis.com
"Pizza Spice Packet, LLC",pizzapacket.com
"MaMa LaRosa's Food, Inc.",mamalarosa.com
"Northern Salt, Inc.",northernsalt.com
"Queen Majesty Hot Sauce, Inc.",queenmajestyhotsauce.com
"Accardi Foods, Inc.",accardifoods.com
"Fantini Baking Co., Inc. dba Fantini Bakery",fantinibakery.com
"Marcho Farms, Inc.",marchofarms.com
"Plentiful Pantry, Inc.",plentifulpantry.com
"Samin Management, Inc. dba Poke Bop",ilovepokebop.com
"Gca Products, Inc.",gcaproducts.com
"Don Hugo Produce, Inc.",donhugo.net
Hormel Foods Corp.,hormelfoods.com
"Green County Foods, Inc.",greencountyfoods.com
"Fifth Season Cooperative, Inc.",fifthseasoncoop.com
"Reed Food Technology, Inc.",reedfood.com
Oregon Hazelnut Industry,oregonhazelnuts.org
"Entosense, LLC",entosense.com
"Suttons Bay Trading Co., Inc.",suttonsbaytrading.com
"JZZ Technologies Inc (JZZI) dba Farmica Africa, Ltd.",farmicaafrica.com
"Centennial Cuts, LLC",centennialcuts.com
"Bowman Andros Products, LLC dba Andros Foods North America",androsna.com
"Tom and Chee Worldwide, LLC",tomandchee.com
"Milne Fruit Products, Inc.",milnefruit.com
"Nutorious, LLC",nutoriousnuts.com
Intergalactic Foods Corp. dba Positive Food Co.,positive.co
"Chefday, Inc",chefday.com
Mountain House,mountainhouse.com
"Liberto Specialty Co., Inc. dba Ricos Products Co., Inc.",ricos.com
"Bamboo Asia, Inc.",bambooasia.com
"Falafel, Inc.",falafelinc.org
"The Gombos Company, LLC",thegomboscompany.com
"Transpacific Foods, LLC",transpacificfood.com
"Carmela Foods, Inc.",carmelafoods.com
Bunk Sandwiches,bunksandwiches.com
"AgriFIS, Inc.",agrifis.com
"Trident Brands, Inc.",tridentbrands.com
"Geller International, Inc.",gellerinternational.com
"Sofrito Foods, LLC dba FILLO'S",fillos.com
"Honey Blossom, LLC",thehoneyblossom.com
"Natural Ice Fruits, Inc. dba So Fruitty",sofruitty.com
"Pili Hunters, LLC",eatpilinuts.com
"OBI Probiotic Soda, LLC",obisoda.com
"Kerekes Bakery & Restaurant Equipment, Inc. dba BakeDeco",bakedeco.com
"Hound Vibes, LLC dba Unicreamer",unicreamer.com
"Inland Island Yeast Laboratories, LLC",inlandislandyeast.com
Imperial Yeast,imperialyeast.com
"Fatt Bob's Jerky Hut, LLC",fattbobs.com
"Adirondack Maple Farm, LLC",adirondackmaplefarms.com
"Global Harvest Foods, Ltd.",ghfoods.com
Satisbite,satisbite.com
CookDC®,cookdc.com
Origin Enterprises,origin.us.com
"Ox Verte, LLC",oxverte.com
Paquera Mezcal,paqueramezcal.com
"The Dirty Cookie, LLC",thedirtycookieoc.com
SVCMS,cms18.com
"Roudybush, Inc.",roudybush.myshopify.com
Sus Hi Eatstation,sushieatstation.com
"Hot Pandeyuca and Co., Inc. dba Pa'Ya To Go",payatogo.com
"Michael Holm and Associates, Inc.",holmandassociates.com
"ChopWare, Inc.",chopwareinc.com
Golden Gate Fortune Cookies Co.,goldengatefortunecookies.com
"Sassy Onion, Inc.",sassyonion.com
Scandinavian Specialties,scanspecialties.com
Rogue Valley Growers and Crafters Market (RVGCM),rvgrowersmarket.com
"Unique Seafoods Co., LLC",uniqueseafoods.com
Verlasso Salmon,verlasso.com
"Greatest American Hot Dogs, Inc. (GAHD)",greatestamericanhotdogs.com
Alliance Marketing Corp.,best-rep.com
"Forks Over Knives, LLC",forksoverknives.com
"Love and Light Nourishing Food, LLC dba BeReal Doughs",berealdoughs.com
Continental Grain Co. (CGC),continentalgrain.com
"Greenleaf Foods, SPC",greenleaffoods.com
"Tundalaya, Inc.",tundalaya.com
"Louisville Vegan Jerky Co., LLC",lvjco.com
"The Herbivorous Butcher, LLC",theherbivorousbutcher.com
"Fetch! Gourmet Dog Treats, LLC",fetchmeatreat.com
Gentle Harvest,gentleharvest.com
"Terramino, Inc. dba Prime Roots",primeroots.com
"Beyond Better Foods, LLC dba Bada Bean Bada Boom",badabeansnacks.com
"Coffee Culture, Inc. dba Cuppacoffee",trycuppacoffee.com
"Grand Prairie Foods, Inc.",grandprairiefoods.com
Abalioglu Yem Soya A.S.,abalioglu.com
"Kaneyama Trading, Inc.",kaneyamausa.com
"Chef Tim Foods, LLC",cheftimfoods.com
"E. Waldo Ward and Son, Inc.",waldoward.com
"DennyMike's Cue Stuff, Inc.",dennymikes.com
"Seminole Foods, Inc.",seminolefoods.com
Helen's Pure Foods,helenspurefoods.com
"Sonoma Gourmet, Inc.",sonomagourmet.com
"Heritage Food Co., LLC",heritagefoodcompany.com
"Ingredients Corp. of America, Inc. (ICA)",memphi.net
"Starport Foods, LLC",starportfoods.com
"Spin Sauce, Inc.",spinsauce.com
"Rose Sisters Brands, Inc. dba Rose Sisters Chips",rosesisterschips.com
"Taskin Bakery, Inc.",taskinbakery.com
"Sterling Extract Co., Inc.",sterlingextractcompany.com
"Kartago America, Inc. dba Kartago Foods",kartagofoods.com
"H and G Wellness, LLC dba Cozy Bones for Dogs",cozybonesfordogs.com
The Cookie Joint,thecookiejoint.com
"Larryron Enterprises, Inc. dba Randy's Donuts",randysdonuts.com
"Core Food Ingredients, Inc.",corefoodingredients.com
Starter Bakery,starterbakery.com
"Cupcakin' Bake Shop, LLC",cupcakinbakeshop.com
As Kneaded Bakery,askneadedbakery.com
"Soup Bases Loaded, Inc.",soupbasesloaded.com
RE Rich Family Holding Corp. dba Rich Products Corp.,richs.com
Texas Best Protein LP.,texasbestproteins.com
"Ornna Foods, Inc.",ornnafoods.com
"CrepeMaker, Inc.",crepemaker.com
"Glorious Malone's Fine Sausage, Inc.",malonesfinesausage.com
"Baker's Therapy by Marie, LLC",bakerstherapybymarie.com
Louisiana Sweet Potato Commission,sweetpotato.org
"Manhattan Beach Cream'wich, LLC dba Cream'wich",thecreamwich.com
Grain Free Mama's,gfmamas.com
"Tree of Life Botanicals, LLC",tolbotanicals.com
"Mulays, Inc.",mulays.com
Ferndale Market,ferndalemarket.com
"Snyder's-Lance, Inc. dba Diamond Foods, LLC",diamondnuts.com
"Anthony Wayne Vending Co., Inc.",anthonywaynevending.com
"Italgrani USA, Inc.",italgraniusa.com
"Berkshire Food, Inc.",bfoods.com
"Coffee Mill, Inc.",coffee-mill.com
"WholeYum, LLC",wholeyum.com
"Casa Nostra Bakery Co., Inc.",casanostrabakery.com
"Fruti Fruit, Inc.",frutifruit.com
"Dumpling Darling, LLC",dumplingdarling.com
"Pony Express Enterprises, LLC (PEN)",ponyexpressfoods.com
The Puckered Pickle Co.,puckeredpickle.com
Galena Garlic Co.,galenagarlic.com
"Vital Eats, LLC",vitaleats.com
"Homesweet Homegrown, LLC",homesweethomegrown.com
Eat Makhana,eatmakhana.com
"Food Ventures North America, Inc. dba Wild Fork Foods",wildforkfoods.com
"Arboleda Food Products, LLC dba Chicas Chips",chicaschips.com
"Theoderma, LLC",theodermaskincare.com
"Balkan Treasures, LLC",balkantreasure.com
"The Lancaster Pie King, LLC",piekingcafe.com
Serendipity Homemade Ice Cream,serendipity-icecream.com
"Ambrosia Bakery, Inc.",ambrosiabakerysf.com
"Dragon Well, LLC",dragonwell.com
B-Organic,b-organicma.com
"Los Altos Food Products, LLC",losaltosfoods.com
"Los Pericos Food Products, LLC",lospericosfood.com
Raquel's Pet Treat Shop,mydogtreatsbyraquel.co
"Oversea Casing Co., LLC",overseacasing.com
"Mooliss Cheese, Inc.",mooliss.com
Wisconsin Grass-fed Beef Cooperative,wisconsingrassfed.coop
"NatureNAO, Inc.",naturenao.com
Crabby Jim's Seafood,crabbyjim.com
"LUHV Food, LLC",luhvfood.com
Olive from the Raw,olivefromtheraw.com
Dabba,dabba.com
"Imperial Wagyu Beef, LLC",imperialwagyubeef.com
Lavender Girl TN,lavendergirltn.com
California Artichoke Advisory Board (CAAB),artichokes.org
"Mountain Feed and Farm Supply, LLC",mountainfeed.com
"ICREST International, LLC",icrestusa.com
Jugetsudo USA,jugetsudousa.com
Esther's Sweet SinSations Bakery,estherssweetsinsations.com
J Wolf Catering,jwolfcatering.com
"Gnarly Jerkym, LLC",gnarlyjerky.com
Seoul Sausage Co.,seoulsausage.com
Spencer Makenzie's Fish Co.,spencermakenzies.com
"Freshlist, LLC",freshlist.com
"Zero Egg Food, Inc.",zeroegg.com
"OlyKraut, LLC",olykraut.com
The Master's Baker (TMB),themastersbaker.com
"Camel Life, LLC",camellife.com
"Boulder Sun, Inc.",drinksunmilk.com
Magic Kitchen,magickitchen.com
"Delicious Sip, LLC",delicioussip.com
"Phil's Cake Box Bakeries, Inc. dba Alessi Bakeries",alessibakery.com
Aspen Mills Bakery and Bread Co.,aspenmillsps.com
"Gibby Group, LLC",gibbygroup.com
"National Sugar Marketing, LLC (NSM)",nationalsugar.com
Varda Chocolatier,vardachocolatier.com
"Citromax Flavors, Inc.",citromax.com
"Shiloh's Five Loaves, Inc. dba Simple Kneads",simplekneads.com
"Renee's Live, Inc.",reneeslive.com
"O'MY Foods, LLC dba O'MY Dairy Free Gelato",omygelato.com
"Simply Served, LLC dba Simmer",simmerfood.com
"North Geeks, LLC dba Pork King Good",porkkinggood.com
"Sequoia Sake Co., LLC",sequoiasake.com
Ruffino Meats and Food Service,ruffinomeats.com
"Sealand Foods, Inc.",sealandfoodsinc.com
"Shuler Meats, Inc.",shulermeats.com
"J. Vrola, Inc.",vrola.com
NPC Corp. dba Mighty Muscadine,mightymuscadine.com
"Yeah Dawg!!!, Inc.",yeahdawgvegan.com
"Sharp's Little Pig Town, LLC",sharpslittlepigtown.com
"Manuka Honey USA, LLC",manukahoneyusa.com
"Primizia Foods, LLC dba DeCicco and Sons",deciccoandsons.com
Miguels California Mexican Cocina,miguelsrestaurant.com
No Whey Chocolate Co.,nowheychocolate.com
"Bevzero, LLC",bevzero.com
Boston Organics,bostonorganics.com
Franklin Community Cooperative Corp.,franklincommunity.coop
M and J Pet Bakery,mjpetbakery.com
"EJ's Meats and Treats, Inc.",ejsmeatsandtreats.com
Catalina Finer Food Corp.,catalinafoods.com
Continental Bakery,lacontinentalbakery.com
Alewel's Country Meats,alewels.com
"Yaya's Yum Yums, Inc.",yayasyumyums.com
"Bettera Holdings, LLC dba Bettera Brands, LLC",bettera.com
"Zeia Foods, LLC",zeiafoods.com
"D'Agostino's Italian Specialties, LLC dba D'Agostino Pasta Co.",dagostinopasta.com
"Just Like Sugar, Inc.",justlikesugar.com
"Greenfield's Greatest Food Co., Inc. dba Sundaes Best Hot fudge Sauce",sundaesbest.com
Lindsay Farms Specialties,lindsayfarms.com
"Supreme Cuisine, LLC",supremecuisine.com
"Garlic Clove Foods, LLC",garlicclovefoods.com
Loving Hut Supply,lovinghutsupply.com
"CleverFoodies, Inc.",cleverfoodies.com
"Kruger and Sons, Inc. dba Kruger Foods, Inc.",krugerfoods.com
"Luquire Family Foods, LLC dba Carolina Creole",carolinacreole.com
"Golden Specialty Foods, LLC",goldenspecialtyfoods.com
"Heintz and Weber Co., Inc. dba Webers Mustard",webersmustard.com
"Pellicano Specialty Foods, Inc.",pellicanos.com
"The Olive Press, LLC",theolivepress.com
"Slick Rick's Foods, LLC",slickricksfoods.com
"Fitchburg Creamery, Inc.",fitchburgcreamery.com
"Snack Jack, LLC",snackjackjerky.com
"Semper Foods, LLC",semperfoods.com
The Hemp Food Co.,hempeplantprotein.com
"Two Big Jerks Jerky, LLC",twobigjerksjerky.com
"River Ranch Raisins, Inc.",rrraisins.com
"La Tapatia TorTilleria, Inc.",tortillas4u.com
"1st Quality Produce, Inc.",firstqualityproduce.com
"P.G. Molinari and Sons, Inc.",molinarisalame.com
"Certified Meat Products, Inc.",certifiedmeatproducts.com
"Total Nutraceutical Solutions, Inc.",totalnutraceutical.com
"A Means To A Vend, Inc.",ameanstoavend.com
Gemini Food Corp.,geminifoodcorp.com
"Hoss Soss, LLC",hosssoss.com
"Gaskins Family Foods, LLC",gaskinsfamilyfoods.com
"Smokeshow, LLC dba The Show Hot Sauce",theshowsauce.com
Fresco Sauce,frescosauce.com
"Kumbia Trading Co., Inc. dba Kumbia Foods",kumbiafoods.com
"Konaco Specialties, Inc. dba Mac Pie Hawaii",macpie.com
"SK Natural Farms, LLC dba 2 Lady Farmers",2ladypigfarmers.com
"Makana Gardens, LLC dba Big Island Coffee Roasters (BICR)",bigislandcoffeeroasters.com
Ohio City Pasta,ohiocitypasta.com
"Westin, Inc.",westinfoods.com
"Crown Pacific Fine Foods, Inc.",cpff.net
"Arena Food Service, Inc.",arenafoodservice.com
"1-800-Bakery.com, Inc.",1-800-bakery.com
"Chesapeake Fine Food Group, LLC dba Mackenzie, Ltd.",mackenzieltd.com
"Dragon Breath Gourmet Garlic, LLC",dragongarlic.com
"Aiello Bros. Pork Stores, Inc.",aiellobrosporkstore.com
Majestic Meats Inc. dba Majestic Foods,majesticfoods.net
"Semco Foods, LLC",semcofoods.com
"Goshenhoppen Run, Inc.",goshrun.farm
"KAV America AG, Inc.",kavamerica.com
"Pretty Delicious Foods, LLC dba Dr. Shica Flavor Mixes",drshicaflavormixes.com
"Innovative Food Systems, Inc.",innovativefoodsystems.com
Coffee Enterprises,coffeeenterprises.com
"Naylor Candies, Inc.",naylorcandies.com
"Sunset Slush, LLC",sunsetslush.com
"Susie's South Forty Confections, Inc.",susiessouthforty.com
"Incollingo Food Service, Inc.",incollingofoods.com
"Bova Food Distributors, Inc.",bovafoods.com
The Gourmet Egg Roll Co.,thegourmeteggrollcompany.com
"Azteca Mexican Candy Imp., LLC",aztecacandy.com
"Excellent Fruit & Produce, Inc.",excellentfruitandproduce.com
"Maison Marcel, LLC",maison-marcel.com
"Meat N' Bone, LLC",meatnbone.com
"The Culinary Edge, Inc. (TCE)",theculinaryedge.com
"HNO Blending Solutions, Inc.",hnoblendingsolutions.com
Pasta More Gourmet Foods,pastamore.com
Green District Salads,gdsalads.com
"The Original Velatis, Inc.",velatis.com
The Empanada CookHouse,theempanadacookhouse.com
"Ferrero U.S.A., Inc.",ferreronorthamerica.com
Stockyards Steakhouse,stockyardssteakhouse.com
Dupont Street Imports LLC dba St. Agrestis,stagrestis.com
Philly Gourmet Co.,philly-gourmet.com
"Mac Edwards Produce and Co., Inc.",macedwardsproduce.com
"Robert Erneston Produce, Inc.",ernestonproduce.com
"Weaver Popcorn Co., Inc.",weaverpopcorn.com
"The Viceroy Group, LLC",theviceroygroupllc.com
Organic RealBar,organicrealbar.com
"Custom Dairy Performance, Inc. dba KTG North America",ktgcoating.net
"Kent Feeds, Inc.",kentfeeds.com
Mr. G's Pizza,mrgspizzeria.net
"Quattro Citrus Products, LLC",quattrocitrus.com
Asli Fine Foods,aslifinefoods.com
"Valley Food Systems, Inc.",valleyfoods.com
"LIFT Enrichment, Inc.",liftenrichment.com
Rifraf Ricotta Cups,rifraf.com
"Al and John, Inc. dba Glen Rock Hams",glenrockhams.com
"Thumann's, Inc.",thumanns.com
"Deb-El Food Products, LLC",debelfoods.com
"El Sol Foods, LLC",elsolfoods.com
Oat Shop,oatshopboston.com
"Sucro Sourcing, LLC",sucro.us
"Joseph Shalhoub and Son, Inc. dba Fruit iQ",fruitiq.com
"International Spices, LLC",intspice.com
"Golden Taste, Inc.",goldentasteinc.com
My French Recipe,myfrenchrecipe.com
"Ballers Protein, LLC",ballersprotein.com
"The Phyto Group, Inc. dba Yum Matcha",yummatchatea.com
NW CBD Co.,nw-cbd.com
Kinsho Kitchen,kinshokitchen.com
Gourmet Spice Co.,gourmetspicecompany.net
Anthony's Goods,anthonysgoods.com
"Blue Marble Brands, LLC",bluemarblebrands.com
Californo Wood Fired Pizza Ovens Co.,californo.co
Nardis Enterprises LLC dba Bakers Sto N Go,bakersstongo.com
"Romeo's Pizza Franchise, LLC",romeospizza.com
Vegan Strong,veganstrong.com
Fresh Box,hifreshbox.com
"Easy Peasie, LLC",easypeasie.com
"Palm Foods - O.G., LLC",palmfoods.com
Nibble Snack Shop,nibblesnackshop.com
"My Vegan Sweet Tooth, LLC",myvegansweettooth.com
Shannon's Imperial Brand,shannonsimperial.com
"Bell Tasty Foods, Inc.",belltastyfoods.com
"Bolido Brands, LLC dba Agua Lucha",agualucha.com
"Gourmet Distribution, Inc.",gourmetdis.com
Chin Chin Franchise Co.,chinchin.com
"Conscious Canning Co., LLC dba Slice of Sauce",sliceofsauce.com
"Storm Mountain Coffee Roasters, LLC",drinkstorm.com
"Kentucky's Best Hemp, Inc.",kysbesthemp.com
"Pyrotechnic Foods, LLC dba Fireworks Finishing Butter",fireworksfinishingbutters.com
"ORGNX Eliquids, Inc.",orgnxeliquids.com
"Moon Meals, Inc.",moonmeals.com
"The Happy Group, Inc. dba Happy Egg Co.",happyegg.com
"ProSperity Bioscience, LLC dba Mojo Moo",prosperity-probiotics.com
"Can Corp. of America, Inc. (CCA)",cancorpam.com
"New Hampshire Mushroom Co., LLC",nhmushrooms.com
"Engelman Baking Co., LLC",engelmansbakery.com
Uncle Herb's,uncleherbs.com
"Wells Enterprises, Inc.",wellsenterprisesinc.com
"Treehouse Milk, LLC",treehousemilk.com
"United Egg Producers, Inc. (UEP)",unitedegg.com
"Gemm Ag Solutions, LLC",gemmagsolutions.com
Tulmeadow Farm Inc.,tulmeadowfarmstore.com
"Eco Guar Group, LLC",ecoguargroup.com
"American Carrageenan Technology Systems, Inc. (ACTS)",actsinc.biz
"Zilka & Co., LLC",zilkaandcompany.com
HT Refractory,htrefractory.com
"FCC Products, Inc.",fccproducts.com
"Earthworks Health, LLC",earthworkshealth.com
"Columbia PhytoTechnology, LLC dba Powder Pure",powderpure.com
"Hillcrest Foods, Inc.",hillcrestfoodsne.com
"Dutt & Wagner, Inc.",duttandwagner.com
"Autio Co., Inc.",autioco.com
"Aaburco, Inc. dba Pieminister",piemaster.com
"Daylight Donut Flour Co., LLC",daylightdonuts.com
"Automatic Ice Maker Co., Inc.",autoiceequipment.com
"Maxco International, Inc.",maxcointernationalgroup.com
"Solanaceae, LLC dba The Pepper Police",thepepperpolice.com
Cornerstone Cookie Co.,cornerstonecookiegifts.com
"Doodle's Sugarbush, LLC",doodlessugarbush.com
"TPC Food Service, Inc.",tpcfoodservice.com
"Meal Kit Supply, LLC",us.mealkitsupply.com
Eagle Roller Mill,eaglerollermill.com
"HI-Country Snack Foods, Inc.",hicountry.com
"Moccia Enterprises, Inc.",mocciaent.com
"F.B. Purnell Sausage Co., Inc. dba Purnell's ""Old Folks"" Sausage",itsgooo-od.com
Makowski's Real Sausage Co.,realsausage.com
Sciabica California Olive Oil,sunshineinabottle.com
"O.B. Macaroni Co., Inc.",obmacaroni.com
"U.S. Spice Mills, Inc.",usspice.com
"Culinary Specialties, Inc. (CS)",culinaryspecialties.net
Weiss Brokerage Co.,weissfoods.com
"Wanda's Barium Cookie, LLC",bariumcookie.com
Cacao Atlanta Chocolate Co.,cacaoatlanta.com
Northern Feed and Bean Co.,northernfeedandbean.com
"L&M Meats, Inc.",lmmeats.com
"Indian Valley Meats, Inc.",indianvalleymeats.com
"Star Food Snacks International, Inc. dba Enjoy Beef Jerky",enjoybeefjerky.com
"Oasis Date Gardens, Inc.",oasisdate.com
"John Roth and Son, Inc.",johnrothandson.com
Raye's Mustard,rayesmustard.com
Red Bird Farms Co.,redbirdfarms.com
"Maebo Noodle Factory, Inc. dba One-ton",one-ton.com
"Supreme Vinegar, LLC",supremevinegar.com
"LI Cauiflower Associates, Inc.",licassoc.com
"Marshallville Packing Co., Inc.",marshallville-meats.com
"Nema Food Distribution, Inc.",nemahalal.com
"Gaspar's Sausage Co., Inc.",gasparssausage.com
"Mrs. Dog's Products, LLC",mrsdogs.com
"Gold Coast Commodities, Inc.",goldcoastcommodities.com
Kenyon Corn Meal Co. dba Kenyon's Grist Mill,kenyonsgristmill.com
Que Down Corp. dba Torchy Burns BBQ Sauce,torchyburns.com
Maple Hollow Equipment,maplehollowsyrup.com
"Mansmith Enterprises, Inc.",mansmith.com
"Karn Meats, Inc.",karnmeats.com
"Sheba Foods, Inc.",shebafoods.com
"Stiglmeier Sausage Co., Inc.",stiglmeier.com
"Colorado Kernels, Inc.",coloradokernels.com
Waterford Nut Co.,waterfordnut.com
"Chicopee Provision Co., Inc.",bluesealkielbasa.com
"New Season Foods, Inc. (NSF)",newseasonfoods.com
"Roy Umbarger and Sons, Inc.",umbargerandsons.com
"Wilenta Feed, Inc.",wilentafeed.com
Curtis Packing Co.,curtispackingcompany.com
PetProductDelivery.com,petproductdelivery.com
"Forgetful Chef, LLC",forgetfulchef.com
"Suzimix, Inc. dba Suzi Cake",suzimix.com
"JB5, Inc. dba Royal Hawaiian Seafood",sfrhs.com
"Mindbody Foods, Inc.",mindbodyfoods.com
"Herbucha, LLC",herbucha.com
"STACK'D Nutrition, LLC",stackdpancakes.com
Fokken Nuts,fokkennuts.com
Simply Fit,simplyfitohio.com
"Just Ryt Foods, Inc. dba South Florida Imports",sflimports.com
Harmony Valley Creamery,harmonyvalleycreamery.com
"Flour Craft Bakery, LLC",flourcraftbakery.com
"Courage Production, LLC",courageproduction.com
"Sweet Corn Tortilla Chips, Inc.",sweetcornchips.com
