name,domain
"Luca's Dog Boutique, LLC",lucasdogboutique.com
RecipeForte,recipeforte.com
California Lamb,californialamb.com
Ginger Libation,gingerlibation.com
HI Food Lab,hifoodlab.com
Bleu'print Hospitality LLC.,threeonefourpizzeria.com
"GDL Foods, Inc. dba Giadzy, LLC",giadzy.com
NOODLEPIG,noodlepig.com
Central Meats,centralmeats.com
Nerrido Foods,nerridofoods.com
One Love Organic LLC,oneloveorganicfoods.com
SABZIMATIC,sabzimatic.com
Garden Kettle,gardenkettle.com
3rd Bird Kombucha,3rdbirdcollective.com
Forage & Fire Catering,forageandfirecatering.com
Mr.Paanwala,mrpaanwala.com
PLG Coffee House and Tavern,plgcoffeehousetavern.com
Red Sesame BBQ,redsesamebbq.com
"BMA USA, Inc.",bmausa.com
Pulakos 926 Chocolates,pulakoschocolates.com
K Bee Honey,kbeehoney.com
ATX Hot Sauce LLC,atxhotsauce.com
Lebkuchen-Manufaktur GmbH & Co. KG,leupoldt.de
3 Rivers Food Co-op,3riversfood.coop
Culinary Guide Shop,culinaryguideshop.com
Gold Leaf Nutritionals,goldleafnutritionals.com
Jaca Sugar,jacasugar.com
Capuli Restaurant,capulirestaurant.com
RAIZE.,eatraize.com
Vegan Cuban Cuisine LLC.,vegancubancuisine.com
Newlight Breadworks,newlightbread.com
Agility Foods,eatagility.com
"Three Little Birds, LLC",threelittlebirdsshop.com
Ammi Ki Recipes,ammikirecipes.com
Baoh Blaze LLC,baohblaze.com
Dough and Batter,doughandbatterca.com
General Packing,genpacking.com
Hardman Bakery Supply,hardmanbakerysupply.com
Campbells Cakes,campbellscakes.net
Culinary Masters Corp,culinarymasters.com
New Foods Network,newfoods.net
"Quoc Viet Foods, Inc.",quocviet.com
LOVELAND SWEETS,lovelandsweets.com
"Olio Piro., LLC",olio-piro.com
STITTSWORTH MEATS,stittsworthmeats.com
"Golden Star Enterprises, Ltd. dba Super Fresh Foods, Inc.",superfreshfoods.ca
WELLth,wellthyliving.com
Yagööt,yagoot.com
Bao Dumplings & Bao Tea,baodumplingsandbaotea.com
BSJ Merchandising,bsjmerchandising.com
Cookee,cookee.store
farmerbrown,farmerbrownsf.com
River North Foods,rivernorthfoods.com
Tofu's Hot Sauce,tofushotsauce.com
GREEN BEE JUICERY LLC.,greenbeejuicery.com
Pokitomik,pokitomik.com
Square Root Life,squarerootlife.com
Submarine House,submarinehouse.com
"Guiltless by Shayne, LLC.",guiltlessbyshayne.com
Lucid Living Co.,lucidlivingco.com
Pacific Hazelnut Farms,pacifichazelnut.com
"Passtur, Inc.",passtur.io
5 Brother's Bagels,5brothersbagels.com
704 Korean BBQ,704kbbq.com
9Zaab Thai Street Food,9zaab.com
"Bessties, LLC",letsbebessties.com
Drink Poggers,drinkpoggers.com
Elder + Oat,elderandoat.com
Funky Munky Energy,eatfunkymunky.com
JNB Food service LLC,jnbfoodservice.com
Land of Oz Meats,ozmeats.com
NexVeg,nexveg.com
Urban Cookies,urbancookies.com
570 Ramen,570ramenpa.com
Buckabee Brownies,buckabeebrownies.com
Kao Hom Thai Cuisine,orderkaohomthaicuisine.com
Sushi Yusho,japanesefoodinnewburyparkca.com
Stokli,stokli.com
Crystal's Honey,crystalsrawhoney.com
Earthn Foods,earthnfoods.com
Food2You Catering,food2youinc.com
Agro Imports U.S.,agroimportsus.com
Keto and Kindness,ketoandkindness.com
Pacific Organic Pops,pacificorganicpops.com
"Branch + Daughter, Quality Meats and Market",branchanddaughter.com
Listfixx,listfixx.com
Spice 8 Asian Kitchen,spice8kitchen.com
Chef Helene Inc.,chefhelene.com
Thai Divine Bistro,thaidivinebistroca.com
Brewery Nyx,brewerynyx.com
Charlie's Gourmet Garlic Farm,charliesgourmetgarlic.com
King Cropp Food,kingcroppfood.com
PICKY EATERZ,pickyeaterzstl.com
"CHKP Foods, Inc.",chkpfoods.com
Cindermint,cindermint.com
LA SAISON BAKERY,lasaison-bakery.com
Afromeals,afromeals.com
ChezFrançois.net,chezfrancois.net
Harbor Candy Shop,harborcandy.com
Kiyong Tea,kiyongtea.com
Krishna Food Corp,food.krishna.com
10Feast,10feast.com
Food N'Bev Connect - Growing Brands,foodnbevct.com
Stockpot Inc,stockpotinc.com
birdiebites™,birdiesnack.com
Bloomfield Creamery,bloomfieldcreamery.com
Litterally Devine Chocolates,litterallydivine.com
Farm Fresh Bowls,farmfreshbowls.com
Michigan Bee Co.,mibeeco.com
Safer Plate,saferplate.com
Shelissa Organics,shelissaorganics.com
Veno's Speciality Foods & Meats,venosnh.com
Westview Corner Grocery,westviewgrocery.com
Boulevard of Greens,boulevardofgreens.com
Upbeet,upbeet.com
King Cake Hub,kingcakehub.com
The Butter Book,thebutterbook.com
Butter Buns LLC,butter-buns.com
Il Sugo,ilsugo.co.uk
Basil and Roses,basilandroses.com
BUTTERKREM,butterkrem.com
Great Harvest Bread Co. of Elm Grove,greatharvestelmgrove.com
"Green Wolf Foods, Inc.",greenwolffoods.com
Margot's Morsels,margotsmorsels.com
One Trick Pony,onetrickponynuts.com
Maine Needham Company,maineneedhams.com
"Rooted Living, LLC",rootedliving.org
S.O.S. Cotton Candy,soscottoncandy.com
Bramblebee,bramblebeebaby.com
Dilly Dally Provisions,dillydallyprovisions.com
Ethel's Bagels,ethelsbagels.com
Minerva Botanicals,minervabotanicals.com
Montana Pure Protein,montanapure.us
PURE Food & Beverage,pureproteinwater.com
Janie's Cakes,janiescakes.com
Spring & Mulberry,springandmulberry.com
Adams Chocolate Factory,adamschocolatefactory.com
Ankeny Hill Farm,ankenyhillfarm.com
FurFree,befurfree.com
Sunshine Food Market,sunshinefoodsmarket.com
Apricot Sun- Mediterranean Food Bar,apricotsunfoodbar.com
"Imperial Bone Broth, LLC dba Healo Foods",healofoods.com
Honest Pastures Inc,honestpastures.com
Maison Sablé NYC,maisonsablenyc.com
Sweet's Syrup,sweetssyrup.com
61 HUNDRED BREAD,61hundredbread.com
Livia's Seasoning Salt,liviasseasoningsalt.com
Hot Drops,hotdropsauce.com
Gabrick Barbecue Sauce Co.,gabrickbbq.com
BE Chocolat LLC,bechocolat.com
CuraVive,curavive.com
Food Craft Direct,foodcraftdirect.com
MoJo's Pop Co.,mojospopco.com
Spoon and Sprout,spoonandsprout.com
Boujie Vegan Bakery,boujieveganbakery.com
Farina Pasta & Noodle,farinapastaphl.com
Gargle-EZ,gargleez.com
Famous Chili Inc,famouschili.com
GelatoLove,gelato.love
Hussaria Trading Ltd.,hussariatrading.com
"Kabob Trolley, LLC",kabobtrolley.com
Selected Saffron,selectedsaffron.com
Cater to You Food Services,catertoyoufoodservice.com
Lazy Bones,lazybonestreats.com
"Love in My Tummy Foods, LLC.",loveinmytummyfoods.com
Nada Más Foods,nadamasfoods.com
Ohla! Foods,ohlafoods.com
The Marketing Kitchen,marketingkitchen.agency
Força Foods LLC,forcafoods.com
Pisqueya,pisqueya.com
Salinity Seafood & More,eatsalinity.com
Six Hundred°,sixhundreddegrees.com
Cook With More,cookwithmore.com
Olsen's Organics,olsensorganics.com
Three Roosters Thai,threeroostersthai.com
Babs Bakery,babsbakery.com
BOMBOLINI PASTA,bombolinipasta.com
Sugar Sugar Custom Cakes & Cookies,sugarsugarnc.com
Barley's Brew Bones,barleysbrewbones.com
BREAD FURST,breadfurst.com
Flippers Pizzeria,flipperspizzeria.com
Mammoth Bakery,mmtbakery.com
Frost Me Cafe and Bakery,frostme.com
Pizza Milano,pizzamilano.net
Woof Woof Meatballs,woofwoofmeatballs.com
Saturday Sweets,saturdaysweetscandy.com
Yellowstone Valley Food Hub,yvfoodhub.com
Bonlemon Market,bonlemonmarket.com
Chestnut.,chestnutasheville.com
Gambino's Foods,gambinosfoods.com
Doggie Cakes,doggiecakes.com
Just Bake It,justbakeit.org
Natural Blend Solutions,naturalblendsolutions.com
Seasoned Delicious Foods,seasoneddeliciousfoods.com
The Beneficial Bakery,thebeneficialbakery.com
West Coast Products,westcoastproducts.net
LAYER CAKES BAKERS,layercakebakery.com
Palenque Group,tacopalenque.com
Zimt Bakery,zimt.com
J B Dawsons Restaurant & Bar,jbdawsons.com
Oregano Smoked Salts & Spices,oreganospices.com
SOUND Foods,soundsnacking.com
Grams Kitchen Creme,gramskitchencreme.com
Green Haus Kitchen,greenhauskitchen.org
Pack'd Smoke Premium Seasonings,packdsmoke.com
Hemstrought's Bakery,hemstroughts.com
Know Good,knowgoodfood.com
Manzanita Bakehouse,manzanitabakehouse.com
"Wildfare, Inc.",wildfare.com
Yumday | Curated Snack Box from Women+BIPOC makers,yumday.co
Currey Farms,curreyfarms.com
"Elevation Foods, LLC",elevation-foods.com
Nhiär Chocolates,nhiar.com
Puree Arete,pureearete.com
The Spice Collective,thespicecollective.co
Elevated Gains,elevatedgains.com
Pearl Honey Spreads,pearlhoneyspreads.com
Wynn's Kitchen,wynnskitchen.com
District Gyro,districtgyro.com
HolyWhip Co.,holywhip.com
MSG Distributors Inc,msgdistributors.com
Strawberry Tree Farms,strawberrytreefarms.com
Coal Porter LLC,coalporter.net
Jimellas Bakery,jimellasbakery.com
"Parpan, LLC",parpanbreads.com
Sweetie Bee Bakes,sweetiebeebakes.com
GilroyGarlic,gilroygarlic.com
Harvest Chocolate,harvestcraftchocolate.com
Healthy Paws Pet Company Inc,healthypawspet.com
River City Soda,rivercitybrand.com
The Cupcake Gypsies,thecupcakegypsies.com
Unrefined,unrefinedls.com
Fridgeprep,fridgeprep.com
Gentlemen's Rubs,gentlemensrubs.com
"Meegan The Vegan, LLC",meeganthevegan.com
PetClub 247 Loving Pets,lovingpets.petclub247.com
Pizzeria Halt,pizzeriahalt.com
So Cupcake,socupcake.com
Michigan Brew Supply,mibrewsupply.com
NBT EXIM,nbtexim.com
Ted’s Organic Meals and Recipes,tedsplaceusa.wordpress.com
Bahamii,bahamii.com
"Fusion Feed Ingredients, LLC",fusionfeedingredients.com
Major's Project's Pop,eatprojectpop.com
Posh Plate,poshplate.us
Purely Meat Co.,purelymeat.com
Big Island Abalone Corp. (BIAC),bigislandabalone.com
ESSTAR,esstar.us
Get Chia Inc.,getchia.com
Makonnelli,makonnelli.com
Silk by Laura LLC,shopsilkbylaura.com
Little Brownie Bakers,littlebrowniebakers.com
Our Table 4 2,ourtable42.com
Anthony's Cookies LLC,anthonyscookies.com
Booze-e Bundts,boozeebundts.com
BUTTERCREAM BAKESHOP,buttercreambakeshop.net
Ember and Iron,emberandiron.com
Just Jameen Products,justjameen.com
IOEATS Virtual Cooking Network,ioeats.com
Kara's Cookies,karascookieskc.com
Taqueria Mercado Inc,taqueriamercado.com
"The Cook Shop, LLC",cookshopnola.com
La Calle Tacos,lacalletacos.com
Pickles & Pancetta,picklesandpancetta.com
Incredi-Bites,incredi-bites.com
Que Gusto,quegustotulsa.com
Saddar Town,saddartownfoods.com
Philosopher's Beef,philosophersbeef.com
TULIE BAKERY,tuliebakery.com
Latam Food Solutions,latamfoodsolutions.com
Natural Glory,hennaproducts.com
Sundown Rubs & Seasonings,sundownrubsandseasonings.com
Texas Butchers,texasbutchers.com
Tivoli Chocolate,tivolichocolate.com
Whimsical Sweets,whimsicalsweets.com
Eddie G's Cookies,eddiegscookies.com
Fox & Country,foxandcountry.co
Mesean Spices,meseanspices.com
Red Truck Snacks,redtruckbeefjerky.com
SoulFULL Eats Jax,soulfulleatsjax.com
Caribbean Cookie Company,caribbeancookies.com
PERF LLC,perfcookies.com
Sugar Mama's Tasty Treats (Formerly Saweet Cupcakes),saweetcupcakes.com
Cobbetts Pond Pizzeria,cobbettspondpizzeria.com
VALERIOS TROPICAL BAKESHOP,valeriostropicalbakeshop.com
J.J. BAKERY CORPORATION,jjbakeryusa.com
SUYANA CHOCOLAT,suyanachocolat.com
York Pecan Company,yorkpecanshop.com
"Bono Burns Distributing, Inc.",bonoburns.com
"Sunrich Products, LLC",sunrich.com
Chef Papa Seck,chefpapaseck.com
I LOVE BAGELS,ilovebagelsinc.com
Cannabakka,cannabakka.com
m cacao,mcacao.com
Muffhens Bakery,muffhens.com
Nosh with Tash,noshwithtash.com
EVERYTHING ELDERBERRY,everythingelderberries.com
Farmer Meets Foodie,farmermeetsfoodiemt.com
FinBomb Sushi,finbombsushi.com
Foundation Foods,foundationfoods.com
Jump'n Jax Jerky,jumpnjaxjerky.com
NANNDI,nanndi.com
Nucleus Raw Foods,nucleusrawfoods.com
White Oak Gourmet,whiteoakgourmet.com
J'scatering4u,jscatering4u.com
Kahenmei,kahenmei.com
Frozen Food Manufacturer (FFM),frozenfoodmanufacturer.com
Bistro Mashriq,bistromashriq.com
Phyll,phyll.com
Inheritance Juicery,inheritancejuicery.com
Sweet Rose Creamery,sweetrosecreamery.com
Bakery Network,thebakerynetwork.com
KRAVS foods,kravspie.com
Salvaggios Deli,salvaggiosdeli.us
Simple Food Group,simplefoodgroup.com
ERG Foods LLC,erg-bar.com
Hammerhead Coffee Roasters,hammerheadcoffee.com
INDEPENDENT BAKING CO,independentbaking.com
"Shelf to Curb, Inc.",shelftocurb.com
Sin Columna,sincolumna.com
"For Good Foods, LLC",forgoodgranola.com
Hein Family Kitchen,heinfamilykitchen.com
Sanaa Chocolates,sanaachocolates.com
1857 Spirits,1857spirits.com
BMSH FOODS LLC,brocmarbbq.com
Le Sauce & Co.,lesaucecompany.com
Biolea Astrikas Estate,biolea.gr
Culinary Works,culinaryworks.com
Haldeman Mills,haldemanmills.com
Little Loaf Bakeshop,littleloafbakeshop.com
Recipebook.IO,recipebook.io
Byblos Market,byblosrestaurants.com
HUMBLE HILL FARM LLC,humblehill.com
Marshall Trading Company,marshallfood.com
The Daily Bagel,daily-bagel.com
Angelina's Pizzeria Napoletana,angelinaspizzeria.com
BreadWorks By Bridges,breadworksbybridges.com
Cocoa Nut LLC,mycocoanut.com
Cookie Doughrk Bakery,cookiedoughrk.com
Faris Gourmet Popcorn & Treats,farispopcorn.com
Softylicious,softylicious.com
"TasteTLove, LLC dba Taste T Love Baby Food",tastetlove.com
"Blessing's Foods, Inc.",blessingsfoods.com
The Boiis Co.,theboiisco.com
"La Casa del Aguacate, LLC dba House of Avocado",houseavocado.com
The Good Crust,thegoodcrust.com
"Galaxy Bakery, LLC",galaxybakerymiami.com
"Recreate Foods, Inc.",recreatefoods.com
"Ya Oaxaca, LLC",yaoaxaca.com
"Fantastic Fortunes, LLC",fantasticfortunes.net
Blooming Buttercream,bloomingbuttercream.com
Old World Spices & Seasonings,lets-talk.owsfoods.com
"O'Tasty Foods, Inc.",otastyfoods.com
Randazzo’s Honest To Goodness Sauces,randazzossauces.com
Dolce.,dolcersf.com
"Natural Food Ingredients, Inc. (NFI)",nfi-america.com
Glendas Farmhouse,glendasfarmhouse.com
Teton Valley Brands,tetonvalleybrands.com
"The Whole Bean, LLC dba Finally Nut Free Spreads",finallychickpeasnacks.com
"Top Foods Services, LLC dba Alma Healthy Foods",almahealthyfoods.com
"Anavila Foods, LLC",anavilafoods.com
"Whitethorne, LLC dba Hawthorne Foods",hawthornefoods.com
"Vegano Foods, LLC dba Only Plant Based!",onlyplantbasedfoods.com
"OptimaLife, LLC",optimalife.com
"TWS Chewsy, LLC dba Chewsy",chewsychews.com
"TDI Partners, LLC dba Covico",covico.com
"Earth Ranch, LLC",earthranch.com
"OMG Food Co., LLC dba OMG Superfoods",omgfoodcompany.com
"Mountain Lakes Bagel & Deli, Inc.",mountainlakesbagel.com
Food Service Co.,foodservicecompany.com
"You Love Fruit, Inc.",youloveorganic.com
"Pierre Biscuiterie, LLC",pierre-biscuiterie.com
"Christie’s Chips, LLC",christieschips.com
"Eat Your Greens, Inc. dba Rbel Bee Sweets",rbelbeesweets.com
NM Chili Just Add Water,nmchilijustaddwater.com
"Libanais Foods, LLC",libanaissweets.com
"Three Rings Petfood, LLC",petbytasty.com
"SP Global, Inc. dba It's Skinny, Inc.",itsskinny.com
"Patricia Quintana, LLC",chefpatriciaquintana.com
Oberlander Passover,oberlanderpassover.com
Salt and Sky Foods,saltandskyfoods.com
Nook Vibrant Kitchen,eatnook.ca
Ember & Ash,emberandashphilly.com
OUSLEY OUCH,ousleyouch.com
"Soaps, Goats and More",soapsgoatsandmore.com
"The Barking Spot Bakery and Boutique, LLC",barkingspotbakery.com
"Farm’s Elite, Ltd.",farmselite.com
"Hanuman Chai, LLC",drinkhanuman.com
Wild Groves,wildgroves.com
"Shebeen, LLC dba Chakalaka",chakalakabrands.com
Southern Art Co.,southernartco.com
Jinka.,myjinka.com
Paella Simply Spanish,paellasimplyspanish.com
"Dae Cakes, LLC",daecakes.com
"Georgeo's Water Ice, Inc.",georgeoswaterice.com
The Posh Olive Co.,theposholive.com
Om Produce,omproduce.com
"Roshni Foods, Inc.",roshnifoods.com
Clint’s Private Premium Brands,clintsprivatepremiumbrands.com
"Just Desserts,  Inc.",indydesserts.com
"Happy Seed, LLC",happyseed.kitchen
"Piloncillo y Vanilla, LLC",piloncilloyvainilla.com
"J'adore Cakes, LLC",jadorecakes.com
Unique Creations,uniquecreationsbymel.com
"Crave Enterprises, Inc.",cravefoods.com
"Big Rick’s, LLC",bigricks.com
"Grandma Luckey's Garden Herb Dressing, LLC",grandmaluckeys.com
Sandhill Ben's Gourmet Seasoning,sandhillbens.com
"Cotton  Creations, LLC",cottoncreationsllc.com
Mojave Mallows,mojavemallows.com
"Paris Delice, LLC",parisdelice.com
"Marba International, LLC dba Casa Martinez Salsas",casamartinez.com.mx
"Clean Label Gourmet Foods, Inc.",cleanlabelgourmetfoods.com
Pierre's Cakes,pierrescakes.com
"Agri-Basics, Inc.",agribasics.com
Carter Mill Soap Co.,cartermillsoapcompany.com
Bearded Butcher Blend,beardedbutchers.com
"Norwegian Baked, LLC",norwegianbaked.com
Kekoa Foods,kekoafoods.com
"Elise Artisan Nuts, LLC",eliseartisannuts.com
Bertolino Foods,bertolinofoods.com
Kronchy,kronchy.us
True Spice Packing,truespicefoods.com
"Gourmet Pacific, LLC",pacgourmet.com
DYMA Brands,dymabrands.com
"Cella Farms, Inc. dba Equii",equii.com
"Avalon Natural Products, Inc. dba Alba Botanica",albabotanica.com
Frozen Foods Biz (FBB),frozenfoodsbiz.com
Cook's Delight,cooksdelight.com
"BayCo., Inc.",organicsthatdeliver.com
"Slaughter Farms, LLC",slaughterorchard.com
The Grocery.,thegrocerycharleston.com
"Keez Beez, LLC",keezbeez.com
Simply Savory,simplysavorygourmet.com
Ravelo Foods Corp.,ravelofoods.com
"J&H Dry Goods, Ltd. dba Nita Crisp Crackers",nitacrisp.com
Pure Co-packing,purecopacking.com
"Harmony Foods, LLC dba SCN BestCo",scnbestco.com
Artisan Inspired,artisaninspiredpet.com
B Dallas' Cakes,bdallascakes.com
"Equestribev, LLC  dba Gallagher's Water",gallagherswater.com
Ambrosia Innovations,ambrosiainnovations.com
"Stormberg Properties, LLC dba Beg & Barkera",begandbarker.com
Birdie and Louie,birdieandlouie.com
Kitty Up,kittyupcats.com
The Natural Organic Co.,naturanic.com
"Uncle Dave's Kettle Korn, LLC",uncledaveskettlekorn.com
Insymmetry LLC,insymmetryllc.com
"3rd Spoon, LLC",3rdspoon.co
"Embrew Coffee and Tea Products, LLC dba Embrew",embrew.com
Future Food Now OÜ dba MatiFoods,matifoods.eu
"Sierra Agra USA, LLC",sierra-agra.com
"Delightfully Delicious, Inc.",ddtreats.com
"Kats Sweet and Treats Bakery and Catering, LLC",ksweetsandtreats.com
RAWVOLUTION,rawvolution.com
"Conception 2 Consumption, Inc.",conception2consumption.com
"Upcycled Foods, Inc.",upcycledfoods.com
"Prose Foods, Inc.",prosefoods.com
CF Foods Group Inc.,cffoodsgroup.com
"Ingredients PLUS, LLC",ingredientsplus.com
Hobi's Bites,hobisbites.com
Roots & Branches.,rootsandbranchesavl.com
"Grubs4Pups, LLC",grubs4pups.com
"Nutty Novelties, LLC",nuttynovelties.com
Scrump Candy Co.,scrump.com
"Caribbean Delights, Inc.",caribbeandelighth.com
Yopokki USA,yopokki-us.com
Whispering Bees,whisperingbees.com
"Whisker Biscuits, Inc.",whiskerbiscuits.com
"The Greek Vegan, Inc.",thegreekvegan.com
The Nutrition Professionals,petchefnutrition.com
"Lovebird Foods, LLC",lovebirdfoods.com
"Land O Sun, LLC dba Thunder Coffee Milk",thundercoffeemilk.com
ROMA Vicolo,romavicolo.com
"LJ's Beef Jerky, LLC",ljsjerky.com
"Sri Mu, LLC",srimu.com
Vietnam-ease Càphê,vietnamease.com
"Barrett's Garden, LLC",barrettsgardenfoods.com
"Shapson Co., Inc, dba thecheesemaker.com",thecheesemaker.com
"B.A.L. Food Brokers, LLC",balfoodbrokers.com
"Let's BeeFrank, LLC",letsbeefrank.com
Stella Ruth Signature Seasoning,stellaruthseasoning.com
Asha Tea House,ashateahouse.com
Lazy Food Co.,lazyfoodco.com
Cowboy David's Special Order Bakery,cowboydavidsbakery.com
GORGIE,getgorgie.com
Heyday Canning Co.,heydaycanning.com
Avo Crazy,avocrazy.com
"Buddha Baby, LLC dba Banyan Thai",banyanthaicuisine.com
San Diego Artisan Bread School,sdartisanbread.com
"Taste Buds Entertainment, LLC dba Bigger Bolder Baking",biggerbolderbaking.com
Saratoga Cracker Co.,saratogacrackers.com
"Sea Bass Productions, Inc. dba Eat Happy Kitchen",eathappykitchen.com
Castillo de Jijona,castillodejijona.com
"Mary’s Organic Crackers, Inc.",marysorganiccrackers.com
"Jack's Crackers, LLC",jackscrackers.com
FH Jerk Co.,fhjerk.com
Meat Shredz,meatshredz.com
"Flourish Life, LLC dba ILA Life",ila-life.com
"Just Spread, LLC",just-spread.com
"Jai Mix, LLC",jaimix.com
BAM Snacks,bamsnacks.com
MeloMelo,melomelo.us
"Swell Gelato, LLC",swellgelato.com
"Nowhere Bakery, Inc.",nowherebakery.com
"Traditions Of Belev, LLC",traditions-of-belev.com
Jammal Foodline Co.,jammalfoodlines.com
"THEFACESHOP NY, LLC",thefaceshopny.com
Lean Kitchen Co.,leankitchenco.com
"Fueled By Choice, LLC (FBC)",fbcfoods.com
HÅKAN Chocolatier,hakanchocolatier.com
Grandma Irma Sauces Corp.,grandmairmasauces.com
Tomboy Butcher,tomboybutcher.com
Blu Atlas,bluatlas.com
"SavvyBeast Treats, LLC",savvybeastpet.com
BullyStick.com,bullystick.com
"2 Dogs Treats, LLC",2dogstreats.com
Stilesboro Sourdough Bread Co.,stilesborosourdough.com
"Eat Wandel, LLC",eatwandel.com
"Not Your Mama's Salsa, LLC",notyourmamasalsa.com
Bull River Taco Co.,bullrivertaco.com
River Valley Gourmet Dips,rivervalleygourmetdips.com
IndiKitch,indikitch.com
Primal Coffee Co.,primalcoffeecompany.com
Kinship Milk Tea,kinshipmilktea.com
"Western Points, LLC",westernpoints.com
"Wild West Jerky, LLC",wildwestjerky.com
"Ingredion, Inc.",ingredion.com
"Gosia's Pierogies, LLC",gosiaspierogies.com
Evolved Foods.,evolvedfoods.in
"Afar Foods, LLC",afarfoods.com
Profile Food Ingredients,foodai.app
"Pyure Brands,  LLC",pyureingredients.com
Linatelle SRL dba Be Nat,be-nat.be
"BASIK Foods, Inc.",basik-foods.com
Southeast Asia Food Group (SAFG),safg.us
"Savor Street Foods, Inc.",savorstreet.com
Piping Pot Curry,pipingpotcurry.com
Antonio Carlo Gourmet Sauces,antoniocarlo.com
RR Bakery Group dba Rabble Rise Doughnuts,rabblerise.com
BaconCartel,baconcartel.com
Fig and Pig Catering Co.,figandpigcatering.com
"Ice Queen PDX, LLC",icequeenyouscream.com
Bear Bar,bearbar.com
"Seriously Delicious, LLC dba Wildwood Chocolate",wildwoodchocolate.com
"Casa de Mesquite, LLC",casademesquite.com
"Ningbo GM International Trade Co., Ltd. dba Gummy World",gummy-world.com
"Nuts on the Run, LLC",nutsontherun.com
"Soofer Co., Inc. dba Sadaf",sadaffoods.com
Surfsnax,surfsnax.com
"Smalls Brand, LLC dba Roe Brand, LLC",roewellness.com
"All American Food Network, LLC",allamericanfoodnetwork.com
"Measian Foods, LLC",measianfoods.com
"Ole Food Service, Inc.",olefs.com
Mama Knows Gluten Free,mamaknowsglutenfree.com
"Ezaki Glico Co., Ltd. dba Pocky USA",pocky.com
Galil Brands,galilbrands.com
Magnaporium,magnaporium.com
Dennis Food Service,dennisfoodservice.com
"Buddies Foods, LLC dba Chuck and Dave's",chuckanddaves.com
Cashsaver- Hokes Bluff,cashsaveralabama.com
"Hocean, Inc.",hocean.com
"Fond O Foods, Inc.",fondofoods.com
J. Stone Diamond Foods,jstonediamondfoods.com
H Olafsson International Specialty Foods,olafssonspecialtyfoods.com
"Golden Tropics, Ltd.",goldentropics.com
Mani Zaver,manizaver.com
Sweet Onion Trading Co.,sweetoniontrading.com
"Fresca Greens, LLC",frescagreens.us
"Dream Butters, LLC",dreambutters.com
Meat Your Hero,meatyourhero.com
"Select Custom Solutions, LLC",selectcustomsolutions.com
Island Homemade Ice Cream,islandhomemadeicecream.com
"The Ugly Co., LLC",theuglyco.com
"Artis Global, Inc.",artis-global.com
,producersriceingredients.com
"BigNJ, Inc. dba Cooler Kitchen",coolerkitchen.com
"Atlantic Trading, LLC dba Royal Lunch",royallunchcrackers.com
"Tri State Specialties, LLC dba The Sprinkle Shoppe (TSS)",thesprinkleshoppe.com
Primal Bakery,theprimalbakery.com
"Winland Foods, Inc.",winlandfoods.com
GG Macs,ggmacs.com
"Zhongshan Jolion Foodstuffs Co., Ltd.",jolionfoods.com
Dutchland Foods,dutchlandfoods.com
Honey with Style & Sweet Cyndees Bees,honeywithstyle.com
"DryWater, Inc.",drywater.com
Laura's Cheesecake,laurascheesecake.com
ekl Baked,eklbaked.com
Lost Bread Co.,lostbreadco.com
"The Bankery, LLC",thebankery.com
"AthleticsFit, LLC",afmeals.com
Tinker and Toast,tinkerandtoast.com
Peggy Ann Bakery,peggyannbakerytn.com
"Box Turtle Bakery, LLC",boxturtlebakery.com
Brotworkshop,brotworkshop.com
Maribel's baking Co.,maribelsbakingcompany.com
"Da Last Drip, LLC (DLD)",dalastdrip.com
cookAIfood,cookaifood.com
"Home Dough, LLC",homedough.com
Daisy Cakes,ilovedaisycakes.com
"Ital Food Service, LLC",italfoodserv.com
"Built By Bees, Inc.",builtbybees.com
"Olive Tree Product Development, LLC",olivetree-pd.com
"Moco, LLC dba My Organic Coco",mocovt.com
"Gramzero, Inc.",gramzero.com
"The Conscious Bar, LLC",theconsciousbar.co
"VMC Products For Health, Inc.",vmc-health.com
"Debbie's Creative Cakes, LLC",debbiescreativecakes.com
CustomMadePizzaGuy,custommadepizzaguy.com
Avi Foods,avi-foods.com
"Everyday Dose, Inc.",everydaydose.com
Chocolate Chocolate Chocolate Company,hermanachocolate.ca
"Le Petit Amour, LLC",lepetitamourdesserts.com
"Boards and Platters Charcuterie, Inc.",boardsandplatters.com
"Body, Mind, & Cake, LLC (BM&C)",bodymindcakellc.com
"Viva Raw, LLC",vivarawpets.com
The XCJ Corp. dba MìLà,eatmila.com
"Show-Me BBQ Sauce, LLC",showmebbqsauce.com
Cherry Marketing Institute (CMI),usacherries.com
"GrownAs Foods, Inc.",grownasfoods.com
"Renwood Mills, LLC dba Homegrown Family Foods, LLC",homegrownfamilyfood.com
"Park Foods Trading, Inc. (PFT)",parkfoodstrading.com
"Pure Simple Foods, LLC",pureandsimplefood.com
Bee&You,beeandyou.com
RR&Sons Natural Life dba Yuca Balls,yucaballs.com
International Freeze Dry,intfd.net
"Collias Estates, LLC",agiamarinaoliveoil.com
"Silver State Baking Co., LLC",silverstatebakingco.com
Kartveli,kartveli.com
"Gendel Food Safety, LLC",gendelfoodsafety.com
"Your Pasta, LLC",yourpastanyc.com
Frosty's Candy,frostyscandy.com
LoneStar Pepper Co.,lonestarpepperco.com
HIdden Foods Co.,hiddenfoodsco.com
"Lily Maude's, LLC",lilymaudes.com
Sweet Deliverance,sweetdeliveranceny.com
"Ofner Americas, LLC",ofneramericas.com
Angel Planet Foods,angelplanetfoods.com
"Deanna's Delights, LLC",deannasdelights.com
"Monas, Inc.",monasinc.com
"Savor Products, LLC",savorproducts.com
"McCormick & Company, Inc. (MKC)",mccormickcorporation.com
"Kinfolk Foods, LLC",kinfolkfoods.com
Gone Nuts Co.,gonenutscompany.com
Softer Power Sweets (SPS),softerpowersweets.com
lokal47,lokal47.hu
Ceres Fruit Juice,ceresjuices.com
"Sugar Design Shop, LLC",sugardesignshop.com
"Pin Hsiao & Associates, LLC dba Antonina's Gluten-Free Bakery",antoninasglutenfreebakery.com
"US Ingredients, LLC (USI)",usingredients.com
"I Bake Um, Inc. dba Lahvash",lahvash.com
"Hans & Franz, LLC",hansnfranz.com
Molly's Bakehouse,mollysbakehouse.com
The Biscotti Co.,thebiscotticompany.com
"Cibáre Foods, LLC",cibarefoods.com
"New York Spice, Inc.",newyorkspiceco.com
"Fortune Favors, LLC",fortunefavorsnuts.com
Koglers Bakery,freshbreadsandpastries.com
"Goldcoast Cocoa, Ltd.",goldcoastcocoa.com
Groovy Butter,groovybutter.com
"Agtrade International Sales, Inc. dba Asian Organics",asianorganicsfood.com
"Crux Ingredients, LLC",cruxingredients.wpcomstaging.com
"Completely Pickled, LLC",completelypickled.com
Evans Food Co.,evansfoodco.com
"S. Kamberg & Co., Ltd.",skamberg.com
XITE THC,xiteedibles.com
Silvialicious,silvialicious.com
The Flour Box,flourbox.com
Toups & Co.,toupsandco.com
La Vida Vanilla,lavidavanilla.com
"Smokey Mmm Eats, LLC",smokymmmeats.com
"Del Monte Foods Corp., II Inc.",delmontefoods.com
"L'Epicerie, Inc.",lepicerie.com
"King's Pepper, LLC",kingspepper.com
"Sobo Foods, Inc.",sobofoods.com
"Radiant Farms, LLC",radiantfarms.us
"ViVealth, LLC",vivealth.com
Struesli,struesli.com
,viktorbenesbakery.com
Dogginstix,dogginstix.com
"Revidalize International, Inc.",revidalize.com
"Stanky, LLC dba Stanky Sauce",stankysauce.com
Good Boy Biscuit Co.,goodboybiscuitco.com
"Cayuga Ingredients, LLC",cayugaingredients.com
Rebel Bread,rebelbreadco.com
"Russell E. Womack, Inc. dba Casserole Beans",casserolebean.com
"Floura, LLC",flourring.com
"True Primal, LLC",trueprimal.com
Blue Diamond Growers,bluediamondgrowers.com
Bibamba Artisan Chocolate,bibamba.com
"Aroma Sciences, LLC",aromasciences.com
"Arnaiz Chocolat & Confections, LLC",arnaizchocolat.com
"Terra Companies, LLC",terracomps.com
California Walnut Commission (CWC),californiawalnuts.eu
Ohio-South Farm Products,ohio-south.com
"Fides New York, Inc.",fidesny.com
"AGS Foods, LLC",agsfoods.us
Paradise Mixing,paradisemixing.com
"ReyPan, Inc.",reypaninc.com
"Sweet Life Cake and Candy Supply, LLC",sweetlifecakesupply.com
,miko-brand.com
"Glocal Sourcing, Inc. dba Acadonatural",acadonatural.com
"Synear Foods USA, LLC",synearfoodsusa.com
"Riverson Foods, Inc.",riversonfoods.com
Ling Ling,ling-ling.com
"Future Foods, Inc. (FFI)",futurefoods.com
"Ezbake Technologies, LLC",ezbaketechnologies.com
"Greenwood Innovation, LLC",greenwoodinnovation.com
Goshen Foods Corp.,goshenfoods.com
"Mountain Food Ingredients, LLC (MFI)",mountainfoodingredients.com
"The Salumeria, LLC",thesalumeria.com
Santa Fe Sausage Co.,santafesausage.com
"The Honey Couple, LLC",thehoneycouple.com
Hush Aqua,hushaqua.com
"Atlantic Beverage Co. dba Atlantic International Food Group, Inc. (AIFG)",aifg.net
Babs Cupcakery,babscupcakery.com
Chimes Gourmet,chimesgourmet.com
"Easy Foods, Inc. (EF)",easyfoods.com
"Denela Desserts, LLC",deneladesserts.com
Royals Rock N Recipes,rrrtreats.com
Molly’s Sociable Sweets,sociablesweets.com
A & D Honey Farms,adhoneyfarms.com
Woodstock Foods LLP,woodstock-foods.com
"Barlow's Foods, LLC",barlowsfoods.com
"Scotch Boyz Jamaica, Ltd.",scotchboyz.com
"Our Best Foods, LLC",ourbestfoods.com
"Savory Trendz, LLC",savorytrendz.com
"SWN, LLC dba Crummies",coloradocrummies.com
"Hormel Foods, LLC dba Hormel Ingredient Solutions",hormelingredientsolutions.com
"IngiaBio, Inc.",ingiabio.com
Lesaffre Yeast Corp. dba Lesaffre Corp.,lesaffrebaking.com
Simply Good Ingredients (SGI),simplygoodingredients.com
"The Grillman BBQ Co., LLC",thegrillmanbbqcompany.com
"House Family Homestead, LLC",housefamilyhomestead.com
The Organic Snack Co.,organicsnackco.com
Avorigen Foods,avorigenfoods.com
Milhans Foods Corp. dba Milhans Foods USA,milhansfoods.com
"Hotchkiss Pecan Foods, Inc.",wuttanutpecans.com
"The Hungry Locavore, LLC",thehungrylocavore.com
"Good Paws Bakery & Gifts, LLC",goodpawsbakery.com
"Cherrybrook Kitchen, Inc.",cherrybrookkitchen.com
"Pinnacle Foods Co., LLC",pinnaclefoods.co
"MoreIng Organic, LLC",moreingorganic.com
"Pika Pika, Inc.",eatpikapika.com
"Rhepublic, LLC",rhepublic.com
"Sunway Nuts USA, Inc.",sunwayus.com
Grêp Kafé & Sweets Bakery,grepkafebakery.com
"Dakota Pure Bison, LLC",dakotapurebison.com
"Earth Flavors Solution, LLC (EFS)",earthflavorssolution.com
The Kitchen Coalition,the-kitchencoalition.com
"Live Pacha, LLC",livepacha.com
"Kiki's Cookies & Cakes, LLC",kikiscookiesandcakes.com
Baking Innovation,baking-innovation.com
"Southern Escape Vanillery, LLC",southernescapevanillery.com
Voyager Dog Food Co.,voyagerdogfoodco.com
Whisk You Away Bakery,whiskyouawaybakery.com
Saiga Foods.,saigafoods.com
"Carolyn's Cookie Co., Inc.",carolynscookiecompany.com
H Sauce KC,hsaucekc.com
Kobayashi Noodle USA,kobayashiseimen.com
Spicy Brands Corp. dba Hot Jiang,hotjiang.com
"Vista Hermosa Products, LLC",vistahermosaproducts.com
,arkanfoodsegypt.com
"Hand and Heart Gluten-Free, LLC",handandheartglutenfree.com
"Lucille & Grace, LLC",lucilleandgrace.com
"Vital Essentials, LLC",vitalessentials.com
Rondo Food GmbH & Co. KG,rondo-food.com
"GAC Adani, LLC",gacadani.com
"Black Bear, Inc.",blackbeardeli.com
"Budapest Bakery And Deli, LLC",budapestbakeryanddeli.com
"Granny Fi's Shortbread, Inc.",grannyfis.com
Nana's Inspirations,nanasinspirations.com
"We're The Wurst, LLC",werethewurst.com
Inside Out Cookie Co.,insideoutcookie.com
"Fieldsource Food Systems, Inc.",fieldsourcefoods.com
"Luigi's Deli, Butcher Shop & Catering",luigisdeliandcatering.com
"U.S. Chicory, Inc.",chicoryusa.com
"Garden Valley Corp. dba Garden Valley Food, LLC",gardenvalleyfoods.com
Dipper Cones,dippercones.com
Cubanita Frozen Foods,cubanitafrozenfoods.com
Grandma’s Perogies,grandmasperogies.com
Art's Molino and Market,artsmolinoandmarket.com
"Mesa Foods, LLC.",mesafoods.ca
Moctec Mexican Products,moctecmexicanproducts.com
Salads Galore.,saladsgalore.com
Uncle Berch's Foods,uncleberch.com
"Cheung Kong Holding, Inc.",gounitedfoodservice.com
"Kashi, LLC",kashi.ca
"Oggi Trattoria, LLC",oggitrattoria.org
"TTRG, LLC",ttrg.us
"Space Coast Sauces, LLC",spacecoastsauces.com
Northwestern Foods Incorporated,northwesternfoods.com
"Pro Culinary, LLC",pro-culinary.com
"FATBOY Foods dba New England Made, LLC",jaryoursauce.com
"Bocaditos Chicago Mexican Cuisine, Inc.",bocaditoschicago.com
"Bites of Luv, LLC",bitesofluv.com
"Gourmet Meat Express, LLC",gourmetmeatexpress.com
Lively Harvest,lively-harvest.com
,streetkitchen.co
"Tradicion Peruana, Inc. dba Peruana Sauce",peruanasauce.com
The BIA Factory,thebiafactory.com
Who Spilled The Veggies Co.,whospilledtheveggiesco.com
Wide Open Foods,wideopenfoods.com
"Ivy's Peppa Sauce, LLC",ivyspeppasauce.com
Dope Roots,doperootscanna.com
"Grower's Home, LLC",thegrowershome.com
"All The Bitter, LLC",allthebitter.com
"Eatplanted, Ltd.",uk.eatplanted.com
"Flavored PB Co., LLC",flavoredpbco.com
Nonna Mercato,nonnamercato.com
"The Tilted Olive, LLC",thetiltedolive.com
Pasadena Baking Co.,pasadena-baking.com
"Success Quality Resources, LLC",successquality.org
McGee Food Safety,mcgeefoodsafety.com
"Tequio Foods, LLC",tequiofoods.com
"Fermenti, LLC",fermenti.biz
"Besties Bakery, LLC (BB)",bestiesbakery.com
Alma Mexican Foods,almamexicanfoods.com
"Mr.Bajan Foods, LLC",mrbajanfoods.com
SK Food Brands,skfoodbrands.com
"Select Europe, Inc. dba Fruits De Mer",fruitsdemer.com
S'noods,eatsnoods.com
Algae Cooking Club (ACC),algaecookingclub.com
Hot Take.,hottakedough.com
Chilli Bomba,chillibomba.com
"Elia Elia, Inc.",eliaelia.co
"ChowPow, LLC",chowpownow.com
"Ubah Hot, LLC",ubahhot.com
,foodinbulk.com
"Priz Foods, Inc.",prizfoods.com
"Legend Cookhouse Chefs Gourmet, Inc.",legendchefsgourmet.com
DurDe Jerky,durdejerky.com
"Paleo Productions, LLC dba Ice Age Meals",geticeagemeals.com
"VERAX Commodities, LLC",veraxcommodities.com
"DFA Farm Supplies, LLC",dfafarmsupplies.com
"This Vivacious Life, LLC",thisvivaciouslife.com
"Peel with Zeal, LLC",peelwithzeal.com
"Meaningful Eats, LLC",meaningfuleats.com
Little Roseberry,littleroseberry.com
Heaven Scent Gardens,hsgsoap.com
"Gehl Foods, LLC dba Gehl Food & Beverage",gehlfoodandbeverage.com
Nature Sustained,naturesustained.com
Solid Rock Soap Co.,solidrocksoapco.com
Love Balungi,lovebalungi.com
IVGoodLife,ivgoodlife.com
Brigs Naturals,brigsnaturals.com
Golden Pollock,goldenpollock.com
"Leah Cooks Kosher, LLC",leahcookskosher.com
"The Cheesecake Lady, LLC",phillycheesecakelady.com
"Mary's Nest, LLC",marysnest.com
"Hmg Dış Ticaret San., Ltd. Şti.",hmgtr.com
Nobull Kitchen,eatnobullkitchen.com
Triangle Food Products Corp.,trianglefoodproducts.com
Buttered Up Bakery,butteredupbakery.com
Kanefuku,kanefuku.com
"California Rice Center, Inc.",calricecenter.com
Giselle's Vegan Kitchen.,gisellesvegankitchen.com
Leona's Baking Co.,leonasbakingco.com
KH Food Corp.,khfood.com
"Love Foods, LLC",44lovefoods.com
"Eat to Heal, LLC",eattohealproducts.com
"Fair and Square, Inc.",itsfairandsquare.com
"Terra Nostra Organics, LLC",terranostra.com
Yumbrella,yumbrella.com
fourTaste,four-taste.com
"Bredwell, Ltd.",bredwell.com
"Sunset Sauce Retail, LLC dba Sunset Sauce Co.",sunsetsauceco.com
Jones Naturals Limited Liability Company,jonesnaturalsusa.com
Rolling N Dough,weberollingndough.com
"BG Organics, LLC",bg-organics.com
"Mary Ann's Specialty Foods, Inc.",maryannsfoods.com
Quail & Condor Bakery,quailandcondor.com
Marrow Detroit Provisions,marrowdetroitprovisions.com
"OrganicLife, LLC",organiclifeusa.com
Roberts Chicken Salad,robertschickensalad.com
Mogu Mogu.,mogumoguus.com
Shahnawaz Food,shahnawazfoods.com
"CG Family Foods, Inc.",cgfamilyfoods.com
"Brio Ventures, Inc. dba World of Brio",worldofbrio.com
"Dough C Dough, LLC",doughcdoughpa.com
"Seattle Shortbread, LLC",seattleshortbread.com
DW Sweet Confections,dwsweetconfections.com
"Gusto + Gratitude, Inc. dba Gusto Bread",gustobread.com
Cactus Foods,cactus-foods.com
"The Specialty Sauce Company, LLC",thespecialtysaucecompany.com
Berri Organics,berriorganics.com
Batory Nutra,batorynutra.com
Bergeron's Boudin & Cajun Meats,bergerons.com
Bhookha Haathi,bhookhahaathi.com
"Best in the West, LLC",bestinthewestbrands.com
"Cuisine Made Easy, Inc.",cuisinemadeeasy.com
Born & Braid,bornandbraid.com
"Carolina Advanced Renewable Energy, LLC (CAREnergy)",carenergyinfo.com
"BURGER JOINT, INC",burgerjointsf.com
Farmland Traditions Co.,farmlandtraditions.com
"Papa George’s, LLC",papageorges.com
Plenwell,plenwellfoods.com
"Loma Vista Products, LLC",lomavistaproducts.com
"International Foods, LLC",internationalfoodsllc.com
"Schnitzel Lover, LLC",schnitzel-lover.com
ChopLocal,choplocal.com
"Thrive Foods, LLC",thrivefreezedry.com
Cooks | Bellecour,cooksbellecour.com
Dishes,dishestogo.com
Fitnessfood,fitnessfood.com
"GBC Food Services, LLC",gbcfoodservices.com
Good People Goods,goodpeoplegoods.com
"Virtually Meta, Ltd.",virtuallymeta.co.uk
Katayama,katayamafoodusa.com
"Simon's Secret Sauce, LLC",simonsecretsauce.com
Jivaorganic Foods,jivaorganicfoods.com
"Hillside Lane Farm, Ltd.",hillsidelanefarm.com
Main Ingredient,mainingredientpassaic.com
Prairie Natural Meats & Seafood,prairienaturalmeats.com
Scifeed Co.,scifeedus.com
"McGeary Organics, Inc.",mcgearyorganics.com
My Nourished Home,mynourishedhome.com
Hennessy Food,hennessyfood.com
"Avon Food Co., LLC",avonfood.com
Nurish Box,nurishbox.com
The Dough Connection,thedoughconnection.com
Produce Innovations,produceinnovations.com
"1Luv Foods, LLC",1luvfoods.com
41 Grains,41grains.com
"DRYBOX USA, Ltd.",tastedrybox.com
"Cavo Greco Foods, Inc.",cavogrecofoods.com
"Dar Baklava, LLC",darbaklava.com
"Simply Vegan, Inc.",simplyveganinc.com
Zizi Foods,zizifoods.com
Trenchers Farmhouse,trenchersfarmhouse.com
Rainbow Blossom Natural Food Markets,rainbowblossom.com
Ric's Food Center,ricsfoodcenter.com
DOG Bakery Online,dogbakeryonline.com
"Pooch Natural Living, LLC",poochnaturalliving.com
Schaul's Signature Gourmet Foods,schauls.com
Dumpling for U dba A K Foods Group (AKFG),akfoodsgroup.com
Chicago Flavas,chicagoflavas.com
"Uncracked, LLC",eatuncracked.com
"NBF Distribution, Inc.",nbfmarket.us
Top Secret Recipes,topsecretrecipes.com
Treat & Repeat,treatrepeat.com
"Family Rolling Dough, LLC dba Specialty Foods",specialtyfoods.info
K9 Crack,k9crack.com
"Asti Imported Italian Foods, Inc. dba Asti Italian Deli",astiitaliandeli.com
Kennedy's Meat Co.,kennedysmeatcompany.com
"Dos Pisano's, Inc.",dospisanos.com
"Taste Expert, Inc.",taste-expert.com
"Honey Creek Legacy, LLC dba Legacy Maker",legacymakermeats.com
Black Eyed Susan Spice Co.,blackeyedspices.com
Hagberg's Meats,hagbergsmeats.com
"Fortune's Cookies, LLC",fortunescookies.com
"Plant Dog, LLC",plantdog.co
"Skookum Supply Co., LLC",skookumsupplyco.com
"Innova Foodservice, Inc.",innovafoodservice.com
,nicecream.com
"Banán, LLC",banan.co
Jack Rabbit Beans,jackrabbitbeans.com
"Cyrus Ramsey, LLC",cyrusramsey.com
"Tenayo Foods, LLC",tenayofoods.com
Rainier Foods,rainierfoods.com
Gator Pears,gatorpears.com
"Biltong Baron, LLC",biltongbaron.com
"Zucchi 1810, Inc.",zucchi.us
"R.E.A.L. (Raw Energy and Life) Foods, LLC",rawenergyandlife.com
Northwest Naturals,nw-naturals.net
"Nature Foods America, Inc.",naturefoods.us
Market 27,market27.nl
Stampede Culinary Partners,stampedeculinarypartners.com
EM Resource Enterprises,emrei.com
Calowry,calowry.com
"FatMan Rants, LLC",fatmanrants.com
CAKE (Food Products),cakeperiod.com
Lost Art Organic Cultured Veggies,lostartculturedfoods.com
Lily's Ladle,lilysladle.com
Woofables,woofablesbakery.com
Arizmendilakeshore,arizmendilakeshore.com
The Organic Pantry Co.,theorganicpantryco.com
Bellegarde Bakery,bellegardebakery.com
Nutrabound Labs,nutraboundlabs.com
La Familia Cider,lafamiliacider.com
Four Paws Pantry & Spa,4pawspantry.com
Purely Organic,purelyorganicfertilizer.com
Theartisticwhisk,theartisticwhisk.com
Savvygirlbakingcompany,savvygirlbakingcompany.com
LiftMode,liftmode.com
National Packing,alimentosdemitierra.com
Take a Peak Spices,takeapeakspices.com
Bakery Depot,bakerydepotinc.com
Scimeca Sausage Company,scimecas.com
US Sweeteners,ussweeteners.com
