name,domain
"Voorn Gourmet Croquettes, LLC",voorncroquettes.com
"Cheryls Herbs Group, LLC",cherylsherbs.com
"Cook Me Somethin Mister, LLC dba Jambalaya Girl",jambalayagirl.com
"Sticky Sweet, LLC",stickysweetmaine.com
"Eagle Pickle Works NY, LLC",eddiespickles.com
"Slather Brand Foods, Inc.",slatheriton.com
"San Francisco Sause, LLC",sfsause.com
"SME Foods, LLC dba John's Beef Jerky",bigjohnsbeefjerky.com
Doris Italian Market & Bakery,dorismarket.com
"Alimade, LLC",alimadefood.com
"North Coast Culinary Creations, LLC",northcoastculinarycreations.com
"Jerky Labs, LLC",jerkylabshawaii.com
"Altamira, Ltd.",altamirafood.com
The Baking Institute Bakery Co.,bakinginstitute.com
"Tortillas Ricas, LP dba Casa Rica Tortillas",casarica.com
"American Jerky Co., LLC",americanjerky.com
Essen Nutrition Corp.,essen-nutrition.com
"La Nortena, Inc.",lanortenatamales.com
Nadine Food Corp. dba Trade Fair Supermarkets,tradefairny.com
MCM Food Corp.,mcmfoodcorp.com
"Nuchas, LLC",nuchas.com
"DAE Won Food, Inc.",daewonfood.com
"Chefler Foods, LLC",cheflerfoods.com
Brian's Artisan Bread Co.,briansartisanbread.com
"Farmhouse Foods, Inc.",farmhouse.com
"C.W. Brown Foods, Inc. dba Botto's Italian Sausage",bottosausage.com
"Living Tree Community Foods, Inc.",livingtreecommunityfoods.com
"Dough Brooklyn 1, LLC dba DOUGH",doughdoughnuts.com
"Global Ingredients, Inc.",globalingredients.net
"Aunt Jake's, LLC",auntjakesnyc.com
Hope & Main,makefoodyourbusiness.org
"Dar Party Pizza, LLC",partypizzact.com
"Tarasco, Inc.",tarascosmexicanrestaurant.com
Fruitwood Orchards Honey Farm,fruitwoodorchardshoney.com
"The Be Hive, LLC",thebehive.com
"Rubicon Foods, LLC",rubiconfoods.com
"JK Western Pride Foods, Inc.",jkwesternpride.com
"Weeks Honey Farm, Inc.",weekshoneyfarm.com
The Wagyu Shop,wagyushop.com
Sweet Pea Natural Pet Foods,sweetpeapets.com
Creative Flavors and Specialties,flavorsandspecialties.com
"Dare-U-Go!, LLC",checkout.dareugo.com
"The Grove, Inc. (TGI)",thegroveinc.com
"Oilio, LLC dba Liokareas",liokareas.com
Aunt Carol's Gourmet Dips,auntcarolsdip.com
"Awesome Advertising, LLC dba Wholesale Nuts And Dried Fruit",wholesalenutsanddriedfruit.com
"Underground Meats, LLC",undergroundmeats.com
On The Go,onthegosnacks.net
"Forage and Foster, LLC",forageandfoster.com
"Parma Sausage Products, Inc.",parmasausage.com
"Salume Beddu, LLC",salumebeddu.com
Savory Food dba Foustman's Salami,foustmans.com
"Licini Brothers, Inc.",licinibrothers.com
"John J. Moesle Meat Co., Inc. dba Salumi Chicago",salumichicago.com
"Driftless Provisions, LLC",driftlessprovisions.com
"Cibao Meat Products, Inc.",cibaomeat.com
"Esposito's Sausage, LLC dba Esposito's Finest Quality Sausage",espositosausage.com
"Ken Weaver Meats, Inc. dba Weaver's of Wellsville",weaversofwellsville.com
"Renegade Foods, Inc.",renegadefoods.com
"Mill It, Inc.",millitfarms.com
"Franklin Farms, LLC",franklinfarms.com
"Traditional Foods Market, Inc.",traditionalfoods.org
"Wicked Cutz, LLC",wickedcutz.co
"Resvitale, LLC",resvitale.com
ShadeeSha's Sweets,shadeeshasweet.com
"National Pecan Shellers Association, Inc.",ilovepecans.org
"Brownwood Acres Foods, Inc.",brownwoodacres.com
"SMH2 Manufacturing, LLC dba Blueprint Foods",blueprintfoods.com
Bola Granola,bolagranola.com
Alimento Ventures Inc.,alimentoventures.com
Born Free Pet Food,bornfreepetfood.com
"Moe's Meats & Bones, LLC",moesmeats.com
Cream of the Crop,creamofthecropnatural.com
GOOD Meat,goodmeat.co
"Pet Investment Group, LLC dba Canine Butcher Shop",caninebutchershop.com
"Urban Food Concepts, LLC dba Soul Food Starters",soulfoodstarters.com
"Uncle Wiley's, Inc.",unclewileys.com
"Green Global Foods, LLC (GGF)",gglfoods.com
"Synop, LLC",synopllc.com
"Dietrich Family Farms, Ltd. dba Dietrich's Meats and Country Store",dietrichsmeats.com
Ends Meat,endsmeatnyc.com
Dan The Sausageman,danthesausageman.com
"Pacific Mountain Farms, Ltd.",pacificmountainfarms.com
"Bavarian Meats Product, Inc.",bavarianmeats.com
"Chubby Organics, Inc. dba Chubby Snacks",chubbysnacks.co
Dans Smoked Salmon,danssmokedsalmon.com
"Olive Branch, LLC",atasteofeden.com
"Parker Freeze Dry, Inc.",parkerfreezedry.com
Country Sweet Sauce,countrysweet.com
"WellEatable, LLC",welleatable.com
"Flying Swine Seasonings, LLC",flyingswineseasonings.com
"Kyoku Knives, LLC",kyokuknives.com
"Le Parfait Group, LLC dba Le Parfait Paris",parfaitparis.com
"The Pistachio Factory, LLC",pistachiofactory.com
The Butcher's Market,thebutchersmarkets.com
"Aladdin's Eatery Systems, Inc.",aladdins.com
"OnHealthNet, Ltd. dba Doc's Sandwich Shop",docsmt.com
"Souper Products, LLC dba Souper Cubes",soupercubes.com
"Champion Foods, LLC dba Champion Pizza",championpizza.com
"John's Salt Service, Inc.",johnssalt.com
Farm Rich,farmrich.com
"Roodle, LLC dba Vanilla Bean Kings",vanillabeankings.com
"Triple M Farms, Inc.",triplemfarms.com
Palmetto Olive Oil Co.,palmettooliveoilco.com
"Tinylittlechef at Home, LLC dba Tiny Little Chef",tinylittlechef.com
The Empanada Shop,the-empanadashop.com
Sunflour Baking Co.,sunflourbakingcompany.com
"Little Something Foods, LLC dba Mad Minis",madminifoods.com
"C and K Importing Co., Inc. dba Papa Cristo's",papacristos.com
"Delimex Holdings, Inc.",delimex.com
Old Bones Chilli Co. USA,oldboneschillico.com
"Pacific Food Safety Systems, Inc.",pacfss.com
Wilson Farm Market,wilsonfarmmarket.com
Three Sons Inc. dba American Meat Companies,americanmeatcompanies.com
"Spice Tree Organics, LLC",spicetreeorganics.com
"C.R.S., Inc. dba Spud Spikes",spudspikes.com
"Miesfelds Triangle Market, Inc.",miesfelds.com
"Yogurt Powder Factory, Inc.",yogurtpowderfactory.com
"Stone Ridge Meat and Country Market, Inc.",stoneridgemarket.com
Prestige Technology Corp. dba Prestige Proteins,casein.ca
Julia Fedorova Cakes Corp.,juliafedorovacakes.com
"The Uhlmann Co., dba Heckers & Ceresota Flour",heckersceresota.com
"Soranco Specialties, Inc. dba Zursun Idaho Heirloom Beans",zursunbeans.com
"Sana's Kitchen, Inc.",sanaskitchen.com
"Nezat's Cajun Food, LLC dba CajunBait Seasonings",cajunbait.com
KeraRXHaircare,kerarxhaircare.com
"HeyChef!, LLC",heychef.com
"Catering CC, Inc.",cateringcc.com
"Wholesale Sugar Flowers, Inc.",wholesalesugarflowers.com
Mitchies Munchies,mitchiesmunchies.com
"Bakedsome, LLC",bakedsome.com
"Nestor International, Ltd.",nestorbrands.com
"Mill-King Market and Creamery, LLC",mill-king.com
"Harvey's Bakery of Dover, Inc. dba Harvey's Bakery and Coffee Shop",harveysbakery.com
"Lonestar Farms, LLC dba Sweet Sensi",sweetsensiwellness.com
GU Industrial & Business Corp. dba Golden Coin,goldencoinfood.com
"Hardcore Carnivore, Ltd.",hardcorecarnivore.com
"Texas Beef Co., LLC",texasbeef.com
iKitchens,ikitchens.biz
"Purelements, Inc.",purelementsinc.com
"Avalon Meat Candy, LLC",avalonmeatcandy.com
De Lux Farms,deluxfarms.com
"5-12 Dessert Boutique and Lounge, LLC",5-12dessert.com
Davis/Burkett Food Corp. dba Davis Food & Drug,davisfoodanddrug.com
"Stokes Salem, Inc. dba Stokes Fresh Food Market",stokesmarket.com
"Meiers Meats & Fine Foods, Inc.",meiersmeats.com
"Built Brands, LLC",built.com
"4 Kicks, Ltd. dba Nuts 'n Berries",nutsnberries.com
"Honey, Feel Better, Inc. dba Pass The Honey",freshhoneycomb.com
"Blockchain Hacienda, Inc.",blockchainhacienda.com
Pretty Delicious Foods dba. Dr. Shica's Bakery,drshicasbakery.com
"Ozark Candies And Nuts, Inc. dba Ozark Nut Roasters",ozarknuts.com
"Shaeff's, LLC",shaeffssauces.com
"Brenton, Inc. dba Cracker Seasonings",crackerseasoning.com
New Morning Market & Vitality Center,newmorningmarket.com
"I Love Juice Bar, LLC",ilovejuicebar.com
"Crustacea Seafood Co., Inc.",crustaceacorp.com
Max Fit Meals,maxfitmeals.com
Fountain Beverage Co.,hellofountain.com
"Meat Church, LLC",meatchurch.com
"Nuflours, Inc.",nuflours.com
"Captain's Private Stash, Inc.",thecaptainsprivatestash.com
"Vegan Tingz, Inc.",vegantingzonly.com
"Evermade Foods, LLC",evermadefoods.com
"Baklava by Linda, LLC",baklavabylinda.com
"5M Companies, LLC dba 5M Spuds",5mspuds.com
"Fable Foods, LLC",fablefoods.com
"Grove And Vine, LLC",groveandvine.com
"B Washington, LLC dba Plan B Burger Bar",burgersbeerbourbon.com
"SPI Foods, Inc.",spifoods.com
"SuperfitFoods, LLC",superfitfoods.co
"Los Gatos Tomato Products, Inc.",losgatostomato.com
"La Quesera Mexicana, LLC dba Pick Tennessee Products (PTP)",picktnproducts.org
Cranberry Island Kitchen,cranberryislandkitchen.com
"Corn Maiden Foods, Inc.",cornmaidenfoods.com
"Bernardino's Bakery, Inc.",bernardinosbakeryinc.com
"Del Carmen Foods, LLC",delcarmenfoods.com
"Kitchen 54 Foods, LLC dba Cocina 54",cocina-54.com
"Heller Seasonings & Ingredients, Inc. dba Hellers for Children",hellersforchildren.com
"Sanders & Sons Ice Cream, Inc.",sandersandsonsgelato.com
Tootie Pie Co.,tootiepieco.com
"Wah King Noodle Co., Inc.",wahkingnoodle.com
"Starday Foods, Inc.",stardayfoods.com
West Lake Food Corp. dba Tay Ho Food Co.,tayho.com
"Risser Grain, LLC",rissergrain.com
"Postive Feed, Ltd.",pf4feed.com
"Total Feeds, Inc.",totalfeeds.com
"TMD USA Sales, Inc.",tmdsalesusa.com
"Kruse Feed & Supply, Inc.",krusefeed.com
"Village Pizza, LP",villagepizzatx.com
Ute Bison Meat Co.,utebison.com
"Artemis Provisions and Cheese, LLC",artemisprovisions.org
M & H Foods dba Brother Mels Southern Style BBQ Sauce,brothermelsbbq.com
"Kinggings, LLC dba FLYGRUBS",flygrubs.com
DayoSense Catering,dayosense.com
Hawkins House of Burgers,hawkinsburgers.com
Worthy of Well Done dba Oat Butter Brand,oatbutterbrand.com
Sweets to Remember,sweetstoremember2.com
"Fishcale, Inc.",wearefishscale.com
Yourway Breakfast + Lunch,yourwayrestaurant.com
"Cupcake Collection, LLC",thecupcakecollection.com
Mortgage Apple Cakes Bakery and Cafe,maccakes.com
"Envision Pastries, LLC",envisionpastries.com
"JJ King's Secret Sauce, LLC",jjkingssecretsauce.com
"Epic Spices, LLC",epicspices.com
Soul & Smoke,soulandsmoke.com
The Gingered Peach,thegingeredpeach.com
Ms. Polly's Cake Giants,mspollyscakegiants.com
"Midwest Spice Co., LLC",midwestspicecompany.com
"MChef, Inc.",mchef.com
"Tabañero Holdings, LLC",tabanero.com
"SpicesForLess, Inc.",spicesforless.com
Dubuque Eats Well (DEW),dubuqueeatswell.com
Haley McNicoll's Celtic American Eatery,haleymcnicolls.com
"O-So-Good Cakes and Treats, LLC",osogoodcakes.com
"Chelle's Cutie Pies, LLC",chellescutiepies.com
Southern Roots Vegan Bakery,southernrootsvegan.com
Val's Cheesecakes,valscheesecakes.com
VeganishPhilly,veganishphilly.com
Denanche Brand,denanche.com
Angelo Caputo's Fresh Markets,shopcaputos.com
Justice of the Pies,justiceofthepies.com
"Brie's Premium Bars, LLC",bries.fit
"Soy Labs, LLC",soylabs.com
"OatMeals, LLC",oatmealsny.com
"Maverick Pet Foods, Inc.",maverickpetfood.com
Valley Pride Ag Co.,valleyprideag.org
"Magic City Hoagies, LLC",magiccityhoagies.com
"Family Only, Inc. dba Come Back Shack",comebackshack.com
"Brandable, Inc. dba Veggiecraft Farms",veggiecraftfarms.com
The Pig & The Sprout,pigandsprout.com
"FruitStand, LLC",fruitstand.com
"Italian Beef Franchising, LLC dba Al's Beef",alsbeef.com
"Curt's Spice Co. & Oilerie, LLC",oilerie.com
"Chickpea, Inc.",getchickpea.com
"Yoblendz International, LLC",yoblendz.com
Living Nutz,livingnutz.com
"Humineral, LLC",humineral.com
"Xing Fu Tang, LLC",usaxingfutang.com
"BBDOTQ USA, Inc. dba bb.q Chicken",bbdotqchicken.com
Juice Products Association (JPA),juiceproducts.org
"FIt Butters, LLC",fitbutters.com
Midamar Corp.,midamar.com
"Lopez-Dorada Foods, Inc.",lopezdorada.com
Nuluv Goat Milk Products,nuluvgoatmilkproducts.com
Washington Kettle Corn Co.,washingtonkettlecorn.com
"Puppernickel, LLC",puppernickel.com
"Lypid, Inc.",lypid.co
A.M.L.L. Corp. dba Peña Food Distributors,penafoods.com
"Guy Gone Keto, LLC",guygoneketo.com
"Ultra Enterprises, Inc.",ultraent.com
"Jeffrey's Natural Pet Food Company North Beach, Inc.",jeffreyspets.com
Pawtrero Hill BathHouse and Feed Co.,pawtrero.com
"Buttercup Bake Shop, Inc.",buttercupbakeshop.com
"Grains of Montana Bakery Operations, Inc.",grainsofmontana.com
"Silver Mine Subs, Inc.",silverminesubs.com
"WRPC, Inc.",wererolling.com
American Hay & Mercantile Co.,americanhay.net
Paw Country,welcometopawcountry.com
"Elior, Inc. dba K-12",k12byelior.com
J.D. Redhouse & Co.,jdredhouse.com
"Top Dog Barkery, LLC",topdogbarkery.net
Greenwald Sales & Marketing,greenwaldsales.com
"Nueva Cocina Foods, Inc.",nuevacocinafoods.com
"Hazekamp Premier Foods, Inc.",premier-foods.com
"Baker's Bacon, LLC",bakersbacon.com
"Celestial Stem, LLC",celestialstem.com
"FreezEasy Media, Inc.",myfreezeasy.com
"Digg That, LLC dba Herbalife Recipe Generator",herbaliferecipes.com
Mediterranean Sensations,mediterranean-sensations.com
"Torito Brands, LLC",toritobrands.com
"Sushi Maven, Inc.",sushimaven.com
Als Hot Chicken,alshotchicken.com
Culinary Resources,culinaryresources.biz
"NICE Culinary, LLC",nutritionindustryconsultingexcellence.com
The Allergy Table,theallergytable.com
"Fortune Avenue Foods, Inc.",fortuneavenuefoods.com
"Four-In-One Co., Inc.",fourinone.com
"KuntryKim Natural Products, LLC",kuntrykim.com
Mama Joyce Peppa Sauce,peppasauce.love
"Northern Culinary Brands, LLC",northernculinarybrands.com
Medical Terpenes,medicalterpenes.com
"Rawsome Pets, LLC",rawsomepets.net
"Sabrosura Foods, LLC",sabrosurafoods.com
"Wise Co., Inc.",wisefoodstorage.com
"Johnny Appleseed Orchards, LLC dba Johnny Appleseed Organic",johnnyappleseed.com
"Tonya's Gluten Free Kitchen, Inc.",tonyasglutenfree.com
"Zookies Cookies, Inc.",zookiescookies.com
"Fustini's Oils & Vinegars, LLC",fustinis.com
Intermex Foods Corp.,intermexfoods.us
Stachowski Sausage,stachowskimeats.com
"Camino Spice, LLC",caminospice.com
"Circle B Ranch, LLC",circlebranchpork.com
Banana Blossom Bistro,bananablossombistro.com
Susie's Sweets,susiedesserts.com
"Bagnes Cooking, LLC",basquettes.cooking
"Herbert’s Wine Jelly, LLC",herbertswinejelly.com
"Amazing Escargot, LLC dba Big Bianc",bigbianc.com
Paterson Pickle Co. dba Dr. Pickle,docpickle.com
Gringuito Sauce,shakethatup.com
"Shore Smoke Seasonings, LLC",shoresmokeseasonings.com
"Potomac Sweets, LLC",potomacsweets.com
Impasta Gluten Free,impastagf.com
"Tinychef, Inc.",tinychef.ai
"Brooks Grain, LLC",brooksgrain.com
"African Dream Foods, LLC",africandreamfoods.com
"BeeMax, LLC",beemax.us
"Acts Cove, Inc. dba GimGo Snacks",gimgosnacks.com
"Blue Hill Tech, Inc. dba Artly",artly.coffee
"Ronda's Fine Foods, LLC",rondasfinefoods.com
Tempesta Artisan Salumi,tempestaartisansalumi.com
"Vifon International, Inc.",vifonusa.com
Western Agricultural Processors Association (WAPA),agprocessors.org
"Savr Pak, Inc.",savrpak.com
Mad Dash Mixes Fundraiser,maddashmixesfundraiser.com
Ithaca Bakery,ithacabakery.com
"Food Funding, LLC dba Plant Innovations, Inc. dba PlantBelly, LLC",plantbelly.com
"Hanline Frozen Foods, Inc.",hanlinefrozenfoods.com
"MartinoRossi America, Inc.",martinorossiamerica.com
Artisan Chef Manufacturing Co.,artisanmfgco.com
Midnight Cookies & Cream,midnightcookiesandcream.com
"Liscios Italian Bakery, Inc.",lisciosbakery.com
"Get Fresh Bakehouse, LLC",getfreshbakehouse.com
Monreale Bread Co.,monrealebread.com
"Harvest Bakery, Inc.",harvestbakery.com
"Bagels By Bell, Ltd. dba B&S Bialy",bialy.com
Performance Seed,performanceseed.com
"American Almond Beef Land and Cattle Co., LLC",americanalmondbeef.com
"Walk by Faith Doggie Bakery, LLC",walkbyfaithdoggiebakery.com
Peirone Produce Co.,peironeproduce.com
"Fabilous Cacao Butter, LLC",fabilouscacao.com
"Tastefully Olive, LLC",tastefullyolive.com
"Laura's Raw Honey, LLC",laurasrawhoney.com
Whitfield's Corp. dba Golden Flo Liquid Energy,goldenflo.com
"George Packing Co., Inc.",filberts.com
"Naija Grille, LLC",naijagrille.com
Kaleb's Organics Dog Treats,kalebsorganics.com
"Sohnrey Family Foods, LLC",sohnreyfamilyfoods.com
"Dina Mia Kitchens, Inc.",dinamiakitchens.com
Oscar's Adirondack Smokehouse,oscarsadksmokehouse.com
"American Soul Brothers, LLC",americansoulbrothers.com
"Drupely, Inc. dba Graza",graza.co
California League of Food Producers (CLFP),clfp.com
BFD Foods,bfdfoods.com
U.S. Roundtable for Sustainable Poultry and Eggs (US-RSPE),us-rspe.org
"Hare Today, LLC",hare-today.com
"Berrylove, LLC",berrylovellc.com
"Smeltzer Orchard Co., LLC",smeltzerorchards.com
Pearl Milling Company dba Aunt Jemima,pearlmillingcompany.com
Erie Food Co-op,eriefood.coop
Cake Central Media Corp.,cakecentral.com
Guiding Stars Licensing Co.,guidingstars.com
"Mutt Crunchers, LLC",muttcrunchers.com
Camberville Dog Treats,cambervilledogtreats.com
"Eat Alfalfa Holdco, LLC dba Alfalfa",eatalfalfa.com
"McClure's Pie and Salad, Inc. dba McClures Bakery",mccluresbakery.com
Stone Oven Wholesale Bakery,stoneovenwholesalebakery.com
"Eat Your Greens, LLC dba Red Belly Honey",redbellyhoney.com
"Better Land Sweets, LLC dba Betterland Foods",betterlandfoods.com
"Earth Nut Foods, LLC",earthnutfoods.com
"Gooder Foods, Inc.",goodles.com
"Jasberry USA, LLC",jasberryusa.com
Organic Amazon Corp.,organicamazon.com
"NSNG Foods, LLC",nsngfoods.com
Moonshot Snacks,monoslot.co.ua
Wholeberry,wholeberry.com
Tortillicious,ilovetortillas.com
"Nepali Knd, Inc. dba Kala's Kuisine",kalaskuisinefood.com
"MTRES FOODS, LLC",mtr3s.com
"Nana Bakes, LLC",alittlelovinfromnanasoven.com
Pocono Pickle Guy,poconopickleguy.com
"Grist For The Mill, LLC dba The Mill Fudge Factory",themillfudgefactory.com
"Sergio & Turksy Trading, LLC",sergio-turksy.com
"J.J. Fuds, Inc.",jjfuds.com
"EcoGen, Inc.",ecogenlabs.com
Bad Bakers,badbakers.com
"Egypt Star Bakery, Inc.",egyptstarbakery.com
Kiffle Kitchen Bakery,kifflekitchen.com
"Neri's Bakery Products, Inc.",nerisbakery.com
"TableFarm, Inc. dba ingarden, Inc.",ingarden.com
Snack Shop,snackshop.com
TexasFood.com,texasfood.com
"Pleasant Cafe, Inc.",pleasantcafe.com
"Lloyd´s Cuts, LLC",lloydscuts.com
"Prairie Thyme, Ltd.",prairiethyme.com
Your Mom’s Canning,yourmomscanning.com
"Lantmännen Unibake USA, Inc.",lantmannenunibake.us
Kana Planet,kanaplanet.com
"Meat Head Charcoal, LLC",meatheadcharcoal.com
Boho Bee Co.,bohobeecompany.com
"Terrell's Potato Chip Co., Inc.",terrellschips.com
The Licorice Guy,licoriceguy.com
Clark Distributing Co.,clarkdistributing.com
"Woodnose, LLC",woodnosedrinks.com
"Olive Grazing™, LLC",olivegrazing.com
"Do Good Foods, LLC",dogoodfoods.com
"Chop-Above, LLC",chop-above.com
The FinaMill Store,finamill.com
"The Little Kitchen, LLC",thelittlekitchen.net
"Trinity Hemp, LLC",trinityhemp.net
"Twited Brands, LLC",thetwistedbrands.com
"Chef Cool Enterprises, LLC dba Trail Magic Sauce",trailmagicsauce.com
"Wanna Cupcake Franchising, LLC",wannacupcake.com
"Ohayo Valley, Inc.",ohayovalley.com
"Rega USA, LLC",regausa.com
"Spearhead Food Consulting, LLC",spearheadfoodconsulting.com
Range Inc.,rangepartners.com
Reggae Spice Co.,reggaespicecompany.com
"Hurst Amici, LLC dba Italianni's",italiannishurst.com
"Cottage Lane Kitchen, LLC",cottagelanekitchen.com
"The French's Food Co., LLC dba Frank's RedHot",franksredhot.com
Chef Bricker's Brick House Vinaigrettes,chefbricker.com
Great Lakes Popcorn Co.,greatlakespopcorn.com
"Desert Smoke BBQ, LLC",desert-smoke-bbq-llc.square.site
L A Specialty Produce Co,laspecialty.com
Soul Snacks Cookies Co.,soulsnacks.com
"Winand Products, Inc.",winandproducts.com
Heartland Bread Co.,heartlandbreadco.com
"Arandas Bakery, Inc.",arandasbakery.com
"Glenn Wayne Wholesale Bakery, Inc.",glennwayne.com
"Rwanda Bean Co., LLC",rwandabean.com
"Alamode Foods, Inc.",alamodefoods.com
"Bravadough, LLC",bravadoughgf.com
"Crossover Quality Meats Group, Inc.",crossovermeats.com
Divine Roots,eatdivineroots.com
"Amélie's French Bakery, LLC",ameliesfrenchbakery.com
"Mia foods International, LLC",miafoodsinternational.com
"Bliss Barz, LLC",blissbarz.com
"Little Pickins, LLC",littlepickins.com
Simply Pierogi,simplypierogi.com
Interamerican Foods Corp. dba La Moderna USA,lamodernausa.com
Market Twenty 4 Seven,market24-7.com
American Bread Company LLC,americanbreadcompany.net
Purple Porch Cooperative,purpleporch.coop
"Potillas, LLC dba Potapas",potapas.com
"Hofmann Sausage Co., LLC",hofmannsausage.com
Healeo,healeo.com
Schwab Meat Co.,schwabmeat.com
Oyna Natural Foods,oynanaturalfoods.com
Real Good Food,realgoodfood.com
"Sunset Farm Foods, LLC",sunsetfarmfoods.com
B' Jamin Farm,jamdiva.com
Janna Kay Charcuterie Boards and Boxes,jannakay.com
"Incredible Eats, Inc.",incredibleeats.com
Food As Nourishment,foodasnourishment.com
"Epicurean Fine Foods, Inc. dba Epicurean Foods, Inc.",epicurean-foods.com
"Healthy Alternative Natural Foods, Inc.",healthyalternativemarkets.com
European Bread Co.,europeanbread.com
"Pie-O-Neer Pies, LLC",pieoneerpies.com
"Smittie's Soft Pretzels, Inc.",smittiespretzelproducts.com
"Farmers Imports, LLC",farmersimports.com
"Red Ribbon Bakeshop, Inc.",redribbonbakeshop.com
"MMM Meat, LLC dba Tolman’s Meats",tolmansmeats.com
"Crest Foods Co., Inc. dba 815EATS",815eats.com
"B's Gourmet Nuts, LLC",bsgourmetnuts.com
"Halals Best, Inc.",halals-best.com
Corks Popcorn,corkspopcorn.com
Golden Dough Foods,goldendoughfoods.com
"McYoung Foods, LLC dba Awesome Granola",awesomegranola.com
"OTB Enterprises, LLC dba Chunk Nibbles",chunknibbles.com
"J Plus Specialty Foods, LLC dba Tastelli",tastelli.com
"Rio Santo, LLC",riosanto.com
"W and G Marketing Co., Inc. dba WG Provisions",wgprovisions.com
"Mesa Virtuals, PBC., Corp.",eatmesa.com
Jon G's Barbecue,jongsbarbecue.com
"Classic Agrimed, LLC dba Healthy Paw Life",healthypawlife.com
Pretzels.com,pretzels.com
"Space Gem Candy, Inc.",spacegemcandy.com
RainBao Dumplings,rainbaodumplings.com
Chip City,chipcitycookies.com
"Marketnative, LLC",marketnative.com
"Sea Moss Life, Inc.",seamosslifeinc.com
"Bisousweet Confections, LLC",bisousweet.com
"I and I Foods by Jus_Chill, Inc.",123juschill.com
"Celiac Mama, LLC",celiacmama.com
"Willamette Valley Hops, LLC",willamettevalleyhops.com
Artisan Grain Collaborative (AGC),graincollaborative.com
"Stone County Specialties, Inc.",stonecountyspecialties.com
"Philly Foodworks, LLC",phillyfoodworks.com
Cheese & Spice Market,cheesespicemarket.com
InTavola Corp.,intavolausa.com
Battimelli's A&S Italian Fine Foods,asfinefoods.com
"Capobianco Specialty Foods, Inc.",capobiancospecialtyfoods.com
Glorioso's Italian Market,gloriosos.com
For Goodness Cakes Co.,forgoodnesscakesco.com
Woolf Associates,woolfassociates.com
"Grandma G's 'Ono Grindz, LLC",grandmagsonogrindz.com
"Kelewele, LLC",kelewelenyc.com
Compton Vegan,comptonvegan.com
Atlas Monroe,atlasmonroe.com
"Axo, Inc.",axofoods.com
"Eggrolls ETC, Inc.",eggrollsetc.com
"Four Star Mushrooms, LLC",fourstarmushrooms.com
"Sugar Bliss, LLC",sugarblisscakes.com
"El Indio Tortilleria, Inc.",elindiotortilleria.co
"Juiced Up! Enterprises, LLC",juicedupaf.com
Ready Fit Go,readyfitgo.com
"COVAP USA, LLC",ibericoscovap.us
"Lorenzo Food Group, Inc. dba York Street Market",yorkstreetmarket.com
"International Grains and Cereal, LLC (IGC)",internationalgrainsandcereal.com
Jar Joy,jarjoy.com
"Sunshine Foods, LLC dba Wallaby Goods",wallabygoods.com
"JR Kinder's Enterprises, Inc. dba Kinder's Meats, Deli & BBQ",kindersmeats.com
"Idylwilde Farms, Inc.",idylwildefarm.com
"Baltimore Baked Goods, Inc.",rosendorffchallah.com
The Bread Shed,thebreadshed.com
"Bakery Espiga de Oro, Inc.",bakeryespigadeoro.com
"Shaping America's Plate, Inc.",shapingamericasplate.com
"Ameridia Innovative Solutions, Inc.",ameridia.com
"Upper Iowa Beef, LLC",upperiowabeef.com
"Rhizoterra, Inc.",rhizoterra.com
"Upward Enterprises, Inc. dba Upward Farms",upwardfarms.com
Historic Lewes Farmers Market (HLFM),historiclewesfarmersmarket.org
"Legendary Burger, Inc. dba  Everything Legendary",golegendary.com
"Sejuiced, LLC",sejuicedbar.com
Fulton MicroFarms,fultonmicrofarms.com
"Cella Farms, Inc.",cellafarms.com
"Dudash Enterprises, LLC",spicekick.com
"Not Your Bakery, LLC",notyourbakery.com
"Hermann Wurst Haus, LLC",hermannwursthaus.com
"Schmidts Meat Market, Inc.",schmidtsmeatmarket.com
"Out of the Shell, LLC dba Yangs 5th Taste",yangs5thtaste.com
Focus Foods,focusfoods.us
"Think Better Foods,  LLC",eatvegify.com
"Oka Products, LLC",okaproducts.com
"Mo's Bundt Cakes, LLC",mosbundtcakes.com
"Just Snacks, Inc. dba Hog's Heaven Pork Rinds",hogsheavenporkrinds.com
Elite Management Group (EMG),elitegroupmgmt.com
Hollywood Farmers Market,hollywoodfarmersmarket.org
Cone Appétit,cone-appetit.com
BOBBIQUE,bobbique.com
"iFill Systems, LLC",ifillsystems.com
N1 Snacks,n1snacks.com
Massachusetts Food System Collaborative (MFSC),mafoodsystem.org
"Freedom Food Farm, LLC",freedomfoodfarm.com
Farm Fresh Rhode Island,farmfreshri.org
"Big Brands, LLC dba Sealed Meals",sealedmeals.com
HP Sales Northeast,hpsalesne.com
Newks Hot Sauce,newkssauces.com
Old Agness Store,oldagnessstore.com
"Dashboard Food Truck and Catering, LLC",dashboardfoodtruck.com
Kitchen 66,kitchen66tulsa.com
"Armored Fresh, Inc.",armoredfresh.com
"Real Cajun Market, LLC",realcajunmarket.com
"Sea2Life, LLC",sea2life.com
"CPI Foods, Inc.",cpifoods.com
Front Door Bread Store dba European Breads,europeanbreadshoppe.com
"Lavash Factory, Inc.",thelavashfactory.com
"Unifine Mill, LLC",unifinemill.com
"Marcum Farm Co., LLC dba Pandemic Polly Peppers",pandemicpollypeppers.com
Belshaw Adamatic Bakery Group,belshaw.com
"Simi Cakes & Confections, LLC",simicakes.com
"Rosettes Baked Goods, Inc.",rosettesmix.com
"Roshen USA, LLC",roshenusa.com
Meat Business Pro,meatbusinesspro.com
"Hazelicious, Inc.",hazelicious.com
"Fourth World Foods, LLC dba The Humble Seed",humbleseed.com
"Aunt Cake's Cookies, LLC",auntcakescookies.com
Where Food Comes From Organic,wfcforganic.com
"Paktli Foods, LLC",paktlifoods.com
Straight from the Farm,straightfromthefarm.com
"Pinaka Foods, Inc.",pinakafoods.com
"Hatcheri Foods, Inc.",hatcheri.com
"Blu Tee Spoon, LLC",bluteespoon.square.site
"OH, Bite It",ohbiteit.com
"Nutrition Redefined, LLC",nutritionredefinedabq.com
"Sweet Pea Plant-Based, LLC",sweetpeaplantbased.com
Yips Yogurt Chips,yipsyogurtchips.com
Avon Prime Meats (APM),avonprimemeats.com
RFD Chicago Food Distribution,rfdchicago.com
Journeyman Meat Co.,journeymanmeat.com
"Keystone Meats, Inc.",keystonemeats.com
"Lipari Sausage, Inc.",liparissausage.com
"Meyer Country Farms, Ltd.",meyercountryfarms.com
"Antler Chewz, Inc.",antlerchewz.com
Czar Salt,czarsalt.com
Tabora Farm and Orchard,taborafarm.com
"Mr. Best Foods, Inc.",mrbestfoods.com
Catanese Classics,cataneseclassics.com
Anasca Products of Kingsman,anascaproducts.com
"Beyond Decadence, Inc.",beyonddecadence.com
"LadyRen's Bakery & Books, LLC",ladyrens.com
"Tosh Farms, LLC",toshfarms.net
"Skip's Peppers, LLC",skipspeppers.com
EV Originals,evoriginals.com
"Schlegel Made, LLC dba Make Bake",makebake.co
Hudson Greene Market,hudsongreenemarket.com
Tina's Burritos,tinasburritos.com
"Chef Adjepong, LLC",chefadjepong.com
"Hueber Feed, LLC",hueberfeed.com
Nature's Wonders,natureswonders.com
"HigherFlour, LLC",higherflouredibles.com
"Ghost Kitchen, LLC",ghostkitchenhemp.com
Africooks,africooks.com
Fieldtrip.,fieldtripnyc.com
"Roma Gourmet Foods, LLC",romagourmet.com
"Tommy Moloney's, Inc.",tommymoloneys.com
Schneider's Quality Meats,schneidersqualitymeats.com
"CoJACK Snack & Pack, LLC",cojacksnacks.com
Smo' Better Food  Co.,smobetter.com
"WAKI GO Products, LLC",wakigoproducts.com
"Goodway Gourmet, LLC",goodwaygourmetbakery.com
Nature's Garlic Farm,naturesgarlicfarm.com
"Banyan Food Service, LLC",banyanfoodservice.com
Mediterranean Table Systems,mtableco.com
"Spoiled Rotten Pet, LLC",spoiledrottenpet.com
"Responsibly Organic, LLC",responsiblyorganic.com
"Food Pantry of Jeff Davis County, Inc.",foodpantry-jdc.org
"Sweet Treats Cannery, LLC",sweettreatscannery.com
One World Beef,oneworldbeef.com
"Twisted Olive, LLC",twistedoliveimports.com
"Luckys Popcorn Dressing, LLC dba Luckys Sauces",luckyssauces.com
"Simply Cupcakes of Portland, LLC",bestportlandcupcakes.com
Sunny Honey Miami,sunnyhoneymiami.com
Midstate Produce Co.,midstateproduce.com
Goldies Wholefoods,goldieswholefoods.com
Rigby,rigby.pl
"Helmuts, Inc.",helmuts-strudel.com
Dip'n Good Dips,gotdip.biz
"Sweet Melissa's LOVE, LLC",sweetmelissaslove.com
Still There Shine Sauce,stillthereshinesauce.com
Cook on Clay,cookonclay.com
"Good Ranchers, LLC",goodranchers.com
Hive Cake Shop,hivecakeshop.com
Uptown Grocery Co.,uptowngroceryco.com
Kickled Mary,kickledmary.com
Lillie Mae Chocolates,lilliemaechocolate.com
Kofinas Olive Oil,kofinasoliveoil.com
Brown Suga Bakes,brownsugabakes.com
Simply Sol Care,simplysolcare.com
"MsCotti, Inc.",mscotti.com
Flavor City Oils,flavorcityoils.com
"Chad's Raspberry Kitchen, Inc.",chadsraspberrykitchen.com
"Kansas City Caramels, LLC",kansascitycaramels.com
"Nadler's Meats & Catering, LLC",nadlersmeats.com
"Kayterra Farms, LLC",kayterrafarms.com
Wigglewow,wigglewow.com
MycroDrops,mycrodrops.com
Rosebud's Real Food,rosebudsrealfood.com
"Peppers of Key West, Inc.",peppersofkeywest.com
"ThinkCulinary, Inc.",thinkculinary.com
"Hestan Culinary, LLC",hestanculinary.com
"Delicacies Trading Co., LLC dba Astrea Caviar",astreacaviar.com
Chelsea Market,chelseamarket.com
Gramma Bee's Honey,grammabeeshoney.com
"Confidence Foods, LLC dba Hungry Harry's",hungryharrys.com
Cook Colorful,cookcolorful.com
"5280 Culinary, LLC",5280culinary.com
Vitality Farms Co.,vitalityfarmscompany.com
Always Flavored,alwaysflavored.com
"Thai Chili 2 Go, LLC",tc2go.com
"Creative Cakes, LLC",creativecakesbakery.com
"Redbud Deli, Inc.",redbuddeli.com
"Sub Station II, Inc.",substationii.com
"Fresh Harvest, Inc.",freshharvest.com
Skinny Butcher,skinnybutcher.com
"37th Street Bakery, LLC",37bakery.com
"Thomas Group, LLC",thomasgroupusa.com
Pasta Noodles Co.,pastanoodles.com
GummiShot,gummishot.com
"Blackstone Marketing, Inc. dba 1-800-Popcorn",1800popcorn.com
Gahoberb Group,ganoherb.com
"Lancaster Manufacturing, Inc. dba Frozen Custard Machines",frozencustardmachines.com
Bianchi Breadcrumb Corp.,bianchibreadcrumbs.com
"Lifeline Foods,  LLC",lifelinefoods.com
"Nut Source, Inc.",nutsource.com
"Slow Foods Kitchen, Inc.",slowfoodskitchen.com
"Hartley Farms, Inc.",hartley-farms.com
"Seasonal Celebrations, LLC dba Reston Farm Garden Market",restonfarm.com
"101 Before One, LLC",101beforeone.com
Around the World Gourmet,aroundtheworldgourmet.com
True Essence Foods,trueessencefoods.com
"Hempler Foods Group, LLC",hemplers.com
"Brother and Sister Food Services, Inc. (BSFS)",brothersisterfood.com
Millie Ray and Sons,millierayandsons.com
"AJN Mafia, LLC dba Birdwings Fine Chocolate",birdwingschocolate.com
"Vantis Health, LLC dba Sugar and Kush",sugarandkush.com
Emma Leigh & Co.,emmaleighco.com
Ninth Cake,ninthcake.com
"Cakes by Deb, LLC",cakesbydeb.com
Boso Kitchen,bosokitchen.com
"Signature Cakes & More, LLC",signaturecakesandmorekmg.com
"Raw K9, Inc.",rawk9.com
AWSM Sauce Co.,awsmsauce.co
"Beauty From Life Baking, LLC",beautyfromlifebaking.com
"Yum Distribution, LLC",yumdistribution.com
"Nashville Sweets, LLC",nashvillesweets.com
"Prantl's Bakery, LLC",prantlsbakery.com
"Always Cake Bakery, LLC",alwayscake.com
"Cakes By The Pound and More, LLC",cakesbythepoundandmore.com
Pastry Emporium KCKakes,kckakes.com
Alka Co.,alka-elephant.com
Cakery Zivine,zivinecakery.com
Meltus Cakes and Confectionery (MCC),meltuscc.com
,customcakes.shop
Seed2Source,seed2source.com
"Chippewa Valley Bean Co., Inc.",cvbean.com
Mr. Mini's Tasty Donuts,mrministastydonuts.com
"Circe Biosciences, Inc.",circebioscience.com
2050 Co.,2050co.com
Blended Desserts,blendeddesserts.com
Farm Fresh Home Foods,farmfreshhfs.com
"Millenia Foods, LLC dba ToditoMio",toditomiofoods.com
Fuizion Freeze Dried Food Ltd,fuizionfreezedriedfood.com
"G & W Bavarian Style Sausage Co., Inc.",gwsausage.com
Sentry Equipment Inc,sentryequipment.net
Custom Commodities LLC,customcommodities.org
Daisy Hill Market,daisyhillmarket.com
"Hoosier Harvest Market, Inc.",hoosierharvestmarket.com
Horton's Hot,hortonshot.com
JeffThe420Chef,jeffthe420chef.com
Tahoe Food Hub,tahoefoodhub.org
Vendaid Ltd,vendaid.co.uk
Awesome Mitten,awesomemitten.com
"Clausen Meat Co., Inc.",clausenmeat.com
"Fiesta Foods, Inc.",fiestafoodssupermarkets.com
Heyday Farm,heydayfarm.com
Pizzametry LLC,pizzametry.com
CHICAGO BEST FOODS INC,thepauperedchef.com
Cake Works,cakeworkshi.com
Local Serves,localserves.com
Bread and Bun Organic Bakery,breadandbun.com
Appalachian Jerky Company LLC,2jerkys.com
Foxy Cuisine,foxycuisine.com
Pig of the Month BBQ,pigofthemonth.com
Totem Tea,totemtea.com
Ignatius All Natural,ignatiusallnatural.com
Honest Chops,honestchops.com
Honeymoon Chocolates,hmchocolates.com
"Suwannee Valley Feeds, LLC",svfeeds.com
Joe's Butcher Shop and Fish Market,joesbutchershop.com
Rachael B. Cupcakes & Bake Shoppe,rachaelbcupcakes.com
Bart's Ice Cream,bartsicecream.com
Eggloo LLC,myeggloo.com
Gianorio's Downtown Deli,gianoriosdowntowndeli.com
COASTAL ALABAMA FARMERS AND FISHERMENS MARKET INC,coastalalabamamarket.com
VGs Grocery,shopvgs.com
Kylie B's Pastry Case LLC.,kyliebbakery.com
Petisco Brazuca NYC,petiscobrazuca.com
Renaissance Chef Catering,renaissancechef.com
WOOD GLEN COURT,woodglencourt.com
"Ellington Farms, Ohio",ellingtonfarmsohio.com
Nezinscot Farm,nezinscotfarm.com
PINKS Original Bakery,pinksoriginalbakery.com
The Millennial Chef,themillennialchef.com
"True Treats Historic Candy, LLC",truetreatscandy.com
Berry's Natural Food Market,berrysnaturalfoodmarket.com
"Liberated Foods, LLC",liberatedfoods.com
Aloha green tea HAWAII,alohagreenteahawaii.com
Cuisine By Celine,cuisinebyceline.com
Wild Oats Market,wildoats.coop
YumBot,yumbotpdx.com
Sanitary Tortilla Co.,sanitarytortillacompany.com
The Empanada King,theempanadaking.com
Deccan Spice,deccanspice.com
Simply Scones,sconesbygina.com
SweetNes Honey Apiaries & Bee-tique,sweetneshoney.com
Bombay Butter,bombaybutter.com
"Oleavanti, LLC",oleavanti.com
Bohemian Barbecue,bohemianbarbecue.com
SOL Sausage,solsausage.com
All American Yogurt,allamericanyogurtshop.com
A&G Food Service,agfinefoods.com
Berry Bissap,berrybissap.com
R & R QUALITY MEATS INC,randrqualitymeats.net
Braise Worthy,braiseworthy.com
Cairo Cakes and Pastries,cairocakes.com
California Pork Producers Association,calpork.com
Coffee Bags Online,coffeebagsonline.com
Element Seafood,elementseafood.com
MAKE Sandwich,makesandwich.com
ponzmo,ponzmo.com
"Sushi Star, LLC",sushistar.com
The Juicery,juicery.com
SYRUPME,syrupme.com
Wunder Holdings,wunderwafer.com
CrateFull of Maine,cratefullofmaine.com
Euelbräu GmbH,euelbraeu.ch
WOODLEA BAKERY,woodleabakery.com
B&M Meats by Wonder Meats,bmphillysteaks.com
Flavor Exceptional Catering,flavorcville.com
The Alphas Produce Company,alphasproduce.com
Al's Foodtown,alsfoodtown.com
"Lunch2You, LLC",lunch2you.com
Crust Pasta & Pizzeria,crust-pizzeria.com
Mini Pops Inc.,minipopsinc.com
Myrolion,myrolion.gr
"Peggy Beckett - The Honey Bee Company LLC, Hawaii",justhoney.buzz
Polkatots Cupcakes,polkatotscupcakes.com
NORTH COAST FOOD WEB,northcoastfoodweb.org
Fajitas A Go Go,fajitasagogo.com
Hustle Smoothie Bar,hustlesmoothiebar.com
Flower City Flavor Company,flowercityflavor.com
Franco Gelato,francogelato.biz
SoFresco Colombian Fare & Coffee,sofresconyc.com
dELECTABLE3,jessicaprajza.com
Fastest Weight Loss Diets,weightlossdiets.net
G & T Chickens,gtchickens.com
Velma's Kettle Corn,wickeddelicious.com
Natureworks Restaurant,natureworksrestaurant.com
"The Women's Bakery, Inc.",womensbakery.com
TakeIn,takein.com
Entegro Health,entegrohealth.com
Le Petit Treat,petit-treat.com
White's Country Meats,whitescountrymeats.com
Zumapoke & Lush Ice,zumapoke.com
GoCoffeeGo LLC,gocoffeego.com
I Heart Pies,iheartpies.com
Robert's Food Center,robertsfoodcenter.com
"STEVE'S MEAT MARKET, INC.",stevesmeatmarket.com
Metric Coffee Co,metriccoffee.com
Archipelago SPC,archipelagoseattle.com
Awudu's Food Co,awudusfoodco.com
"Boss Burger, LLC",weareboss.com
Ono Moa Candies,onomoacandies.com
Plantone's Italian Market,plantonesitalian.com
Gourmet Nuts And Dried Fruit,gourmetnutsanddriedfruit.com
Lucky Lou's Inc.,luckylousinc.com
pure soul plant-based eats,puresoulpbeats.com
Space Roasters Inc.,roasters.space
Cosechas USA,cosechasus.com
"Emma Sofia Cakes, LLC",emmasofiacakes.com
Jennifer's Homemade,jennifershomemade.com
Palm CBD,palmcbd.com
Real Food Personal Chef Services,realfoodforyou.com
Hacienda Maize LLC,haciendamaize.com
New Orleans Food Cooperative,nolafood.coop
FitHalal,fithalal.com
The Pie Bar,thepiebarlongbeach.com
Kababeque,kababequetx.com
Keto Daily,keto-daily.com
Blind Salamander Spice Co.,blindsalamanderspiceco.com
Chouinard’s Fine Foods,chouinardsfinefoods.com
"DELTA MEAT & SAUSAGE, INC.",deltameat.com
Spilt Milk Pastry,spiltmilkpastry.com
TJ's Dog Treats,tjsdogtreats.com
"Wade's Restaurant, Inc.",eatatwades.com
Fine Taste Club,finetasteclub.com
Bake Chicago.,bakechicago.com
STELLA'S PIZZA PIE LLC,stellaspizzapie.com
Olivizia,olivizia.com
GOLDEN DUCK INC.,goldenduck.com
Mexican Spice LLC,mexicanspice.net
Pioneer Candies & Ice Cream,pioneercandy.com
Plant Life Meals,plantlifemeals.com
Worldtravelgourmet,worldtravelgourmet.com
Fig + Goat,figandgoat.com
"Lakes Coffee, LLC",lakes-coffee.com
Lady Grey Seattle,ladygreyseattle.com
"RICE MONKEYS, LLC",ricemonkeysdurango.com
Rosalie's Cucina,rosaliescucina.com
The Gourmet Ice Co,thegourmeticeco.com
'Cacio e Vino' Sicilian Restaurant and Pizzeria,cacioevino.com
District Crust by Main Event Caterers,districtcrust.com
The Quenelle,thequenelle.com
GRAB & GO FOOD INC.,grabgofoodinc.net
Keetz,keetzco.com
Kingdom Farms Inc. - Wholesale Meats,kingdomfarms.com
SingBean,singbean.com
SOMI Vietnamese Bistro,somislc.com
"The Sugar Shanty, LLC",thesugarshantyonline.com
Jalsa Foods,getjalsa.com
"Ameria food, Inc.",ameriafood.com
SoCal Hotsauce,socalhotsauce.com
Noble Bread,noblebread.com
SCOTTYS HOT DOGS INC,scottysevents.com
"Specialty Foods Distribution, Inc.",specfoodinc.com
ANDY'S DELI & MIKOLAJCZYK SAUSAGE SHOP INC.,andysdeli.com
"Da Kind Soups, Inc.",dakindsoups.com
Back Bay Gourmet,thebackbaygourmet.com
"Flavor and Food Ingredients, Inc.",summithillflavors.com
Krispy Catfish,krispycatfish.com
Phillys a Taste of Philadelphia WalMart Queensbury,phillysct.com
Sweet Pearlz Cheesecakes,sweetpearlzcheesecakes.com
WISCONSIN FRESH MARKET VEGETABLE,wisconsinfreshproduce.org
Mealganics LLC,mealganics.com
Made With Love Not Gluten Bakery,mwlng.com
Palmetto Koi and Goldfish Inc.,palmettokoiandgoldfish.com
6AM Health,6amhealth.com
Angell & Phelps Chocolate Factory,angellandphelps.com
Smiling Canine Bakery,smilingcaninebakery.com
ARMON'S LLC,armons.com
Charlie's Sorbet Co.,charliessorbet.com
Daddio's Burger,daddiosburger.com
The House of Brigadeiros,thehouseofbrigadeiros.com
"Bay Area Herbs & Specialties, LLC",bayareaherbs.com
"Jarosch Bakery, Inc.",jaroschbakery.com
SOUR FLOUR CORPORATION,sourflour.org
"Tony's Seafood Market, Inc.",tonyseafood.com
DAS KAFFEEHAUS VON FRAU BURKHART,daskaffeehaus.us
Fresh Meals On Wheels,freshmealsonwheels.org
SWEETWATER CREEK HONEY FARM LLC,sweetwatercreekhoneyfarm.com
"Salwan Trading, Inc.",salwantrading.com
SweetMe Confections,sweetmeconfections.com
Sala Thai Ware,salathaiware.co.uk
The Pie Addict,pieaddict.com
Balanced Body Foods,balancedbodyfoods.com
BERKSHIRE FOOD PROJECT INC,berkshirefoodproject.org
"Westport Ice Cream Bakery, LLC",icecreamkc.com
Manjar,manjaramirez.com
"BangBang Franchise Holdings, LLC",bangbangmongoliangrill.com
John and Kira's Chocolates,johnandkiras.com
The Dog Treatery,thedogtreatery.com
Bogart's Bone-Appetit,bogartspet.com
CALIFORNIA ARTISAN CHEESE GUILD,cacheeseguild.org
Flip-a-Lo's,flipalos.com
Crossroads Country Store,confederateshop.com
"Ideal Mosquito Control, LLC",idealmosquitocontrol.com
Makers and Finders Coffee,makerslv.com
"AGRI International, LLC",agrillc.com
IceOlate,thecoolertray.com
Rowie's Bakery,rowiesbakery.com
Flipdaddy's,flipdaddys.com
The Alchemist's Kitchen,thealchemistskitchen.com
Gravy (TryGravy.com),trygravy.com
Coffee by Gillespie LLC,gillespie.coffee
"Countryside Lefse, LLC",lefse.com
Pure One All Natural,pureoneallnatural.com
SARAH JANES BAKERY INC,sarahjanesbakery.com
"TOPLINE FOODS, LLC",toplinefoods.com
Vidalia's Kitchen LLC,vidaliaskitchen.com
Boulder Salt Company,bouldersaltcompany.com
MuffinElse,muffinelse.com
The Local Creperie,thelocalcreperie.com
Tubby Robot,tubbyrobot.com
"THE SENTIENT BEAN, LLC",sentientbean.com
LOAVES & FISHES MINISTRIES INC,loavesfishesministries.org
L and M Bakery,lmbakery.com
The Last Crumb Company,lastcrumbcompany.com
Sugar Beez,sugarbeez.com
Big Easy Bakery - online affiliate of La Louisiane Bakery,bigeasybakery.com
"Confectionary Designs, LLC",confectionarydesigns.com
Del Mazzo by Sabor De America LLC.,delmazzo.com
"Alena Foods, Inc.",alenafoods.com
Viva Bar,vivaenergybar.com
Lancaster Cupcake,lancastercupcake.com
Sweet Sophia LLC,mysweetsophia.com
Combs Wholesale Produce Co.,combswholesale.com
Felix's Famous Cookies,felixsfamouscookies.com
Fiamma Ristorante 1873,fiamma1873.com
Algro International LLC,algrointernational.com
Li'l Puffs,lilpuffs.com
Little Big Burger,littlebigburger.com
Sizzlin Restaurants,sizzlinrestaurants.com
Stella*s PopKern,stellaspopkern.com
Tea4usa,tea4usa.com
Chamberlains Chocolates,chamberlainschocolate.com
Kyms Creations Bakery,kymscreations.com
Mandela Coffee,mandelacoffee.com
"Nosh Bagels, Coffee & Deli",noshbagel.com
Cooking with Bhawna,cookingwithbhawna.com
DAM Good Chocolate Company,damgoodchocolate.com
Lunch Wired,lunchwired.com
Andytown Coffee Roasters,andytownsf.com
Caliblini Personal Chef Service,caliblini.com
Coronado Subs,coronadosubs.com
Great 8 Cupcakes,great8cupcakes.com
Evervine,evervine.com
Laura Ann's Jams,lauraannsjams.com
Mama Desta,mamadesta.com
"StickyUSA, LLC",stickyusa.com
TreetShop.com,treetshop.com
Bundts of Steel,bundts-of-steel.com
LaCal Travel LLC,lacaltravel.com
Tsampa Tsnacks,tsampa.co
Open Harvest Co-op Grocery,openharvest.coop
The Coit Road Farmers' Market,coitmarket.org
"Arcadia's Kitchen, Inc.",arcadiaskitchen.com
"Sansone Foods, Inc.",sansonefoods.com
SnoWhat Snoballs,snowhatsnoballs.com
Lulu Green,lulugreen.com
The William Morris,thewilliammorris.com
COCOA & FIG LLC,cocoaandfig.com
Ruth's Gleanings,ruthsgleanings.com
"Green Top Farms, LLC",greentop.farm
brine+barrel,brineandbarrel.com
"Chris Food & Products, LLC",chrisfoodandproducts.com
FoodOnDeal,foodondeal.com
Lucky Rabbit Snacks,luckyrabbitsnacks.com
Mediano Foods,medianosalsas.com
Benedetto Restaurant,benedettocambridge.com
Sweetdele's Sweet Treats,sweetdelessweettreats.com
Coffee & Cornbread Co,coffeeandcornbread.com
"FYT-P&G Beverages,LLC",drinkfyt.com
Olive That and More,olivethatonline.com
Rock House Farm & Creamery,rockhousecreamery.com
Moremaniya/Severnaya company,en.moremania.info
A Friendly Bread,afriendlybread.com
ELM Global Sp. z o.o,elmglobal.pl
Kings County Imperial,kingscoimperial.com
