name,domain
Tasty Fondant,tastyfondant.com
McLain's Bakery + Market,mclainskc.com
Acabonac Farms,acabonacfarms.com
"Arko Veal, Inc.",arkoveal.com
Golden Ace Harvest LLC,28herbs.com
Something Sweet Without Wheat,somethingsweetwithoutwheat.com
Kosher World Supermarket Inc,kosherworld.co.za
Meek's Vegan Pizza,meeksveganpizza.com
Quick Cure,quickcure.net
Thai Paradise EDH,thaiparadiseedh.com
Yolato,yolato.com
Amara Gelato,amaragelato.com
E(at)xactly Cakes,eatxactlycakes.com
Luigi's A Slice of Italy,luigisslice.com
Not Just Pizza,notjustpizza.net
Sweet'n Saucy,sweetnsaucybbq.com
"Wealthy Street Bakery, Inc.",wealthystreetbakery.com
Abe's Gourmet Popcorn Shop,abesgourmetpopcorn.com
Buzz Lite,buzzlitecoffee.com
Chefs For Hire Inc,chefforhire.com
SEXY SNACKS,sexysnacks.co
West Hills Bread Co.,westhillsbreadco.com
Top Shelf Mexican Food,topshelfmexicanfood.com
A Piedi Nudi Sui Pruni,apiedinudisuipruni.com
LivWell Emporium,livwellemporium.com.au
Sustainable Grandview,sustainablegrandview.org
Jones Turkey Farm,jonesturkeyfarm.com
Polka Dot Bake Shop,polkadotbakeshop.com
Lee'z Fish Fry,leezfishfryphx.com
PopKorn Kernels with a Twist,popkorntwist.com
Blue Gill Quality Foods,bluegillqualityfoods.com
"DBD Gourmet, Inc",dbdgourmet.com
French Press Bakery,frenchpressbakery.com
"RSP Design, Inc.",rsp-design.com
Yardi Spice,yardispice.com
Cajun Turkey Co,cajunturkeyco.com
Finales Fine Cakes & Desserts,finalesdesserts.com
"South Georgia Produce, Inc.",sgproduce.com
Baking It Personal,bakingitpersonal.com
Momo Delight,momodelightnyc.com
tastypot,tastypotusa.com
The Smoke Plug,thesmokeplug.com
Capital City Market,capitalcitymarket.com
Grow Your Pantry,growyourpantry.com
Low Country Chacuterie,lowcountrychacuterie.com
Now Find Gluten Free,nowfindglutenfree.com
Rockin Extracts,rockinextracts.com
Sandwich University,sandwichu.com
RoVino The Foodery,rovinothefoodery.com
The Cookie Corner NJ,thecookiecorner.com
The Steakloft,thesteakloft.com
ArtOfBread Corp.,theartofbreaddotcom.wpcomstaging.com
BellyCrush,bellycrush.com
British Food Imports - Our Earth Products,19223e-1947.icpage.net
Fishmongers of Michigan,fishmongersofmichigan.com
Greek Olive Catering & Baking,greekolivecatering.com
J Pistone One World Market & Cafe,jpistone.com
La Yogurt Probiotic,layogurt.com
Le French Rooster,lefrenchrooster.com
Pusser's Caribbean Grille: Annapolis,pussersannapolis.com
The Haute Dog Lady,thehautedoglady.com
Wings Things & More,wingsthingsandmore.com
GAI CHICKEN & RICE,gainyc.com
H&K Gourmet,handkgourmet.com
Chocolatissimo Bakery,chocolatissimobakery.com
Dutch Oven Bakery,dutchovenbakeryiowa.com
Global Eggs Inc,globalegg.com
Jolly Barks,jollybarks.com
MeatBoneZ Barbecue Inc.,meatbonez.com
Perennial Pop Co.,perennialpopco.com
Bacio di Latte US,baciodilatte.us
Katydids Candy,mykatydids.com
Weaver Acres,weaveracresmi.com
Klemms Bakery Inc,klemmsbakery.com
Sysco Baltimore,syscobalt.com
Matebeleng-USA,matebeleng-usa.com
Wordsmith Bakery,wordsmithbakery.com
"Alconox, Inc. Food Service",alconoxfoodservice.com
188 South,188southnbtx.com
Bayo Food,bayofood.com
Better For You Food Sales LLC,bffsales.co
Hudd's Food Center,huddsfoods.com
Maxfrut ( First Whole Frozen Fruit Bar in Texas),maxfrut.us
Nexx Burger,nexxburger.com
Pianta LLC,pianta.la
Southpaw Waggery,southpawwaggery.com
896 Pie,896pie.com
Gus Junior,ordergusjunior.com
Lakeshore Chem-Dry,lakeshorechemdry.com
Mikes Food,mikesfoodcenter.com
Revved Up,revvedupsauce.com
"THE SPANISH SQUARE, LLC",thespanishsquare.com
Bord A Petite,bordapetite.com
Elroy's Fine Foods,elroysfinefoods.com
JT’s Confections,jtsconfections.com
"The Black Dog Coffee Co., LLC",blackdogcoffee.net
American Pasta Factory,americanpastafactory.com
Big Mill's Cheesesteaks,bigmills.com
Hut Bakery,hutbakery.com
Sushi Rock Suniland,sushirocksuniland.com
5 Branches Brewing,5branchesbrewing.com
Ircias Kitchen Restaurant,orderirciaskitchenrestaurant.com
Soodles Bake Shop,soodlesbakeshop.com
Za-Ya Ramen,zayaramen.com
Cottonwood Coffee,cottonwoodcoffee.com
LITTLE CAKES CUPCAKE KITC,littlecakeskitchen.com
Three Best Bakery,threebestbakery.com
Divine Donuts,mydivinedonuts.com
Ingredients Shared Kitchens,ingredients.kitchen
KingPop,kingpopws.com
The Romford Dragon,romforddragon.co.uk
KLEAN PLATE,kleanplate.com
"Trusect, LLC",trusect.com
The City Market Café & Bakehouse,thecitymarketcafe.com
Ayers Valley Farm,ayersvalleyfarmmeats.com
Cake Specialists,thecakespecialist.com
Naturatown,naturatown.com
Just Chillin Eats and Sweets - Cupcakes - Frozen Yogurt - Cakes,justchillineatsandsweets.com
Mills River Creamery,millsrivercreamery.com
Angelo's Brick Oven Pizzeria | Wildomar and Murrieta,angelosbrickoven.com
The Village Tannin,villagetannin.com
Bee2Bee Honey Collective,bee2beehoney.com
La Sicilia Italian Bakery & Café,lasiciliausa.com
"Little Wolf Foods, LLC",littlewolffoods.com
Native Pantry,nativepantry.com
Sugarloaf Herb Farm,sugarloafherbfarm.net
Hop Butcher For The World,hopbutcher.com
Mocha Sweets,mochasweets.com
white-tree-sushi,whitetree-sushi.com
Vegan Cookie Crave,vegancookiecrave.com
Bagels And More,bagelsandmore.net
Daly Health - Shaklee,dalyhealth.com
"Chelsea's Cupcakes, Inc.",chelseascupcakes.com
Purdy Pet Food,purdypetfood.com
Scholze Family Meats,scholzefamilybeef.com
XLNT Foods,xlntfoods.com
Grove Street Cheesecakery,grove.st
Mansoura Bakery,mansoura.com
Crab Bite,crabbite.com
Good Dough,gooddoughdoughnuts.com
KANY Corporation,kanycorp.com
Lilac & Creme,lilacandcreme.com
Matt’s Taco Kit,mattstacos.com
Indian Groceries & Spices,indianspicesngroceries.com
Spoons Soups & Salads,espoons.com
Artisan Revere,artisanrevere.com
Cermak Fresh Market,cermakfreshmarket.com
Adirondack Coffee,adkcoffeeroasters.com
Ga Ga Guice,gagaguice.com
Parmelee Homestead Creations,parmeleehomesteadcreations.com
Tonomi Flour,tonomisuperfoods.com
Ancient Grains Partners,ancientgrainspartners.com
SIDR,sidr.com
Koi Tea,getkoitea.com
Oh Lala by La Française,ohlalabreck.com
Burning Rice,burningrice.com
Hot Box Cooking Wood,hotboxcookingwood.com
Ni Hao Fresh,nihaofresh.com
Better Thymes LLC,betterthymes.net
Chicks Natural,chicksnatural.com
GD Good Snacks,gdgoodsnacks.com
Pantry.,pantrystores.com
Dolce Vita SE,dolcevitase.com
Farm To People,farmtopeople.com
First Fresh Foods,firstfreshfoods.com
Bake Galore,bakegalore.com
DUNKIN',barounisnetwork.com
Blue Hill Food Co-Op,bluehill.coop
Frederickson's Candy,fredericksonscandy.com
"Natural Nutrition Organic, LLC",nanuorganic.com
Top Buffet,top-buffet.com
Wagners Market,wagnersmarket.com
Tagmo,tagmotreats.com
Cookie Bliss KC,cookieblisskc.com
SimpleVeg,simpleveg.org
"Hakubaku USA, Inc.",hakubaku-usa.com
Renzo R Corp - Superfoods & Healing Herbs,renzorx.com
CuredKetchup,curedketchup.com
PASTA PUTTANA INC.,thekittchen.com
Peat's Original Cider,peatscider.com
Worthy Jerky,worthyjerky.com
SAN LUIS VALLEY LOCAL FOODS COALITION,slvlocalfoods.org
Farthest Star Sake,fartheststarsake.com
MV Salads,mvsalads.com
Craft Creamery,craftcreameryhtx.com
OSA Coco Cubes,osacococubes.com
Fagundes Meats & Catering,fagundescatering.com
Capt'n Chucky's Crab Cake Co. Huntingdon Valley,captnchuckyshuntingdonvalley.com
"American Peanut Ingredients, LLC",apgg.com
grayseas pies,grayseaspies.com
HAPPIER,happier.nyc
Market 2 Market,m2mdelray.com
Alexanders Patisserie,alexanderspatisserie.com
Deluxe Vanilla Extracts,deluxevanilla.com
Little Beast Slider Co,littlebeastsliderco.com
B&B Food Service,bandbfoods.com
PASTRIES BY NANCY,pastriesbynancy.com
READS FOOD STORE,readsfoodstore.com
Dutch Treat Salads,dutchtreatsalads.com
Hot Bagels & More,hotbagelsandmore.com
Jackson Cake Co,jacksoncakeco.com
OLIVES GOURMET GROCER,olivesgourmetgrocer.com
Pita Express & Catering,thepitaexpress.com
Original Crumbs,originalcrumbs.com
Cookie'O,cookieo.co
Marathon Bakery,marathonbakery.com
Yazoo Yaupon,yazooyaupon.com
Cookies & Dreams,idreamaboutcookies.com
Angie's Lobster,angieslobster.com
"Moberly Natural Crush, LLC.",moberlynaturalcrush.com
Andalex Group,chiquitapfi.com
Big Love Bakeshop,biglovebakeshop.com
Terra Nova Restaurant,terranovawineanddine.com
Deep Mountain Maple,deepmountainmaple.com
Tradewinds-SBC,tradewinds-sbc.com
Guilt Zero,guiltzero.us
Tapestry Coffee,tapestrycoffeemn.com
Big Deal Burger Rowlett,rowlettfood.com
SOMETHING BETTER NATURAL FOODS,somethingbetternaturalfoods.com
Sweet Attila's - a bake shop,sweetattilas.com
The Farm Market Bakery,thefarmmarketbakery.com
Beauty & The Board,beautyandtheboard.com
BUTTE CREEK MILL,buttecreekmill.com
Wally Waffle,wallywaffle.net
IOULIA GREEK OLIVE OIL CO,iouliaoliveoil.com
Meat My Truck,meatmytruck.com
"Ayvaco USA, LLC",ayvaco.com
Baked Enough,bakedenough.com
Bobert Group,bobertgroup.com
Chez Foushee,chezfoushee.com
"Nourish Bakery, Inc.",nourishbakery.com
Seasons Ville,seasonsville.com
Skagit Growers Inc.,mikeandjeans.com
"Wisconsin Natural Acres, LLC",wnacres.com
BBQ Bus,bbqbusdc.com
Bemarivo Vanilla USA,bemarivovanillausa.com
Montavilla Farmers Market,montavillamarket.org
Global Baby USA,global-baby.us
Miracle Berry Cafe,miracleberrycafe.com
SoBakeable,sobakeable.com
Happiness Is Homemade,happinessishomemade.net
DITCO WEST LLC,ditcofood.com
High Vibe Health & Healing Inc,highvibe.com
KARENS BAKERY,karensbakery.com
The Coffee Broker LLC.,coffeebroker.net
Uncle Bacon's BBQ,unclebaconsbbq.com
A Candy Store,candystore.com
Drover's Doughnuts,droversdoughnuts.com
Zone 7,freshfromzone7.com
SLO Delicious Bake Shop,slo-delicious.com
SweetAmbs,sweetambs.com
Select New Mexico,selectnewmexico.com
"IBD Consulting, LLC dba NewDay Food Co.",newdayfoodcompany.com
Froyo Fresh,froyofresh.com
NutriSnack US,nutrisnack.us
Phin Smith Coffee,phinsmith.com
Raspaderia Inc.,raspaderia.com
Renegade Baker,renegadebaker.com
BEME Hospitality Co,torinoramen.com
Brazen Hazen Kona Coffee,brazenhazen.com
Jen's Jars LLC,jensjars.com
SOPHIAS KITCHEN,sophiaskitchengrandblanc.com
TastyIslandCrate,tastyislandcrate.com
Piaé By The Bay,piaebythebay.com
Rocky Mountain Kolaches,rockymountainkolaches.com
Toms Juice LLC,tomsjuicenyc.com
Delhi Darbar Restaurant,delhidarbar.us
Doggy Nibbles,doggynibbles.com
"La Jolla Bagel Co., LLC dba CaliBagels, Inc.",calibagels.com
"Kalimera, Inc.",kalimerainc.com
Loaded Dough Cookie Co.,loadeddough.com
ZIP-net Inc.,zip-net.com
HAPPY TOMATO FRESH FOODS LLC,happy-tomato.com
"JIMMYBAO, INC.",jimmybao.com
Lezza Foods,lezzafoods.com
Kisso Sushi Bar,kissosushibar.com
SaMMMies,sammmies.com
Top Secret Salsa,topsecretsalsa.com
Polka Dot Fox Coffee and Micro-bakery,polkadotfoxbakery.com
Venus Spice Co.,venusspiceco.com
Bistro St Michaels,bistrostmichaels.com
Fast Bagel,fastbagel.com
Flour - An Italian Kitchen,flourrestaurant.com
Grocery Deli,harvestfresh.com
ILA Food & Community,ila-shop.co
IngredienTrade,ingredientrade.com
K-Cups For Sale,kcupsforsale.com
Oregon Bark Baskets,oregonbark.com
Periodic caramels,periodiccaramels.com
Simpson's Meats,simpsonsmeats.com
Little Acre Gourmet Foods llc,littleacregourmet.com
Fresh Chefs,freshchefseattle.com
Kook Burger LLC,kookburger.com
"New Moon Noodle, Inc.",newmoonnoodle.com
PapasCoffee,papascoffee.org
Renne Family Farms,rennefarms.com
Fit 4 You Foods,fit4youfoods.com
Morning Pep,morningpep.com
Weaver's Orchard Farm Market,weaversorchard.com
Chick•A•Boom,chickaboom.llc
Food Allergy BFF,foodallergybff.com
Fun to Eat Fruit Company,funtoeatfruit.com
Beaux Gateaux,beauxgateaux.ca
Canyon Cafe LLC,canyoncafe.com
Schmackary's Cookies,schmackarys.com
Davocadoguy Inc,davocadoguy.net
Mostly Nuts by Back Roads LLC,mostlynuts.com
Ruby's Gourmet,rubysgourmet.com
FLAPPY JACKS PANCAKE HOUSE,flappyjacks.com
SKIS MEAT MARKET,skismeatmarket.com
Junie B's Bake Shop,juniebs.com
Starlight Creatives,starlightcreatives.com
Capital Confections,capitalconfections.com
Rupenas Fine Foods,rupenas.com
Vanilla Espresso,vanillaespresso.com
BILLINGS BEST YOGURT,billingsbestyogurt.com
Indalco Foods Corp,dulcedeleche.com
Hemp Honey by Hemp with a Cause,hempwithacause.com
Hummy Soju Seltzer,drinkhummy.com
J's Pitaria,jspitaria.us
Madurai Meenakshi Appalam,maduraimeenakshiappalams.com
Smokin' Buttz LLC,smokinbuttzbbq.com
Brooklyn Bridge Pizza Co.,brooklynbridgepizzaco.com
"Rise Baking, LLc",risebaking.com
Solid Coffee Roasters,solidcoffeeroasters.com
USA Seasonings,usaseasonings.com
"Stan’s Donuts, LLC",stansdonuts.com
"Seed & Stone, Inc. dba Parsnip",parsnip.ai
"Excelon Specialty Products, Inc.",excelon-inc.com
"Ideation, LLC",ideationeats.com
"AVEC Amoore, LLC",avecamoore.com
"Patsy Jeanne's, LLC, dba Patsy's Hemp",patsyshemp.com
Charleston Hemp Collective,charlestonhempcollective.com
Southern Tasty Treats/Bee Creek Farm,southerntastytreats.com
American Bounty.,americanbounty.com
"Good Now Foods, LLC",goodnowfoods.com
"Plant Based, LLC dba Mighty Yum",mightyyum.com
"Trutana Foods, LLC",trutanafoods.com
"Oma & Popie's, LLC",omaandpopies.com
Better Sour,bettersour.com
Nuvo Olive Oil,nuvooliveoil.com
"Bite Brands, LLC",bitebrands.com
"Northwest Hazelnut Co., Inc. dba Nutlicious",nutlicious.com
Platinum Chef,platinumchef.us
Goodstock.,goodstocktx.com
"Power Paw Products, LLC",powerpawproducts.com
Yummy Organics,yummyorganicsbaby.com
Flora CBD dba GotFlora,gotflora.com
"Paragon Foodservice, Ltd.",paragonfoodservice.co.uk
"Baker's Rise, LLC",bakersrise.com
Gourmet Blends,gustoblende.com
"Whimsy Chocolates, LLC",whimsychocolates.com
"HejGreens, LLC",hejgreens.com
California Dips,californiadips.com
"Brown's English Toffee, Inc.",betoffee.com
Rolling Rock Salt,rollingrocksalt.com
Mushyface Cookie Co.,mushyfacecookie.com
Yellow Dog Treats,yellowdogtreats.com
"Lance, Inc.",lance.com
"Carr's USA, Inc.",carrscrackers.com
"Culinary Focus, LLC",culinary-focus.com
"Regina's Farm Kitchen, LLC",reginasfarmkitchen.com
"Young Guns Sauce Creations, LLC",younggunssaucecreations.com
Beyond Gourmet,beyondgourmet.com
"Empty Bowl Queso, LLC",emptybowlqueso.com
"Heidi's Raspberry Farm, LLC",heidisraspberryfarm.com
Sidari Artisan Brands,sidaribrands.com
Amp's Bouqcakes,ampsbouqcakes.com
"Mariela's Sweets, LLC",marielassweets.com
"STL Pure Heat, LLC",stlpureheat.com
Oma Gisi's German Bakery,omagisisgermanbakery.com
Darn Good Seasoning,darngoodseasoning.com
Sweeter Cards,sweetercards.com
"La Viña Food Products, LLC",lavinafoods.com
"BAFS, Inc. dba Birch Stream Farms",birchstreamfarms.com
"Comfort Foods Co-packing & Processing, LLC",comfortfoodsprocessing.com
"Amish Foods, Inc.",amishfoods.com
"Atwater's Cafe, LLC",atwatersfood.com
"Capital Foods International, Inc.",capitalfoodsintl.com
"Joelle's Desserts, Inc.",joellesdesserts.com
"Harrison Poultry, Inc.",harrisonpoultry.com
DINGHARTINGER® APFELSTRUDEL Produktions- & Vertriebs- GmbH,dinghartinger.de
Dat Sauce,dat-sauce.com
Bayou Red,bayouredhotsauce.com
"Pop Craft Pops, LLC",popcraftpops.com
Fix & Fertig by Pfefferbeere AG,fixundfertig.ch
Pacific Mercantile Co.,pacificeastwest.com
"Sow The Land, LLC",sowtheland.com
Ronzoni Corp.,ronzoni.com
Yoder's Country Market,yodersofcentreville.com
Montana Legacy Ranch & OCC Legacy Cuts,montanalegacyranch.com
Napa Farmers Market,napafarmersmarket.org
"s.a.l.t. sisters,  LLC",saltsisters.net
"Tastes For You, LLC",tastesforyou.com
"Vivotein, LLC",vivotein.com
Presto Pasta,prestopasta.com
"Andrea Foods Co., Inc.",andreafoods.com
"Grandma's Pantry, LLC",grandmaspantryin.com
Nafi's Hot Pepper Condiments Corp.,nafisoriginals.com
"B&B Legacy Farms, LLC",bandblegacyfarms.com
Fan Fan Doughnuts,fan-fandoughnuts.com
"Mabel Mae's Bakery, LLC",mabelmaes.com
"The Sofrito Project, LLC",sofritoproject.com
De Mi País,demipais.com
"Noahs New York Bagels Company, Inc.",noahs.com
Wild fermentation,wildfermentation.com
Georgia Sourdough Co.,georgiasourdoughco.com
"TruRoots, LLC",trurootscompany.com
KŌMO Chicago,komochicago.com
"AYITI Foods, LLC",ayitifoods.com
"Hangzhou Sanhe USA, Inc.",sanheinc.com
Megan's Mushrooms,megansmushrooms.com
"Good LFE, LLC",goodlfe.com
"Whiskey Flats Gourmet Foods, LLC",whiskeyflatsgourmet.com
Dough Dealer,doughdealer.com
Join Apple Valley Foods,joinapplevalleyfoods.us
"​Cakes by Nita, LLC",cakesbynita-llc.com
"Gdaddy'z Southern Cuisine & Catering Co., LLC",gdaddyz.com
El Patio Foods,elpatiofoods.com
Littleton’s Market,littletonsmarket.com
"ETA Lumis Foods, Inc.",etalumisfoods.com
Retaaza,retaaza.com
FlockLeader,backyardchicken.com
"US International Foods, LLC",usinternationalfoods.com
Biarte Specialty Products,biarte.com
"Keweenaw Cooperative, Inc. (Keweenaw Co+op)",keweenaw.coop
"Hayden Flour Mills, LLC",haydenflourmills.com
"Rosario's Specialties, Inc.",rosariosflatbreadcrackers.com
"Three Rivers Grown, LLC (TRG)",threeriversgrown.com
Patil Parimala Works,ullasincense.co.in
Clarice’s Cake & Candy Supplies,claricescakes.com
Palmini,eatpalmini.com
"Papa Tony's Hot Sauce, LLC",papatonyshotsauce.com
"Two Spoons Creamery, Inc.",twospoonscreamery.com
Pasticceri in Montalcino,pasticcieriinmontalcino.it
"The H3irloom Food Group, LLC",h3irloom.com
"Durban Dames, Ltd.",durbandames.com
Myracle Kitchen,myraclekitchen.com
"Blondies Doughnuts, LLC",blondiesdoughnuts.com
Northwood Mushrooms,northwoodmushrooms.com
Bowlcut,thebowlcut.com
Miller's Bake House,millersbakehouse.com
"Coro Foods, LLC",corofoods.com
EatWheat,eatwheat.org
Blair's Death Sauce,deathsauce.com
"Lentiful, LLC",eatlentiful.com
"NantucketCrisps, Inc.",nantucketcrisps.com
American Bakery Products,americanbakery.com
"Front Row Snacks, Inc. dba FFUPs",ffups.com
Carolina Fine Snacks,finesnacks.us
The Fat Cat Cake Boutique,thefatcatcakes.com
"Terra Incognita, LLC",terrakava.co
Anthony's Pizza,anthonysinwood.com
"Arli Foods, LLC",arlifoods.com
"Blue Elk Foods, Inc.",blueelkfoods.com
"Marion Milling Co., LLC",marionmilling.com
ChocoVivo,chocovivo.com
Martina,martinarestaurant.com
Just Hatched dba No Yucky Stuff,noyuckystuff.com
Everspoon,everspoon.com
Love Cocoa,lovecacao.com
"Turnip Vegan, LLC",turnipvegan.com
Modern Bread & Bagel,modernbreadandbagel.com
A Treat Life Bakery,atreatlife.com
Issa’s Pita Chips,issaspitachips.com
SUNdeVICH,sundevich.com
"Britt's Fermented Foods, LLC",brittsfermentedfoods.com
"Belightful Bakery, LLC",belightfulbakery.com
Text It Treats,textittreats.com
Wyoming Bread House,wyomingbreadhouse.com
"LSLSQ & Sons, LLC dba Mad Hungry",madhungry.com
Captain + Stoker,captainandstoker.com
Nicks Chips,nickschips.com
"Evolving Kneads Bakery, Inc.",evolvingkneads.com
"Cornershop Bakery, Inc.",cornershopbakery.com
"Mad Dash Mixes, LLC",maddashmixes.com
Sourhouse,sourhouse.co
Mimi's Sweet Boutique,mimissweetboutique.com
"Superba Food & Bread, LLC",lifesuperba.com
Two Fat Cats Bakery,twofatcatsbakery.com
Sparrow's Gourmet Snacks,sparrowssnacks.com
Pretzel Co.,thepretzelcompany.com
"Harinera Riojana, S.A.",harinerariojana.com
Kids Baking Club,kidsbakingclub.com
"Growing Thyme Cooking, Inc.",growingthymecooking.com
The Goods.,eatthegoods.com
"Peppers-R-Paradise, Inc.",peppersrparadise.com
Valley Feed and Supply Co.,valleyfeedsupply.com
"Berry Town Produce, LLC",berrytownproduce.com
iGlobal Food,iglobalfood.com
"Bert & T's Desserts, LLC",bertandtsdesserts.com
"Moo Gung International, Inc. dba MG Produce",mgproduce.com
"Oasis Foods, Inc.",oasisfoodservice.com
"HK Produce Group, Inc.",hkproduce.com
"Charidimos, Inc. dba Athena Foods",athena-foods.com
Pembertonmarketplace,pembertonmarketplace.com
"Universal Taste, Inc.",universaltaste.com
"Sunrise Synergies, LLC",sunrisesynergies.com
"United Food Service, Inc.",unitedfoodservices.com
Eat Prime Foods,eatprimefoods.com
Durum Gıda San. ve Tic. A.Ş.,durum.com.tr
"Stricklands Portion Pak, Inc.",stricklandsfoodservice.com
Bake Your Mark,bakeyourmark.com
"Big Mama's Sauce, LLC",bigmamassauce.com
"Foodynamics, LLC",foodynamics.com
Bakers Pride,bakerspridestl.com
Unity Meals,unity-meals.com
Go Go Bird,go-go-bird.com
"Big Island Delights, Inc.",bigislanddelight.com
"Miller's Gourmet Popcorn, LLC",millersgourmetpopcorn.com
Desserts By Dana,dessertsbydana.com
LunaOlivo,lunaolivo.com
"Fieco Co., Ltd.",fieco.com
Sprinkles Pantry,sprinklescupcakes.com
Hootenanny Bread,hootenannybread.com
Lmnop Bakery,lmnopbakery.com
Starrs Sourdough,starrssourdough.com
Little Bear Bread,littlebearbread.com
"Morgan's Carolina BBQ Sauces, LLC",carolinabbqsauces.com
Just a Bite by Vivi (JaB),justabitebyvivi.com
The Produce Co.,oneproducecompany.com
Tezza Foods dba Plonts,plonts.com
Nutriexperience S.L. dba Just Loading,justloading.com
"Pine Creek Pack, LLC",pinecreekpack.com
"Italian Bottega, Inc.",italianbottega.com
"Coyotarts, LLC dba Wellbone Meat Co.",wellbonemeat.com
"Fistful, Inc.",fistfuloftacos.com
"Ad Maiora Foods, LLC",admaiorafoods.com
Sukhmani Foods,sukhmanifoods.com
Sunkist Foodservice,foodservice.sunkist.com
"Melanie's Culinary Creations, LLC dba Melanie's Confident Kitchen",melaniesconfidentkitchen.com
Chix Soup Co. dba Prescription Chicken,prescriptionchicken.com
Dutch Addictions,dutchaddictions.com
Wicked Good Foods,wickedgoodfoodsne.com
"Sweets By Jay, LLC",sweetsbyjay.com
K&K Chai,kandkchai.com
The Slice Factory,slicefactory.com
Madisons Bakery & Coffee Shop,madisonsbakerynj.com
Holy Cow Beef,holycowbeef.com
Artful Cakery by Julie,artfulcakery.com
The Incredible Kettle,theincrediblekettle.com
"Shirttail Creek Farm, LLC",shirttailcreekfarm.com
"Savor Latam, LLC",savorlatam.com
"Spectrum Foods, Inc. dba Nexcel Oils",nexceloils.com
Krill Arctic Foods (KAF),krillarcticfoods.com
"Clark & Hopkins, LLC",clarkandhopkins.com
"The Pickled Pepper People, LLC",pickledpepperpeople.com
Fat Cow Jerky,fatcowjerky.com
Fired Up Jellies and Jams,firedupjandj.com
Parga To Go,pargatogo.com
"Chocolates Dalila, LLC",chocolatesdalila.com
"Ranieri Fine Foods, Inc.",ranierifoods.com
"Fermin Usa, Inc.",ferminiberico.us
"Olizzi, LLC",olizzi.com
Bebe's All Natural,bebesallnatural.com
Charles Snack Foods,charlessnackfoods.com
"Coma Gourmet Foods, LLC",comagourmet.com
The Militant Vegan,themilitantvegan.com
"Columbia Basin Organics, LLC",columbiabasinorganics.com
"Natures Choice Produce, Inc.",ncproduce.com
"Sierra Meat and Seafood, LLC",sierrameat.com
"Fatback Pig, LLC",fatbackpig.com
"Oh Gracious Cakes, LLC",ohgraciouscakes.com
Lady Bio,lady-bio.fr
"Naturally Delicious, Inc.",nadelusa.com
New Indian Supermarket,newindiansupermarket.com
Ouachita Farms,ouachitafarms.com
Chew,chew-time.com
"Lynch Family Co., Inc.",lynchfamilycompanies.com
"Creole Fried Chicken, LLC",creolefried.com
"Commercially Licensed Cooperative Kitchen, Inc. (CLiCK)",clickwillimantic.com
"Optima Products, LLC",optimaproducts.com
"Chime Foods, Ltd.",chime-foods.com
IT SAUCE,it-sauce.com
Laly's Bakery,lalysbakery.com
"La Fournee Doree USA Corp., Inc.",briochegourmet.com
"World Food Preservation Center, LLC",worldfoodpreservationcenter.com
Alden Hills Organic Farms,aldenhillsorganicfarms.com
"John F. Martin and Sons, LLC",jfmmeats.com
"AJ's Cheesecakes, Inc.",ajscheesecakes.net
Kitoko Bites,kitokobites.com
Grand Teton Ancient Grains,ancientgrains.com
Commercial Baking,bakingnz.co.nz
"Los Taquero Mucho, Inc",lostaqueromucho.com
"ReBuilt Meals, LLC",rebuiltmeals.com
"Sweet Melao, LLC",sweetmelao.com
"Texana Feeders, Ltd. dba Dean & Peeler Premium Angus Beef",dppremiumbeef.com
"California Hot Sauce Solutions, LLC",californiahotsaucesolutions.com
Food and Meat Co-Op.,foodandmeatcoop.com
"Regenified, LLC",regenified.com
"Sadot Group, Inc.",sadotgroupinc.com
"Mighty Viking Gummy, LLC",mightyviking.me
"KrillUSA, LLC",krillusa.com
Jess Hall's Serendipity,jesshalls.com
"Arnie's, Inc. dba Arnie's Bakery",arniesbakery.com
For Heaven's Cake,forheavenscakede.com
Pastificio Di Martino Gaetano and F.lli SpA,pastadimartino.com
"Latin Freeze, LLC dba Paletas La Reina",paletaslareina.com
"ArieSun, Inc.",ariesun.com
"Cake Palate Designs, LLC",cakepalatedesigns.com
"Wake and Bake Bakery, LLC",wakeandbakesj.com
Chiu Quon Bakery & Dim Sum,cqbakery.com
Good Dumplings Co.,gooddumplings.com
"Migaloo Chocolatier, LLC",migaloochocolatier.com
LSI Enterprises Canada dba Jack Link’s,jacklinks.ca
Sugar Star Sweet Treats,sugarstarsweettreats.com
"Spicewalla, LLC",spicewallabrand.com
,brightskybakehouse.com
Uncle Ralph's Cookie Co. dba Uncle Ralph's Bakery,uncleralphsbakery.com
"Super Bakery, Inc.",shopsuperbakery.com
"Layer,  LLC",layernc.com
JAMs CAKERY,jamscakery.com
"SweetieCee's Baked Treats, LLC",sweetiecee.com
"Rä Foods, LLC",rafoods.com
"Barbie's Doggie Bakery, LLC",barbiesdoggiebakery.com
O'ts Cookies,otscookies.com
"Celene's Confections, LLC",celenesconfections.com
"Glascock's Produce, LLC",glascocksproduce.com
"Beaded Distribution Co., LLC dba 40Below Co.",40belowco.myshopify.com
Omeat,omeat.com
Birthday BDC Ingredients,bdcingredients.com
J&J Snack Foods Corp.,jjsnack.com
"Popfullly, LLC",popfully.online
"Kay's Curries, LLC",kayscurries.com
"Sweet Fortunes Unlimited, LLC",sweetfortunes.store
Miller's Bio Farm,millersbiofarm.com
"Prime Produce, Inc.",primeproduce.us.com
Meet The Source,meetthesource.com
"Kouzeh, LLC",kouzehbakery.com
"Gotti Sweets, LLC",gottisweets.com
F&S Produce,freshcutproduce.com
"True Jerky, Inc.",true-jerky.com
Mini Melts Of America.,minimeltsusa.com
Impasto Tampa,eatimpasto.com
BCD iLabs,bcdilabs.com
"Olympia Foods, Inc.",olympiafoods.com
Dutch Maid Bakery & Cafe.,dutchmaid.net
Helen's Petit Dous,petitdous.com
"Pascal Gourmandise & Creation, LLC dba Pascal and Cathy Bakery",bakerypascal.com
"Nutraceutical Innovations, Inc.",nutraceutical-innovations.com
Ivar's Soup Co.,ivarssoupalicious.com
"Mrs Morley’s, LLC",mrsmorleys.com
Smoked Hatteras OBX,smokedhatteras.com
"Lord Green Factory, LLC",lordgreenfactory.com
Hundy,eathundy.com
"Corfu Foods of Detroit, Inc.",cfddetroit.com
Frick's Quality Meats,fricksqualitymeats.com
"Agricycle Global, Inc. dba Field Better Ingredients",fieldbetteringredients.com
"Kelly’s Roast Beef, LLC",kellysroastbeeffranchise.com
"Global Commodities, Inc. dba Aahu Barah, Inc.",aahubarah.com
"JB's Sopchoppy Sauce, LLC",sopchoppysauce.com
"Golden Leaf Foods USA, LLC (GLF)",goldenleaffoodsusa.com
"Simmons Feed Ingredients, Inc.",simmonsglobal.com
"Elzie's, Inc.",elzies.com
"BiteIt! Bakery, LLC",biteitbakery.com
Longhing Wholesale Co.,longhingwholesale.com
Legacy Pie Co.,legacypie.co
,quiskeyafoods.com
"Conan's Hot Sauces and Marinades, LLC dba Conan's Island JuJu",conansjuju.com
SGT Hart's BBQ SAUCE,hartsbbqsauce.com
Monster Cookies and More...,monstercookiesandmore.com
"Vinke Holdings, LLC dba Scorch Garden",scorchgarden.com
"L.C. Cash & Carry, LLC dba LC Fine Food",lcthefinefood.com
"JC Food System, Inc.",jcfsystem.com
"Golden Heart Foods, Inc.",goldenheartfoods.com
"Kencor Ethnic Foods, Inc.",kencorfoods.com
"Pizzazzy Foods, Inc.",pizzazzyfoods.com
"La Rosa's Pastry Shop & Bakery, Inc.",larosaspastryshop.com
The Flour Fields,theflourfields.com
ExtendAg,extendag.com
Boncocap dba Onoré,onore.com
"Meat The Mushroom, LLC",meatthemushroom.com
470 Baking Co.,470baking.com
"Chug Springs Butchery, LLC",chugspringsbutcheryllc.com
Poppy Specialty Foods,poppyspecialtyfoods.com
"Homestyle Heritage, LLC dba Anna Mary’s",annamarys.com
"Designerox Trading, LLC dba Cut Da Carb",cutdacarb.com
"Two Suns Farm, LLC",twosunsfarm.com
Purium,isharepurium.com
S'mores Bakery & Catering,smoresbnc.com
"Fulton Wurst Haus & Butchery, LLC",fultonwursthaus.com
Country Gourmet Foods,countrygourmetfoods.com
On Point Adventure Foods,onpointadventurefoods.com
"Culinary Cowgirls, LLC",culinarycowgirls.com
"Pearl Crop, Inc. dba Octonuts",octonuts.com
"Evil Shenanigans, Inc.",evilshenanigans.com
"GBfood, Inc.",gbfoodinc.com
Mango Rabbit,mangorabbitboba.com
Quality Harvest Foods Corp.,qualityharvestfoods.com
"Passionut Butters, LLC dba Bare Nut Butter",barenutbutter.com
"Freeze Dried USA, LLC",freezedriedusa.com
"Raw Life, Inc.",rawlife.com
"Nexture Bio, Inc.",nexturebio.com
"ABC Global Resources, LLC",abcglobalus.com
"DeJong Consulting, LLC",dejongconsultingllc.com
City Bakery.,citybakery.net
Craiger's Breading,craigersbreading.com
Woodman's Artisan Bakery,woodmansartisanbakery.com
Breadfarm,breadfarm.com
"Rolling Pin Bakery, Ltd.",rollingpinbakery.com
Baker Street Bakery Co.,bakerstbakery.com
"Troy Foods, Inc.",troyfoods.us
Meat Master Processing Co.,mmpc.us
"Weaver Meats, Inc.",weavermeats.com
"Morgan's Meat Market, Inc.",morgansmeat.com
Hansen Meat Co.,hansenmeatco.com
"Holy Tshili, LLC",holytshili.com
"Fat Gold Productions, LLC",fat.gold
Mercado Famous,mercadofamous.com
"Aggrigator, Inc. dba Amor Acres",amoracres.com
"Alohamade Bites, LLC",alohamadebites.com
"These Stuffed Cookies, LLC",thesestuffedcookies.com
Yubakery,yubakery.nyc
PreSlicely,preslicely.market
"John Henry's, LLC dba John Henrys Meats",johnhenrys.net
"Utah Corn Roasters, LLC",utahcornroasters.com
"FODMAP Foods, LLC",fodmapfoods.com
Freshwater Trading Co.,freshwatertradingcompany.com
"Amanda's Country Soaps, LLC",amandascountrysoaps.com
Sugaring Box,sugaringbox.com
"Marilyn's Gluten Free Gourmet, LLC dba Marilyn's Gourmet",marilynsgourmet.com
Value Added Products Co-Op (VAP),vapalvaok.com
"Athol Orchards Antique Apple Farm, LLC",atholorchards.com
Lilly's Family Foods,lillysfamilyfoods.com
Go a Little Nuts,goalittlenuts.com
"Cesira Olio D'Oliva, LLC",cesiraoliodoliva.com
MaxMix Gourmet Spice Blend,themaxmix.com
"Feed the Cheeks, Inc.",feedthecheeks.com
Karique,karique.com
Royal Gold Honey,royalgoldhoney.com
"Amboseli Foods, LLC",amboselifoods.com
"Satarre' Necole Cakes, LLC",satarrenecolecakes.com
"Cake Muse Studio, LLC",cakemuse.com
All Things Empanada,allthingsempanada.com
Sweets by Mrs. C,sweetsbymrsc.com
"Sam A. Lupo & Sons, Inc.",spiedies.com
JJ's Bakery,jjsbakery.com
Sakura Wagyu Farms,sakurawagyufarms.com
"Uogashi Global Innovation, LLC dba UGI Foods",ugi-us.com
"Prangers Feed Mill, Inc.",prangersfeedmill.com
C.H. Guenther & Son,fs.chg.com
"BSI Foods, LLC",bsifoods.com
"Central Golden State, Inc.",cgsnuts.com
"South Canadian Meats, LLC",southcanadianmeats.com
"KSW Global, Inc.",kswglobal.com
"Espuna USA, LLC",espunatapasessentials.com
"West Madison Foods, Inc. (WMF)",westmadisonfoods.com
Roskam Foods,roskamfoods.com
Signature Baking Co.,signaturebaking.com
Ahtanum Berry Patch & Bakery,ahtanumberrypatch.com
"Nordic Foods, Inc.",nordicfoods.com
The Clever Cookie,theclevercookie.com
"Christian Wolf, Inc.",christianwolfinc.com
West Street Bakery,weststreetbakeryme.com
Karin’s Bäckerei,brotandbread.org
Alta Fresh Foods,altafreshfoods.com
Axd Media Technologies,axdmedia.com
Michigan Pastry Co.,michiganpastrycompany.com
South Block,southblock.com
"Ogden Foods, LLC",ogdenfoods.com
Kīpuka Mills,kipukamills.com
"The Egg King, LLC",theeggking.com
Nutrient Life Group,nutrientlifegroup.com
CaribbeanCandy,caribbeancandysugaring.com
Float'N'Grill,floatngrill.com
"Insanely Awesome Bakery, LLC",insanelyawesomebakery.com
HBF Foods,hbffoods.com
"Panoply Food Corp., Inc.",panoplyfoods.com
Greene Hill Food Coop,greenehillfood.coop
HIMALYA INTERNATIONAL LTD,himalyainternational.com
Mr G’s Meats,mrgsmeats.com
"Ballerina Farm, LLC",ballerinafarm.com
peachie.recipes,peachie.recipes
Poom,poom.co
"Heart & Seoul Food Co., LLC",heartandseoulfoodco.com
Five Star MTK,fivestarmtk.com
Anndell Specialty Foods dba Pantala,pantala.life
Flor De La Jara,flordelajara.com
AAJI'S,aajis.com
Halteman Family Meats,haltemanfamilymeats.com
WW Cashews,wwcashews.com
"One Eleven Imports, Inc.",oneelevenimports.com
"Aloha Specialties, LLC",alohaspecialties.com
"Schultz Country Market, LLC",schultzcountrymarket.com
Pasek Farms & Right from the Farm,rightfromthefarm.com
"Ralcorp Holdings, Inc. dba Major Peters",themajorpeters.com
"M.C.I. Foods, Inc. dba Los Cabos Mexican Foods",loscabosmexicanfoods.com
Strawberry Hill Baking Company,strawberryhill.com
"Global Gourmet Goods, Inc. (GGG)",globalgourmetgoods.com
Sweet Dreams Bakery,sweetdreamsweb.com
Vermont Natural Beef,vermontnaturalbeef.com
"Rainbow Foods, LLC",rainbowfoods.co
Yellowbird Foodshed,yellowbirdfs.com
"Fresno French Bread Bakery, Inc.",laboufresno.com
Sweet Kneads,sweetkneadsnj.com
BagelUp,bagelup.co
Lily and Max Pet Bakery,lilyandmaxpetbakery.com
"Wyoming Legacy Meats, LLC",wyominglegacymeats.com
"Laconic Foods, Inc.",laconicfoods.com
Ray's Market,raysmarketsausage.com
San Diego Honey Co.,sandiegohoney.com
"Bamba Foods, Inc.",bambafoods.net
Ramdon Corp. dba Fast Gas,fast-gas.com
Bavarian Bakery & Deli,yourfavoritebakery.com
Berkridge Berkshire Pork,berkridge.com
"Old Santa Fe Trail Enterprises, Inc.",oldsantafetrailbeefjerky.com
Cara Mia Products,caramiaproducts.com
"Ca'bacchino, LLC dba Gino Angelini Foods",ginoangelinifoods.com
La Semilla,lasemilla.kitchen
Mánamu Olive Oil,manamuoliveoil.com
"Might Bread Co., LLC",mightybreadco.com
VivaLac,wheylow.com
Oma's Pride Pet Food,omaspride.com
The Chef And His Wife,chefandhiswifefoods.com
Tlcwisdom,tlcwisdom.com
Gerberpoultry,gerberpoultry.com
Hobart Farmers' Market,hobartfarmersmarket.com
Celebrated,celebrated.co
Labaguettea2,labaguettea2.com
Vienna Distributing Co of Ohio,viennadistributing.com
Clark's Meat House,clarksmeathouse.com
Qmc Foods,qmcfoods.com
The Baker and The Cakemaker,thebakerandthecakemaker.com
Bake Station,bakestation.com
Guam Bakery,guambakery.com
Green-Pak,greenpakllc.com
Lynn's Custom Meats and Catering,lynnscustommeats.com
Thorp SuperValu,thorpfoods.com
Oppenheimer Chocolates,oppenheimerusa.com
Story City Locker,storycitylocker.com
Algio Produce,algioproduce.com
Bakers & Co.,bakersandco.com
Cafe Brazil Bakery,cafebrazilbakery.com
Cape May's House of Jerky,capemayshouseofjerky.com
Cake By Jason,cakebyjason.com
Redmond Smokehouse,redmondsmokehouse.com
Cherbourg Bakery,besweetcherbourg.com
Chop Shop Neighborhood Butcher,chopshopbutcherymaryland.com
Cooking at the Cottage,cookingatthecottage.com
Fressen Artisan Bakery,fressenartisanbakery.com
Galaxy Foods (Distributors/Wholesale),galaxyfoods.us
Keller Meats & Market,kellermeats.com
Konrad's Bakery,konradsbakery.com
Lovely Cakes,lovelycakes.net
La Calavera Pizza,lacalaverapizza.com
LemmonMade Butcher Shop,lemmonmademeats.com
Louise Earl Butcher,louiseearlbutcher.com
Long Island's Own,longislandsown.com
Nora's Ovenworks,norasovenworks.com
Oak Meadow Meats,oakmeadowmeats.com
Patty Pan,pattypan.coop
RakiRaki Ramen & Tsukemen,rakirakiramen.com
Romeo Meats,romeomeats.com
Simply Fresh To You,simplyfreshtoyou.com
Skazka Cakes,skazkacakes.com
4 Star Meat Co.,4starmeat.com
Third Coast Bakery,thirdcoastbakery.com
Ragg's Supply,raggssupply.com
Miss Grimble Associates,miltonsbakery.com
Zak the Baker,zakthebaker.com
"Healthy Pet World, LLC dba Woodies Dog Chews",woodies.world
Green Salt,trygreensalt.com
Cherryblock,cherryblockbutcher.com
Northside Bakery,northsidebakery.store
LMNOLA,localmenunola.weebly.com
Pastrybase,pastrybase.com
Batch 22 Bakery,batch22bakery.com
BeneBlends,beneblends.com
Fresh Bakery,freshbakeryonline.com
Weldon's Meat Market,weldonsmeatmarket.com
Franklin Bakehouse,franklinbakehouse.com
PHO&MI,phomi.menu11.com
Tully's Italian Deli & Meats,tullysdeli.com
MeatSoHorny,meatsohorny.com
Forest & Flour,forestandflour.com
Delight Foods (Food Products),delightsoy.com
CrossBorder (Distributors/Wholesale),crossborderllc.com
Dumpling Haus,dumplinghaushtx.com
Eat Hot Tamales,eathottamales.com
Fireman Derek's,firemandereks.com
The Hoagie Factory,okhoagiefactory.com
Thunderbird Bakery,thunderbirdbakery.com
Krave'm Cakes,kravemcakes.com
Buckhead Butcher Shop,buckheadbutchershop.com
Sugar Vault Desserts & Bakery,sugarvaultdesserts.com
Millers Thumb Bakery & Cafe,millersthumbbakery.com
Tillie's Tafel,tilliestafel.com
Ranchers Custom Butchering,rancherscustombutchering.com
Paisley & Dash,paisleyanddash.com
Ser Valiente,servaliente.com
Humpty's Dumplings,humptysdumplings.com
Oak Bakeshop,oakbakeshop.com
Good Times Bagels,goodtimesbagels.com
Whip City Jerky,whipcityjerky.com
Bake Sum,bakesum.com
Samwa Natural Foods,samwafoods.co.ke
"Nutkao USA, Inc.",nutkaousa.com
Aruba's Halal Kitchen,arubashalalkitchen.com
Dunlap Farmers Market,dunlapfarmersmarket.com
Not Beer,enjoynotbeer.com
"Zoo Parade, Inc. dba Agro, Inc.",getagro.com
Suhey Peppers,suheypeppers.com
"MisoHeat, LLC",misoheat.com
CRISP Kitchen & Juice,crispkitchenandjuice.com
Dutch Nutra,dutchnutra.com
Edson Farms Natural Foods,edsonfarms.com
Healthy Me Health Foods,healthymehealthfoods.com
"Di Paolo Baking Co., Inc.",dipaolobakingcompany.com
"The Meat Block, LLC",themeatblock.com
Finest Butcher,finestbutcher.com
Homeplate Solutions,homeplatefood.com
Main Street Cafe & Bakery.,mainstreetcafeandbakery.com
Willamette Valley Meat Co. (WVM),wvmeat.com
"Militello's Italian Bakery, Inc.",bakerymilitellos.com
Bakery Distribution Warehouse Corp.,bakery-distribution.com
It Sprinkles,itsprinkles.com
"Bayou Cora Farms, LLC",bayoucorafarms.com
Coy's Southern Eats,coyssoutherneats.com
"Colorado House of Sauce, LLC",coloradohouseofsauce.com
Flavors.,flavorsculinaryhub.com
Savannah Sausage Co.,savannahsausage.com
"Freddo Franchising International, LLC",usa.freddo.com
The Protein Specialists Co.,theproteinspecialistscompany.com
"Freska Foods, LLC",freskafoods.com
Thriving Thistle,thrivingthistle.com
"Say Cheese...cake!, LLC",saycheesecakerva.com
LaRosa's Wholesale Bakery,larosaswholesalebakery.com
"Craft Cannery Brands, LLC",craftcannery.com
"Feel The Burn Hot Sauce, Ltd.",feeltheburnhotsauce.com
Harmacy Hot Sauce Co.,harmacyhotsauce.com
"Rheds, LLC",rhedshotsauce.com
"Soogia Foods, LLC",soogiafoods.com
"Pizzori, LLC",pizzori.com
"Vermont Culinary Creative, LLC",vermontculinarycreative.com
Todd's Awesome Curry Sauce,toddscurrysauce.com
Post Game Pizza,postgamepizza.com
"Mar Mar Foods, LLC",ilovemarmar.com
"Grand Western Brands, Inc.",grandwestern.com
Jimmys Gator Nuggets,jimmystruckstop.com
atlanta fish market,atlantafishmarket.com
Lakeview World Wide,lakeviewworldwide.com
"Guglielmo's Sauce, LLC",guglielmosauce.com
National Meat & Provision,natcofoodservice.com
Grunauer,grunauerkc.com
"Bay Center Foods, LLC",baycenterfoods.com
Folkland Foods,folklandfoods.com
Carolina Cupcakery,carolinacupcakery.com
Kayam Foods,kayem.com
The Merc Co-op,themerc.coop
Love Bug's Bakery,lovebugsbakery.com
La Provence French Bakery,laprovencemiami.com
Essa Bagels,essabagel.com
White's Bakery Cafe,whitesbakeryandcafe.com
"Baking Co., LLC",bakinggr.com
Duva Distributors,duvadistributors.com
Quincy Street,quincystreetinc.com
"Crave It Foods, Inc.",craveitfoods.com
,specialtyfoodsgroup.online
Hans and Harry’s Bakery,hans-harry.com
The French Bakery,the-french-bakery.com
Chestnut Fine Foods & Provisions,chestnutaz.com
Cosmic Nut Butters,cosmicnutbutters.com
CakeologYY,cakeologyy.com
Bread Lounge,breadlounge.com
Simon Lee Bakery,simonleebakery.com
austin cake ball,austincakeball.com
Jack Mountain Meats,jackmountainmeats.com
Cajun Ed's Restaurant,hebertsmeats.com
Haddad's Market,haddadsmarket.com
Tako cheena,mytakocheena.com
Gainz and Shreds Meal Prep,gainzandshredsmealprep.com
Orchard Nutrition Center,orchardnutrition.com
Bake Shack,bakeshackfl.com
Bakery,paobrasilbakery.com
"Wolf Canyon of America, Inc.",wolfcygroup.com
NOSTALGIC FOODS INC,nostalgicfoods.us
Brewery,abbeyoftheholygoats.com
Miltona meats,miltonameats.com
HTX Fresh,gethtxfresh.com
"Fresh Pak, Inc.",freshpakinc.com
Kiedrowski Bakery,kiedrowskibakery.com
De Nada Empanada,denadaempanada.com
Loia Foods -Import & Export,loiafood.com
Tabmeal,tabmeal.com
Kape Republik,kaperepublik.com
Cooking Kaua'i,cookingkauai.com
Main Street Cake,mainstreetcake.com
Honeymoon Bakery,honeymoonbakery.com
Cotton Mill Farmers Market,cottonmillfarmersmarket.org
Eston's Gourmet Creations,estonsbakery.com
