name,domain
Harvest Market,goharvestmarket.com
"Lost Sauces, LLC",thelostsauces.com
Palisade Peach Shack,palisadepeachshack.com
Martin’s Famous Pastry Shoppe,martinspotatorolls.com
Megan Maguire,birdbakery.com
Cupcake Mountain Cupcakery,bozemancupcakery.com
Jubilee Foods (MN),moundjubilee.com
Haven on Earth Bread & Bakery,havenonearthbakery.com
Zeppole Baking,zeppolebakery.com
Greens and Proteins,greensandproteins.com
Big Mommas Coffee & Espresso,bigmommascoffee.com
Viva Oliva,vivaoliva.com
Busaba (CO),busabaco.com
"Approved Produce Suppliers, LLC",apsfoodmarketing.com
Mrchipsforpickles.com,mrchipsforpickles.com
BC Produce,bcproduce.net
Canisteo and Arkport Shurfine,canisteoshurfine.com
"CJ Brothers, Inc.",cjbrothers.com
Dakota Fresh Food Hub,dakotafreshllc.com
"Farmers Fresh, LLC",farmersfreshs.com
"The Myers Group, LLC dba Foodland IGA",foodland-iga.com
Frank’s Quality Produce,franksproduce.com
"Garden Fresh Salad Co., Inc.",gfsalad.com
,kensproduceus.com
Gold Kosher Catering dba Molly's Gourmet Meals,mollysgourmetmeals.com
"Nokota Packers, Inc.",nokotapackers.com
"JDs Market, Inc.",jds.market
"Marvel Produce, LLC",marvelproduce.com
Peppers Produce,peppersfoods.us
Valentino Food Market.,valentinofoodmarketridgewood.com
"Valley Packing, Inc.",valleypackinginc.com
"Wileman Bros. & Elliott, Inc.",mr-sunshine.net
Yakama Nation Farms,ynfarms.com
"Wonder Fields, Inc.",wonderfields.net
The Butcher & Baker Café,butcherandbakercafe.com
"FuAn Enterprise, Inc.",fuanus.com
"DK Bread Delivery, LLC",dkbreaddelivery.com
"Baron Foods International, Inc.",baronfoodsintl.com
"RIOT Products, LLC dba RIOT Sauces",riotsauces.co
Nara Organics Inc,nara.com
Hamptons Brine,hamptonsbrine.com
Trail Goods Co.,trailgoods.co
"Sunset Valley Farms, LLC",sunsetvalleyfarmsllc.com
La Hacienda de los Barrios,lahaciendabarrios.com
VegHeaven,vegheavendc.com
Big Wheel Foods,bigwheelfoods.com
CHAGEE USA,chagee.com
U.S. Culinary Open,usculinaryopen.com
,aquidneckhoney.com
Livro Foods,livrofoods.com
USDA Northwest and Rocky Mountain Regional Food Business Center,nwrockymountainregionalfoodbusiness.com
"My Mother's Delicacies, Inc. (MMD)",mymothersdelicacies.com
"Lopez Tortilla Foods, Inc.",lopezfoodstortilla.com
Bordenave's French Bread Bakery,bordenavesbakery.com
"Trilogy Foods, LLC",trilogyfoodsllc.com
"Macaroon Land, LLC",macaroonland.com
Distinctive Food Imports,distinctivefi.com
Brandon's Bread,brandonsbread.com
Tandem Foods,tandemfoods.com
"AJ’s Happy Chick Farm, LLC (AJHC)",ajshappychick.farm
B&B Farms,bbfarmsde.com
Back 4T Farms,back4tfarms.com
"Belstra Milling Co., Inc.",belstramilling.net
"Berglund Marketing, Inc. dba Berglund Natural Foods",berglundnaturalfoods.com
"Meadowlark Mill, LLC dba Meadowlark Community Mill",meadowlarkorganics.com
"Boreas Freeze Dry, LLC",boreasfreezedry.com
"Break Wild, LLC dba Wild Groats",wildgroats.com
"Broth, Inc.",welovebroth.com
"Brenneman Farms, LLC",brennemanfarms.net
"Ceyorganics, LLC",ceyorganics.com
Carding Brook Farm,cardingbrookfarm.com
California Packing Co.,californiapackingcompany.com
"Cascade Foods, LLC",cascadefoods.com
"Contract Manufacturing NE, LLC",cmnellc.com
"Coosemans-Denver, Inc.",coosemansdenver.com
Creator Farms,creatorfarms.com
"Mcsunley, LLC",mcsunley.com
Filomena Cucina Rustica,filomenasberlin.com
Iron Rooster Bakery,ironroosterbakery.com
sh.e young young food Inc.,mongolianhotpot.com
UFO Hibachi Express,ufohibachi.com
Cupcake Kitchen,cupcakekitchenusa.com
Rosemarys,rosemarysfarmtofork.com
Good Dog Houston,gooddoghouston.com
Patterson Nut,pattersonnut.com
Graze Kitchen + Catering,grazekitchenvb.com
The Gingerbread Factory,gingerbreadfactory.com
Mitten Raised,mittenraised.com
,matthatjerky.com
"Cocobear, Inc.",cocobearorganic.com
Minnow America.,minnowworld.com
"Neve Foods, LLC",eatneve.com
,brothersproducenj.com
,thegrowersoutlet.com
,jmjproduceinc.com
,oahufresh.com
,mendolakefoodhub.org
,windmillfarmsmarket.com
"Buzz Products, Inc. dba Buzz Food Service",beef.buzz
"The Mountain Steer Meat Co., LLC",mountainsteer.com
"Connoils, LLC",connoils.com
"Lakeview Farms, LLC",lakeviewfarms.com
"Paciugo Franchising, LP dba Paciugo Gelato Caffe",paciugo.com
"American Roland Food Corp. dba Roland Foods, LLC",rolandfoods.com
"Astor Chocolate, Inc.",astorchocolate.com
"Perfection Bakeries, Inc. dba Aunt Millie's Bakeries, Inc.",auntmillies.com
"Ungar's Food Products, Inc. dba Dr. Praeger's Sensible Foods, Inc.",drpraegers.com
"Strauss Brands, LLC",straussbrands.com
"PreGel America, Inc.",pregelamerica.com
"Happy Howie's, Inc.",happyhowies.com
"Safie Specialty Foods Co., Inc.",safiefoods.com
"Simco Foods, Inc.",simco.us
Michigan Dessert Corp. dba MiDAS Foods International,midasfoods.com
"V.F. Garza - El Popular, Inc.",elpopularchorizo.com
RiceBran Technologies Corp. (RIBT),ricebrantech.com
"Comtrade, Inc.",comtradeinc.com
"Celebrate Safety, Inc.",celebratesafety.com
"Dakota Dry Bean, Inc. dba Dakota Ingredients",dakotaingredients.com
"GourmetGiftBaskets.com, Inc.",gourmetgiftbaskets.com
"AVM Equipment LLC dba Ada Valley Meat Co., Inc.",adavalley.com
"Custom Culinary, Inc.",customculinary.com
"Rembrandt Enterprises, Inc. dba Rembrandt Foods",rembrandtfoods.com
"Reser's Fine Foods, Inc.",resers.com
"International Food Solutions, Inc.",internationalfoodsolutions.com
"Schwan's Food Service, Inc. (SFSI)",schwansfoodservice.com
"Quality Bakeries, LLC dba Burry Foods",burryfoods.com
"Cambro Manufacturing Co., Inc.",cambro.com
"Gregory Packaging, Inc. dba SunCup Juice",suncupjuice.com
"Bellisio Foods, Inc.",bellisiofoods.com
"Angelic Bakehouse, Inc.",angelicbakehouse.com
"SunButter, LLC",sunbutter.com
"The Fresh 20! Freshly, Inc.",thefresh20.com
"Choice Foodservices, Inc. dba Choicelunch",choicelunch.com
"Pine Brothers, LLC",pinebrothers.com
"Peanut Butter & Co., Inc.",ilovepeanutbutter.com
"Quality Sausage Co., Ltd.",qualitysausage.com
"Sugardale Foods, Inc.",sugardale.com
"Ventura Foods, LLC",venturafoods.com
"Woodland Foods, Ltd.",woodlandgourmet.com
"Beepco, Inc., dba Country Meats, LLC",countrymeats.com
"Bravo,  LLC dba Bravo Pet Foods",bravopetfoods.com
"HealthSmart Foods, Inc.",healthsmartfoods.com
"EdgiLife Media, Inc. dba Love With Food",lovewithfood.com
"Flagstone Foods, LLC",flagstonefoods.com
Golden State Foods Corp. (GSF),goldenstatefoods.com
"Muse Nutrition, LLC dba CORE Foods",corefoods.com
The Meatball Shop,themeatballshop.com
"Abraham of North America, Inc.",anainc.us
Papalote Salsa Trading Co.,papalotesalsa.com
"Baker Maid Products, Inc.",bakermaid.com
"Bakerly, LLC",bakerly.com
"Barhyte Specialty Foods, Inc.",suziesorganics.com
"Beaverton Foods, Inc.",beavertonfoods.com
"Black Garlic, Inc.",blackgarlic.com
"Golden West Specialty Foods, Incorporated",gwsfoods.com
"GoodPop, LLC",goodpop.com
"Pickled Pink Foods, LLC",pickledpinkfoods.com
"Gourmet Nut, Inc.",gourmetnut.com
"Brothers International Desserts, Inc.",brothersdesserts.com
"Brown and Haley, Inc.",brown-haley.com
"Bunnery Natural Foods, LLC",bunnery.com
"Busseto Foods, Inc.",busseto.com
"Vermont Maple Sugar Co., Inc. dba Butternut Mountain Farm",butternutmountainfarm.com
Atoria's Family Bakery,atoriasfamilybakery.com
"Grains of Health, LLC dba Laiki Crackers",laikicrackers.com
"Popcornopolis, LLC",popcornopolis.com
Great Recipes Co.,great-recipes.com
"Ahuramazda, Inc. dba Chewys Rugulach",chewys.com
"Arbor Management, Inc.",arbormgt.com
"Portland Pet Food Co., LLC (PPFC)",portlandpetfoodcompany.com
"Preferred Brands International, Inc. dba Tasty Bite Eatables, Ltd.",tastybite.com
"East West Tea Company, LLC dba Choice Organic Teas",choiceorganicsproducts.com
"Chukar Cherry Co., Inc.",chukar.com
"Premium Gold Flax Products, Inc.",premiumgoldflax.com
Hammons Products Co. dba Hammons Black Walnuts,black-walnuts.com
Clairesquares,clairesquares.com
"HannahMax Baking, Inc.",hannahmax.com
"Harbar, LLC",harbar.com
"Cornaby's, LLC",cornabys.com
"Heavenly Organics, LLC",heavenlyorganics.com
Country Archer Jerky Co. dba Country Archer Provisions,countryarcher.com
"Project 7, Inc. dba Joyride",joyridesweets.com
"Prosperity Organic Foods, Inc. dba Melt Organic",meltorganic.com
"Heritage Shortbread, Inc.",heritageshortbread.com
"Holmsted Fines, LLC",ww25.holmstedfines.com
"Crepini, LLC",crepini.com
Zukali Mexican Gourmet,zukali.com
"Gretchen Goehrend and Associates, Inc. dba India Tree, Inc.",indiatree.com
"Fusion Gourmet, Inc.",fusiongourmet.com
"Indo-European Foods, Inc.",indo-euro.com
Global Coffee Co. dba Java To Go,javatogo.com
"Otis McAllister, Inc.",otismcallister.com
"Jayone Foods, Inc.",jayonefoods.com
"Sonoma Syrup Co., Inc.",sonomasyrup.com
"Artisan Macaron, LLC",artisanmacaron.com
Del Duca,delducafood.com
"American Nuts, Inc.",americannuts.com
The Invisible Chef,theinvisiblechef.com
"Oogie's Snacks, LLC",oogiesnacks.com
"WOW Baking Co., LLC",wowbaking.com
"Italfoods, Inc.",italfoodsinc.com
"Olli Salumeria Americana, LLC",olli.com
"Olivier Napa Valley, Inc.",oliviernapavalley.com
"Semifreddi's, Inc.",semifreddis.com
"Iveta Gourmet, Inc.",iveta.com
"Source Atlantique, Inc.",sourceatlantique.com
"World Finer Foods, LLC",worldfiner.com
"J. Wilbur Foods, LLC",jwilburfoods.com
"The Pasta Shoppe, LLC",pastashoppe.com
"Old World Spices and Seasonings, Inc. (OWS)",oldworldspices.com
"New Frontier Foods, Inc. dba Ocean's Halo",oceanshalo.com
"Sapar SA dba Fabrique Delices, Inc.",fabriquedelices.com
"Jo's Candies, LLC",joscandies.com
"Jimmy's Healthy Foods, Inc. dba JimmyBar",jimmybars.com
"Urbani Truffles USA, Inc.",urbani.com
"AJ's Edible Arts, Inc.",ajsediblearts.com
Valley Fig Growers,valleyfig.com
"Energy Truffles, LLC dba Nelly's Organics",nellysorganics.com
"Arnel's Originals, Inc.",arnelsoriginals.com
"Madrona Specialty Foods, LLC dba La Panzanella Artisanal Foods Co.",lapanzanella.com
"Nu Life Market, LLC",nulifemarket.com
"La Pasta, Inc.",lapastainc.com
"La Tourangelle, Inc.",latourangelle.com
"SeaSnax, Inc.",seasnax.com
"Mani Imports, Inc.",maniimports.com
Wooden Table Baking Co.,woodentablebaking.com
"Venus Wafers, Inc.",venuswafers.com
"WholeMe, LLC",wholeme.com
"Nona Lim, LLC",nonalim.com
"Marukome USA, Inc.",marukomeusa.com
"Just Jan's, Inc.",justjans.com
Woeber Mustard Manufacturing Co.,woebermustard.com
"El Encanto, Inc. dba Bueno Foods",buenofoods.com
"Kara's Cupcakes, Inc.",karascupcakes.com
"New England Natural Bakers, Inc.",newenglandnaturalbakers.com
"Formosa Enterprises, Inc.",formosasauce.com
"Food Ireland, Inc.",foodireland.com
"Bright People Foods, Inc. dba Dr. McDougall's Right Foods, Inc.",rightfoods.com
"Donsuemor, Inc.",donsuemor.com
The Food Solution,thefoodsolution.net
"Little's Specialty Foods, Inc.",littlescuisine.com
Kimmie Candy Co.,kimmiecandy.com
"Rustic Bakery, Inc.",rusticbakery.com
"Living Intentions, LLC",livingintentions.com
"Westfork Creations, Inc. dba The King's Cupboard",kingscupboard.com
"Takari International, Inc.",takari.com
Rill's Specialty Foods,rillfoods.com
"Robert Rothschild Farm, LLC",robertrothschild.com
"Melina's, Inc.",melinas.com
"Krave Pure Foods, Inc.",kravejerky.com
"Edison Grain, Inc.",edisongrainery.com
"Breton Enterprises, Inc. dba Natural Nectar",natural-nectar.com
"Naked Granola, LLC",nakedgranola.com
"Traina Dried Fruit, Inc. dba Traina Home Grown",trainahomegrown.com
"Almond Brothers, LLC",almondbrothers.com
"Moon Dance Baking, Inc.",moondancebaking.com
"Mooney Farms, Inc. dba Bella Sun Luci",bellasunluci.com
"Morinaga Nutritional Foods, Inc. (MNF)",morinaga-usa.com
"Monsieur Singh, LLC",monsieursingh.com
Aloha From Oregon,alohafromoregon.com
"Kualli Foods, Inc. dba Molli Sauces",mollisauces.com
"Mange, LLC",freshfruitvinegars.com
"Simply 7 Snacks, LLC",simply7snacks.com
"Souperb, LLC",souperbsoup.com
"Gourmet Specialties, Inc. dba Thatcher's Gourmet Popcorn",tgsp.com
"SuckerPunch Gourmet, Inc.",suckerpunchgourmet.com
"Baycliff Co., Inc. dba Sushi Chef",sushichef.com
"Z Specialty Food, LLC",zspecialtyfood.com
Silk Road Catering,silkroadcatering.com
"Volcano Island Honey Co., LLC dba Rare Hawaiian Honey Co.",rarehawaiianhoney.com
"Spiceology, Inc.",spiceology.com
"Del Sol Food Co., Inc. dba Briannas Fine Salad Dressings",briannas.com
"Lystn, LLC dba Answers Pet Food",answerspetfood.com
"Sugimoto Seicha Usa, Inc. dba Sugimoto Tea Co.",sugimotousa.com
"Salty Wahine Gourmet Hwaaiian Sea Salt, LLC",saltywahine.com
San Francisco Cheesequake LLC dba San Francisco Cheesecake Company,cheesequakes.com
California Marcona Co.,almondipity.com
"Strumba Media, LLC dba Miracle Noodle",miraclenoodle.com
Miller Baking Co. dba Pretzilla,pretzilla.com
"xroads GLOBAL, LLC dba XRoads Philippine Sea Salts",philippineseasalts.com
McKenzie Country Classics,mckenziedeli.com
"Maya Kaimal, Inc.",mayakaimal.com
Lucy's Granola,lucysgranola.com
Sutter Buttes Olive Oil Co.,sutterbuttesoliveoil.com
Elegant Brie,elegantbrie.com
"Toufayan Bakeries, Inc.",toufayan.com
Von Hoppen Ice Cream dba Frutstix,frutstix.com
Epicurean Solutions SF,epicureansolutions.com
The No-Bake Cookie Co.,thenobakecookieco.com
Three Jerks Jerky,threejerksjerky.com
"Texas Tamale Co., Inc.",texastamale.com
"SFB Specialty Foods, Inc. dba Sticky Fingers Bakeries",stickyfingersbakeries.com
"Real Torino, Inc. dba Torino Specialty Food",torinospecialtyfood.com
"Jmac Trading, Inc.",jmactrading.com
Raw Green Organics,rawgreen.com
"Calbee America, LLC",calbeeamerica.com
"Flowers Bakeries, LLC dba Canyon Bakehouse",canyonglutenfree.com
"Garden of Light, Inc. dba Bakery on Main",bakeryonmain.com
"Banza, LLC",eatbanza.com
"Baobab Foods, LLC",baobabfoods.com
Bard Valley Medjool Date Growers Association (BVMDGA) dba Natural Delights,naturaldelights.com
"Cappello's, LLC",cappellos.com
Bay State Milling Co.,baystatemilling.com
"Beetnik Foods, LLC",beetnikfoods.com
Better Bean Co.,betterbeanco.com
"Dakota Specialty Milling, Inc.",dakotaspecialtymilling.com
"Alexia Foods, Inc.",alexiafoods.com
"BetterBody Foods and Nutrition, LLC",betterbodyfoods.com
"Betty Lou's, Inc.",bettylousinc.com
"Decas Cranberry Products, Inc.",decascranberry.com
"Alter Eco, Inc.",alterecofoods.com
"Smith Provision Co., Inc.",smithhotdogs.com
Bilinski Sausage Co.,bilinski.com
"Indiana Sugars, Inc.",sugars.com
"Andean Naturals, Inc.",andeannaturals.com
"CB's Nuts, Inc.",cbsnuts.com
"DiBella Baking Co., Inc.",dibellafamiglia.com
"Cedarlane Natural Foods, Inc.",cedarlanefoods.com
"Dipasa USA, Inc.",dipasausa.com
"Atlantic Natural Foods, LLC",atlanticnaturalfoods.com
"Austrade, Inc.",austradeinc.com
"La Preferida, Inc.",lapreferida.com
"La Terra Fina USA, Inc. (LTF)",laterrafina.com
Blount Fine Foods Corp.,blountfinefoods.com
"Gluten Free Oats, LLC",glutenfreeoats.com
"Blue Marble Ice Cream, LLC",bluemarbleicecream.com
"Florida Bottling, Inc. dba Lakewood Organic Juice",lakewoodorganic.com
Global Agri-Trade Corp.,globalagritrade.com
"Bocce's Bakery, LLC",boccesbakery.com
"Global Organics, Ltd.",global-organics.com
"DFS Gourmet Specialties, Inc. dba Chef Shamy Gourmet Butter",chefshamy.com
"Go Lo Foods, LLC",golofoods.com
"Lightlife Foods, Inc.",lightlife.com
"Oregon Harvest, LLC dba Lilly's Foods",lillysfoods.com
"P.J. Lisac and Associates, Inc. dba Lisanatti Foods, Inc.",lisanattifoods.com
"Live Love Pop, LLC",livelovepop.com
"Namaste Foods, LLC",namastefoods.com
"International Culinary Chefsbest, LLC",chefsbest.com
"Sauces 'n Love, Inc.",saucesnlove.com
"Chelten House Products, Inc.",cheltenhouse.com
"MamaMancini's Holdings, Inc.",mamamancinis.com
"Golden Platter Foods, Inc.",goldenplatter.com
Chic-a-peas LLC,chicapeas.com
"Organic Fair, Inc.",organicfair.com
"Greeley Seed Co., LLC dba Kaylor Of Colorado",kaylorofcolorado.com
"Super Seed Foods, LLC dba Goodseed Burger",goodseedburger.com
"Grandma Lucy's, LLC",grandmalucys.com
"Season Harvest Foods, Inc.",seasonharvestfoods.com
"Lucky Pet Brands, LLC",luckypetbrands.com
"Jones Naturals, LLC",jonesnaturalchews.com
Valley Bakers Cooperative Association (VBCA),valleybakers.com
"Evolution Fresh, Inc.",evolutionfresh.com
"Tripper, Inc.",tripper.com
"Shelton's Poultry, Inc.",sheltons.com
"Otafuku Foods, Inc.",otafukufoods.com
"Mary's Gone Crackers, Inc.",marysgonecrackers.com
"Grain Millers, Inc.",grainmillers.com
"Peter H. Mattson & Co., Inc. dba Mattson & Co.",mattsonco.com
"C&S Products Co., Inc.",wildbirdsuets.com
"Divine Foods, Inc., dba Rise Bar",risebar.com
"Grandma Hoerner's Foods, Inc.",grandmahoerners.com
"Garza Food Ventures, LLC dba Siete Family Foods, Inc.",sietefoods.com
"Gather Foods, LLC dba Thunderbird Real Food Bars",thunderbirdbar.com
"Chino Valley Ranchers, Inc.",chinovalleyranchers.com
"Allprovide Pet Foods, LLC",allprovide.com
"Three Trees Foods, Inc.",threetrees.com
Green Foods Corp.,greenfoods.com
"Boulder Organic Foods, LLC",boulderorganicfoods.com
"Green Plate Kitchen, Inc. dba Green Plate Foods",greenplatefoods.com
"ThinkThin, LLC",thinkproducts.com
"Market Solutions Group, LLC dba Sweetie Pie Organics",sweetiepieorganics.com
"Carolina Prime Pet, Inc.",carolinaprimepet.com
"Sweet Loren's, Inc.",sweetlorens.com
"Sweet Additions, LLC",sweetadditions.com
"Suzanne's Specialties, Inc.",suzannes-specialties.com
"Charlee Bear Dog Products, Inc.",charleebear.com
"Nurture, Inc. dba Happy Family Organics",happyfamilyorganics.com
"Columbia Fruit, LLC",columbia-fruit.com
Bunker Foods Corp.,bunkerfoodscorp.com
"SFI, LLC dba Superior Foods, Inc.",superiorfoods.com
"Terra Harvest Foods, Inc. (TH Foods)",thfoods.com
"Wallaby Yogurt Co., Inc.",wallabyyogurt.com
"Teton Waters Ranch, LLC",tetonwatersranch.com
"Buff Bake, LLC",buffbake.com
"Terrasoul Superfoods, LLC",terrasoul.com
"The Natural Dog Co., Inc.",thenaturaldogcompany.com
"Wholesome Sweeteners, Inc.",wholesomesweet.com
Nature Zone Pet Products,naturezonepet.com
"Nibmor, Inc.",shopnibmor.com
"Wild Zora Foods, LLC",wildzora.com
"Dragononi, Inc. dba Hawaiian Ola",hawaiianola.com
"Nature's Variety, Inc. dba Instinct",instinctpetfood.com
Sunfood Corp.,sunfood.com
"Sundown Foods USA, Inc.",sundownfoods.com
"Steve's Real Food, Inc.",stevesrealfood.com
"Tarte Foods, LLC",tarteyogurt.com
"Flavor Producers, LLC",flavorproducers.com
"Pamela's Products, Inc.",pamelasproducts.com
"Cascade Fruit Marketing, Inc. dba Foodguys",foodguys.com
"Paragon Fruits, Inc. dba Nochtli",nochtliproducts.com
"Virgin Raw Foods, Inc.",virginrawfoods.com
"Tate's Bake Shop, Inc.",tatesbakeshop.com
"Coleman Natural Foods, LLC",colemannatural.com
"Heritage Health Food, Inc.",heritagehealthfood.com
"Stiebs, LLC",stiebs.com
"Healthy Food Ingredients, LLC.",hesco-inc.com
"Steuben Foods, Inc.",steubenfoods.com
"Sojourner Farms, LLC dba Sojos",sojos.com
"High Quality Organics, Inc. (HQO)",hqorganics.com
"Hikari Miso International, Inc.",hikarimiso.com
"Drink Eat Well, LLC dba Hilary's Eat Well",hilaryseatwell.com
"Sprout Foods, Inc. dba Sprout Organics",sproutorganics.com
"OC Raw Dog, LLC",ocraw.com
"Sustainable Sourcing, LLC dba HimalaSalt",himalasalt.com
"Hodo, Inc.",hodofoods.com
"Three Dog Brands, LLC",threedog.com
"Tyson Pet Products, Inc. dba True Chews",truemealsandchews.com
"Best Buy Bones, Inc.",bestbuybones.com
"Frozen Specialties, Inc. (FSI)",frozenspecialties.com
"Blue Dog Bakery, LLC",bluedogbakery.com
"Chef Roberts, Inc. dba Matt's Munchies",mattsmunchies.com
"Replenish Pet, Inc.",replenishpet.com
"Raw Essentials Living Foods, LLC dba Essential Oxygen",essentialoxygen.com
"Naturi, Inc.",naturi.com
"Sinto Gourmet, LLC",sintogourmet.com
"Nature’s SunGrown Foods, LLC",naturessungrown.com
"Table De France, Inc. dba Michel de France",micheldefrance.com
Michele's Goji Berry Granola,michelesgojiberrygranola.com
"Mikey's, LLC",eatmikeys.com
"Skeeter Snacks, LLC",skeeternutfree.com
"Pawsitively Gourmet, Inc.",pawsitivelygourmet.com
"Marron Foods, LLC",marronfoods.com
"The Essential Baking Co., Inc.",essentialbaking.com
"Minsley, Inc.",minsley.com
"Sky Valley Foods, Inc.",skyvalleyfoods.com
"Mishima Foods USA, Inc.",mishima.com
"Imuraya USA, Inc.",imuraya-usa.com
"Van's International Foods, Inc. dba Van's Natural Foods, Inc.",vansfoods.com
"Goldenfeast, Inc.",goldenfeastdirect.com
Miss Jones Baking Co.,missjones.co
"Unreal Brands, Inc.",unrealsnacks.com
"VēRUS Pet Foods, Inc.",veruspetfoods.com
"Fresh Nature Foods, LLC",freshnaturefoods.com
Upton's Naturals Co.,uptonsnaturals.com
"Monterey Mushrooms, LLC",montereymushrooms.com
"Wagner's, LLC",wagners.com
"Invigorade, LLC",invigorade.com
"King Arthur Flour Co., Inc.",kingarthurbaking.com
The Jackfruit Co. (TJC),thejackfruitcompany.com
"Multiple Organics, Inc.",multipleorganics.com
"Polka Dog Designs, LLC dba Polkadog, Inc.",polkadog.com
"Portland Bee Balm, LLC",portlandbeebalm.com
"Kettle Foods Holdings, Inc.",kettlebrand.com
"Julian Bakery, Inc.",julianbakery.com
Fantasy Cookie Co.,fantasycookie.com
"Jesben, LLC",jesben.com
"Wisconsin Specialty Protein, LLC",simplyteras.com
"Windy City Organics, LLC",windycityorganics.com
"Wilde Brands, Inc.",wildebrands.com
"Wildbrine, LLC",wildbrine.com
"Red Oak Foods, LLC",redoakfoods.net
"Wild Squirrel, LLC dba Wild Friends Foods",wildfriendsfoods.com
"Wholesome Goodness, LLC dba Riceworks",riceworks.com
"Raw Food Central, LLC",rawfoodcentral.com
"Karma Nuts, Inc.",karmanuts.com
"Wet Noses, Inc.",wet-noses.com
Rule Breaker Snacks,rulebreakersnacks.com
"Probar, LLC",theprobar.com
"Big Creek Foods, LLC",bigcreekfoods.com
"Merrick Pet Care, Inc.",merrickpetcare.com
"KDR Pet Treats, LLC dba Plato Pet Treats",platopettreats.com
The Bones and Co.,thebonesandco.com
"The Fillo Factory, Inc.",fillofactory.com
"WrawP foods, LLC",wrawp.com
"Gobble, Inc.",gobble.com
Back 2 Basics Wellness LLC dba Bliss Nut Butters,blissnutbutters.com
"Bloomfield Farms, Inc.",thebloomfieldfarms.com
"Kettle and Fire, Inc.",kettleandfire.com
"Pacific Ingredient Exchange, Inc. (PIE)",pacificingredient.com
"Bubba's Fine Foods, LLC",b-finefoods.com
"Bubbies Fine Foods, LLC",bubbies.com
"T. W. Burleson and Son, Inc. dba Burleson's Honey, Inc.",burlesons-honey.com
"Triland Foods, Inc.",trilandfoods.com
"Burrito Kitchens Enterprises, LLC",burritokitchens.com
"Savor Seasonings, LLC",savorseasonings.com
Cucina Antica Foods Corp.,cucina-antica.com
"Carolina Ingredients, LLC",carolinaingredients.com
"Chesapeake Spice Co., LLC",chesapeakespice.com
Colorexa USA Corp.,colorexa.com
"Free to Eat, Inc. dba Cybele's Free-to-Eat",cybelesfreetoeat.com
"Delta Fresh Sales, LLC",deltafreshproduce.com
"Fresh Creative Foods, Inc.",freshcreativefoods.com
"California Giant, Inc.",calgiant.com
"Mojo Tree Farm, LLC dba Pichuberry, LLC",pichuberry.com
"Concord Foods, LLC",concordfoods.com
"GFF, Inc. dba Girard's Food Service Dressings, Inc.",girardsdressings.com
"American Laboratories, Inc. (ALI)",americanlaboratories.com
"Rovey Seed Co., Inc.",roveyseed.com
"Grupo Minsa, S.A.B. de C.V.",minsa.com.mx
Promotora De Deshidratados SA de CV (Prodes),prodes.com.mx
PIA Ingredients Corp.,piaingredients.com
"Perfect Pickler, Inc.",perfectpickler.com
"Peeled, Inc.",peeledsnacks.com
"Harvest Food Group, Inc. (HFG)",harvestfoodgroup.com
"Sage V Foods, LLC",sagevfoods.com
"Organic Gemini, LLC",organicgemini.com
"Zesteez, LLC",zesteez.com
Organic Fiji,organicfiji.com
Fresh 'n Nova,freshannova.net
"Once Again Nut Butter Collective, Inc.",onceagainnutbutter.com
"OMG! Food Company, LLC dba OMG! Superfoods",omgsuperfoods.com
Watusee Foods,watuseefoods.com
Fauna Foods Corp.,faunafoods.com
"Kaytee Products, Inc.",kaytee.com
Quinoa Corp. dba Ancient Harvest,ancientharvest.com
"Arthur Dogswell, LLC",dogswell.com
"Inochi, Inc., dba Dainichi Fish Food",dainichi.com
"Small Dog Wonders Bakery, LLC dba Bistro Bites",smalldogwonders.com
The Pound Bakery,thepoundbakery.com
"Frisian Unicorp, Ltd. dba Mio9",mio9.com
"Cell Response Formulation, LLC dba Mulligan Stew Pet Food",mulliganstewpetfood.com
"Puppy Yummy, Inc.",puppyyummy.com
"Rudy Greens Doggy Cuisine, Inc.",rudygreens.com
"Tulkoff Food Products, Inc.",tulkoff.com
"Innophos Holdings, Inc.",innophos.com
"Kamerycah, Inc. dba Umi No Shizuku",kfucoidan.com
Baensch Food Products Co.,mabaensch.com
"Schlotterbeck and Foss Co., Inc.",schlotterbeck-foss.com
"Plenus Group, Inc. (PGI)",pgifoods.com
"Sea Watch International, Ltd.",seawatch.com
"Tampa Maid Foods, LLC",tampamaid.com
"Gulf Island Shrimp and Seafood, LLC, dba Big Easy Foods",bigeasyfoods.com
"Elaine's Gluten Free Creations, Inc.",elainescreations.com
"Encore Seafoods, Inc.",encoreseafoods.com
"Nisbet Oyster Co., Inc.",goosepoint.com
"Pitman Family Farms, Inc. dba Marys Free Range Chickens",maryschickens.com
"Handpick, Inc.",handpick.com
Western Sugar Cooperative,westernsugar.com
"Kagome USA, Inc.",kagomeusa.com
"3D Corporate Solutions, LLC",3dsolutions.com
"American Dehydrated Foods, Inc. (ADF)",adf.com
"Nutra Blend, LLC",nutrablend.com
"ACJ International, LLC",acjing.com
"Anchor Ingredients Co., LLC",anchoringredients.com
"Darling Ingredients, Inc.",darlingii.com
"LaBudde Group, Inc.",labudde.com
"AFB International, Inc.",afbinternational.com
"Green Source Organics, Inc.",gsoextracts.com
"MFiber, Inc.",mfiber.net
"Bill Barr and Co., Inc.",billbarr.com
Bio-Kinetics Corp.,bio-kinetics.com
Malt Products Corp. (MPC),maltproducts.com
"Central Bi-Products, Inc.",centralbi.com
"U.S. Commodities, LLC",uscommodities-ag.com
Cereal Byproducts Co.,cerealbyproducts.com
"IsoNova Technologies, LLC",isonovatech.com
"The Ingredient House, LLC",theingredienthouse.com
"Ribus, Inc.",ribus.com
"Diversified Ingredients, Inc.",diversifiedingredients.com
"Solvaira Specialties, Inc.",solvaira.com
"Silva International, Inc.",silva-intl.com
"Siemer Specialty Ingredients, LLC",siemerspecialtyingredients.com
"pHresh Technologies, LLC",phreshtechnologies.com
"Wilderness Family Naturals, LLC dba Wildly Organic",wildlyorganic.com
"LocalFolks Foods, LLC",localfolksfoods.com
"SEMO Milling, LLC",semomilling.com
Helios Corp.,helioscorp.net
Siemer Milling Co.,siemermilling.com
"Trilogy Flavors, Inc.",trilogyflavors.com
Vita-Pakt Citrus Products Co.,vita-pakt.com
"Coloma Frozen Foods, Inc.",colomafrozen.com
"Foodstirs, Inc.",foodstirs.com
"Glacier Hops Ranch, Inc. (GHR)",glacierhopsranch.com
"Novel Ingredient Services, LLC",novelingredient.com
"BrandStorm, Inc. dba Natierra",natierra.com
"Honey Acres, Inc.",honeyacres.com
"Adrenalation, Inc. dba Eda's Premium Hard Candies",edassugarfree.com
"Kathie's Kitchen, LLC dba SuperSeedz",superseedz.com
"TNB, Inc. dba The Nutty Bavarian",nuttyb.com
"Nutty Naturals, LLC",nuttynaturals.net
ARA Food Corp.,arafood.com
"Munk Pack, Inc.",munkpack.com
"Zachary Confections, Inc.",zacharyconfections.com
"McCrea Capital Advisors, Inc. dba McCrea's Candies",mccreascandies.com
"Ellison Bakery, LLC",ebakery.com
"California Nuggets, Inc.",californianuggets.com
Biscomerica Corp.,biscomericacorp.com
"Goldensands Group, LLC dba Kafe Candy",kafecandy.com
"Kathy Kaye Foods, LLC",kathykayefoods.com
"Standard Candy Co., Inc. dba Goo Goo Cluster, LLC",googoo.com
"Savory Fine Foods, LLC",savoryfinefoods.com
"Orchard Sweet Foods, LLC",orchardsweet.com
"Think Jerky, LLC",thinkjerky.com
"Tillamook Country Smoker, Inc. (TCS)",tcsjerky.com
"Lockwood Packing Co., LLC dba Frickenschmidt Foods, LLC",frickenschmidtfoods.com
"Exo, Inc.",exoprotein.com
"RATHCA Products Co., LLC dba Tonton Sauce",tontonsauce.com
"Epicurean Butter Co., LLC",epicureanbutter.com
"Athena Brands, Inc. dba Green Mustache",getgreenmustache.com
Grey Ghost Bakery,greyghostbakery.com
"Ben & Jerry's Homemade, Inc.",benjerry.com
"Sel Magique Brands, LLC",selmagique.com
The Christie Cookie Co.,christiecookies.com
"Hungry Howie's Pizza and Subs, Inc.",hungryhowies.com
"Port City Bakery, Inc. dba Alive & Kickin' Pizza Crust",akcrust.com
"Modernist Pantry, LLC",modernistpantry.com
Firecrust Neapolitan Pizzeria,firecrustpizzeria.com
"Nothing Bundt Franchising, LLC dba Nothing Bundt Cakes",nothingbundtcakes.com
"Clown Global Brands, LLC",clownglobalbrands.com
"Paradise Bakery & Café, Inc.",paradisebakery.com
"Cobatco, Inc.",cobatco.com
"Stuffed Foods, LLC",stuffed-foods.com
"Daesang America, Inc.",daesangamerica.com
"Salad Girl, Inc.",saladgirl.com
"The Saucey Sauce Co., Inc.",getsauceynow.com
"Sunshine International Foods, Inc. dba Sesame King",sesameking.com
"Feel Good Foods, Inc.",feel-good-foods.com
"Deiorio Foods, Inc.",deiorios.com
"Callie's Charleston Biscuits, LLC",calliesbiscuits.com
Amrita Health Foods,amritahealthfoods.com
"Stone Gate Foods, Inc.",stonegate-foods.com
"Stratas Foods, LLC",stratasfoods.com
TaDah Foods,tadahfoods.com
"Sunset Imports, Inc. dba Bewley Irish Imports",bewleyirishimports.com
"WaffleWaffle, LLC dba Happi Foodi",happifoodi.com
"True Made Foods, Inc.",truemadefoods.com
"Vermont Sweetwater Bottling Co., Ltd.",vtsweetwater.com
"Bone Doctors' BBQ, LLC",bonedoctorsbbq.com
"Pretzel Pete, Inc.",pretzelpete.com
"Boyajian, Inc.",boyajianinc.com
"Brooklyn Delhi, LLC",brooklyndelhi.com
"MualemA, LLC dba Sohha Savory Yogurt",sohhayogurt.net
"Sicilian Village, LLC",sicilianvillage.com
"Global Palate Foods, LLC dba White Oak Farm and Table",whiteoakfarmandtable.com
"Aufschnitt Meats, LLC",aufschnittmeats.com
"TVT Trade Brands, Inc.",tvttrade.com
"8 Myles, LLC",8myles.com
"Kontos Foods, Inc.",kontos.com
"Thai Culinary Arts Studio, LLC dba Watcharee",watcharees.com
"Brooklyn Piggies, LLC",brooklynpiggies.com
"Steppin' Out, LLC",steppinoutfoods.com
"UrbanFarmer, LLC",urbanfarmer.net
"RoRo's Baking Co., LLC",rorosbakingcompany.com
"Rodgers' Puddings, LLC",rodgerspuddings.com
L'Arte del Gelato,lartedelgelato.com
"Dollop Gourmet, Inc.",dollopgourmet.com
"Eating Evolved, Inc.",eatingevolved.com
"Carla's Pasta, Inc.",carlaspasta.com
"Pizzanista, LLC",pizzanista.com
"Wonton Food, Inc.",wontonfood.com
"IYA Foods, LLC",iyafoods.com
"Rustic Crust, Inc.",rusticcrust.com
"White Toque, Inc.",whitetoque.com
"Gregory's Foods, Inc.",gregorysfoods.com
"Blencor, LLC",blencor.com
"Baily International, Inc.",bailyfoods.com
"Mangia, Inc. dba Carmelina Brands",carmelinabrands.com
"Mcshares, Inc. dba Repco",repcoworld.com
"G & R Foods, Inc.",grfoodsinc.com
"Skratch Labs, LLC",skratchlabs.com
"Tribeca Oven, Inc.",tribecaoven.com
"Bakery de France, Inc.",bakerydefrance.com
"Bob's Red Mill Natural Foods, Inc.",bobsredmill.com
"Brakebush Brothers, Inc.",brakebush.com
"Captain Ken's Foods, Inc.",captainkens.com
"Biscotti Brothers Bakery, Inc.",biscottibrothers.com
Y T Packing Co.,turaskymeats.com
"Sugar Creek Foods International, Inc. (SC)",getsugarcreek.com
"Itaberco, Inc.",itaberco.com
"R.L. Schreiber, Inc.",rlschreiber.com
"Jim Group, Inc. dba Jim Food",jim-food.com
"Heavenly Cake Pops, LLC dba Easy Roller",heavenlycakepops.com
"Bar-B-Que Industries, Inc. dba Henry J. Meat Specialties",henryjmeats.com
"NAKED Infusions, LLC",nakedinfusions.com
"Orlando Food Sales, Inc.",orlandofoods.com
"Bonk Breaker, LLC",bonkbreaker.com
Metropolitan Bakery,metropolitanbakery.com
"Damascus Bakery, Inc.",damascusbakery.com
"BumbleBar, Inc.",bumblebar.com
"Bell Buckle Country Store, Inc.",bellbucklecompanystore.com
"A and B American Style, LLC",abamerican.com
"Bonafide Provisions, LLC",bonafideprovisions.com
"CDH Enterprises, Inc. dba Cheri's Desert Harvest",cherisdesertharvest.com
"Jambco, Inc",bongiovibrand.com
"Chelsea Market Baskets, Ltd.",chelseamarketbasket.com
Bonnie's Jams,bonniesjams.com
"Bora's Pantry, LLC",boraspantry.com
"Borsari Food Co., Inc.",borsarifoods.com
"Creminelli Fine Meats, LLC",creminelli.com
"Boscoli Foods, Inc.",boscoli.com
"Gourmet International, Ltd.",gourmetint.com
"Bushwick Kitchen, LLC",bushwickkitchen.com
Long Kow Foods USA Corp.,crystalnoodle.com
"Cattaneo Brothers, Inc.",cattaneobros.com
"Fatworks, LLC",fatworks.com
"Creative Food Innovations, LLC",creativefoodinnovations.com
Broadbent B and B Foods,broadbenthams.com
"Bella Lucia, Inc.",glutenfreepizzelles.com
"Buena Vista Food Products, Inc.",bvfoods.com
"Azteca Foods, Inc.",aztecafoods.com
"Belle Toffee, LLC",belletoffee.com
FatCat Bakery,fatcatscones.com
"FiveStar Gourmet Foods, Inc.",fivestargourmetfoods.com
Big T Coastal Provisions,bigtcoastalprovisions.com
California Balsamic,californiabalsamic.com
"California Rancher, LLC",california-rancher.com
"Willow Tree Poultry Farm, Inc.",willowtreefarm.com
"Fat Cat Gourmet Foods, LLC",fatcatfoods.com
Foodscapes,foodscapesnutrition.com
"DeL Real, LLC dba Del Real Foods",delrealfoods.com
"Priester's Pecan Co., Inc.",priesters.com
"Caffe Classico Foods, LLC",caffeclassicofoods.com
"Cape Cod Specialty Foods, Inc.",bogbeans.com
Conscious Choice Foods,haroldspickles.com
Feel Good Dough,feelgooddough.com
"Fresh Innovations of California, LLC",fresh-innovations.com
"A Gourmet Thyme Too, LLC",agourmetthymetoo.com
"FernCreek Confections, LLC",ferncreekconfections.com
"Bulls Bay Saltworks, LLC",bullsbaysaltworks.com
"Custard Stand Food Products, LLC",custardstand.com
Mercadagro International Corp. dba MIC Food,micfood.com
Kingston-Miami Trading Co.,jcskitchen.com
"Blue Hill, Inc.",bluehillfarm.com
Kitchens of Africa,kitchensofafrica.com
"Natural Sins, LLC",naturalsinsonline.com
"Tasty Blend Foods, Inc.",tastyblend.com
"Early Bird Foods and Co., LLC",earlybirdfoods.com
"Dent-Porth, LLC dba Sallies Greatest",salliesgreatest.com
"Jammy Yummy, LLC",jammyyummy.com
"Kelly's Jelly, Inc.",kellysjelly.com
"Highland Beefalo Farms, Inc.",highlandbeeffarms.com
Giulianos' Specialty Foods,giulianopeppers.com
Kerala Curry,keralacurry.com
"MDBC, LLC dba Mason Dixie Biscuit Co.",masondixiefoods.com
Key Ingredient Corp.,keyingredient.com
"Idaho Pacific Holdings, Inc. dba Idaho Pacific Corp.",idahopacific.com
"Champlain Chocolate Co., Inc. dba Lake Champlain Chocolates, LLC",lakechamplainchocolates.com
"Screamin' Mimi's Salsa, Inc.",screaminmimis.com
"Wozz!, LLC dba Wozz! Kitchen Creations",wozzkitchencreations.com
Salad Cosmo USA Corp.,saladcosmo.com
"Salty Sweet, LLC dba Serendipity Confections",serendipityco.com
"New Tiger International, Inc. dba Mushroom House U.S.A.",mushroomhouseusa.com
"Rodelle, Inc.",rodellekitchen.com
"Small Batch Organics, LLC",smallbatchgranola.com
"Bittersweet Herb Farm, Inc.",bittersweetherbfarm.com
"Calysta, Inc.",calysta.com
"Kosher Provision, Inc.",kosherprovision.net
"Susie's Smart Cookie, LLC",susiesmartcookie.com
Susie Q's Brand Artisan Foods,susieqbrand.com
"Ravens Nest Legacy, Inc. dba Ravens Nest Specialties",ravensoriginal.com
"Red Plate Foods, Inc.",redplatefoods.com
"San-J International, Inc.",san-j.com
"Summit Hill Foods, Inc.",shfoods.com
"Foodlinks, LLC",foodlinksusa.com
"Maggie Lyon, Inc.",maggielyon.com
Fortuna's Sausage Company,fortunasausage.com
"Ashley Food Company, Inc. dba Mad Dog 357",maddog357.com
Fra' Mani Handcrafted Foods,framani.com
"Kaurina's, LLC",kaurinas.com
"Kam's Kettle Cooked Foods, Inc.",kamskettlecooked.com
"Spicin Foods, Inc.",spicinfoods.com
"B. toffee, LLC",btoffee.com
"Bacon's Heir, LLC",baconsheir.com
Amagansett Sea Salt Co.,amagansettseasalt.com
"Serro Foods, LLC dba Grandap Pete",grandpapete.com
"Seven Oaks Ranch, Inc. dba Garlic Gold",garlicgold.com
"ROWDYDOW bbQ WorldWide, LLC",rowdydowbbq.com
"California Cereal Products, Inc. (CCP)",californiacereal.com
"Sfoglini, LLC",sfoglini.com
Share Organic Marketing,shareorganics.com
Balsamo's Family Kitchen,balsamosfamilykitchen.com
"Spicemode, LLC",spicemode.co
"Herlocher Foods, Inc.",herlocherfoods.com
"Spring Kitchen, Inc.",springkitchen.com
"Axiom Foods, Inc.",axiomfoods.com
"Walker and Sons, Inc. dba Slap Ya Mama Cajun Products",slapyamama.com
Hudson Henry Baking Co.,hudsonhenrybakingco.com
"Freeze-Dry Ingredients, Inc.",freeze-dry-ingredients.com
"Jar Goods, LLC",julestomatosauce.com
"JCS Tradecom, Inc.",zoebrand.com
"Jersey Italian Gravy, LLC",jerseyitaliangravy.com
"Improveat, LLC",improveat.com
Boardwalk Food Co.,boardwalkfoodco.com
"Annie Hall, Inc.",anniehallinc.com
"Dried Ingredients, LLC",driedingredients.com
"Agridient, Inc.",agridient.com
"Crain Orchards, Inc. dba Crain Walnut Shelling, LP",crainwalnut.com
"The Cristol Group, Inc. (TCG)",cristolgroup.com
Karl Ehmer,karlehmer.com
"Wsa, Inc. dba Nutrient Agri Products",nutrientap.com
The Edlong Corp.,edlong.com
Bavaria Corp.,bavariacorp.com
"Gold Coast Ingredients, Inc.",goldcoastinc.com
The Gilded Nut Snack Co.,gildednut.com
"Bay Valley Foods, LLC",bayvalleyfoods.com
"JuJu Bakes, LLC dba The Cookie Dough Cafe",thecookiedoughcafe.com
"Darifair Foods, Inc.",darifair.com
"Mason Jar Cookie Co., LLC",masonjarcookiecompany.com
"PS Foods, Inc. dba The Savory Pantry",savorypantry.com
Omanhene Cocoa Bean Co.,omanhene.com
"Evergreen Sweeteners, Inc.",esweeteners.com
"McTavish Shortbread, LLC",mctavishshortbread.com
"The Mancini Packing Co., Inc.",mancinifoods.com
Maine Crisp Co.,mainecrisp.com
"The Konery, LLC",thekonery.com
"All About Natural, Inc. (AAN)",allaboutnaturals.com
"Guzen Development, Inc.",guzendevelopment.com
Farbest-Tallman Foods Corp.,farbest.com
"Mother's Mountain, Inc.",mothersmountain.com
"American Food Ingredients, Inc.",americanfoodingredients.com
"American International Foods, Inc. (AIFI)",americaninternationalfoods.com
"Westway Feed Products, LLC",westwayfeed.com
"Flavor Consultants, Inc.",flavorconsultants.com
"Flavor House, Inc.",flavorhouseinc.com
"Amtech Ingredients, LLC",amtechingredients.com
Flavorchem Corp.,flavorchem.com
"Applied Food Sciences, Inc. (AFS)",appliedfoods.com
Morris Kitchen,morriskitchen.com
"BakeSpace, Inc.",bakespace.com
Henry Broch & Co.,hbroch.com
Green Chef Corp.,greenchef.com
"Quality Liquid Feeds, Inc. (QLF)",qlf.com
"Relish Labs, LLC dba Home Chef",homechef.com
"Martin Preferred Foods, L.P.",martinfoods.com
"SunBasket, Inc.",sunbasket.com
"MGP Ingredients, Inc.",mgpingredients.com
"Neiman Brothers Co., Inc.",neimanbrothers.com
"Asenzya, Inc.",asenzya.com
"Fontana Flavors, Inc.",fontanaflavors.com
"Simply Recipes, Inc.",simplyrecipes.com
"Florida Food Products, LLC (FFP)",floridafood.com
Guilin Layn Natural Ingredients Corp.,layncorp.com
"Pine River Pre-Pack, Inc.",pineriver.com
"RecipeBridge, LLC",recipebridge.com
"Horner International, Ltd.",horner-intl.com
"Punchfork, Inc.",punchfork.com
"Meduri Farms, Inc.",medurifarms.com
Spoonacular API,spoonacular.com
"Bluegrass Ingredients, Inc.",bluegrassingredients.com
"ICL Specialty Products, Inc. dba ICL Food Specialties",iclfood.com
"CYRE, Inc. dba Pika's Farm Table",pikasfarmtable.com
"McGinnis Sisters Special Food Stores, Inc.",mcginnis-sisters.com
"Nutrifusion, LLC",nutrifusion.com
"Vita Verde, Inc., dba Flora Fine Foods",florafoods.com
"The Pickapeppa Co., Ltd.",pickapeppa.com
"NutriScience Innovations, LLC",nutriscienceusa.com
Manildra Milling Corp.,manildrausa.com
"Inca Organics Quinoa Co., Ltd.",incaorganics.com.au
"Cush's Homegrown, LLC",cushshomegrown.com
Momose Inc.,momodressing.com
"Cucina Fresca, Inc.",cucinafresca.com
"Royal Ridge Fruit & Cold Storage, LLC",royalridgefruits.com
"Zumbro River Brand, Inc. (ZRB)",zumbroriverbrand.com
Little Belgians,littlebelgians.com
"A. Zerega's Sons, Inc. dba Zerega",zerega.com
Liberty Heights Fresh,libertyheightsfresh.com
"PacMoore Products, Inc.",pacmoore.com
"Land O'Frost, Inc.",landofrost.com
"Curry Love, Inc. dba Mike's Organic Curry Love",currylove.com
"Culinary Farms, Inc.",culinaryfarms.com
Life Bridge International Corp.,lifebridgeintl.com
Paulaur Corp.,paulaur.com
"PGP International, Inc.",pgpint.com
"Dakota Blenders, LLC",dakotablenders.net
"Sweetener Solutions, L.L.C.",sweetenersolutions.com
"Equichem International, Inc.",equichem.com
"Erie Foods International, Inc.",eriefoods.com
Sweetener Supply Corp.,sweetenersupply.com
"World Technology Ingredients, Inc. (WTI)",wtiinc.com
Westlake Produce Co.,westlakeproduce.com
Cyrus Saffron,cyrussaffron.com
"PoppingFUN, Inc.",poppingfun.com
"Wenda Ingredients, LLC",wendaingredients.com
"Virginia Dare Extract Co., Inc.",virginiadare.com
"The Whole Herb Co., Inc.",wholeherbcompany.com
"Seawind International, LLC dba Seawind Foods",seawindfoods.com
"Twin Garden Sales, Inc.",twingardensales.com
"Wisconsin Spice, Inc.",wisconsinspice.com
"Profood International, Inc.",profoodinternational.com
"Flavor-Pic Tomato Co., Inc.",flavorpic.com
"Puritan Bakery, Inc.",puritanbakery.com
"D2 Ingredients, LP",d2ingredients.com
"Nicholas and Co., Inc.",nicholasandco.com
"Innovative Produce, Inc.",innovativeproduce.com
"Join Food Ingredient, Inc.",joinfoodingredient.com
"Quick Dry Foods, Inc.",quickdryfoods.com
"Natural Products, Inc. (NPI)",npisoy.com
"Fair Oaks Farms, LLC dba Fair Oaks Foods",fairoaksfoods.com
"Corine's Cuisine, Inc.",corinescuisine.com
Crisp and Co.,crisppickles.com
"SM Ingredients, Inc.",smingredients.com
"NiuSource, Inc.",niusource.com
"Tierra Group, LLC",thetierragroup.com
"Appeeling Fruit Holdings, LLC",appeelingfruit.com
CJ's Premium Spices LLC,cjspremiumspices.com
"CK Living, LLC",crazykoreancooking.com
"The Sun Valley Rice Co., LLC",sunvalleyrice.com
Nago Foods,nagofoods.com
"Kuna Meat Co., Inc. dba Kuna Foodservice",kunafoodservice.com
"Casablanca Foods, LLC dba Mina",mina.co
"Casa DiLisio Products, Inc.",casadilisio.com
"Get Dressed Salads, LLC",getdressedsalads.com
"Vassell Foods, Inc.",vassellfoods.com
"New Star 21, Inc. dba Garlic and Spice, Inc.",garlicandspice.com
Gilster-Mary Lee Corp.,gilstermarylee.com
"Coco International, Inc.",cocofoods.com
"Ritchie Hill Bakery, Inc.",ritchiehillbakery.com
Next Generation Foods,nextgenfoods.com
"New Hope Mills Manufacturing, Inc.",newhopemills.com
"Dutch Valley Food Distributors, Inc.",dutchvalleyfoods.com
Ingredient 1,ingredient1.com
"Elegant Edibles, LLC",elegantedibles.com
"Tarazi Specialty Foods, LLC",tarazifoods.com
"Javo Beverage Co., Inc.",javobeverage.com
"Lady Date, Inc.",ilovedatelady.com
"Sauce Goddess Gourmet, LLC",saucegoddess.com
"Muffin Revolution, LLC",muffinrevolution.com
Sweet Pillar and Company,sweetpillar.com
"Toddco, LLC",toddsdirt.com
"Spicy 'n Sweet, LLC dba City Saucery",citysaucery.com
Three Little Figs LLC,threelittlefigsjam.com
"White Camel Foods Group, LLC",whitecamelhummus.com
"My Brother's Salsa, LLC",mybrotherssalsa.com
"Look's Gourmet Food Co., Inc. dba Bar Harbor Foods",barharborfoods.com
"Wabash Valley Farms, Inc.",wabashvalleyfarms.com
"Austinuts Wholesale, Inc.",austinuts.com
"Cloud Top, Inc.",cloudtopyogurt.com
Bubba Rose Biscuit Co.,bubbarose.com
Muenster Milling Co.,muensterpet.com
"My Perfect Pet, Inc.",myperfectpetfood.com
Musco Food Corp.,muscofood.com
"Abbch Ousterhout, Ltd. dba O' My Goodness Cookies",visitors.omygoodness.com
"Zoe's Meats, Inc.",zoesmeats.com
"Inaba Foods (USA), Inc.",inabafoods.com
"Schell and Kampeter, Inc. dba Diamond Pet Foods, Inc.",diamondpet.com
Dog Bark Naturals,dogbarknaturals.com
"Chef Belinda, LLC",chefbelindaspices.com
"Verdant Resources, LLC, dba Verdant Kitchen",verdantkitchen.com
"Vermont Roots, Inc.",vtroots.com
"My Coconut Kitchen, LLC",mycoconutkitchen.com
"My Dad's Gluten Free Products, Inc. dba My Dad's Cookies",mydadscookies.com
Cache Lake Camping Foods,cachelake.com
"Marczyk Fine Foods, Inc.",marczykfinefoods.com
"Simply Native Foods, LLC",simplynativefoods.com
"Bogg's Trail Foods, LLC dba Trail Butter",trailbutter.com
Napa Cakes Panforte,napacakespanforte.com
"Tail Bangers, Inc.",tailbangers.com
"JustFoodForDogs, LLC (JFFD)",justfoodfordogs.com
"Safcol USA, Inc.",safcolpet.com
"Pampered Pet Treats, Inc.",pamperedpetsusa.com
"BareItAll Petfoods, LLC",petsumer.com
Scarlett Seed Co. dba Scarlett Quality Pet and Wild Bird Feed,scarlettpetfood.com
"Ariake USA, Inc.",ariakeusa.com
"CMS Fine Foods, Inc.",cmsfinefoods.com
"Red Shell Foods, Inc.",redshell.com
The Morning Star Co.,morningstarco.com
"Everpress Juice, Inc. dba Juice From the Raw",juicefromtheraw.com
"To Your Health Sprouted Flour Co., Inc.",healthyflour.com
"Wehah Farm, Inc. dba Lundberg Family Farms",lundberg.com
"Salt and Straw, LLC",saltandstraw.com
"Wild Grill Foods, LLC",wildgrillfoods.com
"I Won Nutrition, Inc.",iwonnutrition.com
"Elisabeth Hasselbeck Enterprises, LLC dba NoGii",nogii.com
"Old World Provisions, Inc.",corporate.oldworldprovisions.com
"Divine Health, Inc. dba Dr. Don Colbert, MD",drcolbert.com
"Keystone Potato Products, LLC",keystonepotato.com
"Tropicale Foods, Inc. dba Helados Mexico",heladosmexico.com
"Tin Star Foods, LLC",tinstarfoods.com
Heidi's Real Food,heidisrealfood.com
"Protein Plus, LLC",proteinplusflour.com
"Quinn Foods, LLC dba Quinn Snacks",quinnsnacks.com
"Laird Superfood, Inc.",lairdsuperfood.com
"Superleaf, LLC dba Detox Water",detoxwater.com
"Sol Simple, LLC",solsimple.com
"Alef Sausage, Inc.",alefsausage.com
Slim Soul,slimsoul.com
"Aleia's Gluten Free Foods, LLC",aleias.com
"Health Garden of NY, Inc.",healthgardenusa.com
Forbes Chocolate,forbeschocolate.com
"Cave Shake, LLC",eatspaceshake.com
"First Field, LLC",first-field.com
"Continental Sausage, Inc. dba CharcutNuvo",charcutnuvo.com
"Advance International, Inc.",advanceprotein.com
"Joseph's Gourmet Pasta Co., Inc.",josephsgourmetpasta.com
CerCo Ingredients,cercoingredients.com
"Q-Full USA, Inc.",q-full.com
G.A. Wintzer and Son Co.,gawintzer.com
Texas Farm Products Co. dba TFP Nutrition,tfpnutrition.com
"North Star Processing, LLC",nsp-llc.com
"Phytochem International, Inc.",phytocheminc.com
