name,domain
Victus International Inc. dba Talia di Napoli,taliadinapoli.com
"El Cholo, Inc.",elcholo.com
Total Spice Co.,totalspice.com
"iJerkyGuy, LLC",ijerkyguy.com
"EAATS, LLC dba Epic Gourmet Popcorn",epicpopcorn.com
"F.W. Cobs Co., Inc.",fwcobs.com
"Terra Ingredients, LLC",terraingredients.com
"KND Labs, LLC",kndlabs.com
"Golden Grains Bakery, Inc.",goldengrainsbaking.com
"Mainline Foods, LLC",mainlinefoods.com
"Strictly From Scratch, Ltd.",sfscratch.com
"Ld Gelato, LLC dba Baci Gelato",bacigelato.com
Ravino Pasta,ravinopasta.com
"India Spice Palette, LLC dba Mom's Magic Masala",momsmagicmasala.com
"SauFennel, LLC",saufennel.com
"Back to the Basics 101, LLC",backtothebasics101.com
"Proper Pepper Pimento Cheese, LLC",properpepper.com
"Bakeworks, Inc.",bakeworks.com
"Joe Fazio Bakery, Inc.",faziosbakery.com
Holi Corp.,feedholi.com
"Newly Weds Foods, Inc.",newlywedsfoods.com
"Simply Fresh: California Delicatessen, LLC",simplyfreshsd.com
"Paleo On The Go, LLC",paleoonthego.com
Gold Nugget Ghee,goldnuggetghee.com
"Balanced Bites, LLC",balancedbites.com
Bakers Royale,bakersroyale.com
Two Cups Flour,twocupsflour.com
"Dr. Davinah's Eats, LLC",drdavinahseats.com
"Blue Glass Jar, Inc. dba Twosleevers",twosleevers.com
"White Birch Media Group, LLC dba It Is a Keeper",itisakeeper.com
"Clean Eating Couple, LLC",thecleaneatingcouple.com
Meal Prep on Fleek (MPOF),mealpreponfleek.com
Southern Bytes,southern-bytes.com
"The Adventure Bite, LLC",theadventurebite.com
"GrandBaby Cakes, LLC",grandbaby-cakes.com
"The Mediterranean Dish, LLC",themediterraneandish.com
"Arandola, LLC dba Slender Kitchen",slenderkitchen.com
"$5 Dinners, LLC",5dollardinners.com
"S&S Cheesecake, Inc.",sscheesecake.com
Artimex Bakery,artimexbakery.com
"Athens Baking Co., Inc.",athensbaking.com
"Riverhouse Food Products Co., Inc.",riverhousedressing.com
"Snacks Partners International, Inc. dba Medbar",mymedbar.com
"TFP, LLC dba Lettuce Grow",lettucegrow.com
"Sokol and Co., Inc. dba Solo Foods, Inc.",solofoods.com
"Big Island Candies, Inc.",bigislandcandies.com
Ashland Sausage Co.,ashlandsausage.com
"Bally Plus Food Solutions, Inc.",ballyplus.com
"International Food Systems, LLC dba Custom Ingredients, Ltd.",customingredients.com
"Ascent Foods, LLC",ascentfoods.com
French Lake Butcher Shop,frenchlakebutchershop.com
"Diller Locker Co., LLC",dillerlocker.com
"Center for Agricultural and Food Entrepreneurship (CAFE) dba Blue Ridge Food Ventures, LLC",blueridgefoodventures.org
"Alive, LLC",alivepetfood.com
"ATX Specialty Foods, LLC",atxspecialtyfoods.com
"Hongar Farms Gourmet Foods, Inc.",hongarfarms.com
"Heritage Specialty Foods, LLC",heritagespecialtyfoods.com
"Foodies Urban Kitchen, LLC",foodiesurbankitchen.com
Salt and Savour,saltandsavour.com
Ronald Reginald's Vanillas,ronaldreginalds.com
BEVO d.o.o. dba Juicy Marbles,juicymarbles.com
"Wonderlab Doozy, Inc.",wonderlabdoozy.com
Harris Baking Co.,harrisbaking.com
"Knudsen's Ice Creamery, Inc.",icecreamery.net
"J & W Farm, LLC",jandwfarm.com
"PremierFoods, LLC",premierfoodsllc.wordpress.com
"Stafford Meat Co., Inc.",smcjerky.com
"Radich Bor-Do-Lay, Inc.",bordolay.com
"8th Avenue Food and Provisions, Inc.",8ave.com
"Fig & Olive USA, Inc.",figandolive.com
"Salad Town, LLC dba The Salad Station",thesaladstation.com
"Snax In Pax, Inc.",snaxinpax.com
"Taylor Gleason Enterprises, LLC",taylorgleason.com
"Pearlco of Boston, Inc.",saratogadressings.com
"Curly Girlz Candy, Inc.",curlygirlzcandy.com
Love Love Sweets,lovelovesweets.com
LW Chocolatier,lwchocolatier.com
"E & H, LLC dba Oakhouse Bakery",oakhousebakery.com
"Pure Nature Foods, LLC",purenaturefoodsco.com
"Mr. G's Kettle Corn, LLC",mrgskettlecorn.com
"Azteca Bakeries, Inc.",aztecabakeries.com
"Harbor Point Mineral Products, Inc.",harborpointminerals.com
"DDC Nutrition, LLC",ddcnutrition.com
"William C. Loughlin & Co., Inc.",wcloughlin.net
"Wilbur-Ellis Nutrition, LLC",wilburellisnutrition.com
"Tier 1 Nutritionals, Inc.",tier1nutritionals.com
"Sustainable Fare, LLC",sustainablefare.com
"Durbin Associates, Inc.",durbinassociatesinc.com
"Dale's Sauces, Inc. dba Dale's Seasoning",dalesseasoning.com
"PureField Ingredients, LLC",purefield.com
"Legacy Family Foods, Inc.",legacyfamilyfoods.com
"Snack Innovations, Inc.",snackinnovations.com
"The Biscuit Barkery of Northern Colorado, LLP",nocobarkery.com
Bulk Foods,bulkfoods.com
"Emerling International Foods, Inc.",emerlinginternational.com
"Organic Nectars, Inc.",organicnectars.com
Anna's Honey,annashoney.com
"Beeyond The Hive, LLC",beeyondthehive.com
Ca'd'Oro Bakery,cadorobakery.com
King Korn Popcorn Co.,kingkorn.net
"Lucky Farms, Inc.",luckyfarms.com
"Manda Fine Meats, Inc.",mandafinemeats.com
"Afgritech, LLC dba AminoMax, LLC",aminomax.com
"Larsen's Creamery, Inc.",larsenscreamery.com
Cirrus Beverage,drinkcirrus.com
Corporate Cakes,corporatecakes.com
"Perfect Bar, LLC dba Perfect Snacks",perfectsnacks.com
"Cordialsa USA, Inc.",cordialsausa.com
"Mark's Mindful Munchies, Inc. dbs Pop Bitties",popbitties.com
"Capella Flavors, Inc.",capellaflavors.com
Marjorie's Original BBQ Sauce,phatnsaucy.com
"Leith Sourcing, LLC",leithsourcing.com
MyForest Foods Co.,myforestfoods.com
"Van Brunt Stillhouse, LLC",vanbruntstillhouse.com
Ventura Limoncello Co.,venturalimoncello.com
"Plant Perks, Inc.",plantperks.com
"Allibelle Foods, Inc. dba Lupii",getlupii.com
"Blackbird Foods, Inc.",blackbirdfoods.com
Be Leaf Corp.,beleafvegan.com
Farmer's Delicatessen and Bakery,farmersdeli.net
Gayle's Bakery & Rosticceria,gaylesbakery.com
"Sushi House, Inc. dba GoWasabi",gowasabi.com
Mama Jo Homestyle Pies,mamajopies.com
Bella Napoli Bakery,bellanapolibakery.com
Sweetie Pies Bakery,sweetiepies.com
Grandma's Country Oven Bake Shoppe,grandmascountryovenbakeshoppe.com
"Cheri's Bakery, LLC",cheris-bakery.com
Paisano's Italian Bakery,paisanositalianbakery.com
Duluth's Best Bread,duluthsbestbread.com
"Java Break, Inc. dba New Glarus Bakery",newglarusbakery.com
"Gourmet Bake Shop, Inc.",gourmetbakeshop.com
Pennington's Cakes,penningtonscakes.com
"Debaufre Bakeries, Inc. dba Berger Cookies",bergercookies.com
Kirsten's Danish Bakery,kirstensdb.com
2tarts Bakery and Catering,2tarts.com
Amie Bakery,amiebakery.com
"McGavin's Bakery, Inc.",mcgavinsbakery.com
"Servatii, Inc.",servatii.com
"The Sweet Shoppe Bakery, Inc.",thesweetshoppebakery.com
Emil's Bake House,emilscafe.com
Holland Farms Bakery and Deli,hollandfarms.com
Scholars Inn Bakehouse,scholarsinnbakehouse.com
"Bakers Basket, Inc.",bakersbasket.com
"Ruthann's Gourmet Bakery, LLC",ruthannsgourmetbakery.com
"Tiffany's Bakery and Eatery, Inc.",tiffanysofcolumbia.com
"Lochel's Bakery, LLC",lochelsbakery.com
"Mid American Ventures, Inc. dba Cookie Cupboard Gourmet Dough",cookiecupboard.com
"Inter-County Bakery Supply, Inc.",icbakers.com
PattyCakes Bakery,pattycakesgalveston.com
"Shuka Foods, S.A.P.I. de C.V. dba Benji Vegan Gourmet",benji.com.mx
"Townie Bagels, LLC",towniebagels.com
"Diamond Bakery Co., Ltd.",diamondbakery.com
"E. Formella & Sons, Inc.",formella.com
"Calhoun Bend Mills, Inc.",calhounbendmill.com
"718 HEAT FACTORY, LLC",718heatfactory.com
"Pallota Hot, LLC",pallottahot.com
"St. Lucifer Foods Co., LLC",saintluciferspice.com
"Source Fire Sauce, LLC",sourcefiresauce.com
"Uncle Harry's, Inc.",uncleharrysicecream.com
"Ron's Home Style Foods, Inc.",ronsfoods.com
"Stone House Bread, LLC",stonehousebread.com
"Stone and Skillet, LLC",stoneandskillet.com
"Roman Pizza Academy, LLC",romanpizzaacademy.com
Lilly's Baking Co.,lillysbakingco.com
"Jaffa Salads, Inc.",jaffasalads.com
"Fronen Foods, Inc.",eatfronen.com
Elior North America,elior-na.com
"Trinity Distribution, Inc.",trinityd.com
"Dinovite, Inc.",dinovite.com
Community Bakers,community-bakers.com
"Lucky Penny Bread, LLC",luckypennybread.com
"Poke Bowl, Inc.",pokebowlny.com
"Rosina Gourmet, Inc.",rosinagourmet.com
"Bumble Foods, LLC dba bumble & butter",bumbleandbutter.com
"Flavor Seed, LLC",flavorseed.com
Seed + Mill,seedandmill.com
"Gourmet Food Holdings, LLC dba Teta Foods",tetafoods.com
"Vicenzi (USA), Inc.",vicenziusa.com
Vermont Amber Candy Co. dba Vermont Amber Organic Toffee,vermontamber.com
"Grlk, LLC",grlksauce.com
"HSR Associates,  Inc.",hsrassociates.net
"Flint Hills Resources, LP. dba NexPro Ingredients",nexproingredients.com
"Amarlane Foods, Ltd.",amarlanefoods.com
Ancient Organics Ghee,ancientorganics.com
"Better Foods Jeyer, LLC dba Extra White Gold",extrawhitegold.com
"Coreana Foods, Inc.",coreanakimchi.com
"CHKN Not Chicken, Inc.",chknnotchicken.com
"Fresh Innovations, LLC",freshinnovationsllc.com
"Su Cabrito USA, LLC",sucabritousa.com
"Valencia Flour Mill, Ltd.",valenciaflourmill.com
"Go Energy Foods, Inc. dba E3 Energy Cubes, Inc.",e3energycubes.com
"Vegan Eats, LLC",veganeatsusa.com
"Pie In The Sky, LLC",pieintheskybakery.com
"Good Roots, LLC",goodrootsfoods.com
"Major Flavor Seasonings, LLC",majorflavorseasonings.com
"Nothing But Real, Inc. dba Halsa Foods",halsafoods.com
"Yalaman, LLC dba Muscle Cheff",musclecheff.com
"Kids Healthy Foods, LLC",kidshealthyfoods.com
Kovi Kai,kovikai.com
"Ba-Le, Inc. dba La Tour Bakehouse",latourbakehouse.com
"Mctco, Inc. dba NuSkool, Inc.",nuskoolsnacks.com
"Mi Abuelo Organic Chile, LLC",organicchiles.com
"Nubocha, Inc.",nubocha.com
"One Frozen, LLC",onefrozen.com
"Pure Jerky Co., LLC",purejerky.com
"Prana Foods, PBC",pranafoods.co
"Werling & Sons, Inc.",werlingandsons.com
"Safe Harvest, LLC",safeharvest.com
"Unbelievabread, LLC dba Unbelievabuns",unbelievabuns.com
"Rojo's Famous, Inc.",rojosfamous.com
"Santte Foods, LLC",santte.com
"Snaak Bar, LLC",snaakbar.com
"Sweety Novelty, Inc. dba Sweety Ice Cream",sweetyicecream.com
"Think Better Foods, LLC",thinkbetterfoods.com
"Goat Goods, LLC dba This Little Goat",thislittlegoat.com
Three Wishes Cereal,threewishescereal.com
"MommyWins, LLC dba Unite Food",unitefood.com
"Vannelli Brands, LLC",vannellibrands.com
Saucy Co.,saucycompany.com
"Gourmet Ingredients, LLC",gourmetus.net
"Innovative Freeze-Dried Food, LLC (IFDF)",innovativefdf.com
"BE, Inc. dba ZenBurger",zenburger.com
"The Culinary Source, Inc.",theculinarysource.com
"Aharoni and Steele, Inc. dba Sante Specialty Foods",santenuts.com
"Barney and Co. California, LLC",barneybutter.com
"White Buffalo, LLC dba Ona Treats",onafoods.com
"Northwest Natural Goods, LLC dba Wyld CBD",wyldcbd.com
Genuine Oregon,genuineoregon.com
"K and N's Foods USA, LLC",kandns.us
"Simek's, Inc.",simeks.com
Grandma's Frozen Noodles,grandmaspasta.com
"Brooklyn Specialties, LLC dba Seven Barrels",7barrels.com
"Smartnutras International, LLC",smartnutras.com
"General Mills, Inc.",generalmills.com
The J.B. Dough Co.,jbdough.com
Amy's Bread,amysbread.com
Raleigh Street Bakery,raleighstreetbakery.com
Persephone Bakery,persephonebakery.com
Brimfield Bread Oven,brimfieldbreadoven.com
"Sandi's Bread, LLC",sandisbreads.com
Niedlov's Cafe & Bakery,niedlovs.com
"Ibis Bakery, LLC",ibisbakery.com
"Evergrain Bread Co., LLC",evergrainbreadco.com
The Bread Shop,breadshop411.com
"Hillside Bakery, LLC",hillside-bakery.com
Cafe Flora,cafeflora.com
"Bread from the Earth, LLC",breadfromtheearth.com
Dozen Bakery,dozen-nashville.com
Evergreen Bread & Cocktail Lounge,evergreenbreadlounge.com
"Bob's Well Bread, LLC",bobswellbread.com
"Breadtopia, Inc.",breadtopia.com
Blue Grouse Bread,bluegrousebread.com
Bread Man Baking Co.,breadmanco.com
"Challenger Breadware, LLC",challengerbreadware.com
"Sundog Bread, LLC",sundogbread.com
"Pagosa Baking Co., LLC",pagosabakingcompany.com
Madison Sourdough Bakery and Cafe,madisonsourdough.com
"460 Bread, Inc.",460bread.com
"Acme Bakeshop, LLC",acmebakeshop.com
Albemarle Baking Co.,albemarlebakingco.com
Delightful Pastries,delightfulpastries.com
"Berkshire Mountain Bakery, Inc.",berkshiremountainbakery.com
"Woodstar Cafe, Inc.",woodstarcafe.com
Verzênay Pâtissière,verzenaypatisserie.com
Ultimate Meal Plans,ultimatemealplans.com
"MealSquares, LLC",mealsquares.com
Paonia Bread Works,paoniabreadworks.com
"Sun Street Breads, Inc.",sunstreetbreads.com
Lost Larson,lostlarson.com
The SoNo Baking Co.,sonobaking.com
"Joe Jurgielewicz and Son, Ltd.",tastyduck.com
"Finchville Farms Country Hams, LLC",finchvillefarms.com
Ross Bread and Coffee,rossbread.com
"Mingua Beef Jerky, Inc.",minguabeefjerky.com
"Dixie Chili, Inc.",dixiechili.com
"Bread and Roses Bakery, Inc.",breadandrosesbakery.com
"Glier's Meats, Inc.",goetta.com
"Northwestern Foods, Inc.",n2ocompanies.com
"Premier Brands, LLC dba Nuestra Cocina",nuestracocinabrands.com
"Ocean Spray Cranberries, Incorporated",oceanspray.com
"The Hyland Co., Inc. dba The Pride Dog Food",thepridedogfood.com
"Adam Matthews, Inc.",adammatthews.com
"Kern's Kitchen, Inc. dba Derby-Pie Co., Inc.",derbypie.com
Atlantic Foods Company,atlanticfoodscompany.com
"Golden Valley Industries, Inc. (GVI)",goldenvalleyindustries.com
"Keenan Farms, Inc.",keenanfarms.com
"Rose 32 Bread, LLC",rose32bread.com
"SunWest Foods, Inc.",sunwestfoods.com
"Farmstead Bread, LLC",farmsteadbread.com
Backwards Bread Co.,backwardsbreadco.us
"Mediterra Bakehouse, Inc.",mediterrabakehouse.com
"Clear Flour Bakery, Inc.",clearflourbread.com
"Aveno Antiguo, Inc.",avenofoods.com
"Baker's Way, Inc.",bakersway.com
"SEPPY's Kosher Baked Goods, Inc.",seppyskosher.com
Raquelitas Tortillas,raquelitas.com
Vollmer's Bakery and Cheesecake Factory,vollmersbakery.com
Goguette Bread,goguettebread.com
The Baker's Table,thebakers-table.com
"Tico's Mexican Foods, Inc.",ticosfoods.com
Olde Hearth Bread Co.,oldehearthbreadcompany.com
"Slow Rise Bakery, Ltd.",slowrisebakery.com
"Creswell Bakery, LLC",creswellbakery.com
"Tilda's Bake Shop, Inc.",tildas.com
Voyageurs Sourdough and Bakehouse,voyageurs.co
"Zingerman's Bakehouse, Inc.",zingermansbakehouse.com
"O Bread Bakery, LLC",obread.com
"Blue Baker.Com, Ltd.",bluebaker.com
Polish Princess Bakery,polishprincessbakery.com
Serenity Farm Bread,serenityfarmbread.com
Ceres Bakery,ceresbakerymt.com
"Yalaha Bakery, LLC",yalahabakery.com
"The French Pantry, Inc.",thefrenchpantry.com
Flying Squirrel Bakery Café,flyingsquirrelcafe.com
"Dakota Harvest, Inc.",dakotaharvest.com
Red Hen Baking Co.,redhenbaking.com
Sixteen Bricks Artisan Bakehouse,sixteenbricks.com
"Cole's Peace, Inc.",colespeace.com
Essence Bakery Café,essencebakery.com
"La Farm, Inc.",lafarmbakery.com
MarieBette Cafe and Bakery,mariebette.com
"Outside the Breadbox, Inc.",outsidethebreadbox.com
"Hive Magic, LLC",hivemagic.com
Broadway Daily Bread Co.,broadwaybread.com
Victorian Bakery,victorianbakery.com
"Eco-Cuisine, Inc.",eco-cuisine.com
"BCW Food Products, Inc. dba B.C. Williams Bakery Service, Inc.",bcwilliams.com
"Form Factory, Inc. dba Gesundheit Foods, LLC",gesundheitfoods.com
"Companion Natural Pet Food, LLC dba Fresh Is Best, Inc.",freshisbest.com
E3 Ranch & Co.,e3meatco.com
"Pancho Anaya Mexican Bakery of Tulsa, Inc.",panchoanaya.com
"Provital, Inc. dba Paws and Co.",pawsandcodogchews.com
On The Rise Artisan Breads,ontheriseartisanbreads.com
Shepherd Boy Farms,shepherdboyfarms.com
Nathaniel Reid Bakery,nrbakery.com
"Sea Breeze Foods, Inc. dba Moceri Produce, Inc.",moceriproduce.com
"Trico USA, LLC dba Food-Pak Express",foodpakexpress.com
"Great Lakes Foods, LLC",greatlakesfoods.com
"Ray and Mascari, Inc.",rayandmascari.com
Dependable Food Corp.,dependablefood.com
"Gourmet Garage, Inc.",gourmetgarage.com
"Noon Hour Food Products, Inc.",noonhourfoods.com
"David Rosen Co. dba David Rosen Bakery Supplies, Inc.",davidrosenbakerysupply.com
Roth Produce Co.,rothproduce.com
"Nielsen-Massey Vanillas, Inc.",nielsenmassey.com
"Biloxi Freezing and Processing, Inc.",biloxifreezing.com
Imperial Sugar Co.,imperialsugar.com
Mission Foods Corp.,missionfoods.com
"Daily Bread Bakers, LLC",dailybreadbakers.com
"Old Mansion, Inc.",oldmansion.com
"Vanee Foods Co., Inc.",vaneefoodservice.com
"All Natural Products, Inc. dba Davidovich Bakery",davidovichbakery.com
"Chelsea Milling Co., Inc. dba Jiffy mix",jiffymix.com
The J.M. Smucker Co.,jmsmucker.com
River Rock Kitchen & Baking Co.,riverrockbakery.com
"Brake Bread, LLC",brakebread.com
"Barrio Bread, LLC",barriobread.com
"Duck Island Bread Co., Inc.",duckislandbreadcompany.com
"Rise Up Artisan Bread, LLC",riseupartisanbread.com
Beyond Bread,beyondbread.com
Green Truck Bakery,greentruckbakery.com
"Baumer Foods, Inc. dba Crystal Hot Sauce",crystalhotsauce.com
"Green Valley Meat Distributors, Inc.",greenvalleyhalal.com
McCarthy Spice & Blends Co.,mccarthyspice.com
"Som 'Good Seasoning, LLC",somgoodhawaii.com
"Rocket Scientist Chili Hawaii, LLC dba JC International",stores.jcihawaii.com
Tipsy,tipsytakeout.com
"Pedigree Ovens, Inc.",pedigreeovens.com
"87P, LLC dba The Fresh Factory",thefreshfactory.co
"Siren Shrub Co., LLC",sirenshrubs.com
"Emergy, Inc. dba Meati, Inc.",meati.com
"Red River Foods, Inc.",redriverfoods.com
Cowboy Spice Co.,cowboyspicecompany.com
"Smart Pressed Juice, LLC",smartpressedjuice.com
Baker Street Bread Co.,bakerstreetbread.com
"Douce France Bakery, Inc. (DF Bakery)",dfbakery.com
Scobi Kombucha,scobikombucha.com
"Blend Mark Foods, LLC",blendmark.com
"Elo Life Systems, Inc.",elolife.com
United International,uinternational.com
"B.C.H. America, Inc.",bchamerica.com
"StickyLickits, LLC",stickylickits.com
"Peckish, LLC",perfectlypeckish.com
"GariMark Foods, Inc.",garimarkfoods.com
"Lett-Us-Produce, Inc.",lettusproduce.wordpress.com
bon COOK,boncook.com
"GoDésana Organics, LLC",greenorganicsinternational.com
"Victory Nutrition International, Inc. (VNI)",vni.life
"Four Sigma Foods, Inc. dba Four Sigmatic",us.foursigmatic.com
Melmos Dog Treats,melmosdogtreats.com
"Gourmet Creations, Inc.",gourmetcreations.net
"G and L Holdings, Inc.",gandlholdings.com
"Dutch Valley Food Development, Inc.",dutchvalleyfooddevelopment.com
"JuneShine, Inc.",juneshine.com
"Grantco, Inc. dba Gourmet Blending",gourmetblending.com
"Signature Seasonings, LLC",signatureseasonings.com
"Namar Co. dba Namar Foods, Inc.",namar.com
La Monarca Bakery and Café,lamonarcabakery.com
"A&E Hospitality Solutions, LLC",aehospitalitysolutions.com
"The Bene Baby Company, Inc.",benebabycompany.com
"Chelsea Milling Co. dba Jiffy Foodservice, LLC",jiffyfoodservice.com
"Gold Crust Baking Co., Inc.",goldcrust.com
"Legacy Foods Manufacturing, LLC",legacyfoodsmanufacturing.com
"Severino Pasta Manufacturing Co., Inc.",severinopasta.com
"Skylark Meats, LLC",skylarkmeats.com
"Alphia, Inc.",alphia.com
"Epogee, LLC",epogee.com
Active Confectionery,activeconfectionery.com
"Uptown Bake and Brew, LLC",uptownbakers.com
"R.L. Zeigler Co., Inc.",zmeats.com
"Tofuna Fysh, LLC",tofunafysh.com
"International Dehydrated Foods, Inc. (IDF)",idf.com
"MycoTechnology, Inc.",mycoiq.com
"Celebrate Baking Co., Inc.",celebratebaking.com
"Stryve Foods, Inc. dba Stryve Biltong, LLC",stryve.com
Kraftsmen Baking Co.,kraftsmenbaking.com
"Health Hut, Inc.",healthhut-wi.com
"Sunneen Health Foods, Inc.",sunneen.com
"Sunrise Health Foods, Inc.",sunrisehealthfoods.com
Link Feed Ingredients (LFI),linkfeedingredients.com
"Green Pack of Puerto Rico, Inc. dba Mi Cosecha",micosecha.com
Boone Brands,boonebrands.com
"Greener Days, LLC dba Greenerways Organic",greenerways.com
"Carolina Sauce Co., Inc.",carolinasauce.com
"A&B Distributing Co., Inc.",aandbdistributors.com
"L.C. CH International, Inc. dba La Caja China",lacajachina.com
"Continuum Puck, LLC dba Protein Puck",proteinpuck.com
Outer Banks Olive Oil Co.,outerbanksolive.com
Tio Tony's Fine Mexican Food,tiotonys.com
Plant Provisions,plantprovisions.co
"Fake Food Free Productions, LLC",fakefoodfree.com
The Happy Orchard,thehappyorchard.com
True Natural Foods Co.,truenaturalfoods.com
"FC Foods, LLC dba Julia's Table",juliastable.com
"A la Maison de Provence, LLC",alamaisondeprovence.com
"Central Processors, Inc.",centralprocessors.com
"Ry-Con Specialty Foods, Inc. dba Andrew & Everett",andrewandeverett.com
All Spice Cafe,allspicecafe.com
"Andy's Seasoning, Inc.",andysseasoning.com
"Matriark Foods, Inc.",matriarkfoods.com
"Golden Cannoli Shells Co., Inc.",shop.goldencannoli.com
"Mezes Foods, LLC dba Peppi's Greek Gourmet",peppisgreekgourmet.com
"Pyramid Foods, LLC dba Pitmaster LT's",pitmasterlt.com
Dynamic Ingredients,dynamicingredients.com
"JSO Associates, Inc.",jsoassociates.com
"Beta Food Consulting, Inc.",betafc.com
Loman Brown Inc.,lomanbrown.com
"Austin's Own, Inc.",austinsown.com
"Bagels Forever, Inc.",bagelsforever.com
Barkworthies,barkworthies.com
"Beeler's, Inc. dba Beeler's Pure Pork",beelerspurepork.com
"Good Old Days Foods, Inc.",goodolddaysfoods.com
"Ideal Oats, LLC",idealoats.com
"Forbes Frozen Foods, Inc.",forbesfoods.com
"Howard Foods, Inc.",howardfoods.com
"Highland Pop, Ltd.",highlandpop.com
Southern Sweets Bakery,southernsweets.com
"Toonie Moonie Organics, Ltd.",tooniemoonie.com
Sunshine Tomato Co.,sunshinetomatocompany.com
"Equizitive, LLC dba Trü Pickles",trupickles.com
Tonnino,tonnino.com
"Food Blitz, Inc.",foodblitzinc.com
"Black Diamond Foods, Inc.",blackdiamondfoodsinc.com
"De Massimo's Imports, LLC",demassimos.com
Drake's Batter Mix Co.,drakesbattermix.com
"CNS Confectionery Products, LLC",cnscoinc.com
East Wind Nut Butters,eastwindcrafts.com
"Catalina Snacks, Inc. dba Catalina Crunch",us.catalinacrunch.com
"Country Bobs, Inc.",countrybobs.com
"Tasty-Toppings, Inc.",dorothylynch.com
"Dancing Star, LLC dba Chunks of Energy",chunksofenergy.com
Dorot Gardens,dorotgardens.com
"Mate Revolution, Inc. dba Ecoteas",yerbamate.com
"Cuddletime, Inc. dba Laura's Wholesome Junk Food",lauraswholesomejunkfood.com
"Paisley Farms, Inc.",paisleyfarmfoods.com
"E & V Blaylock, Inc.",locksbarbqsauce.com
"Memphis Health Food Distributors, LLC dba Natural Heaven",eatnaturalheaven.com
Mateo's Gourmet Salsa,mateos.com
"Parker Maple Farm, LLC",parkersmaple.com
Old Salt Merchants,oldsaltmerchants.com
"Pennant Ingredients, Inc.",pennant-ingredients.com
"Vicolo Wholesale, LLC",vicolopizza.com
"Win Schuler Foods, Inc.",winschulers.com
Zia Hatch Chile Co.,ziahatchchileco.com
"Bart & Judy's Bakery, Inc.",bartandjudys.com
"ZZ Foods, LLC dba Zacca Hummus",zaccahummus.com
Villa de Patos,villadepatos.com
"Royal Flour Mills dba Martha White Foods, Inc.",marthawhite.com
"Puget Sound Foods, Inc.",pugetsoundfoods.com
"Junket Foods, LLC",junketdesserts.com
"Healthy Pet Foods, Inc.",healthypetfoodsinc.com
"All In Nutrition, LLC dba WICKED Protein Bars",wickedprotein.com
"Paragon Pure, Inc.",paragonpure.com
"Cibo Vita, Inc.",cibovita.com
"Harvest Connect, LLC",myharvestconnect.com
"Silver Fern Brand, LLC",silverfernbrand.com
Imvela Corp. dba Kingdom Supercultures,kingdomsupercultures.com
"Batch Bakehouse, Inc.",batchbakehouse.com
"Grandaisy Bakery, Inc.",grandaisybakery.com
La Masseria PBG,lamasseriapbg.com
Wellens and Co.,wellenscompany.com
"Nutrify, LLC",nutrify.com
"NEWtritious, LLC",newtritious.com
"Tree Top, Inc.",treetop.com
"Select Europe, Inc.",fruitsdemer.co
Lily's Vegan Pantry,lilysveganpantry.com
Five Way Foods,fivewayfoods.com
"DinnerTime, Inc.",wp2.dinnertime.com
"Twin Cities Co-op Partners, Inc. (TCCP)",tccp.coop
"Red Clay Provisions, LLC dba Red Clay Hot Sauce",redclayhotsauce.com
Build A Blend,buildablend.com
"Tiller Foods, Inc.",tillerfoods.com
"Springfield Industries, LLC",springfieldind.com
"Foca Organics, Ltd. dba NUA Naturals",nuanaturals.com
"NuChoice Foods, Inc.",nuchoicefoods.com
R U Nuts Co.,runutsco.com
"Lydia's Foods, Inc.",lydiasfoods.com
H & S Ingredients Corp.,hsingredients.com
"Healthbreads, Inc. dba Oasis Breads",oasisbreads.com
Sun Valley Dairy dba VOSKOS Greek Yogurt,voskos.com
"Love Hard, Inc. dba Jojo's Sriracha",jojossriracha.com
"Freely Pet, LLC",freelypet.com
"NewRoad Foods, LLC",newroadfoods.com
"The Grocery Pup, LLC dba A Pup Above",apupabove.com
Caribbean Breeze Frozen Foods Corp.,caribbeanbreezefoods.com
Le Botaniste,lebotaniste.us
Murray's Chickens,murrayschicken.com
"Edelweiss Enterprises, Inc. dba Edelweiss Patisserie",edelweisspastry.com
"Pocantico Resources, Inc.",pocanticoresources.com
"Risvold's, Inc.",risvolds.com
"Festive Foods, LLC",festivefoodsllc.com
Rounds Bakery,roundsbakery.com
"D. L. Lee and Sons, Inc.",dllee.com
"Lamonica's Pizza Dough International, Inc.",lamonicaspizzadough.com
"DaBecca Natural Foods, Inc,",dabeccafoods.com
18th Street Deli Incorporated,18thstreetfresh.com
Targil Seasoning and Butcher Supplies,targil.com
Kessler's Grocery,kesslersgrocery.com
"Bubby's Pie Co., Inc. dba Bubby's",bubbys.com
"Constance, Inc. dba Georgetown Bagelry",georgetownbagelry.com
Great Eastern Sun Trading Co.,great-eastern-sun.com
"Fresh International Market, Inc.",freshimarket.com
"Roots Food Group Holdings, LLC",rootsfoodgroup.com
Erin McKenna's Bakery NYC,erinmckennasbakery.com
"Taco Heads, LLC",tacoheads.com
"Ideal Nutrition, LLC",idealnutritionnow.com
Sara's Market and Bakery,sarasmarketbakery.com
"Brick & Bourbon, LLC",brickandbourbon.com
Bagels-4-U,bagels4u.com
"EVOS Holdings, LLC",evos.com
"LinkOne Ingredient Solutions, LLC",linkone-solutions.com
The Sunflower Bakery and Cafe,thesunflowerbakeryandcafe.com
The Natural Grocery Co.,naturalgrocery.com
"Stormberg Foods, LLC",stormbergfoods.com
"Hau'oli, Inc. dba PokiNometry",pokinometry.com
Wicked Good Cookies,wickedgoodcookies.com
"Patriot Pickle, Inc.",patriotpickle.com
"Transatlantic Foods,Inc. (TFI) dba M.A.D Foods, Inc.",madfoods.biz
"Fischer's United Supply, Inc.",bakerschoicebrands.com
"At Last Gourmet Foods, Inc.",atlastgourmetfoods.com
"S.A. Carlson, Inc.",sacarlson.com
"Bakehouse Enterprises, LLC dba Boxford Bakehouse",boxfordbakehouse.com
Basecamp Co-Pack,basecampcopack.com
Kim's Gourmet Sauces,kimsgourmet.com
Fraiche Corp.,fraiche.io
"Sausage and Seasoning Co., LLC",sausageseasoningco.com
"Omsom, Inc.",omsom.com
"Uniquely Gourmet, Inc.",uniquelygourmet.com
"Comfort Cookies, Inc.",comfortcookiesinc.com
"Dale and Gage Foods, LLC",gagefoods.com
"Barkaat Foods, LLC",barkaatfoods.com
"Jimbo's Naturally, Inc.",jimbos.com
"ThinSlim Foods, LLC",thinslimfoods.com
Agsatia Corp.,agsatia.farm
Mmmly,eatmmmly.com
"Mighty Brands, LLC dba Schoolyard Snacks",schoolyardsnacks.com
"Mexican Sugar, LLC",mexicansugarcocina.com
"The Miso Brothers, Inc. dba Alpha Foods",eatalphafoods.com
"Krispy Mixes, Inc.",krispymixes.com
"Simply Eggless, Inc.",trysimplyeggless.com
"Mochi Foods, LLC",mochifoods.com
"forward ROOTS, LLC",forwardroots.com
"Dogtown Pizza, LLC",dogtownpizza.com
Hain Pure Protein Corp. dba FreeBird Chicken,freebirdchicken.com
"Pilot Research and Development, Inc.",pilotrd.com
"Rebelle Artisan Bagels, LLC",rebelleartisanbagels.com
"The Little Beet, LLC",thelittlebeet.com
Green Valley Food Corp.,greenvalleyfood.com
"Kate's Homemade Butter, Inc.",katesbutter.com
"The Mediterranean Chef, LLC",themedchef.com
Greenlee's Bakery,greenleesbakerysj.com
San Juan Salsa Co.,sanjuansalsa.com
Zomick’s Kosher Bakery,zomicksbread.com
"Brad Barry Co., Ltd.",bradbarry.com
"Clint's Picante, Inc.",clintspicante.com
The German Roasted Nuts Co.,germanroastednuts.com
"Spices, Etc, Inc.",spicesetc.com
"Mid America Pet Food, LLC",mapf.com
Uncommon Carob,uncommoncarob.com
"Global Juices and Fruits, LLC dba Nature's Earthly Choice",earthlychoice.com
"Unison Foods, Inc. dba Unisoy Vegan Jerky",unisoyjerky.com
"Squeeze Dried, LLC",squeezedried.com
"Jay Street Foods, Inc. dba Over Easy",overeasyfoods.com
"Casbah Sahara Natural Foods, Inc.",casbahnaturalfoods.com
"Intrinsic Organics, LLC",intrinsicorganics.com
Dessert'D Organic Bake Shop,dessertd.com
Gourmet Evolution,gourmetevolutionfoods.com
"CB Food Co., Inc. dba Cool Beans",eatcoolbeans.com
"Sister River Foods, Inc. dba Eat In The Raw, Inc. (Parma!)",eatparma.com
"FTJ Co., LLC dba La Bottega del Maccherone",labottegadelmaccherone.com
"Murvest, Inc.",murvest.com
"Pride Of The West, Inc.",prideofthewest.com
"Italo's Gourmet Foods, LLC",pastasaucegourmet.com
Knudsen's Caramels,knudsenscaramels.com
"Ledbetter Foods, Inc.",ledbetterfoods.com
"Golden Peanut Co., LLC dba Golden Peanut and Tree Nuts",goldenpeanut.com
"Pizzoun, LLC",pizzoun.com
"Behave Foods, Inc.",eatbehave.com
"NetZro, SBC",netzro.us
D'vine Cookies,dvinecookies.com
"Harbor Spice Co., Inc.",harborspice.com
"Mezzoni Foods, Inc.",mezzonifoods.com
"Artemys, Inc. dba SCiFi Foods",scififoods.com
"Mickey and T's, Inc. dba Salt Free Rubs",smashseasonings.com
"N.A.C. Foods, Inc.",nacfood.com
Pellicano's Marketplace,pellicanosmarketplace.com
"New Horizon Cuisine, LLC",newhorizoncuisine.com
"Apogee Foods, LLC",apogeefoods.com
"Spices Southern Style, LLC dba Southern Style Spices",southernstylespices.com
"Fybraworks Foods, Inc.",fybrawork.com
Planted Foods Co.,plantedfoodsco.com
"Boston Gourmet Chefs, Inc. dba C'est Gourmet",cestgourmet.com
"Woody's Foods, LLP dba Woody's Cook-in Sauce",woodysbbqpantry.com
Zach's Spice Co.,zachspice.com
Orthodox Union Kosher (OU),oukosher.org
"Natur Research Foods dba Natur Sweeteners, Inc.",shugr.com
"Graffiti Foods, Inc.",graffitifoods.com
"MCF Ingredients, Inc.",mcfingredients.com
"Parker Flavors, Inc.",parkerflavors.com
"Signature Flavors, LLC",signatureflavors.com
Brigido's Marketplace,brigidos.com
"Bantam Market, Inc.",themarketct.com
"Dahmen's, Inc. dba Pierz Foods",pierzfoods.com
Valli Produce,valliproduce.com
Rangeley IGA,rangeleyiga.com
"Borowiak IGA Foodliner, Inc.",borowiaksonline.com
"Twin Cities Food Center, Inc. dba Bliss Shurfine Food Mart",blissfoodmart.com
Jim's Foods Central City IGA,jimsfoodsccmall.com
"Tiny Sprouts Foods, Inc.",tinysproutsfoods.com
Masha&#39;s,eatmashas.com
Wisconsin Freeze Dried,wisconsinfreezedried.com
Greenpoint Trading Co.,greenpointtrading.com
"Rickey's Jerky, LLC",rickeysjerky.com
"And I Like It, LLC",andilikeit.com
"Uplifting Results Labs, Inc. dba Supergut",supergut.com
International Quality Control Corp. (IQCC),iqcc.net
"Khayyan, LLC dba Khayyan Specialty Foods",khayyan.com
"Wald Family Foods, LLC",waldfamilyfoods.com
"One Mighty Mill, LLC",onemightymill.com
"Essex Food Ingredients, Inc.",essexfoodingredients.com
Heidelberg Bread Co.,heidelbergbread.com
"Broma, Inc.",eatbroma.com
"Te Trade, LLC dba Emirelli San Francisco",emirelli.com
"Bliss Texas, LLC dba Bellefontaine",bellefontaine.com
"Formaggio Kitchen, Inc.",formaggiokitchen.com
"Zelos, LLC",zelosgreekartisan.com
"Klass Ingredients, Inc.",klassingredients.com
"Jet Produce And Meats, LLC",jetproduceandmeats.com
"Culinary CoPack, Inc.",culinarycopack.com
Occo Co.,eatocco.com
World of Fudge,worldoffudge.co.uk
"Efficas Medical Foods & Nutrition, LLC dba Efficas, Inc.",efficas.com
"Tinos Artisan Kitchen, LLC",tinosartisankitchen.com
"Lakeside Food Sales, Inc.",lakesidefoodsales.com
"Greenworld US, LLC",greenworldus.com
Kalustyan's,foodsofnations.com
"Without A Trace Foods, Inc.",withoutatracefoods.com
Gelato Granucci,gelatogranucci.com
"Safeway Fresh Foods, LLC dba Sunnyside Farms",sunnysidefresh.com
"Kathy's Kitchen, LLC",kathyskitchenstore.com
"Ramona's Food Group, LLC",ramonas.com
"Rd Food Manufacturing, Inc. dba Productos Real",productosreal.com
"Callander Farms, LLC dba Addy's Jams & Caramels",addys.com
"Thompson Farm Soups and More, LLC",thompsonfarmsoups.com
"Stonyridge Ingredients, LLC",stonyridgeingredients.com
Doug Jeffords Co.,dougjeffords.com
"Asmus Seasonings, Inc.",asmusseasonings.com
"iSpice Foods, Inc.",ispicefoods.com
"Brave Foods, LLC",eatbrave.co
"Atlapac Trading Co., Inc.",atlapactrading.com
"Las Delicias Distributors, LLC dba Salsa El Gallo",salsaelgallo.com
"Global Food Services, Inc. (GFS)",globalfoodmfg.com
"Kosmos Q, Inc.",kosmosq.com
"Proper Good, Inc.",eatpropergood.com
Hinrichs Trading Co.,hinrichstrading.com
"Silver Star Meats, Inc.",silverstarmeats.com
"MaGi Foods, LLC",magifoods.com
"Classic Signature Foods, Inc.",classicsignature.com
Plant Bliss Foods,plantblissfoods.com
"Scott's Food Products, Inc.",scottsseasoningsandmarinades.com
Darista Dips,daristadips.com
"Karma Sauce Co., LLC",karmasauce.com
"Merfs Condiments, LLC",merfscondiments.com
"Berry Brothers, LLC",berrybrothers.biz
"Mutt's Sauce, LLC",muttssauce.com
"Ahssa Foods, LLC",ahssafoods.com
"Flavor Reddy Foods, LLC",flavorreddyfoods.com
"Mexican Village Wholesale Foods, Inc. dba Full Service Foods",fullservicefoods.com
"Porky's Gourmet Foods, Inc.",porkysgourmetstore.com
"Par's Natural Foods, LLC",parsnaturalfoods.com
"Adrienne's Sassy Gourmet Foods, LLC",asassygourmet.com
"J Lee's Gourmet BBQ Sauce, Inc.",jleessauce.com
"Dad's Sauces, Inc.",dadssauces.com
"Natural Organix, LLC dba Beezy BeezHoney",trybeezybeez.com
North Bay Trading Co.,northbaytrading.com
"Will-Pak Foods, Inc. dba Taste Adventure",tasteadventure.com
"Sentry Seasonings, Inc.",sentryseasonings.com
"Veronica's Health Crunch, LLC",veronicashealthcrunch.com
"Boyd Specialties, LLC",boydspecialtiesjerky.com
"Holy-Cow! Beef Jerky, Inc.",holycowbeefjerky.com
"Pennsylvania Dry Mix, Inc.",padrymix.com
Gunpowder Foods LLC dba Mild Bills,mildbillsspices.com
"El Popular, Inc.",elpopular.com
"Ramallos, Inc. dba Alien Fresh Jerky",alienfreshjerky.com
"Wisconsin Fermentation Co., LLC dba Black Garlic North America",blackgarlicna.com
"Hix Foods, Inc.",hixfoods.com
"Antoine Patisserie, LLC",antonsvpatisserie.com
"Taylor Chip, LLC",taylorchip.com
"Ever So Humble Pie Co., Inc.",eversohumble.com
"Purely Sweet Bakery, LLC",purelysweetbakery.com
"Miami Foods Distributors Of USA, Inc. dba El Equisteo Sabor",elexquisitosabor.com
"Social Bites, LLC",socialbitesofruston.com
"Sprinkles Donut Shop, LLC",sprinklesdonutshop.com
"Queen City Pastry, LLC",queencitypastry.com
"Jean-Marc Chatellier, Inc.",jeanmarcchatellier.com
"Don Gollo Bakery, Inc.",dongollobakeryinc.com
Mona's Danish Bakery,monasdanishbakery.com
Nina's Cookies,ninascookies.com
CiCi's Italian Cookies,cicisitaliancookies.com
"Sugar & Spice Extraordinary Sweet Treats, Inc.",ilovesweets.com
"Mommy's Gluten-Free Foods, LLC dba Peace of Mind Baking Co.",peaceofmindbakingco.com
"Alumni Cookie Dough, LLC",alumnicookiedough.com
Cougar Mountain Baking Company (CMBC),cmbc.com
"Bestbaked Goods, LLC dba Blue Flour Bakery",blueflour.com
"Butterfly Bakery Of Vermont, LLC (BBVT)",butterflybakeryvt.com
Banner Road Baking Co.,bannerroad.com
"G and E Fine Foods, Inc. dba George’s Bakery",gbakery.com
"Junita's Jar, LLC",junitasjar.com
"Greenwave Foods, Inc. dba Crunch-a-Mame",crunchamame.com
El Popo Tortillas,elpopotortillas.com
"WPP Dough Co., Inc.",wppdough.com
Bellingham Pasta Co.,bellinghampasta.com
"Shin Shin Foods, Inc.",shinshinfoods.com
"Aus-Mex Co., Inc.",ausmexcompany.com
"Better Batter Gluten Free Flour, LLC",betterbatter.org
"Tankinz Noodle Mfg., LLC",tankinz.com
"Factory Decasa, Inc.",decasatortilla.com
Sinaloa Hawaiian Tortillas,sinaloahawaii.com
Gourmet Texas Pasta,gourmettexaspasta.com
"Ho Toy Noodle Co., Inc.",hotoynoodle.com
"SBS Foods, Inc.",sbsfoods.com
Tortilleria La Perla,tortillalaperla.com
Tortillería Pachanga,tortilleriapachanga.com
"Pasta Mami, Inc.",pastamami.net
"La Primera tortilla factory, Inc.",laprimeratortilla.com
"La Jolla Tortilleria, Inc.",lajollatortilleria.com
"Practical Foods, LLC dba Prepared Pantry",preparedpantry.com
"Leal's Tortilla Factory, Inc. dba Leal's Mexican Foods, Inc.",lealsmexicanfoods.com
"Lagusta's Luscious, LLC",lagustasluscious.com
"Fudge Kitchen, Inc. dba The Fudgery",fudgeryfudge.com
"Signature A, LLC dba Bare Life",eatbarelife.com
"Pollak Flavor Co., Inc.",pollakflavor.com
"RA Seasonings, LLC",raseasonings.com
Hawaiian Volcano Sea Salt,hawaiianvolcanoseasalt.com
Navidi's Olive Oils and Vinegars,navidioils.com
"American Spice & Seasoning, Inc. dba Adkins Seasoning, Inc.",adkinsbbq.com
"Devil Daves Bloody Mary Stick, LLC",devildaves.com
"The Spice Gal, LLC",thespicegal.com
"Bijol and Spices, Inc.",bijol.com
"Pacific Pectin, Inc.",pacificpectin.com
"Riley's Seasonings, Inc.",rileys-seasonings.com
"Louisiana Pepper Exchange, LLC",lapepperexchange.com
"Savor the Olive, LLC",savortheolive.com
"Zamouri Spices an Elbertai Co., LLC",zamourispices.com
"E.W. Carlberg Co., Inc.",ewcarlberg.com
"Uncle Bunk's, LLC",unclebunks.com
"Cervantes Food Products, Inc.",cervantessalsa.com
"RB Bake-Tech, LLC",rbbaketech.com
Red Devil Pizza Upland,reddevilupland.com
"Green Island Spice, LLC",greenislandspice.com
"HeBo Family Foods, Inc. dba Landry's Meat Pies",landrysmeatpies.com
Martin Purefoods Corp.,martinpurefoods.com
"H&F Products, Inc.",handfproducts.com
"JML Ingredients, Inc.",jmlingredients.com
"Isabella's Cookie Co., Inc.",isabellascookies.com
"San Francisco Foods, LLC",sanfranciscofoods.com
"Hacienda Mexican Foods, LLC",haciendadegutierrez.com
"Ultimate Cookie, Inc.",ultimatecookie.com
"Chut Up, LLC",chut-up.com
"Mitchells Fresh Salsa, LLC",mitchellsfresh.com
Sted Foods,stedfoods.com
Don Vito Ozuna Food Products Corp.,ozunatortillafactory.com
"Dyna-Sea, Inc.",dyna-sea.com
Europan Corp.,europanusa.com
"Hart Freeze Pack, LLC dba Michigan Freeze Pack Co.",michiganfreezepack.com
"AFC Soy Foods, Inc.",afcsoyfoods.com
"Peking Noodle Co., Inc.",pekingnoodle.com
"Dik Jaxon Products Co., Inc. dba Jaxon Corn Meal Mush",jaxonmush.com
Cutino Sauce Co.,cutinosauce.com
"Dewy Meadow Foods, Inc.",dewymeadowfoods.com
"Nanka Seimen, LLC",nankaseimen.com
"Golden State Pickle Works, LLC",goldenstatepickleworks.com
"Rhapsody Natural Foods, Inc. (RNFI)",rhapsodynaturalfoods.com
"GudgutLife, LLC",gudgut.life
Soyfoods Of America (SFA),soyfoods-usa.com
Bay Bread Co.,baybreadco.com
Sunrise Natural Foods Corp.,sunrisenaturalfoods.net
"Hoople Country Kitchens, Inc.",hooplecountrykitchens.com
"Breadblok, Inc.",breadblok.com
"Badafi Foods, LLC",badafifoods.com
"Mount Olive Gourmet Foods, Inc. dba Olive Valley",olivevalleyfalafel.com
"Breakfast Cure, LLC",breakfastcure.com
"Riverside Specialty Foods, Inc. dba Joseph's Mediterranean Cuisine",josephsfoods.com
Famfare Kitchen,famfarekitchen.com
"Max & Emily's Classic Cheesecakes, Inc.",mandecheesecakes.com
"Wellness Found, LLC",wellnessfoundorganicfoods.com
Wild Crow Pie Co.,wildcrowpieco.com
"Dawn Food Products, Inc.",dawnsfoods.com
"Farmstead Ferments, LLC",farmsteadferments.com
Derek and Constance Lee Corp. dba Great River Food Corp.,greatriverfood.com
"1000 Springs Mill, LLC",1000springsmill.com
"The Pantry Club, Inc. (TPC)",thepantryclub.com
"Mister Twister Pretzels, Inc. dba Pretzel Twister",pretzeltwister.com
"Pepperoni Rollers, LLC",pepperonirollers.com
"Durvill Foods, LLC",durvill.com
"Rich Nuts, LLC",richnuts.com
"Inka Foods, Inc.",inkafoods.com
"Mid America Gourmet, Inc.",midamericagourmet.com
"Sweet Apricity, LLC",sweetapricity.com
"Bakers Choice Confectionary, Inc.",bakerschoiceny.com
"YP Natural, Inc.",ypnatural.com
"Meat & Seafood Solutions, LLC dba Southern Foods",southernfoods.com
"Small World Food Collective, LLC",smallworldfood.com
"Washington Lamb, Inc.",washingtonlamb.com
Brett Anthony Foods,brettanthonyfoods.com
"Wildgood, Inc.",wildgood.com
"MBJ Packing, LLC dba Evas Blue Ribbon Chile, LLC",mbjpacking.com
"Hayes Food Products, Inc.",hayesfood.com
La Candelaria Products Corp.,lacandelariaproducts.com
"La Bonne Bouchée Westgate, Inc.",labonnebouchee.com
"James Foods, Inc.",jamesfoods.com
"DJ's Boudain, Inc.",djsboudain.com
"FitChoice Foods, LLC",fitchoicefoods.com
"Nutrition for Longevity, Inc.",nutritionforlongevity.com
"Krin's Bakery, LLC",krinsbakery.com
"Two Men and A Garden, LLC",twomenandagarden.com
Fermentlicious,fermentlicious.com
"Global Goods, Inc.",globalgoods.com
"Nutre Meal Plans, LLC",gonutre.com
"Harmony House Foods, Inc.",harmonyhousefoods.com
"Hawaiian Eateries, Inc.",hawaiianeateries.com
Sister's Gluten Free Bakery,sistersglutenfreebakery.com
"Tortilleria Cuauhtemoc, LLC",tortilleriacu.com
"Sava Trading Co., LLC",savatradingco.com
"Heiwa Tofu, Inc.",heiwatofu.com
"Ota Tofu, LLC",otapdx.com
"Hot Mama's, Inc.",hmsalsa.com
"Scotty's Country Smokehouse, LLC",scottyscountrysmokehouse.com
Gourmet Pasta Corp. dba Pasta Ditoni's,pastaditonis.com
"Synergy Food Group, LLC",sfgllc.net
"Wild Coyote Foods, LLC",wildcoyotefoods.com
"USA Ham, LLC",usa-ham.com
"Zuñiga Foods, LLC",zunigafoods.com
New England Charcuterie,newenglandcharcuterie.com
"Ingredient Wizards, LLC",theingredientwizards.com
"Fido to go, Inc.",fidotogo.net
Nature's Bakery Cooperative,naturesbakery.coop
Raaw Energy Corp. dba Raaw Energy Dog Food,raawenergy.com
"Purr-Ferred Pet Food, LLC",purrferredpetfoodak.com
"Jibby Coffee, LLC",jibbycoffee.com
"ASI Consulting, LLC dba AgriSystems International",agrisysintl.com
"Wild Salsa Allen, LLC",wildsalsarestaurant.com
"Shaka Pop Shop, LLC",shakapopsmaui.com
"Hattiegirl Ice Cream And Foods, LLC",hgicecream.com
"Hop Yo, LLC",hop-yo.com
"South County, LLC dba SoCo Creamery",sococreamery.com
"Hope Creamery, LLC",hopecreamery.com
"Socially Responsible Food Group, Inc.",srfoodgroup.com
"Philip R's Sorbet Co., Inc.",icecream-desserts.com
"Extraordinary Cupcakes, LLC",extraordinarycupcakes.com
"The Purple Door Ice Cream Shoppe, LLC",purpledooricecream.com
"Smallcakes Fayetteville, LLC",smallcakesfayetteville.com
"Holic, LLC",holicfoods.com
"Olson's Barstow 80, LLC dba Olson's Ice Cream, Inc.",olsonsicecream.com
"Morning Glory Chai, Inc.",morningglorychai.com
"Nil Organic Tea, LLC",nilorganictea.com
"Bill's Bees, Inc.",billsbees.com
"Byte Bars, LLC",bytebars.com
Brown Bag Deli,brownbagdeli.com
A1 Pet Emporium,a1petemporium.com
"Giuseppe's Fresh Pasta and Fine Food, Inc.",giuseppesfinefood.com
"I.L. Creations of Maryland, Inc.",ilcreations.com
"HandCut Foods, LLC",handcutfoods.com
"AccuFood Foodservice, Inc.",accufood.com
Dallas Farmers Market,dallasfarmersmarket.org
"Blue Oven Bakery, Inc.",blueovenbakery.com
"Guacamaya Oasis, Inc.",guacamayaoasis.com
"True Salt, LLC",truesaltco.com
"M. Fresco, Inc.",mfrescoinc.com
"Fed Up, Inc.",fedupkitchen.com
"Pabade Bakery, LLC",pabadebakery.com
"BlueFrog Foods, LLC",bluefrogfoodsllc.com
"Otto Strada, LLC",ottostrada.com
Avanti Foods Corp. dba Lipper Foods,lipperfoods.com
"Easy Slider, LLC",easyslidertexas.com
"Bloomfield Food, Inc.",bloomfieldfood.com
"Cupcakes a la Yola, LLC",cupcakesalayola.com
"Agora Foods International, Inc.",agorafoodsinternational.com
"SOLAIRUS Enterprises, LLC dba SOLAIRUS Food Services, LLC",solairusfoods.com
"LisaMae Cakes and Cookies, LLC",lisamaecakes.com
"Pig Rock Sausages, LLC",pigrocksausages.com
"Black Bird Bakery, LLC",theblackbirdbakery.com
"Send a Meal, LLC",sendameal.com
Sweethaus LLC,sweethaus.com
"Stacy Cakes, LLC",stacycakes.com
"Mucho Gusto, Inc.",muchogusto.com
"Joe LaNoce's Fine Food For Film, LLC",joelanoce.com
"Nashwan Cleaner, Inc. dba Cold Stone Creamery",coldstonecreamery.com
"Via Viaggio, LLC",viaviaggio.com
"My Baking Addiction, LLC",mybakingaddiction.com
"Southern Belle Biscuit Co., LLC",southernbellebiscuit.com
"Bikini Panini, LLC",bikinipanini.com
Zeppe's Italian Market Corp.,zeppesitalianmarket.com
"Marshall's Haute Sauce, LLC",marshallshautesauce.com
"Solata Foods, LLC",solatafoods.com
"Cape Island Foods, LLC",capeislandfoods.com
Vinnola's Italian Market & Deli,vinnolasitalianmarket.com
New England Pasta Co.,newenglandpastaco.com
"Giardino Enterprise, LLC dba Giardino Gourmet Salads",giardinosalads.com
"Popaletas Michoacan, L.L.C.",popaletas.com
"AmBar Foods, LLC",ambarfoods.com
"Viva Donas, Inc.",donasd.com
"Uptown Vietnam Cuisine, LLC",uptownvietnamcuisine.net
Meet Fresh USA,meetfresh.us
Shrimply Blue,shrimplyblue.org
"Nines Food Service, LLC",ninesfoodservice.com
"Fat Noodle, LLC",fnramen.com
"Edge Ingredients, Inc.",edgeingredients.com
"Shega Foods, Inc.",shegafoods.com
"Sweet Traditions By Leane, LLC",spreadthesweetness.com
"S&B Healthy Foods, LLC dba Doctor Hummus",doctorhummus.com
"Early's Edibles, LLC",earlysedibles.com
"C.I. Foodservices, Inc.",cifoodservices.com
"DaGashi Bakes, LLC",dagashibakes.com
"Bayside Poke, LLC",baysidepoke.com
"Pie Chicks, Inc.",piechicks.com
"The THK Group, Inc.",thethkgroup.com
The Kitchen Project,kitchenproject.com
Prvlge Collection Spice Co.,prvlgecollection.com
SunOven Gluten Free,sunovengf.com
Lisa's Kitchen,lisaskitchenbocafl.com
"Chow Town Foods, LLC",chowtownfoods.com
"Luigianos, Inc.",luigianos.com
Smokin' Ts,smokints.com
"Cannoli Factory, Inc.",cannolifactory.com
"MPK Foods, Inc.",mpkfoods.com
"Pye, Inc.",eatpye.com
"The Flying Meatballs, LLC",theflyingmeatballs.com
"Great Eastern Pasta Works, LLC dba Pasta People",pastapeopleny.com
"Mike's Country Meats, LLC",mikescountrymeats.com
"Jayshree Holdings, Inc.",jayshree.com
Hanrich Corp. dba Tasty Plus Foods,tastyplusfoods.com
"Honey Bunchie, LLC",honeybunchies.com
"Kitchen Witch Bone Broth, LLC",kitchenwitchbroth.com
"Real Vision Foods, LLC",realvisionfoods.com
"The Great American Batter Co., Inc. dba Jenny's Best",jennysbest.com
"CalNutri, Inc.",calnutri.com
Brazos River Provisions Co.,brprovisions.com
Bobcat Raw Food,bobcatrawfood.com
"Cream of the West, Inc.",creamofthewest.com
"Vivido Natural, LLC",vividonatural.com
"Flavorworks, Inc.",flavorworksfoodgroup.com
"Apple State Vinegar, LLC",applestatevinegar.com
"Figuerola, Inc.",figuerolalabs.com
Owens BBQ,owensbbq.com
"Harvest2000 International, Inc.",harvest2000intl.com
"Tootie's Tempeh, Inc.",tootiestempeh.com
"Monte Adentro Foods, LLC",monteadentrofoods.com
"Spartan Detox, LLC",sparndetox.com
"New England Syrup Co., Inc. (NESCO)",newenglandsyrup.com
