name,domain
"Roots Chocolates, LLC",rootschocolates.com
"Starla, LLC",ilovedip.com
Flaum Appetizing Corp.,flaums.com
"Mama's Hummus, Inc.",mamashummus.com
GRK Fresh Greek,grkfresh.com
"SPV-NA1, LLC dba NouriTech",nouritech.net
Sweet Potato Snaps,sweetpotatosnaps.com
"Mahana Fresh, LLC",mahanafresh.com
"Massey Honey Co., LLC (MHC)",masseyhoney.com
"OA Foods, LLC",oafoods.com
"Force of Nature, LLC",forceofnature.com
"The Original Crabby Bill's Seafood, Inc.",crabbybills.com
Shapiro's Delicatessen,shapiros.com
"Victor Mendoza dba Viking Revolution, LLC",vikingrevolution.com
"Ruthven Meat Processing, Inc.",ruthvenmeat.com
Kenai Premier Barbecue Sauce,kenaipremierbbqsauce.com
"Baily International of Atlanta, Inc.",bailyatl.com
Delco Foods,delcofoods.com
Gustola Granola,gustolagranola.com
Good Earth Natural Food Co.,good-earth.com
"Just About Foods, LLC",justaboutfoods.com
"Kruger North America, Inc.",krugernorthamerica.com
Whisps Acquisition Corp.,whisps.com
Organic Baby Shop,organicbabyshop.com
"Technical Food Sales, Inc.",techfood.com
"Rivers Smith's Chicken and Catfish, Inc.",riversmiths.com
Holy Wagyu,holywagyumeats.com
"Hapa Franchise Group, Inc. dba Motomaki",motomaki.com
Founding Foods,foundingfoods.com
"HEX Ferments, LLC",hexferments.com
"Organic Bliss, Inc.",organicbliss.com
"Peregrine Nutrition, LLC",peregrinenutrition.com
"Greenbelly, LLC",greenbelly.co
Katz Gluten Free Bake Shoppe,katzglutenfree.com
The Original Pancake House,newsite.pancakehousesofnevada.com
Down to Earth Markets,downtoearthmarkets.com
"Forté Flavors, LLC",forteflavors.com
Narrative Food,narrativefood.com
"Arista Industries, Inc.",aristaindustries.com
Mrs Pumpkin's Bakery-Deli,mrspumpkins.com
"GNT USA, Inc.",gntusa.com
"RDM International, Incorporated",rdmintl.com
"B&A Gourmet Foods, LLC dba Art Meat",artmeat.com
"Harbor Foodservice, LLC",harborfoodservice.com
Superior Nut Co.,superiornutla.com
"Food Equipment Rep Services, Inc.",foodequipservices.com
Mex Trading,sitey.me
"Larrys Sausage Co., Inc.",larryssausage.com
"Kapaa Poi Factory, Inc.",kapaapoifactory.com
"Northwest Meat Co., Inc.",chicagowholesalemeats.com
Sterzing Food Co.,sterzingchips.com
Coast Packing Co.,coastpacking.com
"Nomura & Co., Inc.",nomuraco.com
Maumee Valley Group,maumeevalleygroup.com
"Doral International Foods, LLC",doralfoods.com
Nutrition Corp.,nutritioncorp.com
"Negril Eatery, Inc.",negrileats.com
"Medallion Foods, Inc.",medallionfoods.com
"Prestage Foods, Inc.",prestagefoods.com
"Delice Chocolatier & Patisserie, LLC",delicechocolatier.com
"Village Green Foods, Inc.",villagegreenfoods.com
"Double Ds Doggie Delights, LLC",doubledsdoggiedelights.com
Bing's Barkin' Bakery,bingsbarkinbakery.com
"Don's Specialty Meats, Inc.",donsspecialtymeats.com
"Cajun Power Sauce Manufacturing, Inc.",cajunpowersauce.com
"Asia International, Inc.",asiainternationalinc.com
"Andronico's Markets, Inc.",andronicos.com
Olive and Nectar,oliveandnectar.com
Copper Kettle Popcorn Factory,copperkettlepopcornfactory.com
"The Olive Branch, Inc.",olivebranchwl.com
"Beef Jerky, LLC",beefjerky.com
"National Frozen and Refrigerated Foods Association, Inc. (NFRA)",nfraweb.org
"A Life Less Ordinary, Inc. dba Allo",goallo.com
"Best Damn BBQ Sauce, LLC",bestdamnbbqsauce.com
"AroMed Essentials, LLC",aromedessentials.com
Alchemy Pops,alchemypops.com
Cakes By Faith,cakesbyfaith.com
"Fresh From Texas, LLC",freshtx.com
"ALTA Foods, LLC",altafoods.com
"American Custom Meats, LLC",acmeats.com
"Northwest Butcher Supply, LLC (NWBS)",nwbutcher.supply
"Portland Ashwagandha Farm, LLP",portlandashwagandhafarm.com
Kalm with Kava,kalmwithkava.com
"Castle Foods, LLC",castlefoods.com
Plantain Products Co. dba Chifles,chifleschips.com
"Sunburst Superfoods, Inc.",sunburstsuperfoods.com
"Van-Lang Enterprises, Inc. dba Van Lang Foods",vanlangfoods.com
Eat With The Seasons,eatwiththeseasons.grubmarket.com
"Natures Organic Grist, LLC",naturesorganicgrist.com
Kohk and Sahk,kohkandsahk.com
"Outland Cuisine, LLC",outlandcuisine.com
"U.S. Waffle Co., Inc.",uswaffle.com
"Specialty Bakery of Tulsa, Inc.",specialtybakery.net
"Agashe' Foods, LLC",agashefoods.com
"TH Commerce, LLC dba Vegky",vegky.com
"Arevalo Tortilleria, Inc. dba Arevalo Foods, Inc.",arevalos.com
"Morabito Baking Co., Inc.",morabitobaking.com
Roam Pet Treats,roampets.com
Backyard Daddy Rubs,backyarddaddyrubs.com
"Colorado Soy, LLC",coloradosoy.com
"The Slawpy Barn, LLC",theslawpybarn.com
Hendersonville Community Co-op,hendersonville.coop
"Conagra Foodservice, Inc.",conagrafoodservice.com
"Professional Food Safety, Ltd.",professionalfoodsafety.com
IkutaSchodde Corp. dba River Moon Coffee Roasting Co.,rivermoonwellness.com
"Ablak Holdings, LLC",ablakholdings.com
"Jecky's Best, Inc. dba JAB Foods",jabfoods.com
"Capistrano’s Bakery, LLC",capistranosbakery.com
"Oven Fresh Bakery, Inc.",ovenfresh-bakery.com
"Bosch Baking, Inc.",boschbaking.com
"Ketonia, LLC",ketoniafoods.com
"For Heaven's Cake, LLC",forheavencake.com
"Brittle-Brittle, Inc.",brittle-brittle.com
"Chubby's Sauces, LLC",chubbysauce.com
"Claremont Foods, LLC",claremontfoods.com
"Freedom Packers, LLC",freedompackers.com
"The Cranberry Network, LLC (TCN)",thecranberrynetwork.com
"Alfredo Aiello Italian Foods, Inc.",aapasta.com
Fox Meadow Farm of Vermont,foxmeadowfarmvt.com
Raandom Corp. dba Don Pedro's Meat,donpedrosmeat.com
"Foodart Bakery, LLC",foodartbakery.com
Hot Sauce Depot,hotsaucedepot.com
"Croix Valley Foods, LLC",croixvalleyfoods.com
"Palatable, Inc.",palatable.app
"Food Quality Services, LLC",foodqualityservices.com
"Dirigo Food Safety, LLC",dirigofoodsafety.com
"Piazza Produce, LLC",piazzaproduce.com
"Atlas Feed Mills, Inc.",atlasfeedmills.com
"Guidry's Fresh Cuts, Inc. dba Guidry's Cajun Foods",guidryscajunfoods.com
Barataria Spice Co.,seasoningspice.com
"Joe Corbi's Wholesale Pizza, Inc.",joecorbi.com
"Freeds Bakery, LLC",freedsbakery.com
"Harvest Granola LLC dba Olympia Granola, Inc.",olympiagranola.com
"Preserve Farm Kitchens, Inc.",preservefarmkitchens.com
"Sauce Crafters, Inc.",saucecrafters.com
Ralph's Packing Co.,ralphspacking.com
"Crockett Honey Co., Inc.",crocketthoney.com
"Foodservice Express, Inc.",foodserviceexpress.com
"The Sauceology Group, Inc.",thesauceologygroup.com
"Lorentz Etc., Inc. dba Lorentz Meats",lorentzmeats.com
"Sukhadia Parivar, LLC dba Sukhadia Foods",sukhadia.com
Pacific French Bakery,pacificfrenchbakery.com
"Mudlrk Snacks, LLC",mudlrk.com
California Baking Co.,californiabaking.com
Buddy V's Ristorante,buddyvsrestaurants.com
"Zeno Functional Foods, LLC",getsobars.com
"Brill, Inc.",brillinc.com
Flatiron Pepper Co.,flatironpepper.com
"XLNT Bakeries, LLC",xlntbakeries.com
Southern Baked Pie Co.,southernbakedpie.com
Buckhead Beans,buckheadbeans.com
"Farm to Baby, LLC",farmtobaby.net
"Barney Brown, Inc.",barneybrown.com
"MavenWork, Inc. dba xoco",xoco.com
"Signature Sauces, Inc.",signaturesauces.com
"Lycoming Bakery, Inc.",lycobakery.com
"Holmes Made Foods, LLC",holmesapplesauce.com
"Jera's Heavenly Sweet, LLC",jheavenlysweet.com
Bulk Natural Foods,bulknaturalfoods.com
"FreshEdge, LLC",freshedgefoods.com
Coyo Taco,coyo-taco.com
"Murphy Products, Inc.",murphyproducts.com
Mille Lacs Wild Rice Corp.,canoewildrice.com
"Peoples Sausage Co., Inc. dba People's Choice Beef Jerky",peopleschoicebeefjerky.com
"Bluebonnet Meat Co., LLC",bluebonnetmeatcompany.com
L.C. Vending Co.,lcvending.net
"Rubicon Bakers, LLC",rubiconbakers.com
"Wanderlust Creamery, LLC",wanderlustcreamery.com
"Pizzana, LLC",pizzana.com
"Emerald City Promotions, LLC dba Rock Da Rooster",rockdarooster.com
"Hazelnut Growers of Oregon, Inc.",hazelnut.com
"Papa's Pops, LLC",papaspops.com
"Jasper Specialty Foods, LLC",jasperspecialtyfoods.com
"Rethink Food NYC, Inc.",rethinkfood.org
"The Last Twist, Inc.",thelasttwist.com
"Hideout, Inc.",findhideout.com
"Blue Donkey Coffee, Inc.",bluedonkeycoffee.com
Picnic.,ww1.eatpicnic.com
"The Tipsy Bee, Inc.",thetipsybee.com
"lloyd Products, Inc.",whereslloyd.com
"Hooray Foods, Inc.",hoorayfoods.com
"Gracious, LLC dba Gracious Bakery",graciousbakery.com
"Blackbird Bakery, LLC",blackbirdbakerybristol.com
"Breadworks, Inc.",breadworkspgh.com
Paul's Pastry Shop,paulspastry.com
Jacqueline's Bakery and Café,jacquelinebakery.com
El Gallo Bakery,elgallobakery.com
Apple Annie's Bake Shop,appleanniesbakeshop.com
ele Cake Co.,elecakeco.com
"The Bread Doctor, LLC",thebreaddoctor.com
La Bonbonniere Bake Shoppes,labon.com
"Belmar Bakery, Inc.",belmarbakery.com
Orland Park Bakery,orlandparkbakery.com
Hart Bakery,hartbakery.com
"Dorothy Ann Bakery, Inc.",dorothyannbakery.com
Benjamin's Bakery & Coffee Roasters,benjaminsbakery.com
"Costeaux French Bakery, Inc.",costeaux.com
"Linda's Bakery, Inc.",lindasbakery.com
"Vasquez Bakery, LLC dba The Flour Shop Bakery",theflour.shop
"Wilson's Bakery, Inc.",wilsonsbakery.com
"Deising's Bakery, Inc.",deisings.com
Party Cake Bakery,partycakebakery.com
"Johnston's Bakery, Inc.",johnstonsbakery.com
Mueller's Bakery,muellersbakery.com
"Trefzger's Bakery, Inc.",trefzgersbakery.com
Kohnen's Country Bakery,kohnenscountrybakery.com
"Freeport Bakery, Inc.",freeportbakery.com
"Dinkel's Bakery, Inc.",dinkels.com
Denny's 5th Avenue Bakery,dennysbakery.com
"Wimberger's Old World Bakery and Delicatessen, Inc.",wimbergers.com
"Pastries By Randolph, Inc.",pastriesbyrandolph.com
"Trompeau Bakery, LLC",trompeau-bakery.com
Clasen's European Bakery,clasensbakery.com
"Achenbach's Pastries, Inc.",achenbachs.com
"Sweet Beet Bakery, LLC",sweetbeetbakery.com
"Celebrity Gourmet Ventures, Inc. dba Celebrity Cake Studio",celebritycakestudio.com
"Nadler's Bakery and Delicatessen, Inc.",nadlers.com
"Pastries A-La-Carte, LLC",pastriesalacarte.com
Ashley's Pastry Shop,ashleyspastries.com
"Calson Industries, Inc.",calsonindustries.com
LaSalle Bakery,lasallebakery.net
Pat A Cake and Cookies Too,patacakesandcookiestoo.com
"Ryke’s Bakery, Catering & Cafe",rykes.com
"Classic Bakery, Inc.",classicbakery.com
"Conshohocken Italian Bakery, Inc.",conshybakery.com
Resch's Bakery,reschbakery.com
"Steubenville Downtown Bakery, Inc.",downtownbakerystb.com
"Sapienza Pastry, Inc.",sapienzabakeshop.com
The Slaton Bakery,theslatonbakery.com
Rosalind Bakery,rosalindbakery.com
The Bagel Mill,thebagelmill.com
SmallCakes: A Cupcakery Of Naperville,cupcakeshopnapervilleil.com
Brickmaiden Breads,brickmaidenbreads.com
Estelle Bakery and Patisserie,estellebakery.com
Belly Bliss Catering,bellyblissfood.com
Jane The Bakery,itsjane.com
Josey Baker Bread,joseybakerbread.com
Generosity Incorporated,generositywater.com
"Jersey Barnfire Hot Sauce, LLC",jerseybarnfire.com
"Rising Smoke Sauceworks, LLC",risingsmokesauce.com
"Mr. Chicken, LLC dba Not Joe Mama's Sauce",notjoemamas.com
Toni's Own Cookies,tonisowncookies.com
Noe Valley Bakery,noevalleybakery.com
Superior Foods Co.,superiorfoods.co
"Palmyra Bologna Co., Inc. dba Seltzer's Smokehouse Meats",seltzerssmokehousemeats.com
"Breaking Bread Bakery, Inc.",breaking-bread-bakery.com
"Suspiros Cakes, LLC",suspiroscakes.com
"Golden Boy Pies, Inc.",goldenboypies.com
"Ancient Foods, LLC",ancientfoods.com
"Rock Maple Mountain, LLC",rockmaplemountain.com
"Magic Mix, LLC",magicmix.us
Thousand Oaks Acorn Co.,toacornco.com
"Seattle Food Tech, Inc. dba Rebellyous Foods",rebellyous.com
"Poultry Products Co., LLC dba Prime Source Foods",primesourcefoods.biz
"Amlu Foods, LLC",amlufoods.com
"B Sweet, LLC",mybsweet.com
Cleveland Kitchen Co.,clevelandkitchen.com
"A&C Snacks, LLC dba Brass Roots",brassrootsfood.com
Hushup X Hustle Co. dba Blender Bombs,blenderbombs.com
"Bread Stone Ovens, LLC",breadstoneovens.com
"Rasa Raga International, LLC dba Trishnna Tea",trishnnatea.com
"Vinaigrette, Inc.",vinaigretteonline.com
R and D Foods,rdfoodsbklyn.com
"Seashore Fruit & Produce Co., Inc.",seashoreeast.com
"Sherman & Cherie's Beezy Bees, LLC",scbeezybees.com
D-Protein Foods (D-Pro),deliciousproteins.com
"West Coast Tacoz, LLC",westcoastacoz.com
"Lola's Fine Sauces, LLC",lolasfinehotsauce.com
Malama Mushrooms,malamamushrooms.com
"Maplegrove Foods, LLC dba Oma's Own Foods",omasownfoods.com
"Mama Oat, LLC",mamaoat.com
"Mondial Savor, Inc.",mondialsavor.com
"Texana AG Brands, LLC",texanabrands.com
"C'est Bon Seasoning, Inc.",cestbonseasonings.com
Dean's Pure Texan Foods LLC dba Pure Texan Chili,puretexanchili.com
"The Frozen Bean, LLC",thefrozenbean.com
"Le Pafe, Inc. dba Le Chef Bakery",lechefbakery.com
Pasta Piccinini Italy,pastapiccinini.com
"Freezeat, Inc.",freezeatusa.com
Olinday Farms,olindayfarms.com
"Poparuba, LLC",poparuba.com
"Cultivate Good Taste, Inc. dba Salivation Snackfoods",salivationsnackfoods.com
"SkinnyPizza Brands, LLC dba Skinnypizza",skinnyfrozen.com
"Chef Monica Blends, Inc.",chefmonicablends.com
"North Carolina Fudge, Inc. (NC Fudge)",ncfudge.com
"VSM Brands, Inc.",vsmbrands.com
Western Bagel Baking Corp.,westernbagel.com
"Beckmann's Old World Bakery, Ltd.",beckmannsbakery.com
"Triangle Bakery, LLC",trianglebakery.com
"Wosune International, Inc.",wosune.com
"Boardwalk Frozen Treats, LLC (BFT)",baskinrobbinsathome.com
"Glacier Sales, Inc.",glaciersales.com
"Natural Food Products, Inc.",naturalfoodproducts.net
"Gramas Food, Inc.",gramasfood.com
"Naturally Farmed Foods, Inc.",naturallyfarmedfoods.com
North Florida Frozen Refrigerated Food Association (NFFRFA) dba Cool Foods of North Florida,coolfoodsnorthflorida.com
"La Guadalupana Wholesale Co., Inc.",laguadalupana.com
"The Hartman Group, Inc.",hartman-group.com
"Valley Meats, LLC",valleymeatsllc.com
Omega Artisan Baking,omegaartisanbaking.com
The Model Bakery,themodelbakery.com
City Bakery,citybakery.us
"Bistro2Go, Inc.",b2ginc.com
Sugarfuse!,sugarfuse.com
Great Lakes Baking Co.,greatlakesbakingcompany.org
Radinas Coffeehouse and Roastery,radinascoffee.com
Red Brick Consulting (RBC),redbrickconsulting.net
"Bread, LLC dba Breads Bakery",breadsbakery.com
"Manresa Bread Project, LP",manresabread.com
"Wheatfields Bakery, Inc.",wheatfieldsbakery.com
Midnight Bear Breads,midnightbearbreads.com
Amelia's Bread and Bakery,ameliasbread.com
Willa Jean,willajean.com
Beach Pea Baking Co.,beachpeabaking.com
Sea Wolf Bakers,seawolfbakers.com
"Girardot's Crumbs, LLC dba RavenHook Bakehouse",ravenhook.com
"Northwest Mills and Specialty Grains, SPC dba Cairnspring Mills, SPC",cairnspring.com
"Sandwich Isle Bread Co., LLC",sandwichislebread.com
"Crooked Tree Breadworks, Inc.",breadworks.com
"Bit of Swiss Pastry Shoppe, Inc.",bitofswiss.com
"Tecumseh Bread & Pastry, LLC",tecumsehbakery.com
Ideal Bakery,idealbakeryohio.com
"Mountain Oven, LLC",mountainoven.com
"Hewn, LLC",hewnbread.com
"Bennisons Bakery, Inc.",bennisonscakes.com
"Gaston's bakery, LLC",gastonsbakery.com
Blackbird Baking Co.,blackbirdbaking.com
Puget Sound Food Hub,pugetsoundfoodhub.com
Bantam Bread Co.,bantambread.com
Grass Roots Farmers' Coop.,grassrootscoop.com
"Debragga, Inc.",debragga.com
"FarmFoods, Inc.",farmfoodsmarket.com
"Carolina Ground, L3C",carolinaground.com
"More Than A Bakery, LLC",morethanabakery.com
Hemp Oil Canada,hempoilcda.com
Kitchen Krafts,kitchenkrafts.com
"Premier Manufacturing, LLC dba Zenedge Energy Drink",zenedgeusa.com
Private Labeling,private-labeling.com
"Marksbury Farm Foods, LLC",marksburyfarm.com
"Hickory Farms, LLC",hickoryfarms.com
Alambria Springs Farm LLC dba HeartStone Artisan Bakery,heartstonebakery.com
ThoroughBreadATX,thoroughbreadatx.com
Boulted Bread,boultedbread.com
"Texas French Bread, Inc.",texasfrenchbread.com
Community Food Co-op,bozo.coop
Bagelsaurus,bagelsaurus.com
"B Sweet Cupcakes, LLC",bsweetcupcakes.com
A Cut Above Gourmet Foods,acutabovedelivery.com
Bluepoint Bakery,bluepointbakery.com
Vermont Sticky,vermontsticky.com
Blue Loon Bakery,blueloonbakery.com
"Boone Dog Pizza, LLC",boonedogpizza.com
Idyllwild Bread,idyllwildbread.com
Otisco Bakery & Basics,otiscobakeryandbasics.com
Little T American Baker,littletbaker.com
Fire Dog Breads,firedogbreads.com
"Pacific Sourdough, LLC",pacificsourdough.com
"Vanilla Bean Bakery And Cafe, LLC",vanillabeanhelena.com
"Beach Lake Bread Consultants, Inc. dba Beach Lake Bakery",beachlakebakery.com
Half Crown Bakehouse,halfcrownbakehouse.com
Baker and Spice Bakery,bakerandspicepdx.com
"Butcher & Bee, LLC",butcherandbee.com
"Elmore Mountain Bread, LLC",elmoremountainbread.com
Orchard Hill Breadworks,orchardhillbreadworks.com
"Crossroads Bake Shop, Inc.",crossroadsbakeshop.com
Good Stock,goodstocksoups.com
Sourdough Nashville,sourdoughnashville.com
Prairie Sky Breads,prairieskybreads.com
"B-Spoke Group, Inc. dba Helliemae's",saltcaramels.com
"The Bakery At Riverside Farm, LLC",bakeryonmason.com
"New Beat Foods, LLC",newbeatfoods.com
"Good Cakes and Bakes, LLC (GCB)",goodcakesandbakes.com
"Yum Altitude Ideas, LLC dba Caution Hot Sauce",cautionhotsauce.com
"Zest Brands, LLC",zestbrands.com
"Field & Fire, LLC",fieldandfire.com
Stuttering King Bakery,stutteringkingbakery.com
Le Petit Paris French Bakery,lepetitparisfrenchbakery.com
Village Bakery,villagebakeries.com
Wild Yeast Community Supported Bakery,wildyeastcorvallis.com
"Camino Bakery, Inc.",caminobakery.com
"Dandy Food Distributors, Inc.",dandydistributors.com
"Nafta Distributors, Inc.",naftadist.com
"Reddy Raw, Inc.",reddyraw.com
"Shaheen Bros, Inc.",shaheenbros.com
"Snow Fresh Foods, Inc.",snowfreshfoods.com
"Ambassador Meat Distributors, Inc. dba Heartland Fresh Foods",heartlandfreshfoods.com
"A. Panza & Sons, Ltd. dba Ice Cream Products",icecreamproducts.com
Food and Paper Supply Co. (FPS),foodandpaper.com
"J.K. Paty Meat Co., Inc. dba Paty Preferred Meat Co.",patypreferredmeatco.com
Martinez Distributors Corp.,mdist.us
"KEYFOODServices, Inc.",keyfoodservices.com
"Pacific Harvest Seafoods, Inc.",pacificharvestseafoods.com
"Cargill, Inc.",cargill.com
"Riviana Foods, Inc.",riviana.com
"McCall Farms, Inc.",mccallfarms.com
"Lewis Bakeries, Inc.",lewisbakeries.net
"Mound City Shelled Nut Co., Inc.",moundcity.com
McIlhenny Co. dba Tabasco,tabasco.com
"Herr Foods, Inc.",herrs.com
"Beck's Bakery, LLC",becksbakery.com
BakeHouse On King,bakehouseonking.com
"Lindley Mills, Inc.",lindleymills.com
Andrae's Bakery,andraesbakery.com
"Wide Awake Bakery, LLC",wideawakebakery.com
Good Grain Bread Co.,goodgrainbreadco.com
Nord Bread,nordbread.com
"Baozza, LLC",baozza.com
Imperfect Foods,com.jp
"CFC, Inc. dba Columbus Vegetable Oils",cvoils.com
"Demakes Enterprises, Inc., dba Old Neighborhood Foods",oldneighborhoodfoods.com
"Family Cookbook Project, LLC",familycookbookproject.com
"Lyssy & Eckel Feeds, Inc.",lefeeds.com
"Sushi Avenue, Inc.",sushiavenue.com
"ME Thompson, Inc. dba Dandee Foods",dandeefoods.com
"Pancho's Mexican Foods, Inc.",panchoscheesedip.com
Kettle Corn Hawaii,kettlecornhawaii.com
Fenceline Cider,fenceline.co
"SFC Global Supply Chain, Inc. dba Holiday Foods, LLC",holidayfoods.com
"MB Group USA, LLC dba MiraBurst, LLC",miraburst.com
"Frontier Mills, Inc.",frontiermills.com
"CHS, Inc. dba CHS Farmers Alliance Coop.",chsfarmersalliance.com
"Bark 2 Basics, LLC",bark2basicsllc.com
"Crumbl, LLC dba Crumbl Cookies",crumblcookies.com
Marie Blachère US,marieblachereus.com
"Probiotic Maker Jugurt, LLC",probioticmaker.com
"Brick City Baking, Co.",brickcitybaking.com
"Village Bread and Bagel, Inc.",villagebread.com
"Palmetto Holding Corp. dba Delmonico's Italian Steakhouse of New York, Inc.",delmonicositaliansteakhouse.com
The Neil Jones Food Co.,neiljonesfoodcompany.com
Kolache Shoppe,kolacheshoppe.com
Food Processing Equipment Co. (FPEC),fpec.com
Natures Pavillion,naturespavilion.net
"IngateyGen, LLC (IGG)",ingateygen.com
"Midwest Catalog Brands, LLC dba Wisconsin Cheeseman",wisconsincheeseman.com
"S.M. Jones & Co., Inc.",smjonesco.com
"RA Foods, LLC dba Wild About Sprouts",wildaboutsprouts.com
"ChocZero, Inc.",choczero.com
"Green Roads of Florida, LLC",greenroads.com
"Pacific Groservice, Inc. dba Pitco Foods",pitcofoods.com
"S. Clyde Weaver, Inc.",sclydeweaver.com
"Ziba Foods, LLC",zibafoods.com
"Touchstone Life Essentials, Inc.",thegoodinside.com
"Progreso, LLC dba La Michoacana Meat Market",lamichoacanameatmarket.com
"Standard Meat Co., LP",standardmeat.com
"Do You Bake, Inc.",doyoubake.com
"Savor Fine Foods, LLC",savorfinefoods.com
Full Leaf Tea Co.,fullleafteacompany.com
"Machine Builders and Design, Inc. (MB&D)",mbd-inc.com
"GSC Chipotle Texas, Ltd. dba Chipotle Texas",chipotletexas.com
"Consumers Vinegar and Spice Co., Inc.",cvsco.com
Atlanta Coffee and Tea Co.,atlantacoffeeandtea.com
"Tortilleria Atotonilco, Inc.",tortilleriaatotonilco.com
"CommonWealth Kitchen, Inc. (CWK)",commonwealthkitchen.org
"Hot Wachula's, Inc.",hotwachulas.com
"American Bean, LLC",americanbean.com
"Bayside Fresh Market, LLC",baysidefreshmarket.com
"Dragonwood, LLC",dragonwood.online
"Superior Equipment and Supply Co., Inc.",superiorequipment.online
"White's Quality Foods, LLC dba Mashup Foods, Inc.",picklesmash.com
"Alliance One International, LLC",aointl.com
"Myojo USA, Inc.",myojousa.com
Crest Hill Bakery,cresthillbakery.com
"Reisman's Brothers Bakery, Inc.",reismansbakery.com
World Casing Corp.,worldcasing.com
"Dutch American Foods, Inc.",dutchamericanfoods.com
"O'Dang Hummus, LLC dba O'dang Foods",odangfoods.com
"Nummies, LLC dba Nummies Bakery",nummiesbakery.com
"Misfits Market, Inc.",misfitsmarket.com
"The Cookware Company USA, LLC",cookware-co.com
"La Ranchera, Inc.",larancherainc.com
"Top Secret Popcorn Enterprises, LLC dba Opopop",opopop.com
San Francisco Soup Co. dba Ladle and Leaf,ladleandleaf.com
"Redco Foodservice Equipment, LLC",redcofoodequip.com
"Healthy Heart Food Service, Inc.",healthyheartfood.com
"Mana Health Foods, Inc. dba Mana Foods",manafoodsmaui.com
"Totta Sausage, Inc.",tottasausage.com
Stevens Sausage Co.,stevens-sausage.com
"Cascade Marketing Solutions, LLC dba Bio Green Clean",biogreenclean.com
"Prestige Farms, Inc.",prestigefarms.com
"Arlotta Food Studio, LLC",arlottafood.com
"Imperfect Foods, Inc.",imperfectfoods.com
"Five Continent Spices, Inc.",fivecontinentspices.com
Cook County Whole Foods Co-op,cookcounty.coop
"Lettuce Eat, LLC",lettuceeatreal.com
"Fera'wyn's Artisan Chocolates, LLC",ferawyns.com
"Homeland Baking, LLC",homelandbaking.com
"Seattle Food Geek, LLC",seattlefoodgeek.com
"Lee Kum Kee (USA), Inc.",usa.lkk.com
"Fauquiers Finest Custom Meat Processing, Inc.",fauquiersfinest.com
"Haen Meat Packing, Inc.",haenmeats.com
"Revolution Brands, LLC",revolution-brands.com
"Pride Of Iowa, LLC dba Pride of Iowa Sandwiches",prideofia.com
Edward and Sons Trading Co.,store.edwardandsons.com
Gran Forno Las Olas,granforno.com
"Maruchan, Inc.",maruchan.com
"Just Pure Foods, Inc.",justpurefoods.com
"Fermented Garden, LLC dba Sauer Frau",sauerfrau.com
The Vine NY,thevineny.com
"Sunja’s Oriental Foods, Inc.",sunjaskimchi.com
"Del Monte Fresh Produce N.A., Inc.",delmontefresh.com
"Botticelli Foods, LLC",botticellifoods.com
"Martin Group, LLC",martingroupllc.com
Buddy Valastro Foods,buddyvfoods.com
"Cugino's Gourmet Foods, Inc.",cuginos.com
"Utica Specialty Foods, LLC",uticafoods.com
"Kreativa Gourmet, LLC",kreativa-gourmet.com
"Daddy Hinkle's, Inc.",daddyhinkles.com
"MarBran-USA, LLC",marbran.com
"Dreamfields Foods, Inc.",dreamfieldsfoods.com
"Abbott's Frozen Custard, Inc.",abbottscustard.com
"Fresh Fit Foods, LLC",freshfitnaples.com
"Fry Krisp Food Products, Inc.",frykrisp.com
"Westin Packaged Meats, Inc.",westinpackagedmeats.com
"The Bossy Gourmet, LLC",thebossygourmet.com
The Boulder Hot Sauce Co.,boulderhotsauce.com
McCabes Granola,mccabesgranola.com
The Zidian Group dba Summer Garden Food Manufacturing,summergardenfood.com
"Golden Valley Natural, LLC dba Hero Snacks",herosnacks.com
"Relish Works, Inc.",relishworks.com
Wise Sons Jewish Delicatessen,wisesonsdeli.com
"Ajinomoto Foods North America, Inc.",ajinomotofoods.com
"Eden Foods, Inc.",store.edenfoods.com
Allied Renewal,allied-renewal.com
"JD's Salsa Seasoning, LLC dba JD's Salsa in Seconds, LLC",jdsalsa.com
Ayo West African Foods,ayo-foods.com
EatWild,eatwild.com
First Place Foods Limited Liability Company,firstplacefoods.com
"Oro Maya, LLC dba Honduras Chocolate Co.",honduraschocolatecompany.com
"Jonathan Robins Bakery, Inc. (JRB)",jonathanrobinsbakery.com
"aetherea, LLC",aetherea.life
"Polidori Meat Processors, Inc. dba Polidori Sausage",polidorisausage.com
"North Shore Farms, Inc.",northshorefarms.com
"Old Mill Kettle Corn, LLC",oldmillpopcorn.com
"Annies's Bakery, Inc.",anniesbread.com
"Plantin America, Inc. dba Plantin Kaviari",plantinkaviari.us
"Morton's Gourmet, Inc.",mortonsmarket.com
"Oleson's Foods, Inc.",olesonsfoods.com
"Latitude 36 Foods, LLC",latitude36foods.com
Nebraska Food Processing Center,fpc.unl.edu
"Doria Enterprises, Inc. dba Grace's Marketplace",gracesmarketplace.com
"Rio Mambo, Inc.",riomambo.com
"Ryan Hershey Enterprises, Inc. dba Penny's Salsa, Inc.",pennyssalsa.com
"Willmill Rice Co., LLC",windmillrice.com
Texas Harvest Co.,txharvest.com
"Johnson Foods, Inc.",johnsonfoods.com
"Rolling Hills Nut Co., Inc. (RHNC)",rollinghillsnut.com
"JSS Almonds, LLC",jssalmonds.com
"Fells Point Wholesale Meats, Inc.",fpwmeats.com
Danone North America Public Benefit Corp.,danonenorthamerica.com
"Matt & Nat Bakery Group, LP",mattandnatbakery.com
"Fast Acai, LLC",fastacai.com
"Sunrise Farms, Inc.",sunrisefarm.net
"Special Touch Bakery, Inc.",specialtouchbakery.org
"Crock Spot, LLC",thecrockspot.com
"Ratto Bros., Inc.",rattobros.com
Flatbush Food Co-op,flatbushfood.coop
"The Pinehills Market, LLC",themarketpinehills.com
Alpaca Peruvian Charcoal Chicken,alpacachicken.com
Maurice's Piggie Park BBQ,piggiepark.com
Smokey Mo's BBQ,smokeymosbbq.com
Baron's Market,baronsmarket.com
"Salem's Franchising, LLC dba Salem's Fresh Eats",salemsfresheats.com
"Hilliard's House of Candy, Inc.",hilliardscandy.com
"TRam Foodservice Management, LLC dba Foodbarz!",foodbarz.com
Linda's Diet Delites,lindasdietdelites.com
Pollo Regio,polloregio.com
"Arck Foods, Inc. dba Cedar Hollow Foods",cedarhollowfoods.com
"Roma Food Group, Inc.",romafoodgroup.com
Russo's Gourmet Foods & Market & Catering,russofoodmarket.com
"The Spain's Group, LLC dba Spain's Spices",spainsspices.com
"Deluxe Foods of Aptos, Inc.",deluxefoodsofaptos.com
"RMG of Virginia Avenue, Inc. dba Louisiana Bistreaux",louisianabistreaux.com
"Armand Agra, Inc.",armandagra.com
"Pink Dough Nation, LLC dba Pink Box Doughnuts",pinkboxdoughnuts.com
Mexican Villa Restaurants,mexicanvilla.net
Maison Bertrand Food Co.,maisonbertrand.com
Rollin' Oats Market and Cafe,rollinoats.com
"Dallas Popcorn, LLC",dallaspopcorn.com
"Today's Food, LLC",traccofoods.com
"Punch'd Energy, Inc.",punchdenergy.com
Boxcar Betty's,boxcarbettys.com
"Wildewood Pastry Shop, Inc.",wildewoodpastryshop.com
"Alberto's Food Products, Inc.",albertosbrand.com
Aunt Bee'z Delicious Desserts,auntbeez.com
McDevitt Taco Supply,mcdevitttacosupply.com
"Louisiana Gourmet Enterprises, Inc. dba Mam Papaul's",mampapauls.com
"Marin Foods Specialties, Inc.",marinfoods.com
"Dover Processing, Inc.",dovermeats.com
"Fortissima Enterprises, LLC dba Yumberry Bowl",yumberrybowl.com
"PRiMO Specialty Foods, Inc.",yayprimo.com
Health Enhanced Foods,healthenhancedfoods.com
"Salad Ground, LLC dba Salad Ground Kitchen Share",saladgroundkitchens.com
"Crumbs, Inc. dba Crumbs Bakery",crumbsbakery.a-zcompanies.com
"Barrios Foods, Inc.",barriosdistributing.com
"Primeraw Foods, dba Plantraw.com",plantraw.com
"Bakehouse Bread Co., LLC",bakehousebreadcompany.com
"The Gingerbread Cottage, LLC",thegingerbreadcottage.com
"Be Westbourne, LLC",westbourne.com
"NatureBest Pre-Cut and Produce, LLC",naturebestprecut.com
"Innovative Food Holdings, Inc. (IVFH)",ivfh.com
"Pi Pizza Vending, LLC",pipizzavending.com
"Today's Temptations, Inc.",todaystemptations.com
"Shenandoah Mills, Inc.",shenandoahmills.com
"It's Really Vegan, LLC",itsreallyvegan.com
Del Mar Farmers Market,delmarfarmersmarket.org
"Primo Foods, Incorporated",primofoodsinc.com
"Tennessee Harvester, LLC",tennesseeharvester.com
Wrench and Rodent Seabasstropub,19tenoceanside.com
"Sheridan Partners Corporate Development, LLC (SPCD)",sheridanpartners.net
"Piast Meats & Provisions, Inc.",piast.com
"Pari Foods, Inc.",parifoods.com
"Bend Sauce, LLC",bendsauce.com
"Crunch Tech, Inc. dba CrunchCup",thecrunchcup.com
"The Meal Kits, LLC",mealfinds.com
Margaritaville Foods,margaritavillefoods.com
Old Town Baking Co.,oldtownbakingco.com
Good Flow Co.,goodflowhoney.com
"The Rob Salamida Co., Inc.",salamidas.com
"PortlandFrench, Ltd.",portlandfrench.com
"Natural Foods, Inc.",naturalfoodsinc.com
"Wimmers Meat Products, Inc.",wimmersmeats.com
Key West Smoked Fish Co.,smilinbobs.com
El Burrito Mexican Food Products Corp.,elburrito.com
"Emily's Heirloom Pound Cakes, LLC",emilysheirloompoundcakes.com
"Kitchen Collectables, Inc. dba Kitchengifts.com",kitchengifts.com
"Atkins Ranch, Inc.",atkinsranch.com
"Gourmet Gift Concepts, LLC dba Gourmet Select, Inc.",gourmetgiftconcepts.com
Tous Les Jours International Corp.,tljus.com
"Custom Pet, Inc.",custom-pet.com
W2O Food Innovation,w2ofoodinnovation.com
"Tia Lupita Hot Sauce, LLC dba Tia Lupita Foods",tialupitafoods.com
Million Mom Movement,millionmommovement.info
Simplicity Holistic Health,simplicityhh.com
"USA Choice, LLC",usachoicellcfoods.com
"Add-V, LLC dba Sugart",sugart.us
Pie Snob Bakery,piesnob.com
"FairWave Holdings, LLC",fairwave.com
Ilixer,ilixer.com
"Terra Firma Foods, Inc.",terrafirmafoods.world
Palo Alto Creamery,paloaltocreamery.com
Chu's Quick Wok,quikwokrestaurant.com
Great Wok of China.,greatwokoceanside.com
"Plantamins, Inc. dba PlanTea, Inc.",plantea.com
"Elevation Brands, LLC dba Blue Horizon Organic Seafood",bluehorizonseafood.com
Santa Barbara Baking Co.,santabarbarabaking.com
"Wunderkeks, LLC",wunderkeks.com
"Frontier Nutrition, Inc.",frontiernutrition.com
Foodservice Equipment Rental (FER),foodserviceequipmentrental.com
"Alden Mill House II, LLC",aldenmillhouse.com
"Cookies Food Products, Inc.",cookiesbbq.com
"KFK Seasonings, LLC",kfkseasonings.com
Sassy Jones Sauce and Spice Co.,sassyjonesbbq.com
Cook Flavoring Co. dba Cooksvanilla,cooksvanilla.com
"G & W Foods, Inc.",gwfoodsinc.com
Casey's Foods,caseysfoods.com
"Hays Market, Inc.",haysmarket.com
"Gowell's Shop 'n Save, Inc.",gowellsshopnsave.com
"Grand Food Centers, Inc.",grandfoodcenter.com
"Vicente Foods, Inc.",vicentefoods.com
"Radcliffe's Great Valu, Inc.",radcliffegreatvalu.com
Greenup IGA,greenupiga.com
"Molsberry Markets, Inc.",molsberrymarket.com
Bob's Windham IGA,windhamiga.com
The Market Co.,themarketfresh.com
Potash Markets,potashmarkets.com
Near Country Provisions,nearcountry.com
"Casa Rovigatti, Inc.",casarovigatti.com
"Suburban Food Service, Inc.",suburbanfoodservice.com
Coco Kitty,coco-kitty.com
Taste Of Philly,tasteofphilly.biz
Abigail's Bakery,abigailsbakery.com
"Driftless Meats, LLC dba Vande Rose Farms, LLC",vanderosefarms.com
VV Just Italian,vvjustitalian.com
"Premium Aquatics, LLC dba Seagrove Kelp Co.",seagrovekelp.com
"Rosies Confections, LLC",rosiesconfections.com
Nouri.,nourimama.co
Humanitea Co.,drinkhumanitea.com
"Bashir Enterprises, LLC dba Gaffney Foods",gaffneyfoods.com
"Southeastern Food Processors Association, Inc. (SFPA)",sfpafood.org
"Pickle Jar Studios, LLC",picklejarstudios.com
"Lava Lake Lamb, LLC",lavalakelamb.com
"Val-Mex Frozen Foods, LLC",val-mex.com
"Sigma Phase, Corp. dba ColdSnap",coldsnap.com
"Sidecar Doughnuts, LLC dba Sidecar Doughnuts and Coffee",sidecardoughnuts.com
"Shea Growers Africa, LLC",sheagrowersafrica.com
JL Cakes+,jlcakes.com
Gigi's Organics,gigisorganics.com
King Milling Co.,kingflour.com
"June Moon Spice Co., LLC",junemoonspicecompany.com
"Marina Foods, Inc.",marinafoods.com
"LobsterAnywhere.com, Inc.",lobsteranywhere.com
"Paqui, LLC",paqui.com
"Operation Cookies, LLC",operationcookies.com
JA Foodservice Corp. dba Packaged Meal Kit,packagedmealkit.com
"Gooey on the Inside, LLC",gooeyontheinside.com
"Smokalo, Inc. dba CBD Piggy",cbdpiggy.com
"First Choice Fine Foods, Inc.",firstchoicebabyfoods.com
"Rachel's Table, LLC",rachelstableri.com
"International Rio Mar Group, LLC",gourmetmexicana.com
"Island Grown Foods, Inc. dba Hawaii Food Products, Inc.",hawaiifoodproducts.com
"Wolfgang B. Gourmet Foods, Inc.",wbgfoods.com
"JJ's Own, LLC",jjsown.com
"Sweet Eddie's, Inc.",sweeteddies.com
"Keeno's Jerky, LLC",keenosjerky.com
Carl Streit and Son Co. dba Streit Purveyors,streitpurveyors.com
"Brittle Brothers, LLC",brittlebrothers.com
Peachtree Commodities LLC,peachtreecommodities.com
"Seco Spice Co., Ltd.",secospice.com
The Spice Merchant & Co.,spicemerchant.com
"High Mountain Jerky, Inc.",himtnjerky.com
"Pappy's Fine Foods, Inc.",pappysfinefoods.com
Black Bear Bread Co.,blackbearbreadco.com
"Wut-A-Nut, LLC",wut-a-nut.com
"Umamicart, Inc.",umamicart.com
"Salsa Queen, LLC",salsaqueen.com
Little City Kitchen Co.,littlecitykitchenco.com
"Wicker's Food Products, Inc.",wickersbbq.com
"Kosher First, LLC dba Tuv Taam Corp.",tuvtaam.com
"Spanish Gardens Food Mfg. Co., Inc.",spanishgardensfoods.com
Midland Ghost,midlandghost.com
"Jananna Foods, Inc. dba Albert's Famous Hot Sauce",albertsfamousmexicanhotsauce.com
"The Texas Olive Ranch, Inc.",texasoliveranch.com
Not Just Co.,notjust.co
Fat Man's Beef Jerky,fatmansbeefjerky.com
"Uncle Ron's Beef Jerky, LLC",uncleronsbeefjerky.org
"OFT, Inc.",oftinc.com
"Jerky Joy, LLC",jerkyjoys.com
"O'Neil Foods, Inc.",oneilfoods.com
"Niitakaya USA, Inc.",niitakaya.com
"Exquisite Desserts, Inc.",exquisitedesserts.com
"Uncle Stevie's Signature Sauces, LLC",unclestevies.com
"Cake Fine Pastry, Inc.",cakefinepastry.com
Caligiuri Corp. dba Empress Sissi,empresssissi.com
Sweety´s Kake,sweetyskake.com
"Cakes by Coley, LLC",cakesbycoley.com
"Tasty Foods, Inc. dba Tasty Donuts",thetastydonuts.com
"Pellman Foods, Inc.",pellmanfoods.com
Cakes For All Occasions,brendascakesforalloccasions.com
"Dutch Ann Foods, Inc.",dutchann.com
"I D'Eclair Pastries, LLC",ideclairpastry.com
"Allie's Sweet Tooth, LLC",alliessweettooth.com
"The Bodybakery and Co., LLC",thebodybakery.net
"Mini Bites, LLC",minibitescookies.com
"Blue Raeven Pie Co., LLC",blueraevenfarmstand.com
"Mios Delectables, LLC",miosdelectables.com
"Geddes Baking Co., Inc. dba Geddes Bakery",geddesbakery.com
"Sara's Sweets, LLC",sarassweetslima.com
Smallcakes Cupcakery and Creamery,smallcakescupcakery.com
"K Bakery, LLC",thekbakery.com
Gruttadauria's 1914 Bakery,1914bakery.com
"Skinny Crisps, Inc.",skinnycrisps.com
"Little Ol' Cookie House, Inc.",cookiehouse.com
"Sweet Beginnings Bakery, Inc.",sweetbeginningsbakery.com
"Sweet Lala's Bakery, LLC",sweetlalas.com
"Cookie Text, LLC",cookietext.com
"T-Rex Cookie Co., LLC",trexcookie.com
"Jagger Cone Co., Inc.",jaggercone.com
"Timkev International, Inc.",timkev.com
"Sweetie Pie Pantry, LLC",sweetie-licious.com
"Karen's Cookies, LLC",karenscookies.net
"Kauai Kookie, LLC",kauaikookie.com
"Uncle Biff's, Inc.",unclebiffskillercookies.com
"Gimmee Jimmy's Cookies, Inc.",gjcookies.com
Mt. Lemmon Cookie Cabin,thecookiecabin.org
Melrose Baking Co.,melrosebaking.com
"The Cookie Factory, LLC",thecookiefactoryny.com
"The Dough Shoppe, LLC",thedoughshoppe.com
"Frytech Designs, Inc. dba Fancy Fortune Cookies",fancyfortunecookies.com
"Amanda’s Traditional Bakeshop, LLC dba BakerBaker",bakerbaker.net
"Bibby's Cakes and Catering, LLC",bibbyscakes.com
"Atlanta Noodle Plus, Inc.",atlantanoodle.com
"Scaramuzza's Pasta Products, Inc.",scaramuzzaspasta.com
"Odessa Tortilla & Tamale Factory, Inc.",manuelstamales.com
"Carlino's Specialty Foods, Inc.",carlinosmarket.com
La Boulangerie De Francois Corp.,labfranc.com
"Maria's Gourmet Pasta Products, Inc.",mariasgourmetpasta.com
The Dough Co.,thedough-co.com
"Libfeld, Inc. dba WrapOle' Premium Quality Tortillas",wrapole.com
"Mrs. Rios Corn Products, LLC",mrsrioscornproducts.com
"Sonoma Valley Foods, Inc.",sonomavalleyfoods.com
"Quality Naturally Foods, Inc.",qnfoods.com
"Taste of Italy Manufacturing, LLC",tasteofitalymfg.com
"Panetto Foods, LLC",panettofoods.com
"Baja Foods, LLC",bajafoodsllc.com
"Dough Vinci's, Inc.",doughvinci.com
"Maizteca Foods, Inc.",maizteca.com
"Pita Pit Bakery, LLC",pitapitbakery.com
"Ross Candies, Inc. dba The Toffee House",thetoffeehouse.com
"Marshall's Mackinac Trail, Inc. dba Marshall's Fudge and Candy Co.",marshallsfudge.com
"Helen's Tropical-Exotics, Inc.",helensjerkseasoning.com
"Saltopia Infused Sea Salts, LLC",saltopiasalts.com
"Great Lakes Tea and Spice, LLC",teaandspice.com
Stuart's Spices,stuartsspices.com
"Harvest Moon, LLC",harvestmoondeli.com
"Smith & Truslow, LLLP",smithandtruslow.com
"Olde Westport Spice & Trading Co., Inc.",oldewestportspice.com
"Don Juan's International Foods, Inc.",donjuaninternationalfoods.com
"Valley Harvest Products, LLC",vhpspices.com
"Montana Alpine Touch, Inc. dba Alpine Touch, Inc.",alpinetouch.com
"Pirate Jonny's, LLC",piratejonnys.com
"Famar Flavors, LLC",famarflavors.com
"Gourmet Kosher, LLC",gourmetkosher.us
"Cuatro Cinco Enterprises, LLC",ww25.45foods.com
Chicago Game & Gourmet,chicagogame.us
Fermentationexperts A/S,fermentationexperts.com
"Harrington's of Vermont, Inc.",harringtonham.com
"Jalisco, LLC dba Jalisco Tortilla Factory",madeinshelton.com
Black Forest Bison Co. (BFB),blackforestbison.com
"Axel's Pretzels, LLC",axelspretzels.com
"Asli Foods, Inc.",aslifoodsinc.com
Rice Field Corp.,ricefieldcorporation.com
Cornzapoppin LLC,cornzapoppin.com
"Kates Bakery and Cafe, LLC",katesbakeryandcafe.com
"Packer Avenue Foods, Inc.",packeravenuefoods.com
"Venture Foods, Inc. dba Kara Foods",karafoodproducts.com
The Famous 4th Street Cookie Co.,famouscookies.com
"Jafco Foods, Inc. dba Curate Foodservice",curatefoodservice.com
"Strassburger Meats, LLC",strassburgersteaks.com
"Lloyd’s of Pennsylvania, Inc.",lloydsofpa.com
"De Bruin Farms, Inc. dba De Bruin Ranch",debruinranch.com
"Polean Foods, Inc.",poleanfoods.com
Supreme Tamale Co.,supremetamale.com
"Aldo's Frozen Foods, Inc.",aldosfoods.com
Avanti Foods Co.,avantifoods.com
"Baldinger Bakery, Inc.",baldingerbakery.com
Wild Tiger Pizza Corp.,wildtigerpizza.com
"Pear Garden Produce, LLC",peargardenproduce.com
"Raffetto's Fresh Pasta, LLC",raffettospasta.com
"Four Seasons Pizza, Inc.",fourseasonspizza.com
"Amstad Produce, LLC",amstad.com
"Madurai Foods, Inc.",maduraifoods.com
"Fresh Milled Foods, Inc. dba The Breadery",breaderyonline.com
Argus Food Processing Corp.,argusfood.com
"Buy Fresh Produce, Inc.",buyfreshproduceinc.com
"The Balanced Chef, LLC",balancedchef.com
Jaqki's Cake Creation,jaqkiscakecreations.com
"Natural Food Concepts, LLC",naturalfoodconcepts.com
"Perfect Twist Pretzels, LLC",perfecttwistpretzels.com
"Kaiser Foodline, LLC dba Colonel Kababz",colonelkababz.com
The Bread Gal Bakery,thebreadgal.com
"Ladles Soups Franchising, Inc. dba Ladles Soups James Island, LLC",ladlessoups.com
"Guecor Products, LLC",guecorproducts.com
"Belmont Confections, Inc.",belmontconfections.com
Longevity Foods,longevityfoodz.com
"Bread In Motion, Inc.",breadinmotion.com
"Tasty Jerky Hawaii, LLC",tastyjerkyhawaii.com
"Avo's Bakery, Inc.",avosbakery.com
St. Michael's Chicharon,stmichaelschicharon.com
"Rangoli Sweets of Florida, Inc.",rangolisweetsflorida.com
"A. Oliveri and Sons, Inc.",aoliveriandsons.com
"Mogul Munch Gourmet Popcorn, LLC",mogulmunch.com
"S. Dama, Inc. dba Sunrise Natural Foods",nutsnmore.com
"LovePuppies Brownies, LLC",lovepuppiesbrownies.com
Evermore Nuts,evermorenuts.com
"Oh Nuts, Inc.",ohnuts.com
"Western Nut Co., Inc.",westernut.com
Sandhills Farm to Table Cooperative,sandhillsfarm2table.com
"Bill & Ralph's, Inc.",billandralphs.com
"Letha's Pies, LLC",lethaspies.com
General Industry Supply Corp.,generalindustrysupply.com
"Kosherkart, LLC",kosherkart.com
"CHR International, Inc.",chrfoods.com
"T & D Meats, LLC",tdmeat.com
Sweet Dreams Bakery.,sweet-dreams-bakery.com
"Our Kind Kitchen, LLC",ourkindkitchen.com
"Whipped Up, LLC dba Unbakeables",whippedupcreations.com
Express Produce Corp. dba TajaCol,tajacol.com
Grimaldi Bakery Corp.,grimaldibakery.com
"La Fontanella Food Products, LLC",lffoods.com
Campfire Foods Group,campfirefoodsgroup.com
"Mazzone Pasta, LLC",mazzonepasta.com
"Fisher's Homestyle Salads, LLC",fishershomestylesalads.com
Mountain Freshies,mountainfreshies.com
"Figaretti Manufacturing and Distribution, Inc.",figaretti.com
"Eat Smart, LLC",eatsmartnow.com
"Majestic Garlic, Inc.",majesticgarlic.com
35 Food Corp. dba Antonio's Pasta,antoniospasta.com
Wild West Ferments,wildwestferments.com
Plant Based Poppin,plantbasedpoppin.com
"Autokitch, LLC",autokitch.com
"No Baked, LLC dba NoBaked Cookie Dough",nobakedcookiedough.com
"Gelato Fino Desserts, Inc.",gelatofino.com
"Sow Good, Inc.",sowginc.com
"Desert Cool Foods, Inc.",desertcool.com
Lolly's Creamery,lollys.online
"Fairport Harbor Creamery, LLC",fairportharborcreamery.com
"New Alexandria Meadows, LLC dba The Meadows Original Frozen Custard",meadowsfrozencustard.com
"Twisterz, LLC",twisterzaz.com
Two Guns Espresso,twogunsespresso.com
Native Bagel Co.,nativebagelcompany.com
"Caphe Roasters, LLC",capheroasters.com
"Daily's Premium Meats, LLC",dailysmeats.com
"Mother Earth Food, Inc.",motherearthfood.com
Green Bar Supply Co.,greenbarsupplyco.com
"M and D Honey, Inc.",manddhoney.com
"Webb's Honey, Inc.",webbshoney.com
"RecipesNow, Inc.",recipesnowapp.com
"Personal Touch Food Service, Inc.",ptfswny.com
The Abbey Group,abbeygroup.net
"86 Food Service, LLC",86foodservice.com
"North Country Specialty Foods, Inc.",northcountryspecialtyfoods.com
"Grande Mexico, LLC",grandemexico.com
"ChefAdvantage, Inc.",chefadvantage.com
"Joseph Buchwald & Sons, Inc.",jbsbakeservice.com
"Tands, Inc. dba Bojangles",becajun.com
"Heritage Farms Cheshire Pork, LLC",cheshirepork.com
"Taco Mesa, Inc.",tacomesa.com
"Modu Food Services, Inc.",modufoodservice.com
"Fresh & Safe, Inc.",freshandsafe.com
"Lorenzo Provisions, Inc.",lorenzoprovisions.com
"Simply Good, Ltd. dba Simply Good Kitchen",simplygoodkitchen.com
"New Chicago Wholesale Bakery, Inc. dba Chicago Gourmet Wholesale Bakery",cgwbakery.com
"Macro Plate, Inc.",macro-plate.com
SBC Food Corp.,sbcfoodcorp.com
"White Birch Gourmet, LLC",whitebirchgourmet.com
"Juli Y Juan, LLC",juliyjuan.com
Sugar Whipped Bakery,sugarwhippedbakery.com
"Patty Matters, LLC",pattymatters.com
JamWest Foods,jamwestfoods.com
Larry´s Giant Subs,larryssubs.com
"Chef Ella Freyinger, Inc.",ellafreynger.com
"Foodbridge, Inc.",foodbridge.us
"Lunch Box Foods, Inc.",lunchboxfoods.com
Delmarva Boil Co.,delmarvaboilcompany.com
"The Wheelhouse, LLC",wheelhousefood.com
"Fantasy Cakes, LLC dba Fantasy Wedding Cakes",fantasyweddingcakes.com
"Kapa Food Supply, Inc.",kapafood.com
"The Roost, Inc. dba The Roost Fishers",theroostindiana.com
Boogie Barbeque and Catering,boogiebbq.com
"Samian Sales Co., LLC",samiansales.com
"New Horizon Food, Inc.",newhorizonfoodinc.com
"Lifetime Health Concepts, LLC dba Fruits And Roots",fruitsnroots.com
"Stonie's Sausage Shop, Inc.",shopstonies.com
"YaYa's International, Inc. dba Yaya's Flame Broiled Chicken",yayas.com
"Fresh Eggs, Inc. dba Southern Belle's Plainfield",southernbellespancakes.com
"CMJJ Gourmet, Inc.",cmjjgourmet.com
"Thai Garden, Inc.",thethaigardengroup.com
"Hays Orchard and Cider Mill, LLC",haysorchard.com
Taco Mix Corp.,tacomix.co
"Flippin' Rice, LLC",flippinrice.com
"Chick 'N Chow, LLC",orderchicknchow.com
Pasta Tuya Food Distribution,pastatuya.com
"Aissa Sweets, LLC",aissasweets.com
"RiverCrust Deli, LLC",rivercrust.com
Latin Foods Market,latinfoodsmarket.com
Turners Seafood Market,turners-seafood.com
Robyn Loves Cake,robynlovescake.com
"Dirt Road Gourmet, LLC",dirtroadgourmet.com
"Oh, Nyla Cake Designs, LLC",ohnyla.com
Sweetcatch Poke,sweetcatchpoke.com
Tango Pastry,tangopastry.com
"Sconely, LLC",sconely.com
"Le Moulin Bakery, Ltd.",lemoulinbakery.com
Chicken Lisa's,chickenlisa.com
TK Enterprises dba TK Oriental Fine Foods,tkorientalfinefoods.com
Product Development International (PDI),pdiworldfood.com
"Bling Bling Dumpling, Inc.",blingblingdumpling.com
Just Pop'd Popcorn,justpopd.com
"A&J Bakery, LLC",aandjbakery.net
Brotherton Foods,brothertonfoods.com
"Arancini Bros, LLC",arancinibros.com
"Eva Sweets, Inc.",evasweets.com
"Nutri-Shield NSG, LLC",nutri-shield.com
"Florida Meat Packaging, Inc.",floridameatpackaging.com
"Go 4 Food, Inc.",go4foodusa.com
"Memo's House Of Pancakes, LLC",memoshousofpancakes.com
Sweet Lisa's Exquisite Cakes,sweetlisas.com
Maine Farm and Sea Cooperative (MFSC),mainefarmandsea.coop
"June Pie, LLC",junepie.com
"Foodserv Management Group, LLC",foodservmanagement.com
Black Angus Beef & Bucks County Honey Co. dba Willauer Farm,buckscountyhoney.com
"Share Good Foods, Inc.",sharegoodfoods.com
"Angel's Salumi & Truffles, LLC",angelsalumi.com
Flavor Hut Corp.,flavorhut.com
"Green, Lean & Clean, LLC",burnglc.com
"Philosopher Foods, LLC",philosopherfoods.com
"MealFit, LLC",mealfit.co
"Mati Foods, LLC",matifoods.com
"P.D.Q. Meals, LLC",pdqmeals.com
"Southern City Flavors, LLC",southerncityflavors.com
"Equinox Food Brokers, LLC (EFB)",equinoxfoodbrokers.com
"Local Goods, LLC",local-goods.com
"Next Mile Meals, LLC",nextmilemeals.com
"Wake Robin Fermented Foods, LLC",wakerobinfoods.com
"Superkrauts, LLC",rawsuperkrauts.com
HPP Los Angeles,hpplosangeles.com
"Billie's Pecans and More, Inc.",billiespecans.com
"Wisconsin River Brands, Inc. dba Wisconsin River Meats",wisconsinrivermeats.com
"Pueblito Paisa, Inc.",pueblitopaisarestaurant.com
"Pennymade Foods, LLC",pennymade.com
