name,domain
Harvest Market,goharvestmarket.com
Cupcake Mountain Cupcakery,bozemancupcakery.com
Haven on Earth Bread & Bakery,havenonearthbakery.com
Zeppole Baking,zeppolebakery.com
Greens and Proteins,greensandproteins.com
BC Produce,bcproduce.net
Canisteo and Arkport Shurfine,canisteoshurfine.com
"CJ Brothers, Inc.",cjbrothers.com
"The Myers Group, LLC dba Foodland IGA",foodland-iga.com
Peppers Produce,peppersfoods.us
Valentino Food Market.,valentinofoodmarketridgewood.com
Yakama Nation Farms,ynfarms.com
"Wonder Fields, Inc.",wonderfields.net
The Butcher & Baker Café,butcherandbakercafe.com
Hamptons Brine,hamptonsbrine.com
Trail Goods Co.,trailgoods.co
La Hacienda de los Barrios,lahaciendabarrios.com
Bordenave's French Bread Bakery,bordenavesbakery.com
"Trilogy Foods, LLC",trilogyfoodsllc.com
B&B Farms,bbfarmsde.com
"Belstra Milling Co., Inc.",belstramilling.net
"Berglund Marketing, Inc. dba Berglund Natural Foods",berglundnaturalfoods.com
"Boreas Freeze Dry, LLC",boreasfreezedry.com
"Brenneman Farms, LLC",brennemanfarms.net
"Cascade Foods, LLC",cascadefoods.com
Filomena Cucina Rustica,filomenasberlin.com
UFO Hibachi Express,ufohibachi.com
Patterson Nut,pattersonnut.com
Minnow America.,minnowworld.com
,jmjproduceinc.com
,oahufresh.com
,mendolakefoodhub.org
"The Mountain Steer Meat Co., LLC",mountainsteer.com
"Lakeview Farms, LLC",lakeviewfarms.com
"Paciugo Franchising, LP dba Paciugo Gelato Caffe",paciugo.com
"Perfection Bakeries, Inc. dba Aunt Millie's Bakeries, Inc.",auntmillies.com
"Ungar's Food Products, Inc. dba Dr. Praeger's Sensible Foods, Inc.",drpraegers.com
"PreGel America, Inc.",pregelamerica.com
"Happy Howie's, Inc.",happyhowies.com
"Safie Specialty Foods Co., Inc.",safiefoods.com
Michigan Dessert Corp. dba MiDAS Foods International,midasfoods.com
"V.F. Garza - El Popular, Inc.",elpopularchorizo.com
"Custom Culinary, Inc.",customculinary.com
"Reser's Fine Foods, Inc.",resers.com
"Bellisio Foods, Inc.",bellisiofoods.com
"Angelic Bakehouse, Inc.",angelicbakehouse.com
"The Fresh 20! Freshly, Inc.",thefresh20.com
"Quality Sausage Co., Ltd.",qualitysausage.com
"Ventura Foods, LLC",venturafoods.com
"Baker Maid Products, Inc.",bakermaid.com
"Barhyte Specialty Foods, Inc.",suziesorganics.com
"Beaverton Foods, Inc.",beavertonfoods.com
"Black Garlic, Inc.",blackgarlic.com
"Brothers International Desserts, Inc.",brothersdesserts.com
"Brown and Haley, Inc.",brown-haley.com
"Busseto Foods, Inc.",busseto.com
"Grains of Health, LLC dba Laiki Crackers",laikicrackers.com
"Arbor Management, Inc.",arbormgt.com
"Portland Pet Food Co., LLC (PPFC)",portlandpetfoodcompany.com
"Preferred Brands International, Inc. dba Tasty Bite Eatables, Ltd.",tastybite.com
"Chukar Cherry Co., Inc.",chukar.com
"Harbar, LLC",harbar.com
"Heavenly Organics, LLC",heavenlyorganics.com
"Crepini, LLC",crepini.com
"Gretchen Goehrend and Associates, Inc. dba India Tree, Inc.",indiatree.com
"Indo-European Foods, Inc.",indo-euro.com
"Jayone Foods, Inc.",jayonefoods.com
"Sonoma Syrup Co., Inc.",sonomasyrup.com
Del Duca,delducafood.com
"WOW Baking Co., LLC",wowbaking.com
"Italfoods, Inc.",italfoodsinc.com
"Iveta Gourmet, Inc.",iveta.com
"Source Atlantique, Inc.",sourceatlantique.com
"World Finer Foods, LLC",worldfiner.com
"J. Wilbur Foods, LLC",jwilburfoods.com
"The Pasta Shoppe, LLC",pastashoppe.com
"Old World Spices and Seasonings, Inc. (OWS)",oldworldspices.com
Valley Fig Growers,valleyfig.com
"Nu Life Market, LLC",nulifemarket.com
"La Pasta, Inc.",lapastainc.com
"La Tourangelle, Inc.",latourangelle.com
Wooden Table Baking Co.,woodentablebaking.com
"WholeMe, LLC",wholeme.com
"Just Jan's, Inc.",justjans.com
"El Encanto, Inc. dba Bueno Foods",buenofoods.com
"Kara's Cupcakes, Inc.",karascupcakes.com
"Donsuemor, Inc.",donsuemor.com
The Food Solution,thefoodsolution.net
"Living Intentions, LLC",livingintentions.com
"Takari International, Inc.",takari.com
Rill's Specialty Foods,rillfoods.com
"Krave Pure Foods, Inc.",kravejerky.com
"Traina Dried Fruit, Inc. dba Traina Home Grown",trainahomegrown.com
"Mooney Farms, Inc. dba Bella Sun Luci",bellasunluci.com
"Morinaga Nutritional Foods, Inc. (MNF)",morinaga-usa.com
Aloha From Oregon,alohafromoregon.com
"Kualli Foods, Inc. dba Molli Sauces",mollisauces.com
"Souperb, LLC",souperbsoup.com
"SuckerPunch Gourmet, Inc.",suckerpunchgourmet.com
Silk Road Catering,silkroadcatering.com
"Spiceology, Inc.",spiceology.com
"Lystn, LLC dba Answers Pet Food",answerspetfood.com
"Salty Wahine Gourmet Hwaaiian Sea Salt, LLC",saltywahine.com
California Marcona Co.,almondipity.com
"Strumba Media, LLC dba Miracle Noodle",miraclenoodle.com
Miller Baking Co. dba Pretzilla,pretzilla.com
McKenzie Country Classics,mckenziedeli.com
Elegant Brie,elegantbrie.com
"Toufayan Bakeries, Inc.",toufayan.com
"Texas Tamale Co., Inc.",texastamale.com
"Real Torino, Inc. dba Torino Specialty Food",torinospecialtyfood.com
"Jmac Trading, Inc.",jmactrading.com
Raw Green Organics,rawgreen.com
"Baobab Foods, LLC",baobabfoods.com
Bard Valley Medjool Date Growers Association (BVMDGA) dba Natural Delights,naturaldelights.com
"Beetnik Foods, LLC",beetnikfoods.com
"Dakota Specialty Milling, Inc.",dakotaspecialtymilling.com
"Alexia Foods, Inc.",alexiafoods.com
"Alter Eco, Inc.",alterecofoods.com
"Indiana Sugars, Inc.",sugars.com
"CB's Nuts, Inc.",cbsnuts.com
"DiBella Baking Co., Inc.",dibellafamiglia.com
"Cedarlane Natural Foods, Inc.",cedarlanefoods.com
"La Terra Fina USA, Inc. (LTF)",laterrafina.com
"Gluten Free Oats, LLC",glutenfreeoats.com
"Blue Marble Ice Cream, LLC",bluemarbleicecream.com
Global Agri-Trade Corp.,globalagritrade.com
"Lightlife Foods, Inc.",lightlife.com
"International Culinary Chefsbest, LLC",chefsbest.com
"Sauces 'n Love, Inc.",saucesnlove.com
"MamaMancini's Holdings, Inc.",mamamancinis.com
"Greeley Seed Co., LLC dba Kaylor Of Colorado",kaylorofcolorado.com
"Season Harvest Foods, Inc.",seasonharvestfoods.com
"Jones Naturals, LLC",jonesnaturalchews.com
"Tripper, Inc.",tripper.com
"Mary's Gone Crackers, Inc.",marysgonecrackers.com
"Grandma Hoerner's Foods, Inc.",grandmahoerners.com
"Garza Food Ventures, LLC dba Siete Family Foods, Inc.",sietefoods.com
"Gather Foods, LLC dba Thunderbird Real Food Bars",thunderbirdbar.com
"Allprovide Pet Foods, LLC",allprovide.com
"ThinkThin, LLC",thinkproducts.com
"Market Solutions Group, LLC dba Sweetie Pie Organics",sweetiepieorganics.com
"Carolina Prime Pet, Inc.",carolinaprimepet.com
"Sweet Loren's, Inc.",sweetlorens.com
Bunker Foods Corp.,bunkerfoodscorp.com
"Terra Harvest Foods, Inc. (TH Foods)",thfoods.com
"Teton Waters Ranch, LLC",tetonwatersranch.com
Nature Zone Pet Products,naturezonepet.com
Sunfood Corp.,sunfood.com
"Sundown Foods USA, Inc.",sundownfoods.com
"Steve's Real Food, Inc.",stevesrealfood.com
"Tarte Foods, LLC",tarteyogurt.com
"Flavor Producers, LLC",flavorproducers.com
"Coleman Natural Foods, LLC",colemannatural.com
"Heritage Health Food, Inc.",heritagehealthfood.com
"Healthy Food Ingredients, LLC.",hesco-inc.com
"Steuben Foods, Inc.",steubenfoods.com
"Sprout Foods, Inc. dba Sprout Organics",sproutorganics.com
"Hodo, Inc.",hodofoods.com
"Tyson Pet Products, Inc. dba True Chews",truemealsandchews.com
"Best Buy Bones, Inc.",bestbuybones.com
"Blue Dog Bakery, LLC",bluedogbakery.com
"Replenish Pet, Inc.",replenishpet.com
"Raw Essentials Living Foods, LLC dba Essential Oxygen",essentialoxygen.com
"Nature’s SunGrown Foods, LLC",naturessungrown.com
"Fresh Nature Foods, LLC",freshnaturefoods.com
"Wagner's, LLC",wagners.com
"Invigorade, LLC",invigorade.com
"King Arthur Flour Co., Inc.",kingarthurbaking.com
"Portland Bee Balm, LLC",portlandbeebalm.com
"Kettle Foods Holdings, Inc.",kettlebrand.com
Fantasy Cookie Co.,fantasycookie.com
"Jesben, LLC",jesben.com
"Wisconsin Specialty Protein, LLC",simplyteras.com
"Wholesome Goodness, LLC dba Riceworks",riceworks.com
"Raw Food Central, LLC",rawfoodcentral.com
"Wet Noses, Inc.",wet-noses.com
"The Fillo Factory, Inc.",fillofactory.com
"WrawP foods, LLC",wrawp.com
"Bloomfield Farms, Inc.",thebloomfieldfarms.com
"Bubba's Fine Foods, LLC",b-finefoods.com
"Triland Foods, Inc.",trilandfoods.com
"Savor Seasonings, LLC",savorseasonings.com
"Chesapeake Spice Co., LLC",chesapeakespice.com
"Mojo Tree Farm, LLC dba Pichuberry, LLC",pichuberry.com
"GFF, Inc. dba Girard's Food Service Dressings, Inc.",girardsdressings.com
"American Laboratories, Inc. (ALI)",americanlaboratories.com
PIA Ingredients Corp.,piaingredients.com
"Organic Gemini, LLC",organicgemini.com
"Zesteez, LLC",zesteez.com
Organic Fiji,organicfiji.com
Fresh 'n Nova,freshannova.net
Watusee Foods,watuseefoods.com
Fauna Foods Corp.,faunafoods.com
Quinoa Corp. dba Ancient Harvest,ancientharvest.com
"Inochi, Inc., dba Dainichi Fish Food",dainichi.com
"Frisian Unicorp, Ltd. dba Mio9",mio9.com
"Innophos Holdings, Inc.",innophos.com
"Sea Watch International, Ltd.",seawatch.com
"Kagome USA, Inc.",kagomeusa.com
"Nutra Blend, LLC",nutrablend.com
"Anchor Ingredients Co., LLC",anchoringredients.com
"MFiber, Inc.",mfiber.net
Malt Products Corp. (MPC),maltproducts.com
"Central Bi-Products, Inc.",centralbi.com
"U.S. Commodities, LLC",uscommodities-ag.com
"IsoNova Technologies, LLC",isonovatech.com
"Ribus, Inc.",ribus.com
"Solvaira Specialties, Inc.",solvaira.com
"Trilogy Flavors, Inc.",trilogyflavors.com
"Coloma Frozen Foods, Inc.",colomafrozen.com
"Foodstirs, Inc.",foodstirs.com
"Novel Ingredient Services, LLC",novelingredient.com
"BrandStorm, Inc. dba Natierra",natierra.com
"Adrenalation, Inc. dba Eda's Premium Hard Candies",edassugarfree.com
ARA Food Corp.,arafood.com
"McCrea Capital Advisors, Inc. dba McCrea's Candies",mccreascandies.com
"California Nuggets, Inc.",californianuggets.com
"Goldensands Group, LLC dba Kafe Candy",kafecandy.com
"Kathy Kaye Foods, LLC",kathykayefoods.com
"Think Jerky, LLC",thinkjerky.com
"Tillamook Country Smoker, Inc. (TCS)",tcsjerky.com
"Lockwood Packing Co., LLC dba Frickenschmidt Foods, LLC",frickenschmidtfoods.com
"Ben & Jerry's Homemade, Inc.",benjerry.com
"Hungry Howie's Pizza and Subs, Inc.",hungryhowies.com
"Port City Bakery, Inc. dba Alive & Kickin' Pizza Crust",akcrust.com
"Modernist Pantry, LLC",modernistpantry.com
"Daesang America, Inc.",daesangamerica.com
"Salad Girl, Inc.",saladgirl.com
"Deiorio Foods, Inc.",deiorios.com
"Sunset Imports, Inc. dba Bewley Irish Imports",bewleyirishimports.com
"True Made Foods, Inc.",truemadefoods.com
"Bone Doctors' BBQ, LLC",bonedoctorsbbq.com
"Pretzel Pete, Inc.",pretzelpete.com
"MualemA, LLC dba Sohha Savory Yogurt",sohhayogurt.net
"Sicilian Village, LLC",sicilianvillage.com
"Aufschnitt Meats, LLC",aufschnittmeats.com
"Dollop Gourmet, Inc.",dollopgourmet.com
"Rustic Crust, Inc.",rusticcrust.com
"White Toque, Inc.",whitetoque.com
"Baily International, Inc.",bailyfoods.com
"Mangia, Inc. dba Carmelina Brands",carmelinabrands.com
"Tribeca Oven, Inc.",tribecaoven.com
"Bob's Red Mill Natural Foods, Inc.",bobsredmill.com
"Captain Ken's Foods, Inc.",captainkens.com
"Biscotti Brothers Bakery, Inc.",biscottibrothers.com
"Sugar Creek Foods International, Inc. (SC)",getsugarcreek.com
"Itaberco, Inc.",itaberco.com
"R.L. Schreiber, Inc.",rlschreiber.com
"Heavenly Cake Pops, LLC dba Easy Roller",heavenlycakepops.com
"A and B American Style, LLC",abamerican.com
"Bonafide Provisions, LLC",bonafideprovisions.com
"Bora's Pantry, LLC",boraspantry.com
"Creminelli Fine Meats, LLC",creminelli.com
"Bushwick Kitchen, LLC",bushwickkitchen.com
Long Kow Foods USA Corp.,crystalnoodle.com
"Cattaneo Brothers, Inc.",cattaneobros.com
"Bella Lucia, Inc.",glutenfreepizzelles.com
Big T Coastal Provisions,bigtcoastalprovisions.com
California Balsamic,californiabalsamic.com
"California Rancher, LLC",california-rancher.com
Foodscapes,foodscapesnutrition.com
"Priester's Pecan Co., Inc.",priesters.com
"Caffe Classico Foods, LLC",caffeclassicofoods.com
Conscious Choice Foods,haroldspickles.com
"FernCreek Confections, LLC",ferncreekconfections.com
"Blue Hill, Inc.",bluehillfarm.com
"Tasty Blend Foods, Inc.",tastyblend.com
"Early Bird Foods and Co., LLC",earlybirdfoods.com
"Kelly's Jelly, Inc.",kellysjelly.com
"Highland Beefalo Farms, Inc.",highlandbeeffarms.com
Kerala Curry,keralacurry.com
"Champlain Chocolate Co., Inc. dba Lake Champlain Chocolates, LLC",lakechamplainchocolates.com
"Salty Sweet, LLC dba Serendipity Confections",serendipityco.com
"Small Batch Organics, LLC",smallbatchgranola.com
"Calysta, Inc.",calysta.com
"Ravens Nest Legacy, Inc. dba Ravens Nest Specialties",ravensoriginal.com
"Summit Hill Foods, Inc.",shfoods.com
"Foodlinks, LLC",foodlinksusa.com
Fortuna's Sausage Company,fortunasausage.com
"Kaurina's, LLC",kaurinas.com
"Spicin Foods, Inc.",spicinfoods.com
"B. toffee, LLC",btoffee.com
"Bacon's Heir, LLC",baconsheir.com
"Serro Foods, LLC dba Grandap Pete",grandpapete.com
"Seven Oaks Ranch, Inc. dba Garlic Gold",garlicgold.com
Balsamo's Family Kitchen,balsamosfamilykitchen.com
"Spring Kitchen, Inc.",springkitchen.com
"JCS Tradecom, Inc.",zoebrand.com
"Agridient, Inc.",agridient.com
"The Cristol Group, Inc. (TCG)",cristolgroup.com
Karl Ehmer,karlehmer.com
The Edlong Corp.,edlong.com
Bavaria Corp.,bavariacorp.com
"Gold Coast Ingredients, Inc.",goldcoastinc.com
"Darifair Foods, Inc.",darifair.com
"Evergreen Sweeteners, Inc.",esweeteners.com
"McTavish Shortbread, LLC",mctavishshortbread.com
Maine Crisp Co.,mainecrisp.com
"The Konery, LLC",thekonery.com
Farbest-Tallman Foods Corp.,farbest.com
"American Food Ingredients, Inc.",americanfoodingredients.com
"Flavor Consultants, Inc.",flavorconsultants.com
"Amtech Ingredients, LLC",amtechingredients.com
"Applied Food Sciences, Inc. (AFS)",appliedfoods.com
"SunBasket, Inc.",sunbasket.com
"MGP Ingredients, Inc.",mgpingredients.com
"Fontana Flavors, Inc.",fontanaflavors.com
"Simply Recipes, Inc.",simplyrecipes.com
"Meduri Farms, Inc.",medurifarms.com
"Vita Verde, Inc., dba Flora Fine Foods",florafoods.com
"NutriScience Innovations, LLC",nutriscienceusa.com
"Inca Organics Quinoa Co., Ltd.",incaorganics.com.au
"Cucina Fresca, Inc.",cucinafresca.com
"Land O'Frost, Inc.",landofrost.com
"Curry Love, Inc. dba Mike's Organic Curry Love",currylove.com
"Culinary Farms, Inc.",culinaryfarms.com
"PGP International, Inc.",pgpint.com
"Erie Foods International, Inc.",eriefoods.com
Westlake Produce Co.,westlakeproduce.com
"Wenda Ingredients, LLC",wendaingredients.com
"Seawind International, LLC dba Seawind Foods",seawindfoods.com
"Twin Garden Sales, Inc.",twingardensales.com
"Puritan Bakery, Inc.",puritanbakery.com
"Nicholas and Co., Inc.",nicholasandco.com
"Join Food Ingredient, Inc.",joinfoodingredient.com
"Quick Dry Foods, Inc.",quickdryfoods.com
"Fair Oaks Farms, LLC dba Fair Oaks Foods",fairoaksfoods.com
"Corine's Cuisine, Inc.",corinescuisine.com
Crisp and Co.,crisppickles.com
"CK Living, LLC",crazykoreancooking.com
Nago Foods,nagofoods.com
"Kuna Meat Co., Inc. dba Kuna Foodservice",kunafoodservice.com
"Casa DiLisio Products, Inc.",casadilisio.com
"Vassell Foods, Inc.",vassellfoods.com
"New Hope Mills Manufacturing, Inc.",newhopemills.com
"Dutch Valley Food Distributors, Inc.",dutchvalleyfoods.com
Ingredient 1,ingredient1.com
"Tarazi Specialty Foods, LLC",tarazifoods.com
"Lady Date, Inc.",ilovedatelady.com
"Sauce Goddess Gourmet, LLC",saucegoddess.com
"Muffin Revolution, LLC",muffinrevolution.com
Sweet Pillar and Company,sweetpillar.com
"Toddco, LLC",toddsdirt.com
"Spicy 'n Sweet, LLC dba City Saucery",citysaucery.com
"Wabash Valley Farms, Inc.",wabashvalleyfarms.com
Bubba Rose Biscuit Co.,bubbarose.com
"Abbch Ousterhout, Ltd. dba O' My Goodness Cookies",visitors.omygoodness.com
"Schell and Kampeter, Inc. dba Diamond Pet Foods, Inc.",diamondpet.com
"Chef Belinda, LLC",chefbelindaspices.com
"Verdant Resources, LLC, dba Verdant Kitchen",verdantkitchen.com
"Simply Native Foods, LLC",simplynativefoods.com
Napa Cakes Panforte,napacakespanforte.com
"Safcol USA, Inc.",safcolpet.com
"Pampered Pet Treats, Inc.",pamperedpetsusa.com
"BareItAll Petfoods, LLC",petsumer.com
"CMS Fine Foods, Inc.",cmsfinefoods.com
"Everpress Juice, Inc. dba Juice From the Raw",juicefromtheraw.com
"Salt and Straw, LLC",saltandstraw.com
"Divine Health, Inc. dba Dr. Don Colbert, MD",drcolbert.com
"Quinn Foods, LLC dba Quinn Snacks",quinnsnacks.com
"Laird Superfood, Inc.",lairdsuperfood.com
"Alef Sausage, Inc.",alefsausage.com
"Aleia's Gluten Free Foods, LLC",aleias.com
"Health Garden of NY, Inc.",healthgardenusa.com
"First Field, LLC",first-field.com
