name,domain
"Fontana Farms, Inc.",fontanafarmsinc.com
"Blue Buddha Exotic Foods, LLC",bluebuddhaspecialty.com
"Bouchard Family Farm Products, Inc.",ployes.com
"A Gift To Africa, LLC (AGTA)",agift2africa.com
"For J's Hawaii, Inc.",forjshawaii.com
"Basic Convenience Foods, Inc.",basicfoods.net
"Blue Mountain Organics Distribution, LLC",bluemountainorganics.com
"Texas Crumb & Food Products dba Das Brot, Inc.",dasbrot.com
"Pasta and Co., LLC",pastaco.com
Rama Food Manufacture Corp.,ramafood.com
"Chaparro's Tamales, Inc.",chaparrostamales.com
"Ardalin Foods, LLC",ardalinfoods.com
"Specialty Products and Technology, Inc.",specialtyprod.com
"Island Spring Organics, Inc.",islandspringorganics.com
"Mandelin, Inc.",mandelininc.com
"Pure Functional Foods, Inc.",purefunctionalfoods.com
"Vigils Beef Jerky, LLC",vigilsbeefjerky.com
"Popla International, Inc.",popla.com
"Precision Blending Of Idaho, LLC (PBI)",pbisd.com
"Crystal Lake, LLC",crystallakellc.net
"LEO's Gluten Free, LLC",leosglutenfree.com
"Jadeite Foods, LLC",jadeitefoods.com
"Silva Sausage Co., Inc.",silvasausage.com
"Carso's Pasta Company, Inc.",carsospasta.com
"CranCo Industries, Inc. dba CranCo Foods, Inc.",crancofoods.com
"Elmer's Fine Foods, Inc. dba Elmers Chee Wees",elmerscheewees.com
"Purity Candy, LLC",puritycandy.com
"Colorado Green Chili, LLC",cogrn.com
"Salumeria Biellese, LLC",salumeriabiellese.com
Norsland Lesfe,norslandlefse.com
"C.J. Irwin Co., Inc.",cjirwin.com
"B-Fresh, Inc.",bfreshgum.com
"Kassumay, LLC",kassumayllc.com
"Savage Chef Enterprises, Inc.",savagechefkitchen.com
"Sonoma Vinegar Works, LLC",sonomavinegar.com
Angelo Gelato Italiano,angelogelato.com
"Imo Meat and Sausage ""On The Hill""",imomeatandsausage.com
American Pet Nutrition (APN),americanpetnutrition.com
Dehidra JSC,dehidra.com
"Natural Zing, LLC",naturalzing.com
"Seasonal Selections,  LLC",seasonalselections.net
"Onesti's Salami, LLC dba Casella's Salumi",casellasalumi.com
"KetoSnax, LLC dba Revol Snax",revolsnax.com
"Nooty Ventures, LLC",verynooty.com
Peggs Food Co.,eatpeggs.com
Pioneer Brand Products,pioneerbrand.com
"Eat Howl, Inc.",eathowl.com
"Great American Plant Co., LLC (GAPC)",greatamericanplantco.com
Gathered Foods Corp.,gatheredfoods.com
"Bear's Fruit, LLC dba Bear's Fruit Kombucha",bearsfruit.com
"Aurelia's Chorizo, LLC",aureliaschorizo.com
"Catskill Food Co., LLC dba Catskill Smokehouse",catskillsmokehouse.com
Bovine & Swine Craft Meats,bovineandswinejh.com
Gastros Craft Meats,gastroscraftmeats.com
"Mission Meats, LLC",missionmeats.com
"JustMeat, Inc. dba JustMeat Jerky",justmeatjerky.com
"Puchyan Ventures, LLC dba Simply Snackin'",simplysnackin.com
"PlantX Life, Inc.",plantx.com
"Bougie Bakes, LLC",bougiebakes.com
"The Soup Shop, Inc.",thesoupshop.com
"Northwest Frozen, LLC dba Banzai Sushi",banzaisushi.biz
Stuart Hale Co.,stuarthale.com
"Lot's Wyfe, LLC",lotswyfe.com
"Generation 195, Ltd. dba Flock Foods, LLC",flockfoods.com
"Gigantic, LLC",giganticcandy.com
"Nemi Native Foods, LLC dba Nemi Snacks",neminative.com
"OffLimits Holdings, Inc.",eatofflimits.com
RLJ Global,rljglobalfoods.com
LivWell Nutrition Co.,livwellnutrition.com
Village Gourmet,village-gourmet.com
DFA Ingredient Solutions,dfaingredients.com
"Cocojune Products, LLC",cocojune.co
"Natural State Beef Co., LLC",naturalstatebeef.org
"TropicZone, LLC",tropiczoneproducts.com
"Regalis IP, Inc. dba Regalis Foods",regalisfoods.com
The Real Meat Co.,realmeatpet.com
"Aunt Jeni's Home Made, LLC",auntjeni.com
Woody’s Pet Food Deli,woodyspetdeli.com
"Lea-Way Farms, Inc. dba Blue Ridge Beef",blueridgebeef.com
"Equiti Foods, LLC dba Good Bowls",eatgoodbowls.com
"Maazah, Inc.",maazah.com
"Jain Farm Fresh Foods, Inc.",jainfarmfresh.us
"Wild Foods Brand, LLC",wildfoods.co
Ree Ree Dee's Dough,reereedeesdough.com
"Pure Knead, Inc.",pureknead.com
"Five Star Sausage, LLC",fivestarsausage.com
Gnawlers,gnawlers.com
"Larchmont Charcuterie, Inc.",larchmontcharcuterie.com
Kaimana Jerky,kaimanajerky.com
"Brave Experience Meats, LLC",brave-experience.com
Second Nature Brands,secondnaturebrandsus.com
Cuisinicity,cuisinicity.com
"Sustainable, Wholesome, Inspired Food, To-Go! (SWIFT)",swift-la.com
Maroon Sausage Co.,maroonsausage.com
"Dixie Fry, LLC",dixiefry.com
Virginia Peanut Co.,virginiapeanutcompany.com
"McKeany-Flavell Co., Inc.",mckeany-flavell.com
Organic Nuna,organicnuna.com
D'Avolio,davolios.com
"RIA Distributing, Inc.",riadistributing.com
"Atlantic Grain and Trade, LLC",atlanticgrain.com
"Faithful To Foods, Inc. dba Scrumptious Pantry",scrumptiouspantry.com
"Paz Ingredients, Inc.",pazingredients.com
"Run Veggie, LLC",runveggie.com
"Crave Natural, Inc. dba Yishi",yishifoods.com
Baketivity Corp.,baketivity.com
"Bright Future Foods, LLC dba Airly Foods, LLC",airlyfoods.com
"The Rock'n Dough Pizza Co., LLC dba Rock'n Dough Pizza + Brew Co., LLC",rockndoughpizza.com
Sach Foods,sachfoods.com
"Namaste Imports, LLC dba SpiceFix",spicefix.com
"Nerdy Nuts, LLC",nerdynuts.com
"B.W. Dyer and Co., LLC",bwdyer.com
D.W. Montgomery & Co.,dwmco.com
"Pawpa Flavor, LLC",pawpaflavor.com
"NewStar Food Ingredients, Inc.",newstarfood.com
"Elixir Kombucha, LLC",elixirkombucha.com
Verdure,verdurecbd.com
"Smuckers Meats, LLC",smuckersmeats.com
"Vive Bene Enterprises, Inc. dba Papa Saverio's Pizzeria",papasaverios.com
"Churn Foods, LLC",churnfoods.com
"B.A.D. Food Co., LLC",badfoodco.com
"Pink's Pizza, LLC",pinkspizza.com
Certus Food ERP,certusfooderp.com
Bon AppéSweet,bonappesweet.com
Bill's Best BBQ Sauce,billsbestbbq.com
"Charleston Beverage Co., LLC dba Charleston Mix",charlestonmix.com
"Chi Chi Pepper Products, Inc.",chichipepper.com
Nakee & Co.,nakee.co
"Papa Joe's Salt, LLC",papajoessalt.com
"StarLite Cuisine, Inc.",starlitecuisine.com
"Plant Craft Foods, Inc. dba The Pizza Plant",thepizzaplant.com
"R and R Export Import Specialties, LLC dba Healthy German Bread",healthygermanbread.com
"Better Bakery Co., LLC",betterbakery.com
"Manolo's Best Farmstand Chili, LLC",manolosbestchili.com
Organic Side,myorganicside.com
"Lisa Leleu Studios, Inc. dba LUV Superfoods",luvsuperfoods.com
Tsiona Foods,tsionafoods.com
The Sweet Treats Emprorium,thesweettreatsemporium.com
"Food Technology and Design, LLC dba FoodPharma, LLC",foodpharma.com
"Origin Commodities, LLC",origincommodities.com
"OvaInnovations, LLC",ovainnovations.com
"Bronx River Bottling, LLC",bronxriverbottling.com
"Chocolate Fusion, Ltd.",chocolatefusioncandy.com
"SDSauce, LLC",sdsauce.com
"GoodSport Nutrition, LLC",goodsport.com
"Bachan's, Inc.",bachans.com
"Undiluted, LLC dba Hlthpunk, LLC",hlthpunk.com
"TruffleKING, LLC dba Da Rosario",darosario.com
"Ricante Usa, Inc.",ricante.com
"Videka, LLC",videkasolutions.com
"Boss Nation Brands, Inc.",bossnationbrands.com
Botaniline,botaniline.com
"Farm Fresh Pet Foods, LLC",farmfreshpet.com
"Remedy Processors, LLC",remedylabs.co
"Family Farms, LLC",familyfarmsllc.com
"aMaMa, Ltd.",amama.com
Luke's Ice Cream,lukesicecream.com
Water's Edge Cheese Curds,watersedgecheesecurds.com
"Portesi Italian Foods, Inc.",portesi.net
River Valley Ranch (RVR),rvrvalley.com
"Deux Foods, Inc.",eatdeux.com
"Livingstone Springs, LLC dba Madame Loulou USA (MLUSA)",madameloulouusa.com
"Aella Product Group, Inc. dba Lick You Silly",lickyousillypetproducts.com
"FoodGrid, Inc.",foodgridinc.com
AgStandard,ag-standard.com
"Aminchi Foods International, Inc.",aminchifoods.com
"Terranova Brands, LLC dba Ommie Snacks, LLC",ommiesnacks.com
"Primalvore Natural Pet Foods, LLC",primalvore.com
"Creative Wandering, LLC",creativewanderingllc.com
"Cheef Botanicals, LLC",cheefbotanicals.com
"Alcowhiz, Inc. dba Alcoeats",alcoeats.com
"eBars, LLC",ebars.com
"FroPro, LLC",gofropro.com
"Hope Bars, LLC",hope-bars.com
"Hummish, LLC",hummish.com
"Chrissy's Cravings, LLC",cravingsbychrissyteigen.com
J.O. Spice Co. Inc.,jospices.com
"Visionary Foods, LLC",visionaryfoods.net
"Hello Puddin' Chia Co., LLC",hellopuddin.com
"Gale's Bread and Butter, Inc.",galegand.com
"Camas Country Mill, LLC",camascountrymill.com
Nutrin Corp.,nutrin.com
"Kram Nutrition, LLC",kramnutrition.com
Peak Performance,buypeakperformance.com
Kosterina Corp.,kosterina.com
"Emily Ellyn Productions, LLC",emilyellyn.com
"UFS Industries, Inc. dba Sally Sherman Foods",sallyshermanfoods.com
TerraMar Imports,terramarimports.com
"Applecross Innovations, Inc.",applecrossinc.com
"Aqua Cultured Foods, Inc.",aquaculturedfoods.com
Ipsa Provisions,eatipsa.com
"Wicked Foods, Inc.",wickedkitchen.com
"Nobell Foods, Inc.",nobellfoods.com
"Henan International, Inc. dba Food With Purpose",eatfoodwithpurpose.com
"Drjensnutrition, LLC",drjensnutrition.com
"Next Level Flavors, LLC",nextlevelflavors.info
"Whamco, Inc. dba Willingham's",willinghams.com
"Back Roads Food Co., LLC dba Back Roads Granola",backroadsgranola.com
Bessie's Best Lactation Cookies,bessiesbest.com
"Keto Crafters, LLC",ketocrafters.com
Progan US Corp. dba Progan Caribbean Corp.,progan.co
Carolina Feed Industry Association (CFIA),carolinafeed.com
"Stabil Nutrition, LLC",stabilnutrition.com
"Meyers Ingredient Solutions, LLC",mis-ingredients.com
Richardson Food and Ingredients,richardsonfoodandingredients.com
Pebble Naturals,pebblenaturals.com
"St. Louis Food Ingredients, Inc.",stlfoodingredients.com
Habacuc 2:3 Corp. dba Grupo Salvatex,gruposalvatex.com
"Cajun Smoke, LLC",cajunsmokeseasoning.com
"Central Baking Supplies, Inc.",centralbakingsupplies.com
"Bradmer Foods, LLC",bradmerfoods.com
"Next Level Brands, Inc. dba Next Level Health Sciences, Inc.",nextlevelhealthsciences.com
Queso Mama,quesomama.com
"Screamin' Ridge Farm, Inc.",screaminridgefarm.com
"Seasonest, LLC",seasonest.com
"Talluto's Authentic Italian Food, Inc.",tallutos.com
"Michelleś Creations, LLC",michellecreations17.com
Simplici Soap Factory,bulksoapcompany.com
"The Elderberry Experience, LLC",theelderberryexperience.com
MK1 Foods Corp. dba Candwich,candwich.com
"Native Vanilla, Inc.",nativevanilla.com
WIN America,winamerica.com
"The Real Coconut Products Co., LLC dba Sana Foods",sanafoods.com
"Shine Bridge Global, Inc.",shinebridgeglobal.com
"Happee Dawg, LLC",happeedawg.com
"Imagine Baking, Inc.",imaginebaking.com
EnergyFirst,energyfirst.com
"Earth Made Nutritions, Inc. (EMNI)",em-herb.com
"Proteins Plus, Inc.",proteinsplus.com
"Freshly Organic, LLC dba SIMPLi",eatsimpli.com
"Sinner Bros. and Bresnahan, LLP dba SB and B Foods, Inc.",sb-b.com
"Phytobase Nutritionals, Inc.",phytobase.com
"Covenant Foods, Inc. dba Coach's Low Country Brands (CLCB)",coachslowcountrybrands.com
"Country Maid, Inc. dba Dutch Apron Bakery",dutchapron.com
Country Maid Incorporated,countrymaid.com
Buitoni Food Co.,buitoni.com
"Golden Pheasant Foods, LLC",goldenpheasantfoods.com
"Majesty Foods, Inc.",majestyfoods.com
"Nepra Foods, Inc.",neprafoods.com
"Emily G's, LLC",emilygs.com
"Awakened Foods, LLC",awakenedfoods.com
"Nom Nom Popcorn Co., LLC",nomnompopcorn.com
"Noodie Foods, LLC",getnoodie.com
"Roscioli Food Group, LLC",rosciolifoods.com
"Distler's Pretzels, LLC",distlers.com
"Bagel Factory, Inc.",bagelfactoryinc.com
"Specialty Desserts, Inc.",specialtydesserts.com
"Barnacle, LLC",barnaclefoods.com
"Kernel Fabyan's, LLC dba Kernels Gourmet Popcorn & More",kernelsgourmet.com
"Fresh Frozen Foods, LLC",freshfrozenfoods.com
York City Pretzel Co.,yorkpretzel.com
"Rachael's Food Corp., LLC",rachaelsfoodcorp.com
"Artisan Food Group, LLC",artisanfoodgroup.com
"Cocoafit, LLC",cocoafit.com
"New Breed Meats, Inc.",eatnewbreed.com
"Vaikunth, LLC dba Aiva Products, LLC",aivaproducts.com
"Jn Kidds, Inc.",jnkidds.com
"Mikuna Foods, Inc.",mikunafoods.com
"Owls Oil, LLC",owlsoil.com
"Dayton Foods, Inc.",dayton-foods.com
Doggie Beer Bones,doggiebeerbones.com
"Bark Bistro Co., LLC",barkbistrocompany.com
"Pure Pals, LLC dba Canine Cravers",caninecravers.com
"JAC Pet Nutrition, LLC",jacpetnutrition.com
"Lucerne Farms, Inc.",lucernefarms.com
Athenos,athenos.com
"Wabash Valley Produce, Inc.",wabashvalleyeggs.com
"Maya's Cookies, LLC",mayascookies.com
"Sea Monsters, Inc.",seamonsters.co
"Dan and Buck's, LLC",danandbucks.com
"Indulge Right Foods, Inc.",indulgeright.com
"Vander Mill, LLC",vandermill.com
"CFC USA, Inc. dba Caremoli Gluten Free",caremoliglutenfree.com
Last Crumb,lastcrumb.com
"Waggin' Train, LLC",waggintrainpet.com
"Mile Four, LLC",milefour.com
"Tuffy's Pet Foods, Inc. dba Girl Scout Pet Treats",girlscoutpettreats.com
Dolce & Ciabatta,dolceciabatta.com
General Foods USA,generalfoodsus.com
"Mountain Plains All American Pet Treats, LLC",allamericanpettreat.com
MumsKitchens NYC,mumskitchensnyc.com
Crumble & Whisk,crumbleandwhisk.com
Yahshi Bakes,yahshibakes.com
"It's All Good Bakery, Inc.",itsallgoodbakery.com
"Senor Gordon's Foods, LLC",senorgordons.com
Uncle Dave's Kettle Korn,udkettlekorn.com
Lammar Marie's Gourmet Popcorn,lammarmarie.com
The Vegan Doughnut Co.,thevegandoughnutco.com
Pinckney Cookie Cafe,lovethesecookies.com
"Pooch Cake, LLC",poochcake.com
"Nepal Dog Treat, LLC (NDT)",nepaldogtreat.pet
"Greenies, LLC dba Terra Spice Co.",terraspice.com
"Niblack Foods, Inc.",niblackfoods.com
Nutritional Resources Inc.,nutritionalresourcesinc.com
Park Street Pizza,parkstreetpizza.com
Sienna Sauce Co.,siennasauce.com
"Bklyn Bakery, LLC",bklyn-bakery.com
"Highland Milling, LLC",highlandmillingllc.com
"15 Olives, LLC",15olives.com
Epicurean Food Brokers LLC,epicureanfoodsales.com
"Raikes Farms, LLC",raikesfarms.com
Cugino's Sausage Co.,cuginossausage.com
Nacho Eats Corp. dba Made By Nacho,madebynacho.com
"Bagelista, LLC",bagelista.com
"Skinny Flav, LLC dba Sauce Bae",saucebae.com
"Taco John´s of Iowa, Inc.",tjiowa.com
"Boxie, LLC",boxiebrands.com
"Ashby Foods, LLC",ashbyfoods.com
"Pure Life Raw, LLC",pureliferaw.com
"Endurance Evolution, Inc. dba Enduro Bites Real Race Food",endurobites.com
"Apparo, Inc.",apparo.us
"Wag Tantrum, LLC",wagtantrum.com
"Yumwoof Natural Pet Food, LLC",yumwoof.com
"Noatmeals, LLC",noatmeals.com
ONO Overnight Oats,eatovernightoats.com
"The Stone Group, Inc.",thestonegroupglobal.com
"ROCA Pizza Development, LLC",rocapizza.com
"Yogurt Mill, Inc.",yogurtmill.com
"Huntaway, Inc.",huntaway.pet
Chaia Tacos,chaiatacos.com
"Desert Raw Holistic Pet, LLC",desertraw.com
"Kwench Juice Franchising, Inc. dba Kwench Juice Cafe",kwenchjuicecafe.com
"Piara Pizza, LLC",piarapizza.com
"Mayfair Advisors, LLC dba Raw Dog Food and Co. (RDFCO)",rawdogfoodandco.com
"WECO Hospitality, LLC",wecohospitality.com
"Byld Bar, LLC dba ELAVI",elavi.co
Yo-Egg,yo-egg.com
"Nowadays, Inc.",eatnowadays.com
The Doctor's Kitchen,thedoctorskitchen.com
BiiBiip,biibiip.com
"Muscle Cakes, LLC",musclecakesnyc.com
The Happy Mixer Gluten Free Bakery,thehappymixer.com
"Scooped Cookie Dough Bar, LLC",scoopedcookiedoughbar.com
"Hip Foods, LLC dba Savor Tooth Paleo",savortoothpaleo.com
"Dolci di Maria, Ltd.",dolcidimaria.com
"TRUProteins, LLC dba YUMtrition",yumtrition.com
"FranVest International, Inc. dba Dine In 2Nite North America, Inc.",dineindinners.com
Bub's Burgers & Ice Cream,bubsburgers.com
Tilford's Wood Fired Pizza,tilfordspizza.com
Padadak Corp.,padadak.com
"Rise'n Roll Bakery, LLC",risenroll.com
"Doughnuttery, Inc.",doughnuttery.com
Citrus Argentina Corp.,citrusargentina.com
Rustic Tart dba Ready-to-Roll Dough,readytorolldough.com
"Old World Gluten-Free, LLC",oldworldglutenfree.com
RP'S Pasta Co.,rpspasta.com
"Lagniappe Foods, Inc.",lagniappefoods.com
"Sugiyo USA, Inc.",sugiyo.com
"National Lecithin, Inc.",nationallecithin.com
"Wilderness Poets, LLC",wildernesspoets.com
"Home Town Honey, Inc.",atlantashometownhoney.com
"US NewWin, Inc.",usnewwin.com
"Happy Tails Barkery, LLC",happytailsbarkery.co
"Green is better, Inc.",green-is-better.com
"Apptivi, LLC dba Superfoods Co.",superfoodscompany.com
"Bedrock Bakers, Inc.",bedrockbakers.com
"Uprise Foods, LLC",uprisefoods.com
"Vicky Cakes Pancake Mix, LLC",vickycakesonline.com
"Hero Labs, Inc.",hero.co
"Plenroot Farms, LLC",plenrootfarms.com
Medible Delights Co.,medibledelights.com
"BeeGeorge Honey, LLC",beegeorgehoney.com
"Poke Enterprise, LLC dba Atlantic Poké",atlanticpoke.com
"Crush Provisions, LP dba Crush Cubes",crushprovisions.com
"Yaya´s Garden, LLC",yayas.garden
"Green Tree Labs, LLC (GTL)",greentreelabs.co
Wow! Protein Donuts,wowproteindonuts.com
"Cornucopia Pet Foods & Trainor Associates, Inc.",cornucopiapetfoods.com
Happy Dog Food,happydogfood.com
"GoodSam Foods, LLC",goodsamfoods.com
"Cafe Mexicali, LLC",cafemexicali.com
"Cereal Ingredients, Inc. (CII)",ciifoods.com
Your Pets Market Co.,yourpetsmarket.com
DogTub Co.,dogtublb.com
"I-Global USA, LLC dba Artipasta",artipasta.com
"Angelinas Submarine Sandwich B dba Hot Harry's Fresh Burritos, Inc.",hotharrysburritos.com
"Nature's Ingredients, Inc. (NII)",naturesingredients.solutions
"Ronzio Management, LLC dba Ronzio Pizza & SUBS",ronziopizza.com
Southern Maid Donut Flour Co.,southernmaiddonuts.com
"Butcher Shoppes International, LLC dba New York Butcher Shoppe",nybutcher.com
Maxota Raw,maxotaraw.com
Sittin Pretty Natural Dog Bakery,sittinprettynaturaldogbakery.com
"GreenTripe.com, Inc.",greentripe.com
"Indel Food Products, Inc.",indelfoodproducts.com
"Gourmet Pet Food dba Healthy Pet Kitchen, Inc.",healthypetkitchen.com
"The Dog Bakery, LLC",thedogbakery.com
"Fresh Farms International Market, Inc.",freshfarms.com
Wonder Monday,wondermonday.com
"Wild Nature, LLC",wildnaturepet.com
"Little Big Dog Treats, LLC",littlebigdogtreats.com
"Healthy and Organic Dog Biscuits, LLC",healthyorganicdogbiscuits.com
"Chewzy Dogs, LLC dba Just Dogs Gourmet",justdogsmn.com
"One Source Food Solutions, Inc.",onesourcefoodsolutions.com
"Amboseli Foods, LLC dba USimplySeason",usimplyseason.com
"Nashville Spice Company, LLC",nashvillespicecompany.com
Wayzata Bay Spice Co.,wbspice.com
"Pet Pleasers Bakery, Inc.",petpleasersbakery.com
"Painted Plate, Inc. dba Otherworld",eatotherworld.com
"Agua Bonita, LLC",drinkaguabonita.com
"BareOrganics, LLC",bareorganics.com
"Amp Business Consulting Group, LLC dba World Recipe by your Favorite Chef's",theworldrecipe.com
Daily Dose Life,dailydoselife.com
"Northern Science, LLC dba Camp Spice",campspice.co
"Universal Frozen Food, Inc.",universalfrozenfood.com
"Halle Pups Bakery, LLC",hallepupsbakery.com
Benefit Pet Products,benefitpetproducts.com
"Cosmik, LLC",cosmik.com
CahaBones,cahabones.com
"Aspire Bakeries, LLC",aspirebakeries.com
Chop Chop Trading Co.,chopchop.cc
"Escargot de Bourgogne, LLC dba Escargot World",escargot-world.com
The Happy Pantry LLC,happypantry.com
"Totally Bananas, LLC",totally-bananas.net
"The Alma Food Group, LLC dba Loisa",loisa.com
"The Healthy Lunch Box, Inc.",thehealthylunchbox.com
"Specialty Products, Inc. (SPI)",candyspi.com
Farmside Kitchen,farmsidekitchen.com
3digitalcooks,3digitalcooks.com
"Sundial Foods, Inc.",sundialfoods.com
TreatSimple,treatsimple.com
Love Yo Pup,loveyopup.com
Three Sisters dba Moms Best Cereals,momsbestcereals.com
"Dijas Foods Distribution, Inc. dba Dijas Natural Foods",dijasfoods.com
"Harlan Bakeries, LLC dba Harlan Foods, LLC",harlanfoods.com
"Peggy Lawton Kitchens, Inc.",plkitchens.com
"Riker's Dog Treats, LLC",rikersdogtreats.com
"Elite Ingredients, LLC",elite-ingredients.com
"Pupums, Inc.",pupums.com
"Perfect Health, LLC",perfecthealthusa.com
"CM Chocolatier, LLC dba Copper Coast Confections",coppercoastconfections.com
The PB Love Co.,thepbloveco.com
"Alskinny Bros. Health Hoods, LLC",alskinny.com
Steve's Original Sauces,stevesoriginalsauces.com
"SunBlazing, LLC",sunblazin.com
"V2O, LLC",v2o.life
"herbspice, LLC",herbspice.com
Blacklick Spice Co.,blacklickspice.com
"Little Austria, LLC",little-austria.com
Mad Magic Kombucha,madmagickombucha.com
"Buddin' Bakery, LLC",buddinbakery.com
"Dominion Equity, LLC",dominion-equity.com
Big Picture Foods,bigpicturefoods.com
BossenStore.com,bossenstore.com
"Cleveland Ketchup Co., LLC",clevelandketchup.com
"Little Green Cyclo, LLC",littlegreencyclo.com
Bolani,bolani.co
"Mama Lil's, LLC",mamalils.com
"Foraged & Found, LLC",foragednfound.com
"Cocoba USA, LLC dba Irvins USA",eatirvins.com
"Sideaway Foods, LLC",sideawayfoods.com
"Annette James Group, LLC dba Bellisaris",bellisaris.com
VAMSS Corp. dba Kreche Foods,krechefoods.com
"World Select Cuts, LLC dba Aussie Select",aussieselect.com
"True Delicious, LLC",truedelicious.com
"MicroGold, LLC",microgoldproducts.com
"Sidco Foods, Inc.",sidcofoods.com
"Sourdoughs International, LLC",sourdo.com
United Nutritionals,unitednutritionals.com
"Pristine Foods, LLC",pristinefoodsusa.com
"Eclaire Health, LLC",eclairehealth.com
"Eat Your Gummies, LLC dba Grummies",eatyourgrummies.com
"The Farmer's Basket, LLC",farmersbasket.com
"Bones Dog Bakery, Inc.",bonesdogbakery.com
"BlueDot International, Inc.",bluedotintl.com
VeganUs,veganus.com
Country Road Cupboard,countryroadcupboard.com
"Amy's Classic Confections, Inc.",amysclassiccandy.com
"Coastal K-9 Bakery, Inc.",coastalk9bakery.com
"Cohen's Bakery, Inc.",alcohens.com
"Merzbacher's, LLC",merzbachers.com
"Central Florida Bakery, Inc.",florida-bakery.com
"Schripps European Bread, Inc.",schripps.com
Sullivan Street Bakery,sullivanstreetbakery.com
"Antithesis Foods, Inc.",antithesisfoods.com
"Turk Industries, LLC dba Nutr, Inc.",thenutr.com
"Cordoba Foods, LLC",cordobafoods.com
Landmade,landmadefoods.com
Dad Grass,dadgrass.com
Paw CBD,pawcbd.com
"PIDCO Foods, LLC dba Lisa's Lemonade",lisaslemonade.com
"Yes, Please! Gourmet Treats",yespleasetreats.com
Keller Trading Co. dba Suck It! Jerky and Pickles,suckitjerkyandpickles.com
Texas Hand Pie Co.,texashandpieco.com
"No Sugar Baker, LLC",nosugarbaker.com
"Me and My Dog Pet Bakery, LLC",meandmydogpetbakery.com
"American Mayhem, LLC dba American Dream Nut Butter",americandreamnutbutter.com
"RP Winning Technologies, LLC",rpwinningtechnologies.com
Farm to Fork 101,farmtofork101.com
"Siegel Egg Co., Inc.",siegelingredients.com
Oh My Veggies,ohmyveggies.com
"Re-Harvest Provisions, Inc.",reharvest.co
"Aardbark, Inc. dba Wagatha's, LLC",wagathas.com
"A Barker's Dozen, LLC",abarkersdozen.com
"Grace Farms Foods, LLC",sharegracefarms.com
The Wild Bone Co.,thewildbonecompany.com
"Dog Mamma's, LLC dba Dog Mamma's Organic Dog Treats",dogmammas.com
"The MicroBarkery, LLC",themicrobarkery.com
"Amazing Grace Pet Food, LLC",agpetfood.com
Albright's Raw Dog Food,albrightsrawdogfood.com
"Flavor Infusion, LLC",fisa-sa.com
"Arch Foods, LLC",archfoods.com
"Haehl Sales, Inc.",haehlsales.com
"Higher Taste, Ltd.",thehighertaste.com
Kenlee Jerky,kenleejerky.com
Campfire Foods Northwest,campfirefoodsnw.com
"Scotty's Everyday, LLC",scottyseveryday.com
"Pepperwood Organics, LLC",pworganics.com
Bird Pro,thebirdpro.com
"Rubix Foods, LLC",rubixfoods.com
"Complete Catered Concepts, LLC dba Catered Bowl",cateredbowl.com
"Hoppy Planet Foods, LLC",hoppyplanetfoods.com
"Paleo Leap, LLC",paleoleap.com
"Tidal Foods, Inc. dba 12 Tide",12tides.com
"Flour Innovation, LLC",flourinnovation.com
"All Clean Food, LLC",allcleanfood.com
"AvoLov, LLC dba BranchOut Food, Inc.",branchoutfood.com
"Eathos Foods, LLC",eathosfoods.com
Coyotas Tortilla Co.,eatcoyotas.com
"Snack Innovations, Inc. dba Gourmet Basics",gourmetbasics.com
Fila Manila Filipino American Kitchen,filamanila.com
"Cavalcanti & Vertamatti Foods, LLC dba Gusto Brazil",gustobrazil.com
Curry Fresh,curryfresh.net
"Cusiworld Usa, LLC",cusiworldusa.net
"Brooklyn Healthy, LLC dba HEY, HOOPLAH! Snack Co.",heyhooplah.com
"Go Roam Free, Inc.",goroamfree.com
"Sustainably Grown Foods, LLC dba KakaoZon",kakaozon.com
"Laoban Dumplings, LLC",laobandumplings.com
Seaweed Foods LLC dba Lets Plates,letsplate.co
Madly Hadley,madlyhadley.com
Inked Bread Co.,inkedbread.com
"Nature's Intent, LLC",natures-intent.com
"Sweet Action, LLC",sweetaction.com
"Artisanal Blue Northern Foods, LLC dba Picnik",picnikshop.com
"Mad Scientist Nuts, Inc.",madscientistnuts.com
"Sweet Laurel, LLC",sweetlaurel.com
"Little Bean, LLC dba SweetPea",sweetpeawow.com
"NBO3 Technologies, LLC",nbo3.com
"World Wide Snacks, LLC dba Solula",enjoysolula.com
"Wellbev, LLC dba Wellie",drinkwellie.com
"Smart Snacks, LLC dba Unbound Snacks",unboundsnacks.com
Gateway Market,gatewaymarket.com
"ZFS Creston, LLC",zfscreston.com
"PlantPlus Foods, LLC",plantplusfoodsnorthamerica.com
German Roasted   Nuts,germanroastednutsms.com
Saltbox Seasonings,saltboxseasonings.com
"Goodgrain, Inc. dba Wildgrain",wildgrain.com
"Tipsy Foods, Inc.",tipsyfoods.com
The Olive Architects,theolivearchitects.com
"Keystone Mills, Inc.",keystonemills.com
"Poulin Grain, Inc.",poulingrain.com
The Protein Bakery,proteinbakery.com
"America's Bakery, Inc.",americasbakery.com
"Del Buonos Bakery, Inc.",delbuonosbakery.com
A. Rando Bakery,randobakery.com
Michelina's Bakery,michelinasbakery.com
Cobblestone Bakery Corp.,cobblestonebaking.com
Sensible Edibles Baking Co.,sensibleedibles.com
She Wolf Bakery,shewolfbakery.com
"Darezzo, LLC dba 3BrosCookies",3broscookies.com
The Spare Food Co.,sparefood.com
Peanut Butter and Jilly,peanutbutterandjilly.com
Big T Spice Co.,bigtspiceco.com
"Pak Group, LLC dba Bellarise",bellarise.com
"Trilateral, Inc.",trilatinc.com
Fantastic Dog Chews,fantasticdogchews.com
North Woods Animal Treats,northwoodsanimaltreats.com
Konopelski Meats,konopelskimeats.com
Mick's Gourmet Soups,marylandsoups.com
Sativa Feed Ingredients,sativafeed.com
"Big Heart Pet, Inc. dba Milo's Kitchen",miloskitchen.com
Yampa Sandwich Co.,yampasandwichco.com
Tartuflanghe USA Corp.,tartuflanghe.us
Davie's Naturals,daviesnaturals.com
Healthy Slow Cooking,healthyslowcooking.com
"Tara Teaspoon, Inc.",tarateaspoon.com
"Canine Gourmet, LLC",caninesgourmet.com
Fiction Foods,fictionfoods.com
"Freeman and Long, Inc.",freemanandlong.com
"Current Foods, Inc.",currentfoods.com
"Vashon Coast Sales, Inc. dba Unïvecta",univecta.com
"Oceans 97, Inc.",ocean97.com
The Bone Sauce,thebonesauce.com
"Hillside Harvest, LLC",hillsidesauce.com
"Kitchen Strong, LLC",kskitchenstrong.com
"Macaron Queen, LLC",macaronqueen.com
"High Spirit Equine Products, LLC dba BioStar US",biostarus.com
"Voyage Foods, Inc.",voyagefoods.com
Mercola Market,mercolamarket.com
The Ultimate Burger Press,ultimateburgerpress.com
"Bookbinder's Foods, Inc.",bookbindersfoods.com
So Good Food Co. dba Miso Mayo,misomayo.com
Zest Cooking,beta.zestcooking.com
Mr.Tamole,mrtamole.com
"Cedar Wood Bakery, LLC",cedarwoodbakery.com
"Raw Roots Turmeric, LLC",rawrootsturmeric.com
Relative Foods Family,relativefoodsfamily.com
"Mushroom Angel, LLC dba Cruz Burgers",cruzburgers.com
"Ceylon Trading, LLC",ceylontrad.com
"Cheesecake Carousel, LLC",cheesecakecarousel.com
"Shore Sauce, LLC",shoresauce.com
"Supernatural, Inc.",supernaturalkitchen.com
"Violet Organic Foods, LLC",violetorganicfoods.com
Mauros Burritos,maurosburritos.com
"La Francaise French Bakery, Inc.",lafrancaisebakery.com
Sinfull Bakery,sinfullbakery.com
Pain D'Avignon.,paindavignon.com
New England Flour Corp.,newenglandflour.com
"Berry Frozen Yogurt, LLC dba PUMJIL",pumjil.com
Path of Life (POL),polfoodservice.com
Colorado Department of Agriculture (CDA),coloradofoodanddrinkexports.state.co.us
"Eliya Organics, LLC",eliyaorganics.com
Ranch House Meat Co.,ranchhousesausage.com
"Furmano Foods, Inc.",furmanosfs.com
"Rib Rangers Products, LLC",ribrangers.com
"DB Salsa, LLC. dba DB Gourmet",saucy-gourmet.com
Yondu Culinary Studio,yondu.us
"NutriGardens, LLC",nutrigardens.com
"Sunshine Innovations, Inc.",sunshineinnovationsinc.com
Jack & Annie's,jackandannies.com
"Italian Rose Garlic Products, LLC",italian-rose.com
"Abilyn's Frozen Bakery, LLC",abilyns.com
"Acme Valley Ice Cream, LLC",acmevalleyicecream.com
Evergood Sausage Co.,evergoodfoods.com
"F&A Specialty Foods, Inc. dba Sealoch",sealoch.com
"Karine & jeff, Inc.",karinejeff.com
"NutHouse! Granola Co., Inc.",nuthousegranola.com
"Say Cheese Gourmet Cheesecakes, LLC",saycheesecakeco.com
Schwartz Brothers Bakery,schwartzbrosbakery.com
"Sheppard Grain Enterprises, Inc.",sheppardgrain.com
"Ladera Foods, Inc.",laderafoods.com
"Seven Stars Food Co., Inc. dba Jennysong Foods",jennysongfoods.com
"Paleo Pro, LLC",paleopro.com
Longhini Sausage Co.,longhinisausage.com
Cool Jacks,cooljacks.com
"Manhattan Beach Creamery, LLC",mbcreamery.com
"Granola Factory, LLC (GF)",thegranolafactory.com
New York Sausage Co.,newyorksausagecompany.com
"Royal Fresh Cuts, Inc.",royalfreshcuts.com
California Raisins,californiaraisins.ca
"Miracle Vet II, LLC",miraclevet.com
"Summer Garden Food Manufacturing, Inc.",ghughessugarfree.com
"Wilkerson Moravian Bakery, LLC",wilkersonbakery.com
"Foraged, LLC",foraged.com
Pacific Foodservice,pacificfoodservice.com
Grand Traverse Sauce Co.,gtsauceco.com
"Not Just Cookies Wholesale Bakery, LLC (NJC)",notjustcookies.com
PBF Pita Bread Factory Ltd,pbf.bc.ca
Parker Food Group,parkerfoodgroup.com
"Homegrown Foods, LLC dba Eat Good at Home",eatgoodathome.com
Golden Crown Panaderia,goldencrown.biz
"Best Pita, Inc.",bestpita.com
"Vegas Pita, LLC",vegaspita.com
"Delicious Dumplings, LLC",deliciousdumplings.co
Lavash Corp. dba Organic Lavash Bread,organicflatbread.net
Primient,primient.com
"The Gluten Free Baking Co., LLC",thegfbakingco.com
City Farm Co.,cityfarmco.com
"72 Chocolate, LLC",72chocolate.com
"Dible Dough, LLC",dibledough.com
"Frosted Baker, Inc.",frostedbakerinc.com
"Dolce USA, LLC dba Sweet Craft Dolceria",sweetcraft.com
"Dis Burrito, LLC",disburrito.com
The ISH Food Co.,ishfood.com
"LabExpress, LLC",lab-express.com
Lemnature AquaFarms Corp.,lemnatureusa.com
,thomasfoodsprotein.com
Pura Vida Miami,puravidamiami.com
"Shamrock Greens, Inc., dba Zeste Farms, Inc.",zestefarms.com
"Reflux Gourmet, LLC",refluxgourmet.com
Fruit Purees Miami,fruitpureesmiami.com
"Acai Exotic, LLC",acaiexotic.com
"Drench, LLC",drenchitclean.com
Kapka Foods,kapkafoods.com
"King Street Baking Co., LLC",kingstreetbaking.com
"Lattini, Inc.",lattini.com
MarRosa's Old World Cuisine,marrosasoldworldcuisine.com
"The Grain Free Baker, LLC",thegrainfreebaker.com
"Tenera Grains Products, LLC dba Teffola",eatteffola.com
"SugarRoti, LLC",sugarroti.com
Stickit,stickitsnacks.com
"Smashing Empire, LLC dba Hell Fire Detroit",hellfiredetroit.com
"Potters Table Bakery, LLC",potterstable.com
Roots Farm Fresh,rootsfarmfresh.com
Marano Foods,maranofoods.com
Leon's Gourmet Grocer,leonsgourmetgrocer.com
"Diamonds Trading Co., LLC",diamondstrading.us
"Newport Specialty Foods, Inc.",newportspecialtyfoods.net
Pamela Wasabi Bakery,pamelawasabi.com
The Backyard Food Co.,thebackyardfoodcompany.com
"Snuk Foods Holdings, Inc.",snukfoods.com
"The Mouse Trap, Inc.",mousetrapky.com
"Waldman Naturals, Inc. dba Kickers",tastekickers.com
Truckee Meadows Gourmet Express,tmgexpress.net
"8 Track Foods, LLC",8trackfoods.com
"Globowl, Inc.",theglobowl.com
"NakiNoku, Inc.",nakinoku.com
"Pop Karma, LLC",popkarma.com
"Tomato Bliss, LLC",tomatobliss.com
"La Amapola, LLC dba Amapola Deli and Market",amapolamarket.com
"KinderWax, Inc. dba Puppington",puppington.co
Pet's Friend,mypetsfriend.com
"Paleo Pets, LLC",paleopets.com
"Lamichoacana, Inc. dba La Michoacana Bakery",lamichoacanatortillamanufacturer.com
"Yoli Tortilleria, LLC",eatyoli.com
"JAG Provisions, Inc.",jagprovisions.com
Better Baked Cakes dba Just Made,butterbakedcakeco.com
"Foodom, Inc.",myfoodom.com
"Milford Spice Co., LLC",milfordspice.com
Mr. Sun Tea,mrsunteausa.com
Everlite Nutraceuticals,everlitenutraceuticals.com
"SoCal Bulk Nutrition, LLC",scbnutrition.com
"Bronx Eats, Inc.",bronxeats.org
"Cedar F and B, LLC",cedarfb.com
Ava’s Grilled Flatbread Crisps,avasgrilledcrisps.com
Gevinni Corp.,gevinni.com
Sweetmore Bakeries,sweetmorebakeries.com
"Tribute Bakery Acquisition, LLC dba Tribute Baking Co.",tributebaking.com
"Turlock Pita, Inc.",turlockpita.com
Bobby Flay,bobbyflay.com
Next Foods,nextfoods.co
"Golding, Inc.",goldingblends.com
"Culinary Collaborations, LLC (CCL)",culinarycollab.com
"Bakewell Caribbean Bakery, Ltd. Co.",bcbakery.net
"Iggy's Bread, Ltd.",iggysbread.com
"Fox Hill Kitchens, LLC",foxhillkitchens.com
Grown.,grown.org
Hills Trading LLC dba HYLA,tryhyla.com
Rich Products Ventures (RPV),richproductsventures.com
"5 Star Foods International, LLC",5star-foods.com
"Emsland America, Inc.",emslandamerica.com
"EastWest Connection, LLC",eastwest-connection.com
"Ohio Processors, Inc. (OP)",ohioprocessors.com
Sake Hana Asian Fusion,sakehanaavondale.com
Dakota MB,dakotamb.com
"Fuji Foods, Inc.",fujifoodsusa.com
"KJ Ingredients, Inc.",kjingredients.com
"LusOasis, Inc.",lusoasis.com
"Savage Sports, LLC dba Keto Brick, LLC",ketobrick.com
"Keto Farms, LLC",ketofarms.com
"KBosh Food, LLC",kboshfood.com
Kenu Kitchen,kenukitchen.com
"Elevate Cookie Co., LLC dba Dream Cookies, LLC",dreamcookieco.com
"Green Valley Group, LLC dba Wildtime Foods dba Grizzlies Brand",grizzliesbrand.com
"The La Viuda Food Co., Inc. dba De La Viuda Hot Sauce",delaviudahotsauce.com
Premium Dried Fruit Co.,premiumdriedfruitco.com
"Omega Marketing, LLC",omegamkt.com
Doglato,doglato.com.au
Global Village Foods,globalvillagefoods.com
Bobbie's Boat Sauce,bobbiesboatsauce.com
"Phil's Gourmet Sauces, LLC",philsgourmetsauces.com
"NIPPN California, Inc. (NCI)",nippncalifornia.com
"PlantB, LLC dba Acremade, LLC",acremade.com
"Pauls Custom Pet Food, LLC",paulscustompetfood.com
Big Guy Hot Sauces,bigguyhotsauces.com
Gusto Della Vita,gustodellavita.com
MIA Green Food,miagreenfood.com
Artisan Exchange,artisanexchange.com
"Darling Foods, LLC",darlingfoods.net
Montgomery Bakehouse,montgomerybakehouse.com
"Synova, LLC",synovaoil.com
"Amber Wave, LLC",amberwaveusa.com
"A. A. Bakery Services & Consulting, LLC",aabakeryservices.com
Dates are Great,datesaregreat.com
Eurogerm KB,eurogerm-kb.com
CHi Foods,chifoods.us
Fx Chocolate,fxchocolate.com
"Bliss Unlimited, LLC dba Cosmic Bliss",cosmicbliss.com
"Gourmend Foods, LLC",gourmendfoods.com
GUUD Muesli,eatguud.com
"Happy Grub, Inc.",eathappygrub.com
"Edenesque, LLC",edenesque.com
"Moss and Lichen, LLC dba uBu Foods",ubufoods.com
"Oomph, Incorporated",oomphsweets.com
"The Lungen Corp. dba OrganiLip, Inc.",organilip.com
"Magnolia Vegetable Processors, LLC (MVP)",magvegpro.com
QueenBee,the-queenbee.com
"Domino Foods, Inc.",dominosugar.com
"Premier Organics, Inc.",premierorganics.org
"Elda's Kitchen, LLC",eldaskitchen.com
Nano Products H2o dba VitaNourish,vitanourish.com
New Nissi Corp.,newnissi.com
Little Food Co.,littlefood.co
"Thrilling Foods, Inc.",thrillingfoods.com
Veggy Burger,theveggyburger.com
"Phaya Naga Foods, LLC dba Vatsana's",vatsanas.com
Oso Adventure Meals,osomeals.com
"Robert Irvine Foods, LLC",robertirvinefoods.com
"Wild Fed, LLC dba Wild Fed Horse",wildfedhorse.com
"Denmark Sausage Co., Inc. dba Denmark Foods, Arizona Fresh",arizonafresh.com
"Mush Foods USA, Inc.",mush-foods.com
"Leaderor Biotechnology Co., Ltd. dba A Freschi Srl",afreschi.com
"Fig & Tyler, LLC",figandtyler.com
TRĒ House,trehouse.com
"Niche Nutrition,  LLC",nichenutra.com
Caramelo Tortillas,caramelotortillas.com
"Tio Paco, LLC dba Tio Paco Fresh Produce, Inc.",tiopacofreshproduce.com
Proper Syrup,propersyrup.com
"Welcome Dairy, LLC dba Revela Foods, LLC",revelafoods.biz
"Dunkirk Flavors, Inc.",dunkirkflavors.com
Turen Stone Corp.,turenstone.com
Sheridan's Unforked,unforked.com
"Castile Goddess, LLC",castilegoddess.com
Irresistible Pound Cakes,irresistiblepoundcakes.com
Hopscotch Bakery and Market,hopscotchmarket.com
Mama's Canine Mix,mamascaninemix.com
"Wiggles and Wags Pet Bakery, LLC",wigglesandwagspetbakery.com
"Revela Foods, LLC",revelafoods.com
"Seaside Grown, LLC",seasidegrown.com
Holmes Sweet Home (HSH),holmessweets.com
The Green Goat,thegreengoat.net
"Marmia Foods, LLC",marmia.com
Nicolosi Fine Foods,nicolosifoods.com
"El Sabor Spices, Inc.",elsaborspices.com
"Gourmet Salads & Pickles, Inc. dba Variety Foods",varietyfoodsfl.com
"Rotten, Inc.",eatrotten.com
Stoke Performance,stokeperformance.com
"Euroasias Organics, Inc.",euroasias-organics.com
"Wholesome Crave, LLC",wholesomecrave.com
Treat with Love,twlcbd.com
"Bare Meal Mixers, Inc.",baremealmixers.com
"K.B. Pizza, Inc.",kbpizza.com
"Healthwise Bakery, LLC",healthwisebakeryinc.com
"Kaplans New Model Bakery, Inc.",kaplansnewmodelbakery.com
"Pet Pasta, LLC dba Pet Pasta",petpasta.com
"Pet Nutrition Kitchens, LLC dba Kitchen Table",kitchentablepet.com
"Raw Dynamic, LLC",rawdynamicpets.com
"Acari, LLC dba Pezzy Pets",pezzypets.com
"Shlager Enterprises, Inc. dba Mosaic Pet Food",mosaicpetfood.com
"Montana Dog Food Co., LLC",montanadogfoodco.com
Moo Dog Chews,moo-dog-chews.com
Ward's Kentucky Specialties,wardskentuckyspecialties.com
"Four Star Artisan, LLC",fourstarartisan.com
"Birroteca Management, LLC",bmorebirroteca.com
"Delicious Scrubs and More, LLC",deeliciousscrubs.com
Butcher & Packer Supply Co.,butcher-packer.com
"Lindsey Henry Cake, LLC",lindseyhenrycake.com
"Katya's Bakery, Inc.",katyasbakery.com
"Texas Sausage Co., Inc.",texashotsausage.com
World Famous Nawlins and Spice Emporium,worldfamousnawlins.co
"Circle J Extreme, LLC dba Extreme Dog Fuel (EDF)",extremedogfuel.com
"Best Practice Way, Inc.",bpwlab.com
"KaiNutra, LLC",kainutra.com
"Tofco Ag, Inc.",tofcoag.com
"SGT Co., Inc. dba TUYYO Foods",tuyyofoods.com
"Hole In The Wall Care, LLC",holeinthewallcare.com
"Annedore's Fine Chocolates, LLC",annedores.com
Baba & Pop's Pierogi,babaandpops.com
A & J Salsa Co.,ajsalsa.com
"Bbq Stu's, Inc.",bbqstus.com
"Simply Flavorful, Ltd.",simplyflavorful.com
"Huckle Bee Farms, LLC",hucklebeefarms.com
"Red Beard Seasonings, LLC",redbeardseasonings.com
Jane Parker Fruit Cake,janeparker.com
"Gaughan Bee Dancin', LLC",gaughanbeedancin.com
Kissed by the Sun Spice Co. (KBS),kissedbythesunspiceco.com
"Hogback Farm, LLC",hogbackfarm.com
Imagine It Desserts,imagineitdesserts.com
Reed’s Italian Dressing,reedsdressing.com
Messner Bee Farm,messnerbeefarm.com
"Indiana Snack foods, LLC dba King Korn",kingkorn.com
Kora's Kitchen,koraskitchen.com
BEAR Snacks,bearsnacks.co.uk
"Pup and the Pepper, LLC",pupandthepepper.com
"Eric and Eric Artisanal, Sensational Medicinals",ericsquared.com
Cinful Sweets,cinfulsweets.com
"Cambie, Inc.",cambie.com
95% Sauce,95pctsauce.com
"Core Fruit Ingredients, Inc.",core-fruit.com
"Tomorrow Farms, LLC",tomorrowfarms.co
Natural Products Insider,naturalproductsinsider.com
"6516 Tommie F and B, LLC dba Kateen",kateenla.com
Buoy Bowls,buoybowls.com
Pepper Factory,pepperfactory.com
"Gajjitz, Inc. dba Crazy Dad's Pet and Kitchen Products",crazydadstore.com
Jaye's Barkery,jayesbarkery.org
"Pattis Pastries, LLC",pattispastries.net
"Tesserts, LLC",tesserts.com
Your Allergy Chefs,yourallergychefs.com
"Rustic Scoop, LLC",rusticscoop.com
"Chef Janet, LLC",chefjanetk.com
"Orion Food Systems, LLC dba OLM Food Solutions",olmfoods.com
BimBeriBon,bimberibon.com
Offerdahl's Off-The-Grill,offerdahls.com
Lolita's Mexican Food,lolitasmexicanfood.com
"La Rustica, LLC dba Piadina",italianpiadina.com
Rice Mediterranean Kitchen,ricekitchen.com
Sessions West Coast Deli,sessionswcd.com
Pluck.,eatpluck.com
Kenny's Allpurpose Seasoning,kennysseasonings.com
"Technogel America, Inc.",technogel-usa.com
"DFS Gourmet Specialties, Inc. dba Better Butter",betterbutter.com
"Prima Noce Packing, Inc.",premiumwalnuts.com
Kam Yen Jan,januaryfoods.com
"Nutripharms Functional Innovations, LLC",nutripharms.com
Oh Mi Organics,ohmiorganics.com
Union Market,unionmarket.com
"Turners Phoenix Group, LLC dba The Puff Hut",thepuffhut.com
The Bakery House,thebakeryhouse.net
Velvet Cakes,velvetcakesbygwen.com
Resourceful,goresourceful.com
Doxies2Danes,doxies2danes.com
Alaska Ruff Dog Treats,alaskaruff.com
Doggy Decadents,doggydecadents.com
Great Harvest Bread Co.,greatharvestfairbanksak.com
"JNJ Foods, LLC dba Mama Kim's Kimchi",mamakimskimchi.com
"The Roaming Root Market, LLC",roamingrootak.com
Cake by Courtney,cakebycourtney.com
Bakety Bake,baketybake.com
"RoseLands Edibles, LLC",rledibles.com
"Matilda, LLC",matildari.com
"Mason's Mixer, LLC",masonsmixer.com
"Mommom's Bakery, LLC",mommomsbakery.com
Baking Magic,bakingmagicnc.com
High Time Foods,hightimefoods.com
Fhimas Minneapolis,fhimasmpls.com
"The Beacon in Boone, NC",boonebeacon.com
"The Colors of Food, LLC",thecolorsoffood.com
"The Pink Bakery, Inc.",thepinkbakery.com
Sizl,sizl.com
Super Bloom Bakery,superbloombakery.com
"Gods Glory Pastries, LLC",godsglorypastries.com
"Occasional Cakes, LLC",occasionalcakesinc.com
Eddie's Bakery Cafe,eddiesbakerycafe.com
Onifade's Bakery and Cookie Co.,onifadescookieco.com
Chocolate Moonshine,chocolatemoonshinedc.com
"Coach Industries,  Inc.",coachindustries.com
"Majestic Family Farms, Inc.",majesticfamilyfarms.com
"Perfect Source Natural Products, Inc.",perfectsource.com
"Redemption Road Foods, Inc. dba Redemption Road Nutrition",redemptionroadnutrition.com
"Linda's Bee Farm, LLC",lindasbeefarm.com
"Boyle Brands, Inc.",boylebrands.com
"Modballs, LLC",modballs.com
"Teenaarun Oceans, Inc.",teenaarunoceans.com
Agri-Fine Corporation,agri-fine.com
Fresh Millions,freshmillions.com
Mezzaluna Biscotti,mezzalunabiscotti.com
Yimello Smoothies,yimellosmoothies.com
DooF,foodbackwards.com
Greenbelt Farmers Market,greenbeltfarmersmarket.org
Keep Life Tasty,keeplifetasty.com
Maddalena's Cheesecake and Catering,maddalenascheesecake.com
Pamperdoodle,pamperdoodle.com
Divine Brine Foods Inc.,divinebrinefoods.com
Green Spoon Kitchen,greenspoonkitchen.com
P is for Pie Bake Shop,crazyforpies.com
Farmergirl Fresh,farmergirlfresh.com
IndAroma Restaurant & Catering,indaroma.com
Lebanon Vitamin,lebanon-vitamin.de
Fraga Farmstead Creamery,fragafarm.com
pattycake bakery,pattycakebakery.com
Aterra Foods/ Quinoa Queen Cereals,quinoaqueenfoods.com
Door 222 Food & Drink,door222.com
Loco Coco NYC,loco-coco.com
LOT22 Olive Oil Co.,lot22oliveoil.com
"US Nisshin Shokai, Inc.",usnisshinsk.com
Wander Broth,wanderbroth.com
Wholesome Nibbles,wholesomenibbles.com
Tropical Bakery & Deli,tropicalbakerypa.com
Culinary Libertarian,culinarylibertarian.com
fit-flavors,fit-flavors.com
Fresh Fork Market,freshforkmarket.com
"Healthy Goodness, LLC",healthygoodness.com
Uma Uma,theumauma.com
Healthy Italia - La Buona Cucina,healthy-italia.com
Hens & Chicks Cookie Company,hensandchickscookiecompany.com
Kettlebells and Cupcakes,shopkbcc.com
Mad Hectic Foods,madhecticfoods.com
Virginia Food Works (VFW),virginiafoodworks.org
The Velvet Buttercream,velvetbuttercream.com
"Grandy Organics, LLC",grandyorganics.com
Pallotta Hot hot pepper sauce,pallottahotsauce.com
China Chen Restaurant Inc.,chinachen.org
Kadima Food Labs LLC,kadimafoodlabs.com
CADIA,mycadia.com
Sweet Jersey Kettle Korn,sweetjerseykettle.com
Organika Kitchen,organikact.com
Alicia's Spice Co.,aliciasspiceco.com
VEG-N,eatvegn.com
4 Paws Butcher Shop,4pawsbutchershop.com
Hearty Meals For All,heartymealsforall.org
Fogcutter,fogcutter-sf.com
Geni's Ethiopian,genisethiopian.com
"SANTA YNEZ FEED & MILLING, INC",santaynezfeed.com
Zot organic,zotorganic.com
Genuine Local,genuinelocal.org
The Juice Bar,thejuicebardallas.com
Harrison Food Group,budscricketpower.com
Main Street Poké,mainstreetpoke.com
Pickled Plum,pickledplum.com
San Giuseppe Salami Company,salamisbymail.com
