name,domain
"Torn and Glasser, Inc.",tornandglasser.com
"Amoroso's Baking Co., Inc.",amorosobaking.com
"Amylu Foods, Inc.",amylufoods.com
AyrKing Corp.,ayrking.com
"212 Digital, Inc., dba FusionPrep",fusionprep.com
Amero Foods Mfg. Corp. dba PastryStar,pastrystar.com
Edibles Rex,ediblesrex.com
"Moomers Homemade Ice Cream, LLC",moomers.com
Simply Fresh Market,simplyfreshmarket.com
"Swiss Chalet Fine Foods, LLC (SCFF)",scff.com
"The Big Salad, LLC",mybigsalad.com
"365 Retail Markets, LLC dba Company Kitchen",companykitchen.com
Sweet Nectar Spa,sweetnectarspa.com
"Koch Foods, Inc.",kochfoods.com
"Branding Iron Holdings, Inc.",bih-us.com
"Maple Ridge Farms, Inc.",mapleridge.com
"Hot Sauce Harry's, Inc.",hotsauceharrys.com
"Focus Brands, LLC",gotofoods.com
A Beautiful Bite,abeautifulbite.com
"Wyandot, Inc.",wyandotsnacks.com
"Butterball, LLC",butterball.com
Seneca Foods Corp.,senecafoods.com
"John Volpi and Co., Inc.",volpifoods.com
"Walker Foods, Inc.",walkerfoods.net
"Bimbo Bakehouse, LLC",bimbobakehouse.com
"Johnsonville, LLC",johnsonville.com
"Maschio's Food Services, Inc.",maschiofood.com
"Just Bagels Mfg., Inc.",justbagels.com
"Godiva Chocolatier, Inc.",godiva.com
"The Good Bean, Inc.",thegoodbean.com
"Driscoll's, Inc.",driscolls.com
American Licorice Co.,americanlicorice.com
StarKist Co.,starkist.com
"West Liberty Foods, LLC",wlfoods.com
"Diamond Crystal Brands, Inc.",dcbrands.com
"Wildway, LLC",wildwayoflife.com
"Divinely D'lish, LLC dba 18 Rabbits, Inc.",18rabbits.com
"Pacific Snack, Inc., dba California Crisps",californiacrisps.com
"Paradigm Foodworks, Inc.",paradigmfoodworks.com
"Bauli USA, Inc.",bauliusa.com
"GimMe Health Foods, Inc. dba gimme Seaweed",gimmeseaweed.com
"Giusto's Specialty Foods, LLC",giustos.com
"Pepper Creek Farms, Inc.",peppercreekfarms.com
"Pereg Gourmet Spices, Ltd.",pereg-gourmet.com
"Brands of Britain, LLC",brandsofbritain.com
"A.M. Braswell Jr. Food Co., Inc. dba Braswell's Food Co.",braswells.com
"Evolved Industries, LLC",evolved.com
"Pitaya Foods, LLC",pitayafoods.com
"California Caviar Co., Inc.",californiacaviar.com
"California Olive Ranch, Inc.",californiaoliveranch.com
"The Gracious Gourmet, LLC",thegraciousgourmet.com
"Osem USA, Inc.",osem-nestleusa.com
Chicago Importing Co.,chicagoimporting.com
"Phi Holdings, LLC dba Pork and Mindy's",porkandmindys.com
Rise Baking Co.,risebakingcompany.com
"Cocola, Inc.",cocolabakery.com
"PS Seasoning & Spices, Inc.",psseasoning.com
Luko Foods LLC dba Heidi's Salsa,heidissalsa.com
"Purity Organic, LLC",purityorganic.com
"Alternative Foods, LLC dba Hope Foods, LLC",hopefoods.com
House Foods America Corp. (HFA),house-foods.com
"The Crispery of Virginia, LLC",thecrispery.com
Culinary Collective,culinarycollective.com
Pacific Beach Peanut Butter,pacificbeachpeanutbutter.com
Idaho Candy Co.,idahospud.com
"Cup4Cup, LLC",cup4cup.com
"FunFresh Foods, Inc. dba FunFresh Foods",funfreshfoods.com
"Twang Partners, Ltd.",twang.com
Umpqua Oats,umpquaoats.com
"Natural Intentions, Inc. dba The Daily Crave",thedailycrave.com
"Dang Foods, LLC",dangfoods.com
United Olive Oil Import Corp.,unitedoliveoil.com
"Specialty Rice, Inc. dba Della Rice",dellarice.com
"Oregon Growers and Shippers, LLC",oregongrowers.com
"Yaya Imports, Inc.",yayaimports.com
"European Imports, Inc. (EI)",eiltd.com
"WorldSoups, Inc.",worldsoupsinc.com
"Stonyfield Farm, Inc.",stonyfield.com
San Fam Bakery Corp. dba Aunt Butchies Desserts,auntbutchies.com
"Pomi USA, Inc.",pomi.us.com
"Nuovo Pasta Productions, Ltd.",nuovopasta.com
Al Dente Pasta Co.,aldentepasta.com
"Made In Nature, Inc.",madeinnature.com
"Epic Provisions, LLC",epicprovisions.com
Prince Waffles,princewaffles.com
White Coffee Corp.,whitecoffee.com
E and M Corp. dba Noh Foods of Hawaii,nohfoods.com
"From the Field Trading Co., Inc. dba Lafaza Foods",lafaza.com
"Wonderfully Raw Gourmet Delights, LLC",wonderfullyrawgourmet.com
"VSC Holdings, Inc. dba Vermont Smoke and Cure",store.vermontsmokeandcure.com
"Fenton Enterprises, Inc. dba Kara Chocolates",karachocolates.com
"Flathau's Fine Foods, LLC",flathausfinefoods.com
"Ameri-Sell, Inc. dba Flax4Life",flax4life.net
"East Shore Specialty Foods, Inc.",eastshorefoods.com
Keep It Real Food Co.,keepitrealfoodcompany.com
"Windy Bay Holdings, LLC dba Pure Wild Oregon",purewildoregon.com
"Rhythm Superfoods, LLC",rhythmfoods.com
"Domino Foods, Inc. (DFI)",dfifoodservice.com
CGF Inc. dba Wild California,wildcalifornia.com
"Taffy Town, Inc.",taffytown.com
"J&J Group, LLC dba Rufus Teague",rufusteague.com
"Day-Lee Foods, Inc.",day-lee.com
"Les Trois Petits Cochons, Inc. dba Three Little Pigs, LLC",3pigs.com
"Royal Hawaiian Orchards, LP",royalhawaiianorchards.com
"Lenny & Larry's, LLC",lennylarry.com
Lecoq Cuisine Corp.,lecoqcuisine.com
"Zazzie Foods, Inc. dba CC Made, Inc.",ccmade.com
"Lotus Foods, Inc.",lotusfoods.com
"Artisan Cocoa, Inc. dba Amella",amellacaramels.com
"Fromartharie, Inc. dba Specialities, Inc.",specialitiesinc.com
"Bariani Olive Oil, LLC",barianioliveoil.com
"Anette's Chocolate Factory, Inc.",anettes.com
"That's it Nutrition, LLC",thatsitfruit.com
"Conte's Pasta Co., Inc.",contespasta.com
"Mama O's Premium Kimchi, Inc.",kimchirules.com
"LJW, Inc. dba San Francisco Salt Co.",sfsalt.com
A Priori Specialty Foods Importing and Distribution,aprioridistribution.com
"Tiny But Mighty Foods, Inc.",tinybutmightyfoods.com
"Mike's Hot Honey, Inc.",mikeshothoney.com
"Veroni USA, Inc.",veroni.com
"Plum Daisy, LLC dba Colorado Mountain Jam",coloradomountainjams.com
Silverland Bakery,silverlandbakery.com
"Something Eclectic, LLC dba Race City Sauce Works",racecitysauceworks.com
"Simex International, Inc.",simexorientalfoods.com
Rocq Macarons,rocqmacarons.com
"Ritrovo Italian Regional Foods, LLC",ritrovo.com
"Easy Tasty Magic, Inc. dba Laura Santtini",laurasanttini.com
"CRM Farms, Inc.",fartless.com
Jake's Barbeque Sauce and Seasonings Company,jakesbbqsauce.com
"Cultures for Health, Inc.",culturesforhealth.com
"Catalo Natural Products, Inc.",catalousa.com
"Allied Old English, Inc.",alliedoldenglish.com
"Shullsburg Creamery II, LLC",shullsburgcreamery.com
"Protein2o, Inc.",drinkprotein2o.com
"Pro*Act USA, LLC",proactusa.com
"Everson Spice Co., Inc.",eversonspice.com
"Amy's Kitchen, Inc.",amys.com
"Annie Chun's, Inc.",anniechun.com
"National Food Group, Inc.",nationalfoodgroup.com
"Sahale Snacks, Inc.",sahalesnacks.com
Diestel Family Ranch,diestelturkey.com
"Upper Lakes Foods, Inc.",upperlakesfoods.com
"Food Market Management, Inc. dba The Ginger People Group",gingerpeople.com
"Best of Farms, LLC dba Latta",lattausa.com
The Leavitt Corp. dba Teddie Peanut Butter,teddie.com
"Gluten-Free Prairie, LLC",glutenfreeprairie.com
"Glutenfreeda Foods, Inc.",lillybfoods.com
"Freeland Foods, Inc. dba Go Raw",goraw.com
"LifeIce, Inc.",lifeice.com
"Ford's Foods, Inc. dba Bone Suckin' Sauce",bonesuckin.com
"Glendora, Inc. dba Naked Juice Co.",nakedjuice.com
"Eco Lips, Inc.",ecolips.com
"Cheribundi, Inc.",cheribundi.com
"Natren, Inc.",natren.com
"Esoteric Food Company, LLC dba Ozuke Pickled Things",ozuke.com
"Pure Life Organic Foods, Ltd.",purelifeorganicfoods.com
"The Love and Hummus Co., LLC",loveandhummus.com
Scratch & Grain Baking Co.,scratchandgrain.com
"Egg Innovations, LLC",egginnovations.com
"LT Foods, Ltd.",ltgroup.in
"Seapoint Farms, LLC",seapointfarms.com
"Ener-G Foods, Inc.",ener-g.com
"Nutsco, Inc.",nutsco.com
"Maplegrove Gluten Free Foods, Inc. dba Pastariso",pastarisofoods.com
"NurturMe, Inc.",nurturme.com
Healthy Truth,healthytruth.com
"Grecian Delight Foods, Inc.",gdkfoods.com
The Teff Co. dba Maskal Teff,teffco.com
"H.C. Foods Co., Ltd.",hcfoods.net
"Zema`s Madhouse Foods, Inc.",zemasfoods.co
"Harbor Creek Farms, LLC",harborcreekfarms.com
California Corp. dba Nichols Farms,nicholsfarms.com
"Evanger's Dog and Cat Food Co., Inc.",evangersdogfood.com
"Windrose Trading Co., Inc.",windrosetrading.com
HealthyCoat,healthycoat.net
"Pacific Coast Producers, Inc. (PCP)",pacificcoastproducers.com
Sun Chlorella USA Corp.,sunchlorellausa.com
"Twin Marquis, Inc.",twinmarquis.com
"Heartland Mill, Inc.",heartlandmill.com
"Frenchie's Kitchen, LLC",frenchieskitchen.com
"Cuisine Solutions, Inc.",cuisinesolutions.com
"Raw Basic, LLC dba Tucker's Raw Frozen",mytuckers.com
"Somersault Life Co., LLC",somersaults.com
"Mavuno, LLC dba Mavuno Harvest",mavunoharvest.com
"Pure Sense, Inc. dba Hybread",hybread.com
"JOG Distribution, Inc. dba Stone-Buhr Flour Co.",stone-buhr.com
"Sioux Natural, LLC dba Shüg",ww25.getshug.com
"Pet Center, Inc. (PCI)",pcipet.com
"Paws Barkery, Inc.",pawsbarkery.com
"Unique Pretzel Bakery, Inc.",uniquesnacks.com
Oregon Trail Foods Co.,oregontrailfoods.com
"Vege USA, LLC",myrtlegreensco.com
"Zilks Foods, LLC",zilksfoods.com
Vitapol Corp.,primepetfood.com
"Ruger, LLC",rugerwafers.com
"Mount Franklin Foods, LLC",mountfranklinfoods.com
"Jacobsen, LLC dba Jacobsen Salt Co.",jacobsensalt.com
"Toby Farms, Inc. dba Victoria's Garden Grown",victoriasgardengrown.com
"Kevala International, LLC",kevala.net
"Yorba Organics, LLC",yorbaorganics.com
"Facci Food Company, Inc. dba Yoatz",yoatz.com
Pure Indian Foods Corp.,pureindianfoods.com
XO Baking Co.,xobakingco.com
"Grandma Lu's Spice Cabinet, Inc. dba World Peas",worldpeasbrand.com
"Farmhouse Culture, Inc.",farmhouseculture.com
White Mountain Foods,wmfoods.com
"Pines International, Inc.",wheatgrass.com
"Standard Company, LLC dba AgStandard",getagstandard.com
"Wedderspoon Organic, Inc.",wedderspoon.com
Barnstormer Granola dba Good Eatin' LLC,barnstormergranola.com
"Barsotti Family Juice Co., Inc.",barsottijuice.com
La Megara,lamegara.com
"American Flatbread Co., Inc.",americanflatbread.com
"The Veda Company, LLC",thevedacompany.com
"Radagast Pet Food, Inc. dba Rad Cat Raw Diet",radfood.com
"Wai Koko Beverage Co., LLC",drinkwaikoko.com
"Bella Gluten-Free, LLC",bellaglutenfree.com
"Bristol Farms, Inc.",bristolfarms.com
"Rudolph Foods Co., Inc.",rudolphfoods.com
"Q&B Foods, Inc.",qbfoods.com
"Crunchies Food Co., LLC",crunchiesfood.com
Diane's Sweet Heat,dianessweetheat.com
"Eagle Eye Produce, Inc.",eagleeyeproduce.com
Idaho-Eastern Oregon Onion Committee,usaonions.com
"Farm Fresh, LLC",farmfresh.com
"Boskovich Fresh Food Group, Inc.",boskovichfarms.com
"Beaumont Juice, Inc. dba Perricone Farms",perriconefarms.com
"Gourmet Mushrooms, Inc. dba Mycopia",mycopia.com
"Market Fresh Produce, LLC",marketfreshproduce.net
"Sun and Sands Enterprises, LLC dba Prime Time International",primetimeproduce.com
"World Variety Produce, Inc. dba Melissa's",melissas.com
"Floyd Wilcox and Sons, Inc. dba Wilcox Fresh",wilcoxfresh.com
"R.S. Hanline and Co., Inc.",rshanline.com
"Ready Pac Produce, Inc. dba Ready Pac Foods, Inc.",readypac.com
"SLT Foods, Inc.",sltfoods.com
"Oil Seeds International, Ltd.",oilseedssf.com
"Crush Food Service, Inc.",crushcubes.com
"Native State Foods, Inc.",nativestatefoods.com
"California Wild Rice Growers Association, Inc. dba Fall River Wild Rice",frwr.com
"Coco and Gio, LLC dba Total Cluster Fudge",totalclusterfudge.com
"Fischer and Wieser Specialty Foods, Inc.",jelly.com
"Foxy's Pash IP, LLC dba Foxy's Premium Frozen Yogurt",foxyspash.com
iSnak Corp. dba Yooli Foods,yoolifoods.com
Front Range Snacks Inc. dba Open Road Snacks,openroadsnacks.com
"Dieffenbach's Potato Chips, Inc.",dieffenbachs.com
OzPure,ozpure.com
"Acesur De Prado North America, Inc.",acesurnorthamerica.com
"Globenet Investments, Inc. dba The Survival Tabs",thesurvivaltabs.com
"Petchup, Inc.",mypetchup.com
American Eel Depot Corp. (AED),eeldepot.com
"Inland Market Premium Foods, Inc.",inlandmarketpremiumfoods.com
"Clear Springs Foods, Inc.",clearsprings.com
"Limson Trading, Inc.",limsontrading.com
"The Santa Barbara Smokehouse, Inc.",sbsmokehouse.com
"Pangea Shellfish & Seafood Co., Inc.",pangeashellfish.com
"Samuels and Son Seafood Co., Inc.",samuelsseafood.com
"Paul Piazza and Son, Inc.",paulpiazza.com
"Rastelli Foods Group, Inc.",rastellifoodsgroup.com
PanaPesca USA Corp.,panapesca.com
"Blue Sea Products, LLC",blueseaproducts.com
"Quirch Foods, LLC",quirchfoods.com
"Royal Gourmet Caviar, Inc.",gourmethouse.com
"Raw Seafoods, Inc.",rawseafoods.com
"Optimus, Inc. dba Marky's Caviar",markys.com
"Alaska Ice Seafoods, Inc.",alaskaiceseafoods.com
"Kawasho Foods USA, Inc. dba Geisha",geishabrand.com
"Sasanian Caviar, Inc.",sasaniancaviar.com
"Shore Seafood, Inc.",shoreseafoodinc.com
"Ducktrap River of Maine, LLC",ducktrap.com
"Newport International Of Tierra Verde, Inc.",newportintl.com
"Little River Seafood, Inc.",littleriverseafood.com
"CP Food Products, Inc.",cpfoodsusa.com
"Magic Seasoning Blends, LLC",magicseasoningblends.com
"St. James Smokehouse, Inc.",stjamessmokehouse.com
Twin Tails Seafood Corp.,twintailsseafood.com
"Robert Wholey & Co., Inc.",wholey.com
Maine Lobster Marketing Collaborative (MLMC),lobsterfrommaine.com
"K2d, Inc. dba Colorado Premium Foods",coloradopremium.com
"SmartWash Solutions, LLC",smartwashsolutions.com
"Haliburton International Foods, Inc.",haliburton.net
Surlean Meat Co. dba Surlean Foods,surleanfoods.com
Wakuu,wakuuchef.com
Zinpro Corp.,zinpro.com
"Graminex, LLC",graminex.com
"CJ America, Inc.",cjamerica.com
"Diamond V Mills, Inc.",diamondv.com
"Columbia Grain International, LLC (CGI)",columbiagrain.com
J.W. Nutt Co.,jwnutt.com
"Bartlett and Co., Inc.",bartlettco.com
Zen-Noh Grain Corp. (ZGC),zgcusa.com
"Titus Bakery, LLC",titusbakery.com
"Wyeast Laboratories, Inc.",wyeastlab.com
Mighty Good Coffee Roasting Co.,mightygoodcoffee.com
"Muntons Malted Ingredients, Inc.",muntons-inc.com
"Dutch Gold Honey, Inc.",dutchgoldhoney.com
"NatureSeal, Inc.",natureseal.com
"EPTA America, LLC",eptaamerica.com
"Albanese Confectionery Group, Inc. dba Albanese Candy",albanesecandy.com
"AbiMar Foods, Inc.",abimarfoods.com
"Affy Tapple, LLC",affytapple.com
"Country Fresh Food & Confections, Inc.",countryfreshfood.com
"Posh Nosh Imports USA, Inc.",posh-nosh.com
"Prairie City Bakery, LLC",pcbakery.com
"Old Fashioned Foods, Inc. dba Old Fashioned Cheese Co.",oldfash.com
"Anatolian Naturals, Inc.",anatoliannaturals.com
West Central Cooperative,west-central.com
"Mexibrands, Inc.",mexibrands.com
"Lucky Country USA, LLC",lucky-country.com
"Loacker Spa/AG dba Loacker USA, Inc.",loackerusa.com
"C. Howard Co., Inc.",chowardcompany.com
"Butterfields Candy, LLC",butterfieldscandies.com
R.M. Palmer Co.,rmpalmer.com
"Rocky Mountain Chocolate Factory, Inc.",rmcf.com
"TAS Manufacturing, LLC dba Blackjack Beef Jerky",blackjackbeefjerky.com
"Wicked Good Cupcakes, LLC",wickedgoodcupcakes.com
Koko's Confectionery and Novelty,kokos.com
WOATS Oatsnack,woats.com
"Western's Smokehouse, LLC",wspartners.com
"Wenzel's Farm, LLC",wenzelsfarm.com
"Coblentz Distributing, Inc. dba Walnut Creek Foods",walnutcreekfoods.com
"Golden West Food Group, Inc. (GWFG)",gwfg.com
"Frito-Lay North America, Inc.",fritolay.com
Tortuga Rum Cake Co.,tortugarumcakes.com
"Pickled Planet, LLC",pickledplanet.com
"Gharana Foods, LLC",gharanafoods.com
"Giorgio Cookie Co., LLC",giorgiocookieco.com
"Butterfield Foods, LLC",butterfield-foods.com
"Kangadis Food, Inc. and Gourmet Factory, Inc. dba Capatriti",capatriti.com
"Gunther's Gourmet Groceries, LLC",gunthersgourmet.com
Hancock Gourmet Lobster Co.,hancockgourmetlobster.com
"Compart Family Farms, Inc.",compartduroc.com
"Harbor Sweets, Inc.",harborsweets.com
"Hellenic Farms, LLC",hellenicfarms.com
"Fairfield Gourmet Foods Corp. dba David's Cookies, Inc.",davidscookies.com
"Italian Products USA, Inc.",italianproducts.com
"Mario Camacho Foods, LLC",mariocamachofoods.com
"Planet Smoothie, LLC",planetsmoothie.com
"Halperns' Steak and Seafood Co., LLC",halperns.com
"Dufour Pastry Kitchens, Inc.",dufourpastrykitchens.com
"All Round Foods Bakery Products, Inc.",allroundfoods.com
"Cloister Honey, LLC",cloisterhoney.com
"Delicae Gourmet, LLC",delicaegourmet.com
Corto Olive Co.,corto-olive.com
"Seraph Associates, LP dba Salt of the Earth Bakery",saltoftheearthbakery.com
"Seven Sundays, LLC",sevensundays.com
"Zia Valentina, LLC dba Waffleshot, LLC",waffleshot.com
"Sauce It, LLC dba The Vine",foodsofthevine.com
The Accidental Baker,theaccidentalbakernc.com
"Zemas Madhouse Foods, Inc.",healthygk.com
"Alpha Baking Co., Inc.",alphabaking.com
"Ajiri Tea Co., LLC",ajiritea.com
"Antonio Mozzarella Factory, Inc.",antoniomozzarella.com
Sandridge Food Corp.,sandridge.com
Richmond Baking Co.,richmondbaking.com
"Sterling BV, Inc. dba Sterling Foods, Inc.",sterling-fd.com
Sugar Creek Packing Co.,sugarcreek.com
"Blake Hill Farm Products, LLC dba Blake Hill Preserves",blakehillpreserves.com
"Victoria Gourmet, Inc.",vgourmet.com
"Bobby Brown Foods, LLC",bobbybrownfoods.com
"Char Crust, Inc.",charcrust.com
"Simply Appetizers, Inc.",simplyappetizers.com
"First International Health Foods, Ltd. dba Brad's Organic, LLC",bradsorganic.com
"The Brand Passport, Inc.",thebrandpassport.com
"Food and Vine, Inc.",grapeseedoil.com
"One Culture Foods, Inc.",oneculturefoods.com
Sweet Crunch Bakeshop and Catering Company LLC,sweetcrunchbakeshop.com
Backyard Brine Pickle Co.,backyardbrine.com
"The Sweetery, Inc.",thesweetery.com
"Optima Foods, Inc.",optimafoods.com
"Heartbreaking Dawns Artisan Foods, LLC",heartbreakingdawns.com
"Campagna-Turano Bakery, Inc. dba Turano Baking Co.",turano.com
Djerdan Burek Corp.,djerdan.com
"VChocolates, Inc.",vchocolates.com
"Minnesota Soybean Processors, Inc. (MnSP)",mnsoy.com
"Lammes Candies Since 1885, Inc.",lammes.com
"Lark Foods, LLC dba Lark Fine Foods",larkfinefoods.com
"Innovative Baking, LLC dba Venice Bakery",venicebakery.com
Living Raw Treats,livingrawtreats.com
"Euro USA, Inc.",eurousa.com
"Vital Choice Wild Seafood and Organics, Inc.",vitalchoice.com
Kari-Out Co.,kariout.com
"GrillGrate, LLC",grillgrate.com
"Greater Omaha Packing Co., Inc.",greateromaha.com
"Great Western Co., LLC dba Great Western Products",gwproducts.com
"Revolution Foods, PBC",revolutionfoods.com
"Nielsen Citrus Products Co., Inc.",nielsencitrus.com
"Fit2Go, LLC",fit2gomeal.com
"TreeHouse Foods, Inc.",treehousefoods.com
"Vienna Beef, Ltd.",viennabeef.com
"Wheat's End Artisan Foods, LLC",wheatsendcafe.com
"Catallia Mexican Foods, LLC",catallia.com
"C.H. Guenther and Son, Inc.",chg.com
"Gourmet Mixes, Inc. dba Demitri's Gourmet Mixes",demitris.com
"Eisenberg Sausage Co., Inc. dba Kelly Eisenberg",kellyeisenberg.com
"Dole Packaged Foods, LLC",dolesunshine.com
"Niman Ranch, Inc.",nimanranch.com
"Dri-Lite Foods, Inc. dba Backpacker's Pantry",backpackerspantry.com
"Schmaltz Retail Products, LLC",schmacon.com
"ABC Provisions, Inc.",abcprovisions.com
"Euro Snack, Inc.",eurosnack.com
"Boncora Biscotti, LLC",boncorabiscotti.com
"Frankferd Farms Foods, Inc.",frankferd.com
Catalan Gourmet,catalangourmet.com
"S and K Industries, Inc. dba Abuelita Mexican Food Products",abuelita.com
"Davis and Davis Gourmet Foods, LLC dba Shop Wacky",shopwacky.com
"Boulder Flavours, Inc",balsamicnectar.com
Castleton Crackers,castletoncrackers.com
Becky's Blissful Bakery,beckysblissfulbakery.com
"Cocoa Sante, LC",cocoa-sante.com
"CajunGrocer.com, LLC",cajungrocer.com
Cranberry Marketing Committee (CMC),uscranberries.com
"Bissell Maple Farm, Inc.",bissellmaplefarm.com
"Biscotti Goddess, LLC",biscotti-goddess.com
Bird's Nest Baking Company,birdsnestbaking.com
"YummyHealth, LLC",yummyhealth.com
Brass Ladle Products,brassladle.com
"Big Island Bee Co., LLC",bigislandbees.com
"Goodman Food Products, Inc. dba Don Lee Farms, Inc.",donleefarms.com
"Beyond the Shaker, LLC",beyondtheshaker.com
"Wawona Frozen Foods, Inc.",wawona.com
"Best Boy Products, LLC",bestboyandco.com
CaJohns Fiery Foods Co.,unitedsauces.com
"Acme Organics, LLC dba Triple Crown Classic BBQ Sauce",triplecrownbbqsauce.com
"The FruitGuys, LLC",fruitguys.com
"JSB Industries, Inc. dba Muffin Town, Inc.",muffintown.com
"Nardone Brothers Baking Co., Inc.",nardonebros.com
"Jan's Farmhouse Crisps, LLC.",jansfarmhouse.com
"PNW Veg Co., LLC dba NORPAC Foods, Inc.",norpac.com
Kelley's Kookies,kelleyskookies.com
Carolina Cookie Co.,carolinacookie.com
Miller & Peters Inc. dba Kokomo Culinary,kokomoculinary.com
"Kettel Krakkers, LLC",kettelkrakkers.com
Pacific Northwest Canned Pear Service (PNCPS),eatcannedpears.com
"Kiddos, LLC",kiddosfoods.com
"Lasco Foods, Inc.",lascofoods.com
"JTM Provisions Co., Inc. dba JTM Food Group",jtmfoodgroup.com
"Green Mountain Mustard, LLC",buymustard.com
"Azuma Foods International USA, Inc. (AFI)",azumafoods.com
"State Street Snacks, LLC",statestreetsnacks.com
"S.A. Piazza & Associates, Inc. dba Wild Mike's Ultimate Pizza",wildmikesultimatepizza.com
"Blazing Star Foods, LLC",blazingstarfoods.com
JulieAnn Caramels,julieanncaramels.com
"French Gourmet, Inc.",frenchgourmet.com
"Fratelli Beretta USA, Inc.",fratelliberettausa.com
Food Imagineering,foodimagineering.com
"MDA, Inc. dba Berkshire Berries",berkshireberries.com
"MA Fine Foods, LLC",mafinefoods.com
"Northampton Peanut Co. dba Hampton Farms, Inc.",hamptonfarms.com
"Ashburn Sauce Co., Inc.",ashburnsauce.com
"Southern Okie, LLC",southernokie.com
"Sparrow Enterprises, Ltd.",sparrowfoods.com
Shubie's Marketplace,shubies.com
"Kendall Farms, LLC",kendallfarmscremefraiche.com
"Kime's Cider Mill, Inc.",kimescidermill.com
"Hubbard Peanut Co., Inc.",hubspeanuts.com
"Carolina Innovative Food Ingredients, Inc. (CIFI)",cifingredients.com
"Harvest Innovations, LLC",harvest-innovations.com
"HuynhsLoukas, LLC",hydeparkgourmet.com
"House of Spices (India), Inc.",hosindia.com
"The Birkett Mills, Inc.",thebirkettmills.com
"AEP Colloids, Inc.",aepcolloids.com
"Amtrade, Inc.",amtradeinc.com
"Johnny's Fine Foods, Inc.",johnnysfinefoods.com
"Eat JUST, Inc.",ju.st
"Mike and Diane's Gourmet Kitchen, Inc. dba Ring of Fire",ringoffirehotsauce.com
"Agusa, Inc.",agusa.biz
"Just Off Melrose, Inc.",justoffmelrose.com
"Monty's Plant Food Co., Inc. (MPF)",montysplantfood.com
"Corridor Sausage Co., LLC",corridorsausage.com
Maudets,maudets.com
"The Smoke House Market, Inc.",smokehousemarket.com
"The Peanut Shop, Inc. dba Peanut Shop of Williamsburg",thepeanutshop.com
"Amy's Ice Creams, Inc.",amysicecreams.com
"Pan-O-Gold Baking Co., Inc.",panogold.com
"Maschhoff Family Foods dba The Maschhoffs, LLC",themaschhoffs.com
"Two Rivers Distribution, LLC",tworiversct.com
"American Proteins, Inc.",americanproteins.com
American Sprinkle Co. Inc.,americansprinkle.com
"Ed Miniat, LLC",miniat.com
"Milk and Honey Granola, LLC",milkandhoneygranola.com
"Jerry's Enterprises, Inc.",jerrysfoods.com
"Hilltop Ranch, Inc.",hilltopranch.com
Mrs. Ressler's Food Products Co.,ressler.com
"Farmers To You, LLC",farmerstoyou.com
"Farmhouse Delivery, Inc.",farmhousedelivery.com
"Moody Dunbar, Inc.",moodydunbar.com
Sunrise AG Service Co.,sunrise-fs.com
"Molly & Me Pecans, LLC",mollyandmepecans.com
"Mealeo, Inc.",mealeo.com
"Marx Companies, LLC dba MarxFoods.com",marxfoods.com
"FlavorStorm, Inc.",flavorstorm.com
"Meditco, Inc. dba Phoenicia Specialty Foods, Inc.",phoeniciafoods.com
"Imperial Valley Foods, Inc. dba Fruvemex",fruvemex.com
"Nu-World Foods, Inc.",nuworldfoods.com
"Kiolbassa Provision Co., Inc.",kiolbassa.com
"Linda's Gourmet Latkes, Inc.",lindasgourmetlatkes.com
"SternMaid America, LLC",sternmaid-america.com
Bush Brothers and Co.,bushbeans.com
"Spokane Produce, Inc.",spokaneproduce.com
United Salad Co.,unitedsalad.com
"White Oak Frozen Foods, LLC dba Frozen Ingredients Division",whiteoakfrozenfoods.com
"Fuji Food Products, Inc.",fujifood.com
"Fresh Concepts, Inc.",freshconceptsinc.com
"DFS Oskaloosa, LLC",dfsfeed.com
"H.C. Schmieding Produce Co., Inc.",schmieding.com
"Dragonberry Produce, Inc.",dragonberryproduce.com
Procacci Brothers Sales Corp.,procaccibrothers.com
Bix Produce Co.,bixproduce.com
"Capital City Fruit, Inc. (CCF)",capitalcityfruit.com
Cowboy BBQ,cowboybbq.com
Country Cottage Bake Shop,nutroll.com
"Perfect Pie Company, Inc.",perfectpie.com
"Gellert Global Group, LLC",gellertglobalgroup.com
"Gehl Foods, LLC",gehls.com
"GreenPoint Distributing, LLC",greenpointdist.com
"Sun Belle, Inc.",sun-belle.com
"LeBus Bakery, Inc.",lebusbakery.com
"Big Fish Candy Company, LLC dba Laurie and Sons",laurieandsons.com
"Choice Food Group, Inc.",choicefood.com
"Tropical Key, Inc. dba Dockside Market",docksidemarket.com
"William H. Kopke Jr., Inc.",kopkefruit.com
Glyka-Sweets,glykasweets.com
"Genuine Grub Co., LLC",genuinegrub.com
"Ingredients Distribution International, LLC dba Nutrin Distribution Co.",nutrin.net
"Sanwa Growers, Inc. dba Sanwa Food Group",sanwafoodgroup.com
Saval Foods Corp.,savalfoods.com
"Stello Foods, Inc.",stellofoods.com
"Carmie's Kitchen, Inc.",carmieskitchen.com
"Plovgh, Inc.",plovgh.com
"Knouse Foods, Inc.",knouse.com
"Deland Bakery, Inc.",delandbakery.com
"Institutional Foods Packing Co., Inc. dba Leahy-IFP",leahy-ifp.com
"Lamb Weston Holdings, Inc.",lambweston.com
"Upfront Foods, LLC",upfrontfoods.com
"Suan's Foods, Inc.",suansfoods.com
The Sticky Toffee Pudding Co.,stickytoffeepuddingcompany.com
"The Cookery, A Culinary Marketplace",cookeryshops.com
Looka Patisserie,lookapatisserie.com
"Alexander Valley Gourmet, LLC dba Sonoma Brinery",sonomabrinery.com
"Roya Foods, Inc.",royafoods.com
City Olive,cityolive.com
"Musashi Foods, Inc.",musashifoods.com
Distinctive Dog Corp.,distinctivedog.com
"Okie Joe's, LLC",okjoes.com
"Chipurnoi, Inc. dba Checkmates Confectionery Co.",chipurnoi.com
Grill Master Co. dba Chef Salt,chefsalt.com
Olde Colony Baking Corporation,oldecolonybakery.com
Vermont Specialty Food Association,vtspecialtyfoods.org
"Wize Guyz Foodz, LLC",wizeguyzfoodz.com
"Central Market, Inc.",centralmarket.com
Waggoner Chocolates,waggonerchocolates.com
"West Indies Spice Traders, Ltd.",windiestrading.com
Culture An American Yogurt Company,cultureny.com
"Tabletree Montana, LLC dba Tabletree Juice",tabletreejuice.com
"Di Bruno Bros., Inc.",dibruno.com
"Neilly's Foods, LLC",neillys.com
"Sunflair, Inc. dba Sunflair Solar Ovens",sunflair.net
Petlife Americas Pet Care Corporation,petlifeamericas.com
"Nature Soy, Inc.",naturesoy.com
"Cheney Brothers, Inc.",cheneybrothers.com
San Diego Pretzel Co.,sandiegopretzel.com
"J C Foodservice, Inc. dba Action Sales",actionsales.com
"EN-R-G Foods, LLC dba Honey Stinger",honeystinger.com
"Lazo Foods, LLC",lazoempanadas.com
"Jagrma, LLC dba NuttZo, LLC",nuttzo.com
Hat Creek Burger Co.,hatcreekburgers.com
"Wyse Organics, LLC",wyseorganics.com
"Mosher Products, Inc.",wheatandgrain.com
Poindexter Nut Co.,poindexternut.com
"Nutribiotech USA, Inc.",nutribiotechusa.com
"Abundance Foods, LLC",idealgranola.com
"Vana Life Foods, L.P.",vanalifefoods.com
Kura Nutrition,kuranutrition.com
"Legendary Foods, LLC",eatlegendary.com
Storye Bread,storyebread.com
Great River Organic Milling Co.,greatrivermilling.com
"Crave Crush, LLC",cravecrush.com
"Country Maid, Inc.",countrymaid.net
"Forth Functional Foods, LLC",weareforth.com
"Blissfully Better, LLC",tblissfullybetter.com
Q2 Healthy Squares,q2healthysquares.com
"Clemens Food Group, Inc. (CFG)",clemensfoodgroup.com
"C & C Produce, Inc.",ccproduce.net
"Sage Fruit Co., LLC",sagefruit.com
"Cajoleben, Inc. dba Galasso's Bakery",galassos.com
"Pro-Pet, LLC",propet.com
"J. D. Heiskell and Co., Inc.",jdhco.com
"White Oak MIlls, Inc.",whiteoakmills.com
"Black Drop Coffee, Inc.",blackdropcoffee.com
"SDM Nutraceuticals, Inc.",sdmhealth.com
"Clarkson Soy Products, LLC",clarksonsoy.com
"Field Fresh Foods, Inc.",fieldfresh.com
"Double S Liquid Feed Services, Inc.",dbl-s.com
"Animal Health International, Inc.",animalhealthinternational.com
"Deep Valley Farm, Inc. dba Fight Bac",fightbac.com
"Young Pecan, Co.",youngpecan.com
"Central American Produce, Inc. (CAPCO)",capcofarms.com
"Freshway Foods, Inc.",freshwayfoods.com
"RC Fine Foods, Inc.",rcfinefoods.com
"Healthy Snack Solutions, LLC",healthysnacksolutions.com
CJ's BUTTer,cjsbutter.us
"National Bakery and Deli Co., Inc.",nationalbakery.com
"Coffee Kinetics, LLC dba Sonofresco",sonofresco.com
"Saubel's Markets, Inc.",saubelsmarkets.com
"Sprinkles Cupcakes, Inc.",sprinkles.com
"Fox Bros. Piggly Wiggly, Inc.",foxbrospigglywiggly.com
"EBG, LLC dba Eatzi's Market and Bakery",eatzis.com
"Texas Star Nut & Food Co., Inc.",texasnut.com
"Nongshim America, Inc.",nongshimusa.com
"Red Smith Foods, Inc.",redsmithfoods.com
Maestro Food Co. dba Tovala,tovala.com
"Zlavor, Inc., dba Mindful Meal",mindfulmeal.com
Byrnes & Kiefer Co.,bkcompany.com
"Rossmoor Pastries Management, Inc.",rossmoorpastries.com
"Omni Food Concepts, Inc.",omnifoodconcepts.com
"Eggland's Best, LLC",egglandsbest.com
"Rotella's Italian Bakery, Inc.",rotellasbakery.com
"Tasty Breads International, Inc.",tastybreads.com
"Andre Prost, Inc.",andreprost.com
"Naughty, Inc., LLC dba Naughty Chile Taqueria",naughtychile.com
Gonnella Baking Co.,gonnella.com
"Barcel USA, LLC",barcel-usa.com
"Monarch Nutraceuticals, Inc.",monarchnutraceuticals.com
"Garland Food, LLC",garlandfood.net
"Continental Cookies, Inc.",continentalcookies.com
"Georgia Peach Council, Inc.",gapeaches.org
"Viva Tierra Organic, Inc.",vivatierra.com
"Sweet Seasons, LLC",sweetseasons.com
"Harmoni International Spice, Inc. dba Harmoni Group, Inc.",harmonigroup.com
Durham-Ellis Pecan Co.,durhampecan.com
Vision Produce Co.,visionproduceco.com
Hinds-Bock Corp.,hinds-bock.com
"Simmons Foods, Inc.",simmonsfoods.com
"Hood River Juice Co., Inc. dba Ryan's Fresh Fruit Juices",ryansjuice.com
"EnSight Solutions, LLC",ensightsolutions.us
Bakery Equipment Manufacturers and Allieds (BEMA),bema.org
"Broadleaf Venison (USA), Inc.",broadleafgame.com
"Western Foods, LLC",westernfoodsco.com
"4P Foods, Inc.",4pfoods.com
"Baker Parts, Inc.",bakerparts.com
Wheat Foods Council (WFC),wheatfoods.org
"FBM Baking Machines, Inc.",fbmbakingmachines.com
American Bakers Association (ABA),americanbakers.org
"Signature Food Boards, LLC",signaturefoodboards.com
Small's Family Farm,smallsfamilyfarm.com
"Lloyd Industries, LLC dba Lloyd Pans",lloydpans.com
"Miltenberg and Samton, Inc.",miltsam.com
"Karlsburger Foods, Inc.",karlsburger.com
"Pullman Sugar, LLC",pullmansugar.com
"Quadra Chemicals, Ltd. dba Quadra Ingredients",quadraingredients.ca
Montana Co-Op.,montanacoop.localfoodmarketplace.com
"Fresh Foods Corporation of America, dba Cyrus O'Leary's Pies",cyruspies.com
"Global Essence, Inc.",globalessence.com
"Valley Sun Products, Inc.",valleysun.com
"DMH Ingredients, Inc.",dmhingredients.com
"Summit Foods, Inc. dba Sisters Fruit Co.",sistersfruitco.com
"Unique Ingredients, LLC",werunique.com
"DBC Ingredients, Inc.",dbcingredients.com
"Essex Grain Products, Inc.",essexgrain.com
"Bakto Flavors, LLC",baktoflavors.com
"Freeze Dry Ingredients, Inc.",fdiusa.net
"Northwest Naturals, LLC",nwnaturals.com
"Marzetti Frozen Pasta, Inc.",marzettifoodservice.com
"Silver Spring Foods, Inc.",silverspringfoods.com
"Simply Incredible Foods, LLC",simplyincrediblefoods.com
"Spartanburg Meat Processing Co., Inc.",spartanburgmeatprocessing.com
Karlin Foods Corp.,karlinfoods.com
"Sterling Foods, Inc.",sterlingfoodsinc.com
"King Nut Co., Inc.",kingnut.com
"Serendib Traditional, LLC dba Hearty Naturals",heartynaturals.com
"SunFoods, LLC dba Hinode Rice",hinoderice.com
"Sun Harvest Salt, LLC dba Secret Sun Salt",secretsunsalt.com
"Zwanenberg Food Group USA, Inc.",zwanfoods.com
"Salm Partners, LLC",salmpartners.com
"Double R Brand Foods, LLC dba Holmes Smokehouse",holmessmokehouse.com
"South American Meat Products Co., LLC (SAMPCO)",sampcoinc.com
"Father Sam's Bakery, Inc.",fathersams.com
"Packer Canning Company, Inc. dba Honee Bear Canning",honeebear.com
"HoneyTree, Inc.",honeytreehoney.com
"House of Flavors, Inc.",houseofflavors.com
Musco Family Olive Co.,olives.com
"Intermex Products USA, Ltd.",intermexproducts.com
"Severance Foods, Inc.",severancefoods.com
"Better Baked Foods, LLC",betterbaked.com
"Godshall's Quality Meats, Inc.",godshalls.com
"Gold Standard Baking, Inc.",goldstandardbaking.com
"Toad-Ally Snax, Inc.",toadallysnax.com
"Mayorga Organics, LLC",mayorgacoffee.com
"H and S Bakery, Inc.",hsbakery.com
Redland Foods Corp.,redlandfoods.com
"Blue Grass Quality Meats, Inc.",bluegrassqualitymeats.com
"Mary Ann's Baking Co., Inc.",maryannsbaking.com
"Home Food Services of Pennsylvania, Inc. dba Agostino Foods",agostinofoods.com
"B and D Foods, Inc.",banddfoods.com
"Magaya Foods, Inc.",magayafoods.com
"Skyline Chili, Inc.",skylinechili.com
"Yum Yum Donut Shops, Inc.",yumyumdonuts.com
"Cinnabon Franchisor SPV, LLC",cinnabon.com
"Aloha Shoyu Company Southwest, LLC dba Aloha Shoyu Co., Ltd.",alohashoyu.com
Roots Co.,rootscolorado.com
"Arizona Pepper Products Co., Inc.",azpepper.com
"Chester A. Asher, Inc. dba Asher's Chocolates Co.",ashers.com
Soapybliss Bath and Body Bakery,soapybliss.com
"Good Groceries Co., Inc.",goodgroceries.com
Beaujolais Panforte,beaujolaisgranola.com
Brassica and Brine,brassicaandbrine.com
"Tekrfitness, LLC dba Broomhead Bar",broomheadbar.com
"NL Enterprises, LLC dba Nature's Logic",natureslogic.com
"John Zidian Co., Inc. dba Gia Russa",giarussa.com
RMF Co.,rmfworks.com
"Natural Life Pet Products, Inc.",nlpp.com
"Titan Injection Parts and Service, Inc.",titaninjection.com
"2nd Story Bakeshop, LLC",2ndstorybakeshop.com
"Yogurtology Franchising, LLC",yogurtology.com
"Christopher's Bakery And Comfort Foods, LLC",christophersbakery.com
Coombs Family Farms,coombsfamilyfarms.com
"Claxton Bakery, Inc.",claxtonfruitcake.com
"Le Caramel, LLC",le-caramel.com
"Fresh Ideas, LLC",freshideallc.com
Squirrel Brand Co.,squirrelbrand.com
"Jammit Jam, LLC",jammitjam.com
"Mad Scientist Nuts, Inc. dba Pizootz Peanuts",pizootz.com
"Indian Table, LLC dba Pranayums",pranayums.com
"Protemach, Inc. dba Almas Food",almasfood.com
"Natalie's Gourmet Foods, LLC",nataliesgourmetfoods.com
Semolina Artisanal Pasta,semolinapasta.com
"Blue Planet Chocolate, LLC",blueplanetchocolate.com
"Wild Planet Foods, Inc.",wildplanetfoods.com
"Red Rabbit, LLC",myredrabbit.com
"King's Hawaiian Holding Co., Inc.",kingshawaiian.com
"Baruvi Fresh, LLC dba Hummustir",hummustir.com
"MeatCrafters, Inc.",meatcrafters.com
"Killian Korn, Inc.",killiankorn.com
"Unlimited Wholesale, Inc.",wholesaleunlimitedhawaii.com
Tony Luke's Worldwide,tonylukes.com
"DeVista USA, Inc.",devistausainc.com
"Grand Avenue Produce Co., Inc.",grandavenueproduce.com
"A. Russo and Sons, Inc.",russos.com
F&S Fresh Foods,fsfreshfoods.com
"Organicgirl, LLC",iloveorganicgirl.com
"Stern Produce Co., Inc.",sternproduce.com
"Cre 8 It, Inc.",cre8it.net
"T and T Produce, Inc.",tandtproduce.com
"Dymatize Enterprises, LLC",dymatize.com
"Daylight Foods, Inc.",daylightfoods.com
Gpod Of Idaho,gpodpotatoes.com
"L.A. Specialty Produce Co., Inc. dba Vesta Foodservice",vestafoodservice.com
"Perfectly Posh, LLC",perfectlyposh.com
"Utah Food Services, Inc.",utahfoodservices.com
"Profitable Food Facilities, Inc.",profitablefood.com
Passanante's Home Food Service,homefoodservices.com
"Rancho Gordo, Inc.",ranchogordo.com
La Cruz Specialty Foods,lacruzfoods.com
"Pine Manor, Inc.",pinemanorfarms.com
"Odwalla, Inc.",odwalla.com
"Green Heart Foods, LLC",greenheartfoods.com
Gourmet Farms of Colorado dba Best Dips,bestdips.com
"Brady Enterprises, Inc.",bradyenterprises.com
"Just Add Cooking, Inc.",justaddcooking.com
"A Cajun Life, LLC",acajunlife.com
"Earthwise Organics, Inc.",earthwiseagriculture.net
"mise en place, LLC",mepnyc.co
Coppell Farmers Market,coppellfarmersmarket.org
"PrimoHoagies Franchising, Inc.",primohoagies.com
"Happy and Healthy Products, Inc.",happyandhealthy.com
"MomoIP, LLC dba Momofuku",momofuku.com
"Barton Springs Mill, LLC",bartonspringsmill.com
"Prairie Mills Products, LLC",prairiemills.com
"Terawet Green Technologies, Inc. (TGT)",terawet.com
"House Of Pistachios, Inc.",houseofpistachios.com
"Smokin Mary, LLC",smokinmary.com
Gardels Fine Foods,chimichurrisauce.com
"Modesto Milling, Inc.",modestomilling.com
"Suisan Co., Ltd.",suisan.com
"Best Agri-Marketing, Inc.",bestagrimarketing.com
Foods Alive Inc.,foodsalive.com
"V&V Supremo Foods, Inc.",vvsupremo.com
"Bassham Foods, Inc.",basshamfoods.com
P.J.K. Food Service Corp. dba Keany Produce Co.,keanyproduce.com
"Kodiak Cakes, LLC",kodiakcakes.com
Deerfields Bakery,deerfieldsbakery.com
"Military Produce Group, LLC (MPG)",militaryproduce.com
"Ferraro Foods, Inc.",ferrarofoods.com
"Collin Street Bakery, Inc. (CSB)",collinstreet.com
"Lipari Foods, LLC",liparifoods.com
"Hopkinton Ventures, LLC dba Fitlife Foods Tampa, LLC",eatfitlifefoods.com
Weavers Way Co-op,weaversway.coop
"Essenergy, Inc. dba VitaClay Chef",vitaclaychef.com
"Tony's Finer Foods Enterprises, Inc. dba Tony's Market",tonysmarket.com
"Boudreaux Operating Acquisitions, LLC dba Claudia's Canine Bakery",claudiascaninebakery.com
"Jake's, Inc. dba Jake's Finer Foods, Inc.",jakesfinerfoods.com
"Love Grown Foods, LLC",lovegrown.com
"Bridgewater Chocolate, LLC",bridgewaterchocolate.com
Millie's Gelato,milliesgelato.com
"Cook Smarts, LLC",cooksmarts.com
Miller Resource Group,millerresource.com
"Pancake Organics, LLC",pancakeorganics.com
"Dos Locos, LLC dba Un Mundo Mexican Grill",unmundomex.com
"Clean Label Food and Juices, Inc. dba Fusia Foods",fusiafoods.com
"SOS Food Lab, LLC",sosfoodlab.com
"Berner Food and Beverage, Inc.",bernerfoodandbeverage.com
"Rosen's Diversified, Inc. (RDI)",rosensdiversifiedinc.com
"Bruxie, LLC",bruxie.com
"Plant Ingredients, LLC",plant-ingredients.com
"Michael Angelo's Gourmet Foods, Inc.",michaelangelos.com
"StaVin, Inc.",stavin.com
"Buddy Squirrel, LLC",buddysquirrel.com
Matthew Kenney Cuisine,matthewkenneycuisine.com
"Tell City Pretzel, Inc.",tellcitypretzel.com
"Hunters Reserve, Inc.",huntersreserve.com
"GLK Foods, LLC",glkfoods.com
"Wei-Chuan USA, Inc.",weichuanusa.com
"Meats by Linz, Inc.",meatsbylinz.com
"Gielow Pickles, Inc.",gielowpickles.com
The Mennel Milling Co.,mennel.com
"American Tuna, Inc.",americantuna.com
Classic City Bakeries (CCB),classiccitybakeries.com
Mississippi Market Natural Foods Co-op,msmarket.coop
"Albertsons Companies, Inc. dba Balducci's Food Lover's Markets",balduccis.com
The Better Health Store,thebetterhealthstore.com
Ozark Natural Foods,onf.coop
River Street Sweets,riverstreetsweets.com
"Nurture Ranch, LLC",nurtureranch.com
"Omega Yeast Labs, LLC",omegayeast.com
The Pack Shack,thepackshack.org
Taste of Old Country,tasteofoldcountry.com
"Floury Apron, LLC",flouryapron.com
"Bagel Boy and Co., LLC",bagelboynola.com
DiNapoli Specialty Foods,dinapoli.biz
"Ezzo Sausage Co., Inc.",ezzo.com
"CaliFoodItalia, Inc.",califooditalia.com
"Armanino Foods of Distinction, Inc.",armaninofoods.com
"Deer Creek Honey Farms, Ltd.",deercreekhoney.com
"Cali'Flour Foods, LLC",califlourfoods.com
"National Steak Processors, LLC",nspproteins.com
"Kaiser Pickles, LLC",kaiserpickles.com
"Tower Isles Frozen Foods, Ltd.",towerislespatties.com
"United Cocoa Processor, Inc.",unitedcocoa.com
"ConAgra Foods Food Ingredients Company, Inc. dba Spicetec Flavors",spicetec.com
"Wanjashan International, LLC",wanjashan.com
"Z Trim Holdings, Inc.",ztrim.com
"Carolina Packers, Inc.",carolinapackers.com
"HPC Foodservice, Inc.",hpcfs.com
"Sage Bears, LLC dba Sage Spoonfuls",sagespoonfuls.com
"Brooklyn Cookie Co., LLC",brooklyncookiecompany.com
"Kimnori USA, Inc.",kimnoriusa.com
"Pajama Sweets, LLC",pajamasweets.com
"Frankie V's Kitchen, LLC",frankievskitchen.com
Eat Purely Co.,eatpurely.com
"Soy Vay Enterprises, Inc.",soyvay.com
"Lone Star Consolidated Foods, LLC",lonestarfunfoods.com
James Skinner Baking Co.,skinnerbaking.com
"Manini's, LLC",maninis.com
"Horizon Food Group, Inc.",nemosbakery.co
The Decorated Cookie Co. dba Corso's Cookies,corsoscookies.com
"Arboris, LLC",arboris-us.com
"Miller Milling Co., LLC",millermilling.com
"Kayem Foods, Inc.",kayemfoods.com
"Gourmet Culinary Holdings, LLC dba Gourmet Foods, Inc.",gourmetfoodsinc.com
"International Casings Group, Inc.",casings.com
"Orval Kent Food Co., Inc.",resersfoodservice.com
"Baker Boy Bake Shop, Inc.",bakerboy.com
"Herbruck's Poultry Ranch, Inc.",herbrucks.com
"Amalgamated Sugar Co., LLC",amalgamatedsugar.com
"Gerber's Poultry, Inc.",gerbers.com
"Peco Foods, Inc.",pecofoods.com
"Private Chefs, Inc.",privatechefsinc.com
"Sadler's Smokehouse, Ltd.",sadlerssmokehouse.com
"GPL Food Service, Inc. dba Pepi Food Services, Inc.",pepifoods.com
"Ingomar Packing Co., LLC",ingomarpacking.com
"Tecumseh Poultry, LLC dba Smart Chicken",smartchicken.com
"Gourmet Boutique, LLC",gourmetboutique.com
"Fresh Mark, Inc.",freshmark.com
"Chicago Meat Authority, Inc.",chicagomeat.com
"PureFresh Sales, Inc.",wpurefreshsales.com
Sadie Rose Baking Co.,sadierose.com
"Chattanooga Bakery, Inc. dba MoonPie",moonpie.com
"Dreyer's Grand Ice Cream Holdings, Inc.",icecream.com
"Mediterranean Delight, Inc. dba CHO America, Inc.",cho-america.com
"Bokksu, Inc.",bokksu.com
"Vitasoy USA, Inc.",vitasoy-na.com
"Roger Wood Foods, Inc.",rogerwoodfoods.com
"American Blanching Co., Inc.",americanblanching.com
"Euro Foods, Inc., dba Citterio USA",usa.citterio.com
"Crunch Pak, LLC",crunchpak.com
Schmidt Baking Co.,schmidtoldtyme.com
"Garden-Fresh Foods, Inc.",garden-freshfoods.com
Gedney Foods Co.,gedneyfoods.com
Alpine Valley Bread Co.,alpinevalleybakery.com
"Companion Baking Co., Inc.",companionstl.com
Bethel Bakery,bethelbakery.com
"Nashoba Brook Bakery, LLC dba Slow Rise Bread",slowrise.com
"Boardman Foods, Inc.",boardmanfoods.com
"Fry Foods, Inc.",fryfoods.com
"Oakmont Bakery, Inc.",oakmontbakery.com
"Gold Medal Bakery, Inc.",goldmedalbakery.com
"CraftMark Bakery, LLC",craftmarkbakery.com
"Lovin Oven, LLC",lovinovencakery.com
"Bon Appetit Danish, Inc.",bonappetitbakery.com
"MyHappyPalate, LLC",ww38.myhappypalate.com
"Bella Festa, LLC dba Cow Candy",cowcandy.com
"Burger's Ozark Country Cured Hams, Inc. dba Burgers Smokehouse",smokehouse.com
"Plant Snacks, LLC",plantsnacks.com
"Richardson Brands Co., Inc. dba Roses Brands",rosesbrands.com
"New England Cranberry Co., Inc.",newenglandcranberry.com
"Old Florida Gourmet Products, Inc.",oldfloridagourmetproducts.com
"Callisons, Inc.",callisons.com
Grupo Canela,cinnamononline.com
"Pairwell Foods, LLC",pairwellfoods.com
"Maid-Rite Specialty Foods, LLC",mr-specialty.com
"Omnibus Trading, Corp. dba Chef's Corner Foods Manufacturing, LLC",chefscornerfoods.com
"Peg's Salt, LLC",pegssalt.com
"Santa Fe Spice, Inc. dba Out of Mexico",outofmex.com
"Glenn Valley Foods, LLC",glennvalleyfoods.com
"Red Kitchen Foods, Inc.",redkitchenfoods.com
"Heartland Food Products, LLC dba Heartland Waffles",heartlandwaffles.com
Syracuse Sausage Co.,syracusesausage.com
"Quality Ethnic Foods, Inc.",qualityethnicfoods.com
"Whitley Peanut Factory, Inc.",whitleyspeanut.com
"Louisiana Fish Fry, Ltd.",louisianafishfry.com
"Western Fresh Marketing Services, Inc.",westernfreshmarketing.com
"E.H. Gourmet, LLC",ehgourmet.com
"R.W. Sauder, Inc. dba Sauder's Eggs",saudereggs.com
"Tastebuds, LLC",tastebudspopcorn.com
"Holy Smoke, LLC",holysmokeoliveoil.com
"John Wm. Macy's CheeseSticks, Inc.",johnwmmacys.com
"Alba Foods, Inc.",albafoods.us
"Micks Peppourri, Inc.",pepperjelly.com
"Lacas Coffee Co., LLC",lacascoffee.com
"Den’s Hot Dogs, LLC",denshotdogs.com
Millies Wolfheart USA,millieswolfheartusa.com
"Bark Avenue, LLC",barkavenue.co
"International Himalayan Pet Products, LLC dba Nak Chews",nakchews.com
Garlic Gourmay,garlicgourmay.com
Comfort Food For Dogs,comfortfoodfordogs.com
Foppers Gourmet Pet Treat Bakery,foppers.com
"Central Grazing Co., LLC",centralgrazingco.com
"Healthy Foods, LLC, dba Yonanas",yonanas.com
"Agspring, LLC",agspring.com
"East and West Gourmet Food, Inc.",bolanifoods.com
"Wismettac Asian Foods, Inc.",wismettacusa.com
"Paulsen Foods, LLC",paulsenfoods.com
"Innovative Food Processors, Inc. (IFP)",ifpinc.biz
"Menchie's Group, Inc.",menchies.com
"Pearl Valley Farms, Inc.",pearlvalleyfarms.com
"AKC Commodities, Inc.",akccommodities.com
"Welch Foods, Inc.",welchs.com
"Ally's Bar, LLC",allysbar.com
"Dure Foods, Ltd.",durefoods.com
"Full Fat Kitchen, LLC dba Coconaise",coconaise.com
"Brothers Pride Produce, Inc. dba Fruit for Thought by Sigona's",fruitforthought.com
Ayoba-Yo Meat Co.,ayoba-yo.com
"Slender Seven, LLC",slenderseven.com
"Otto's Naturals, LLC",ottosnaturals.com
Organic Amazon Corp. dba Açaí To-Go,acaitogo.com
Dardimans California,dardimans.com
"Comfort Foods, Inc.",comfortfoods.com
"Golden Glow Cookie Co., Inc.",goldenglowcookieco.mysimplestore.com
"Bakewise Brands, Inc.",bakewisebrands.com
Country Life Natural Foods (CNLF),countrylifefoods.com
"Bellows House, Inc.",bellowshouse.com
"Dough-To-Go, Inc.",dough-to-go.com
Montana Monster Munchies dba Montana Cookie Co.,montanacookiecompany.com
"Tova Industires, LLC",tovaindustries.com
Bolivia Organic Foods,boliviaorganicfoods.com
"SamiChakra, LLC",samichakra.com
"T'n'T Bakery, Inc.",tntbakery.com
"Brandless, Inc.",brandless.com
"Cady Products, LLC",cadyproducts.com
"Amanecer Breakfast Tacos, LLC",amanecertacos.com
The Hungry Hound,thehungryhound.com
"Kankakee Natural Foods, Inc.",kankakeenaturalfoods.com
"Aspire Food Group USA, Inc. (AFG)",aspirefg.com
American Association of Meat Processors (AAMP),aamp.com
"Viskase Co., Inc.",viskase.com
"Grow-Link, Inc.",grow-link.net
"DellaCasa Pasta, LLC",dellacasapasta.com
"PAK Quality Foods, LP",pakqualityfoods.com
"MJ Kellner Co., Inc.",mjkellner.com
"Van Eerden Foodservice Co., Inc.",vaneerden.com
"Y. Hata and Co., Ltd.",yhata.com
"Crystal Canyon Vapes, LLC",ccvapes.com
Daily Table,dailytable.org
"Naturex-DBS, LLC",naturex-dbs.com
"Scientific Living, Inc.",slivinginc.com
"Vitamin Cottage Natural Food Markets, Inc. dba Natural Grocers",naturalgrocers.com
"Route66 International, Inc.",rt66us.com
"Be Well Foods, LLC dba Sejoyia Foods",sejoyia.com
"Pagliai's Pizza, Inc.",pagliais.com
"Cotton's Cafe, LLC dba Cotton's Cafe Dog Treat Barkery",cottonscafe.com
