name,domain
Apura Ingredients,apuraingredients.com
Arista Industries Inc.,aristaindustries.com
California Spice Basket Inc.,caspicebasket.com
Canton Chem Inc.,cantonchem.com
Centerchem LLC,centerchem.com
Champion Gelatine Products,championgelatine.com
CIO Enterprises,
Flavorman,flavorman.com
FloZein Products,zeinproducts.com
Hemp Acres,hempacresusa.com
IFC Solutions,ifc-solutions.com
Martin Bauer Group,martin-bauer-group.com
Mid America Food Sales Ltd.,midamfoodsales.com
Pope Scientific Inc.,popeinc.com
Revela Foods,revelafoods.com
RIA International LLC,riausa.net
SōRSE Technology,sorsetech.com
Sweet Additions,sweetadditions.com
Vertosa Inc.,vertosa.com
Batory Foods,batoryfoods.com
Berje Inc.,berjeinc.com
Cargill,cargill.com
Carmi Flavor & Fragrance Co.,carmiflavors.com
Carriere & Son LLC F.M.,fmcarriereandson.com
CIO Enterprises,
CIRANDA,ciranda.com
Consumers Flavoring Extract Co. Inc.,consumersflavoring.com
Crossroad Ingredients,crossroadingredients.com
Davis Chocolate,davischocolate.com
Essential Flavors & Fragrances Inc.,essentialflavors.com
Falcon Trading International,falconti.com
Flavorchem,flavorchem.com
Flavorman,flavorman.com
Florida Food Products Inc.,floridafood.com
FutureCeuticals Inc.,futureceuticals.com
Global Organics Ltd.,global-organics.com
IFPC,ifpc.com
Incasa Instant Soluble Coffees,incasacoffee.com
InterNaturales LLC,internaturales.com
INTETRA Inc.,intetra.org
Islamic Food & Nutrition Council of America (IFANCA),ifanca.org
Marky's Caviar/ Optimus Inc.,markys.com
Martin Bauer Group,martin-bauer-group.com
Maui Medicinal Herbs Inc.,mauimedicinal.com
Meridian Trading Co.,meridiantrading.com
Mid America Food Sales Ltd.,midamfoodsales.com
Nikken Foods USA Inc.,nikkenfoods.com
NutriScience Innovations LLC,nutriscienceusa.com
Osage Food Products,osagefood.com
Pecan Deluxe Candy Co.,pecandeluxe.com
Prime Food Products Inc.,bakerswonder.com
Profile Food Ingredients,profilefoodingredients.com
PROVA Inc.,provaus.com
Sethness Roquette,sethness-roquette.com
Starwest Botanicals,starwestherb.com
American Color Research Center Inc.,acrccolors.com
American International Foods Inc.,americaninternationalfoods.com
American Lecithin Co.,americanlecithin.us
Brenntag North America,food-nutrition.brenntag.com
Carriere & Son LLC F.M.,fmcarriereandson.com
Centerchem LLC,centerchem.com
colorMaker Inc.,colormaker.com
Crossroad Ingredients,crossroadingredients.com
Diana Food,diana-food.com
Divi's Nutraceuticals,divisnutraceuticals.com
Dohler North America,doehler.com
FabriChem - Div. of NutriScience Innovations LLC,fabricheminc.com
Flavorchem,flavorchem.com
FloZein Products,zeinproducts.com
GCI Nutrients Inc.,gcinutrients.com
GNT USA Inc.,exberry.com
Gold Coast Ingredients Inc.,goldcoastinc.com
Green Source Organics,gsoextracts.com
Herbstreith & Fox Inc.,herbstreith-fox.com
IFC Solutions,ifc-solutions.com
Independent Ingredients LLC,independentingredients.com
INTETRA Inc.,intetra.org
Islamic Food & Nutrition Council of America (IFANCA),ifanca.org
Joseph Adams Corp.,josephadamscorp.com
Kalsec Inc.,kalsec.com
Lycored Corp.,lycored.com
MORRE-TEC Industries Inc.,morretec.com
Nelson-Jameson Inc.,nelsonjameson.com
Nutralliance,nutralliance.com
NutriScience Innovations LLC,nutriscienceusa.com
Oterra LLC,oterra.com
Palmer Holland Inc.,palmerholland.com
PLT Health Solutions Inc.,plthealth.com
RIA International LLC,riausa.net
ROHA USA LLC,roha.com
A.S.I. International Inc.,info-asi.net
A&B Ingredients Inc.,abingredients.com
ABC Infant Formula,abcinfantformula.com
Agropur,agropur.com
AIDP Inc.,aidp.com
AMCO Proteins,amcoproteins.com
American Dairy Products Institute,adpi.org
American International Foods Inc.,americaninternationalfoods.com
Arkema Inc.,arkema-americas.com
Arnhem Group,arnhemgroup.com
Balchem Corp.,balchem.com
Brenntag North America,food-nutrition.brenntag.com
Cargill,cargill.com
Certified Nutritionals,certifiednutritionals.com
Champion Gelatine Products,championgelatine.com
Charles Bowman & Co.,charlesbowman.com
CJ Bio,cjbio.net
CP Kelco,cpkelco.com
Crossroad Ingredients,crossroadingredients.com
Dairy Ingredients Inc.,dairyingredientsinc.com
Dairy Specialties Inc.,
Devansoy,devansoy.com
FabriChem - Div. of NutriScience Innovations LLC,fabricheminc.com
Falcon Trading International,falconti.com
Franklin Farms East Inc.,franklinfarmseast.com
GENU-IN by JBS,genu-in.com
Glanbia Nutritionals,glanbianutritionals.com
Green Source Organics,gsoextracts.com
Hemp Acres,hempacresusa.com
Hilmar Ingredients & Hilmar Cheese Co.,hilmaringredients.com
Idaho Milk Products,idahomilkproducts.com
Land O'Lakes Ingredients,landolakes-ingredients.com
Advanced Food Systems Inc.,afsnj.com
Agropur,agropur.com
All American Foods Inc.,aafoods.com
Allied Blending LP,alliedblending.com
American Dairy Products Institute,adpi.org
American Egg Board,incredibleegg.org
American International Foods Inc.,americaninternationalfoods.com
Ameriqual Group LLC,ameriqual.com
Batory Foods,batoryfoods.com
Carmi Flavor & Fragrance Co.,carmiflavors.com
Carriere & Son LLC F.M.,fmcarriereandson.com
Commercial Creamery Co.,cheesepowder.com
CoreFX Ingredients,corefxingredients.com
Dairy Ingredients Inc.,dairyingredientsinc.com
Dairy Specialties Inc.,
DairyChem,dairychem.com
Devansoy,devansoy.com
eSense,e-sense.com
Fiberstar Inc.,fiberstaringredients.com
Franklin Farms East Inc.,franklinfarmseast.com
FrieslandCampina Ingredients,frieslandcampinaingredients.com
Grain Processing Corp. (GPC),grainprocessing.com
Hilmar Ingredients & Hilmar Cheese Co.,hilmaringredients.com
Hunter Walton & Co. Inc.,hunterwalton.com
Idaho Milk Products,idahomilkproducts.com
IFPC,ifpc.com
Independent Ingredients LLC,independentingredients.com
Ingredion,ingredion.us
Islamic Food & Nutrition Council of America (IFANCA),ifanca.org
Kerry Taste and Nutrition,kerry.com
Land O'Lakes Ingredients,landolakes-ingredients.com
MANE Inc.,mane.com
Manildra Group USA,manildrausa.com
Marky's Caviar/ Optimus Inc.,markys.com
Marron Foods Inc.,marronfoods.com
MGP Ingredients Inc.,mgpingredients.com
Mid America Food Sales Ltd.,midamfoodsales.com
Mikana Foods Inc.,mikanafoods.com
A&B Ingredients Inc.,abingredients.com
ADM/Matsutani LLC,fibersol.com
Advanced Food Systems Inc.,afsnj.com
AEP Colloids,aepcolloids.com
Agrigum Americas Inc.,agrigum.com
AIDP Inc.,aidp.com
Allied Blending LP,alliedblending.com
American International Foods Inc.,americaninternationalfoods.com
Ardent Mills,ardentmills.com
ASR Group - Domino Foods Inc. Specialty Ingredients,dominospecialtyingredients.com
Batory Foods,batoryfoods.com
Bay State Milling,baystatemilling.com
BENEO Inc.,beneo.com
Brenntag North America,food-nutrition.brenntag.com
Brightseed,brightseedbio.com
Cargill,cargill.com
Carriere & Son LLC F.M.,fmcarriereandson.com
Certified Nutritionals,certifiednutritionals.com
CIO Enterprises,
CIRANDA,ciranda.com
Clabber Girl Corp.,clabbergirl.com
CP Kelco,cpkelco.com
Dairy Ingredients Inc.,dairyingredientsinc.com
Dyna-Tabs LLC,dynatabs.com
Ecuadorian Rainforest LLC,intotherainforest.com
Emerling Foods,
FabriChem - Div. of NutriScience Innovations LLC,fabricheminc.com
Falcon Trading International,falconti.com
Fiberich MN Inc.,fiberichtech.com
Fiberstar Inc.,fiberstaringredients.com
Franklin Baker Inc.,franklinbaker.com
FutureCeuticals Inc.,futureceuticals.com
Golden Peanut Co. LLC,goldenpeanut.com
Grain Millers,grainmillers.com
Abbott Blackstone Co.,abbottblackstone.com
Accord Foods Inc./Tso Hin Kee Asian Sauces,accordfoods.com
All Seasonings Ingredients Inc.,allseasonings.com
American International Foods Inc.,americaninternationalfoods.com
Ameriqual Group LLC,ameriqual.com
Astral Extracts Ltd.,astralextracts.com
BCFoods,bcfoods.com
Brasil Sugar International,brasil-sugar.com
Carmi Flavor & Fragrance Co.,carmiflavors.com
Carriere & Son LLC F.M.,fmcarriereandson.com
Cherry Marketing Institute,choosecherries.com
CHO America,bulkbycho.com
Christopher Ranch LLC,christopherranch.com
Citromax Group,citromaxflavors.com
CocoNifty® Co.,coconifty.com
Culinary Farms,culinaryfarms.com
Dehydrates Inc.,dehydratesinc.com
Diana Food,diana-food.com
DMS Food Imports,dmsfoodimports.com
Dohler North America,doehler.com
Ecuadorian Rainforest LLC,intotherainforest.com
Emerling Foods,
Falcon Trading International,falconti.com
Fiberich MN Inc.,fiberichtech.com
Fiberstar Inc.,fiberstaringredients.com
Florida Food Products Inc.,floridafood.com
Franklin Baker Inc.,franklinbaker.com
Furmano Foods,furmanos.com
FutureCeuticals Inc.,futureceuticals.com
Garon Foods Inc.,garonfoods.com
Global Organics Ltd.,global-organics.com
GNT USA Inc.,exberry.com
Golden Peanut Co. LLC,goldenpeanut.com
Graceland Fruit Inc.,gracelandfruit.com
Grain Processing Corp. (GPC),grainprocessing.com
Great Lakes International Trading Inc.,glit.com
A&B Ingredients Inc.,abingredients.com
AB Mauri North America,abmna.com
Allied Blending LP,alliedblending.com
American International Foods Inc.,americaninternationalfoods.com
American Lecithin Co.,americanlecithin.us
Ardent Mills,ardentmills.com
Arkema Inc.,arkema-americas.com
Arnhem Group,arnhemgroup.com
ASR Group - Domino Foods Inc. Specialty Ingredients,dominospecialtyingredients.com
Balchem Corp.,balchem.com
Batory Foods,batoryfoods.com
Bay State Milling,baystatemilling.com
BENEO Inc.,beneo.com
Brasil Sugar International,brasil-sugar.com
Cargill,cargill.com
Church & Dwight Co. Inc.,churchdwight.com
CIO Enterprises,
Clabber Girl Corp.,clabbergirl.com
Corbion,corbion.com
Dairy Ingredients Inc.,dairyingredientsinc.com
Dairy Specialties Inc.,
Devansoy,devansoy.com
DMS Food Imports,dmsfoodimports.com
Equichem International Inc.,equichem.com
Falcon Trading International,falconti.com
Fiberich MN Inc.,fiberichtech.com
Fiberstar Inc.,fiberstaringredients.com
FloZein Products,zeinproducts.com
FrieslandCampina Ingredients,frieslandcampinaingredients.com
Glanbia Nutritionals,glanbianutritionals.com
Global River Inc.,globalriverinc.com
GloryBee,glorybee.com
Golden Barrel Products,goldenbarrel.com
Golden Select Foods Co.,
Grain Millers,grainmillers.com
Healthy Food Ingredients,hfifamily.com
Ameriqual Group LLC,ameriqual.com
Brasil Sugar International,brasil-sugar.com
Diana Food,diana-food.com
DMS Food Imports,dmsfoodimports.com
Fair Oaks Farms LLC,fofarms.com
Hormel Ingredient Solutions,hormelingredientsolutions.com
Integrative Flavors,integrativeflavors.com
Invico Worldwide,invicoworldwide.com
Islamic Food & Nutrition Council of America (IFANCA),ifanca.org
Long Food Industries,longfoodindustries.com
Marky's Caviar/ Optimus Inc.,markys.com
MGP Ingredients Inc.,mgpingredients.com
Nikken Foods USA Inc.,nikkenfoods.com
OSI Group LLC,osigroup.com
Rosina Food Products Inc.,rosinaingredients.com
S.J. Distributors LLC,
Thai Trade Center - Chicago,thaitradeusa.com
Thomas Foods USA,thomasfoodsusa.com
Advanced Food Systems Inc.,afsnj.com
American International Foods Inc.,americaninternationalfoods.com
American Lecithin Co.,americanlecithin.us
Arista Industries Inc.,aristaindustries.com
Arnhem Group,arnhemgroup.com
Astral Extracts Ltd.,astralextracts.com
ATAGO U.S.A. Inc.,
Avatar Corp.,avatarcorp.com
Batory Foods,batoryfoods.com
BENEO Inc.,beneo.com
Berje Inc.,berjeinc.com
Brasil Sugar International,brasil-sugar.com
Cargill,cargill.com
Chemi Nutra,cheminutra.com
CHO America,bulkbycho.com
CIRANDA,ciranda.com
Colony Products,colonyproducts.net
Columbus Vegetable Oils,cvoils.com
CoreFX Ingredients,corefxingredients.com
Dignity Made,dignitycoconuts.com
Falcon Trading International,falconti.com
Fiberstar Inc.,fiberstaringredients.com
Franklin Baker Inc.,franklinbaker.com
FrieslandCampina Ingredients,frieslandcampinaingredients.com
Global River Inc.,globalriverinc.com
Global Savors,globalsavors.com
GloryBee,glorybee.com
Golden Barrel Products,goldenbarrel.com
Golden Peanut Co. LLC,goldenpeanut.com
Great Lakes International Trading Inc.,glit.com
Green Source Organics,gsoextracts.com
Healthy Food Ingredients,hfifamily.com
Hemp Acres,hempacresusa.com
IFC Solutions,ifc-solutions.com
IFPC,ifpc.com
A&B Ingredients Inc.,abingredients.com
Certified Nutritionals,certifiednutritionals.com
FrieslandCampina Ingredients,frieslandcampinaingredients.com
Islamic Food & Nutrition Council of America (IFANCA),ifanca.org
Kerry Taste and Nutrition,kerry.com
Nutralliance,nutralliance.com
Stratum Nutrition,stratumnutrition.com
The Ingredient House,theingredienthouse.com
A.C. Legg Inc.,aclegg.com
A&B Ingredients Inc.,abingredients.com
AB Mauri North America,abmna.com
Advanced Food Systems Inc.,afsnj.com
Allied Blending LP,alliedblending.com
Amano Enzyme USA Co. Ltd.,amano-enzyme.com
American Color Research Center Inc.,acrccolors.com
American International Foods Inc.,americaninternationalfoods.com
American Lecithin Co.,americanlecithin.us
Arkema Inc.,arkema-americas.com
Arnhem Group,arnhemgroup.com
ASR Group - Domino Foods Inc. Specialty Ingredients,dominospecialtyingredients.com
Avatar Corp.,avatarcorp.com
Bakelite Synthetics,bakelite.com
Balchem Corp.,balchem.com
Batory Foods,batoryfoods.com
Berje Inc.,berjeinc.com
Brenntag North America,food-nutrition.brenntag.com
Cargill,cargill.com
Carmi Flavor & Fragrance Co.,carmiflavors.com
Champion Gelatine Products,championgelatine.com
Charles Bowman & Co.,charlesbowman.com
CIRANDA,ciranda.com
Clabber Girl Corp.,clabbergirl.com
Colony Products,colonyproducts.net
Command Chemical Corp.,commandchemical.com
Corbion,corbion.com
Dairy Ingredients Inc.,dairyingredientsinc.com
Dairy Specialties Inc.,
Dyna-Tabs LLC,dynatabs.com
Enzyme Development Corp.,enzymedevelopment.com
Equichem International Inc.,equichem.com
Accord Foods Inc./Tso Hin Kee Asian Sauces,accordfoods.com
Advanced Food Systems Inc.,afsnj.com
All Seasonings Ingredients Inc.,allseasonings.com
Ameriqual Group LLC,ameriqual.com
California Spice Basket Inc.,caspicebasket.com
Colombina USA,
Commercial Creamery Co.,cheesepowder.com
DMS Food Imports,dmsfoodimports.com
Dohler North America,doehler.com
Flavor House Inc.,flavorhouseinc.com
Fuchs North America Inc.,fuchsna.com
Furmano Foods,furmanos.com
Hormel Ingredient Solutions,hormelingredientsolutions.com
Independent Ingredients LLC,independentingredients.com
Integrative Flavors,integrativeflavors.com
Kagome USA,kagomeusa.com
Kikkoman Sales USA Inc.,kikkomanusa.com
La Patrona Salsas/Mexquisite,lapatronasalsas.com
MANE Inc.,mane.com
McClancy Foods & Flavors,mcclancy.com
"McIlhenny Co., TABASCO* brand",tabascoingredients.com
Nikken Foods USA Inc.,nikkenfoods.com
Northwest Naturals,nwnaturals.com
Ohly Americas,ohly.com
Paradise,paradisetomato.com
Prime Food Products Inc.,bakerswonder.com
Revela Foods,revelafoods.com
RLJ Global,rljglobalfoods.com
SupHerb Farms,supherbfarms.com
Swagger Foods Corp.,swaggerfoods.com
Tampico Spice Co. Inc.,tampicospice.com
Thermo Pac LLC,thermopacllc.com
Tova Industries LLC,tovaindustries.com
Vita-Pakt Citrus Products Co.,vita-pakt.com
A.C. Legg Inc.,aclegg.com
A&B Ingredients Inc.,abingredients.com
AB Mauri North America,abmna.com
Abelei Inc.,abelei.com
Accord Foods Inc./Tso Hin Kee Asian Sauces,accordfoods.com
Advanced Food Systems Inc.,afsnj.com
All Seasonings Ingredients Inc.,allseasonings.com
Almendra Americas LLC,almendra.com
American International Foods Inc.,americaninternationalfoods.com
Arnhem Group,arnhemgroup.com
ASR Group - Domino Foods Inc. Specialty Ingredients,dominospecialtyingredients.com
Astral Extracts Ltd.,astralextracts.com
Avri Companies Inc.,
Balchem Corp.,balchem.com
Bay State Milling,baystatemilling.com
BCFoods,bcfoods.com
Berje Inc.,berjeinc.com
Biorigin - Zilor,biorigin.net
Borregaard,vanillin.com
Brenntag North America,food-nutrition.brenntag.com
Brookside Flavors and Ingredients,brooksideflavors.com
California Spice Basket Inc.,caspicebasket.com
Cargill,cargill.com
Carmi Flavor & Fragrance Co.,carmiflavors.com
Carolina Ingredients,carolinaingredients.com
Carriere & Son LLC F.M.,fmcarriereandson.com
Christopher Ranch LLC,christopherranch.com
Citromax Group,citromaxflavors.com
CJ Bio,cjbio.net
Colombina USA,
Commercial Creamery Co.,cheesepowder.com
Consumers Flavoring Extract Co. Inc.,consumersflavoring.com
Crest Foods Co. Inc.,crestfoods.com
Crossroad Ingredients,crossroadingredients.com
A.S.I. International Inc.,info-asi.net
AIDP Inc.,aidp.com
Almendra Americas LLC,almendra.com
American Dairy Products Institute,adpi.org
American International Foods Inc.,americaninternationalfoods.com
Apura Ingredients,apuraingredients.com
Arnhem Group,arnhemgroup.com
ASR Group - Domino Foods Inc. Specialty Ingredients,dominospecialtyingredients.com
Astral Extracts Ltd.,astralextracts.com
Bascom Maple Farms,maplesource.com
Brasil Sugar International,brasil-sugar.com
Brenntag North America,food-nutrition.brenntag.com
Butternut Mountain Farm,butternutmountainfarm.com
Cargill,cargill.com
Carriere & Son LLC F.M.,fmcarriereandson.com
Certified Nutritionals,certifiednutritionals.com
Champion Gelatine Products,championgelatine.com
CIRANDA,ciranda.com
Crossroad Ingredients,crossroadingredients.com
Dairy Ingredients Inc.,dairyingredientsinc.com
DMS Food Imports,dmsfoodimports.com
Ecuadorian Rainforest LLC,intotherainforest.com
Emerling Foods,
Falcon Trading International,falconti.com
Flavorman,flavorman.com
FloZein Products,zeinproducts.com
Global Organics Ltd.,global-organics.com
GloryBee,glorybee.com
Golden Barrel Products,goldenbarrel.com
Golden Select Foods Co.,
Grain Millers,grainmillers.com
Grain Processing Corp. (GPC),grainprocessing.com
Hilmar Ingredients & Hilmar Cheese Co.,hilmaringredients.com
Honey Solutions,honeysolutions.com
A.S.I. International Inc.,info-asi.net
A&B Ingredients Inc.,abingredients.com
AB Mauri North America,abmna.com
AIDP Inc.,aidp.com
Arista Industries Inc.,aristaindustries.com
Arkema Inc.,arkema-americas.com
Baja Yucca Co.,bajayuccacompany.com
Balchem Corp.,balchem.com
Bioenergy Life Science Inc. (BLS),bioenergylifescience.com
Biorigin - Zilor,biorigin.net
Brenntag North America,food-nutrition.brenntag.com
BTSA US Inc.,btsa.com
Canton Chem Inc.,cantonchem.com
Cargill Health Technologies (EpiCor),cargill.com
Certified Nutritionals,certifiednutritionals.com
Charles Bowman & Co.,charlesbowman.com
Chemi Nutra,cheminutra.com
Cherry Marketing Institute,choosecherries.com
Church & Dwight Co. Inc.,churchdwight.com
Clabber Girl Corp.,clabbergirl.com
CoreFX Ingredients,corefxingredients.com
Crossroad Ingredients,crossroadingredients.com
Divi's Nutraceuticals,divisnutraceuticals.com
Dyna-Tabs LLC,dynatabs.com
Ecuadorian Rainforest LLC,intotherainforest.com
Equichem International Inc.,equichem.com
FabriChem - Div. of NutriScience Innovations LLC,fabricheminc.com
Falcon Trading International,falconti.com
FBC Industries Inc.,fbcindustries.com
Flavorman,flavorman.com
Florida Food Products Inc.,floridafood.com
FutureCeuticals Inc.,futureceuticals.com
