name,address,email,phone,domain
"Advanced Poly Packaging, Inc.","1331 Emmitt Road • Akron, OH 44306 United States",sales@advancedpoly.com,(330) 785-4000,advancedpoly.com
Amcor Flexibles North America,"2200 Badger Ave. • Oshkosh, WI 54904 United States",info@amcor.com,(800) 544-4672,amcor.com
American Fuji Seal Inc.,"1051 Bloomfield Rd • Bardstown, KY 40004 United States",afscontact@afseal.com,(502) 348-9211,fujiseal.co.jp
Anchor Packaging,"13515 Barrett Parkway Drive Suite 100 • St. Louis, MO 63021-5870 United States",info@anchorpac.com,(314) 822-7800,anchorpackaging.com
Aplix Inc.,"12300 Steele Creek Road • Charlotte, NC 28273 United States",packaging@aplix.com,(704) 588-1920,aplix.com
Aripack,"9411 Ditmas Avenue • Brooklyn, NY 11236 United States",sales@aripack.com,(718) 398-4850,aripack.com
CAM Packaging Systems,"226 Industrial Parkway Unit #3 • Aurora, ON L4G 4C3 Canada",sales@cam-systems.ca,(905) 737-5400,cam-systems.ca
C&K PROPACK,"2F 37, Gangnam-daero, 162 gil • Seoul, 06208 Korea, Republic of",ck_korea@ckpropack.com,82(023)4445928,ckpropack.com
Celplast Metallized Products Limited,"67 Commander Blvd Unit 4 • Toronto, ON M1S 3M7 Canada",sales@celplast.com,(800) 866-0059,celplast.com
Charter Next Generation,"1264 E High Street • Milton, WI 53563 United States",info@cnginc.com,(608) 868-5757,cnginc.com
Cheer Pack North America,"1 United Dr • W Bridgewater, MA 02379-1027 United States",prosource@pmmi.org?subject=(Cheer%20Pack%20North%20America)%20Profile%20Page%20inaccuracy,(508) 927-7800,cheerpack.com
"Clysar, LLC","Highway 67 South • Clinton, IA 52732 United States",marketing@clysar.com,(888) 4Cl-ysar,clysar.com
"Colormasters, LLC","632 Smith Road PO Box 2289 • Albertville, AL 35950-0037 United States",sales@colormastersllc.com,(256) 878-8880,colormastersllc.com
Constantia Flexibles,"1111 Northpoint Blvd • Blythewood, SC 29016-8372 United States",office@cflex.com,(803) 404-6581,cflex.com
Duraco Specialty Materials,"7400 Industrial Drive • Forest Park, IL 60130 United States",prosource@pmmi.org?subject=(Duraco%20Specialty%20Materials)%20Profile%20Page%20inaccuracy,(866) 800-0775,duraco.com
Eagle Flexible Packaging,"1100 Kingsland Drive • Batavia, IL 60510 United States",info@eagleflexible.com,(630) 406-1760,eagleflexible.com
Elplast Group,"795 Enterprise Dr • Marion, IA 52302-9677 United States",sales@elplastamerica.com,(855) 357-5278 x1,elplastgroup.com
Evergreen Resources,"3404 Frankstowne Dr • Naperville, IL 60565-3550 United States",info@us-eri.com,(630) 428-9077,evergreenresources.com
Film Source Packaging,"3301 Gateway Centre Blvd. • Pinellas Park, FL 33782 United States",info@filmsourcepackaging.com,(727) 578-3003,filmsourcepackaging.com
Flex Films (USA) Inc.,"1221 N Black Branch Rd • Elizabethtown, KY 42701-4511 United States",enquiry@flexfilm.com,(270) 982-3456,flexfilm.com
Flexo Cristal de México,"Degollado 48 Colonia Guerrero • Cuauhtemoc, CDMX 06300 Mexico",ventas@flexocristal.com,+52 5555 260512,flexocristal.com
Fres-co System USA Inc.,"3005 State Road • Telford, PA 18969 United States",contact@fresco.com,(215) 721-4600,fresco.com
"Glenroy, Inc.","W 158 N9332 Nor-X-Way Ave. • Menomonee Falls, WI 53052 United States",inquiry@glenroy.com,(262) 255-4422,glenroy.com
HPM GLOBAL INC,"7280-25 Seodong-daero, Iljuk-myeon • Anseong-si, Gyeonggi-do, 17530 Korea, Republic of",sales@hpmglobal.com,(822) 551-5981,hpmglobal.com
"Idemitsu Unitech Co., Ltd.","NMF Shiba Bldg. 6F, Shiba 4 Chome • Minato Ku, 1080014 Japan",info@idemitsu.com,81(3686)58858,idemitsu.com
Iljin Gratec USA Inc.,"10715 Norwalk Blvd • Santa Fe Spgs, CA 90670-3823 United States",sales@iljingratecusa.com,(562) 944-4372,absolutetotalpackaging.com
IMPAK Corporation,"13700 S Broadway • Los Angeles, CA 90061-1012 United States",sales15@impakcorporation.com,(310) 715-6600,impakcorporation.com
Knack Packaging,"330/A, Third Floor, Kalasagar Mall, opp. Saibaba Temple, near Sattadhar Cross Roads, Ghatlodiya, • Ahmedabad, 380061 India",info@knackpackaging.com,91(992) 519-9376,knackpackaging.com
LasX,"4444 Centerville Road Suite 170 • White Bear Lake, MN 55127 United States",sales@lasx.com,(651) 407-0011,lasx.com
Mondi,"3151 N. High Street • Jackson, MO 63755 United States",contact.jackson@mondigroup.com,(573) 331-7269,mondigroup.com
Morris Packaging,"211 N. Williamsburg Dr. St. A • Bloomington, IL 61704 United States",info@morrispkg.com,(309) 663-9100,morrispkg.com
Multivac Inc.,"11021 N. Pomona Avenue • Kansas City, MO 64153-1146 United States",muinc@multivac.com,(816) 891-0555,multivac.com
PAC Machinery,"25 Tiburon St. • San Rafael, CA 94901 United States",sales@pacmachinery.com,(800) 985-9570,pacmachinery.com
Packaging Personified Inc.,"246 Kehoe Blvd • Carol Stream, IL 60188 United States",marketing@packagingpersonified.com,(630) 653-1655,packagingpersonified.com
Parkside Flexibles Limited,"Tyler Close, Normanton • West Yorkshire, WF6 1RL United Kingdom",info@parksideflex.com,+44 1924 898074,parksideflex.com
PAXXUS,"320 Stewart Ave. • Addison, IL 60101 United States",hello@paxxus.com,(630) 628-1700,paxxus.com
Peel Plastics,"49 Rutherford Road South • Brampton, ON L6W 3J3 Canada",info@peelplastics.com,(905) 456-3660,peelplastics.com
PennPac,"345 East Stiegel Street • Manheim, PA 17545-1609 United States",info@pennpac.com,(717) 664-4040,pennpac.com
"Plastic Packaging Technologies, LLC","1111 Busch Pkwy • Buffalo Grove, IL 60089 United States",sales@ppcflex.com,(833) 772-3539,ppcflex.com
"Polyplex USA, LLC","3001 Mallard Fox Drive • Decatur, AL 35601-7516 United States",sales@polyplex.com,(256) 686-2953,polyplex.com
Pregis LLC,"227 W Monroe Street Suite 4100 • Chicago, IL 60606 United States",prosource@pmmi.org?subject=(Pregis%20LLC)%20Profile%20Page%20inaccuracy,(262) 246-8815,pregis.com
Presto Products Company,"670 N Perkins St • Appleton, WI 54914-3133 United States",info@fresh-lock.com,(800) 265-0750,fresh-lock.com
Printpack,"2800 Overlook Parkway, NE • Atlanta, GA 30339 United States",info@printpack.com,(404) 460-7000,printpack.com
ProAmpac,"12025 Tricon Road • Cincinnati, OH 45246 United States",info@proampac.com,(513) 551-1274,proampac.com
Scholle Corporation,"200 W North Avenue • Northlake, IL 60164 United States",northamerica@scholleipn.com,(708) 836-3651,sig.biz
"Schur Packaging Systems, Inc.","3200 Lionshead Avenue Suite 110 • Carlsbad, CA 92010 United States",schurstarusa@schur.com,(760) 688-7350,schurstarusa.com
Sealed Air Corporation,"2415 Cascade Pointe Boulevard • Charlotte, NC 28208 United States",info@sealedair.com,(980) 221-3235,sealedair.com
Sealstrip,"103 Industrial Drive • Gilbertsville, PA 19525 United States",info@sealstrip.com,(888) 658-7997,sealstrip.com
Selig Group,"150 North Martingale Rd Ste 860 • Schaumburg, IL 60173 United States",marketing@seligsealing.com,(815) 414-8919,seliggroup.com
Soojoung Corporation,"797-7 Hobeop-myeon, Joongboodaero • Icheon-si, Gyeonggi-do, Korea, Republic of",prosource@pmmi.org?subject=(Soojoung%20Corporation)%20Profile%20Page%20inaccuracy,0316384141,soojoung.com
Spartech,"11650 Lakeside Crossing Court • St. Louis, MO 63146 United States",prosource@pmmi.org?subject=(Spartech)%20Profile%20Page%20inaccuracy,(314) 569-7400,spartech.com
Südpack Verpackungen Gmbh + Co.Kg,"Jaegerstrasse 23 • Ochsenhausen, D-88416 Germany",info@suedpack.com,+49 7352 925 - 1358,suedpack.com
Taghleef Industries Inc.,"800 Prides Crossing, Ste 200 • Newark, DE 19713 United States",staff.usa@ti-films.com,(800) 688-2044,ti-films.com
Taisei Lamick USA,"2416 Estes Avenue • Elk Grove Village, IL 60007 United States",info@lamick.biz,(847) 258-3283,taiseilamick.com
Takigawa Corporation,"1365 Parkway Drive • Bardstown, KY 40004 United States",sales@takigawa-corp.com,(502) 350-6483,takigawa-corp.com
TC Transcontinental Packaging,"8700 W Bryn Mawr Ave Suite 1000N • Chicago, IL 60631-4607 United States",info@tc.tc,(773) 877-3300,tctranscontinental.com
Teinnovations LLC,"700 N. Commerce St. • Aurora, IL 60504 United States",prosource@pmmi.org?subject=(Teinnovations%20LLC)%20Profile%20Page%20inaccuracy,(630) 393-0012,teinnovations.com
TekniPlex Consumer Products,"460 E. Swedesford Road, Suite 3000 • Wayne, PA 19087 United States",info@tekni-plex.com,(484) 690-1520,tekni-plex.com
TekniPlex Healthcare,"460 E. Swedesford Road • Wayne, PA 19087 United States",info@tekni-plex.com,(484) 690-1520,tekni-plex.com
TG Packaging Solutions LLC,"2365 Township Road, Suite A • Charlotte, NC 28273 United States",info@tgpackagingsolutions.com,(704) 900-7498,tgpackagingsolutions.com
"Toray Plastics (America), Inc.","50 Belver Ave • North Kingstown, RI 02852-2596 United States",rimarketing@toraytpa.com,(401) 294-4511,toraytpa.com
"Totai America, Inc.","19675 Mariner Ave • Torrance, CA 90503 United States",sales@totai.us,(310) 214-8700,totai.us
Unified Flex Packaging Technologies,"3033 Southview Road • Appleton, WI 54913 United States",leads@unifiedflex.com,(866) 369-4181,unifiedflex.com
Veritiv,"1000 Abernathy Road Northeast, Suite 1700 • Atlanta, GA 30328 United States",insidesales@veritivcorp.com,(770) 391-8200,veritivcorp.com
"Volm Companies, Inc.","1804 Edison St • Antigo, WI 54409-2438 United States",prosource@pmmi.org?subject=(Volm%20Companies%2C%20Inc.)%20Profile%20Page%20inaccuracy,(800) 253-4737,volmcompanies.com
"Winpak Lane, Inc.","1365 North Ayala Drive • Rialto, CA 92376 United States",info@winpak.com,(909) 885-0715,winpak.com
WJ Packaging Solutions Corp.,"5355 Parkwood Place • Richmond, BC V6Y3E6 Canada",info@wjpkg.com,(604) 303-5920,wjpkg.com
Zacros America Inc.,"220 Lake Drive • Newark, DE 19702 United States",prosource@pmmi.org?subject=(Zacros%20America%20Inc.)%20Profile%20Page%20inaccuracy,(800) 890-1183,zacrosamerica.com
"Zip-Pak, an ITW Company","475 N. Gary Avenue • Carol Stream, IL 60188 United States",info@zippak.com,(800) 488-6973,zippak.com
Algus Packaging,"200 N. Peace Road • DeKalb, IL 60115-9500 United States",algus@algus.com,(815) 756-1881,algus.com
Amcor Rigid Packaging,"935 Technology Drive • Ann Arbor, MI 48103 United States",arpna_sales_info@amcor.com,(734) 302-2802,amcor.com
Amcor Rigid Packaging,"935 Technology Drive • Ann Arbor, MI 48103 United States",arpna_sales_info@amcor.com,(734) 302-2802,amcor.com
Anchor Packaging,"13515 Barrett Parkway Drive Suite 100 • St. Louis, MO 63021-5870 United States",info@anchorpac.com,(314) 822-7800,anchorpackaging.com
Aripack,"9411 Ditmas Avenue • Brooklyn, NY 11236 United States",sales@aripack.com,(718) 398-4850,aripack.com
Be Green Packaging,"4255 Grays Highway • Ridgeland, SC 29936 United States",gwen.g@begreenpackaging.com,(843) 717-2636,begreenpackaging.com
Chubby Gorilla Inc,"4320 N Harbor Blvd • Fullerton, CA 92835 United States",info@chubbygorilla.com,(844) 365-5218,chubbygorilla.com
"DariFill, Inc","750 Green Crest Dr • Westerville, OH 43081 United States",info@darifill.com,(614) 890-3274,darifill.com
"Double H Plastics, Inc.","50 West Street Road • Warminster, PA 18974 United States",sales@doublehplastics.com,(215) 347-1306,doublehplastics.com
"DURE Co., Ltd.","39, Jungbu-daero 866beon-gil • Icheon; Gyeonggi, 17393 Korea, Republic of",sales@durepack.com,82(105)3298241,durepack.com
"Elemental Container, Inc.","150 Mt Bethel Road Building 2 • Warren, NJ 07059 United States",prosource@pmmi.org?subject=(Elemental%20Container%2C%20Inc.)%20Profile%20Page%20inaccuracy,(908) 687-7720,aluminumbottles.com
"Idemitsu Unitech Co., Ltd.","NMF Shiba Bldg. 6F, Shiba 4 Chome • Minato Ku, 1080014 Japan",info@idemitsu.com,81(3686)58858,idemitsu.com
IPL Inc,"140 Commerciale Street • St Damien, QC G0R 2Y0 Canada",info.iplp@iplglobal.com,(418) 789-2880,ipl-plastics.com
Klöckner Pentaplast,"3585 Klockner Rd. • Gordonsville, VA 22942 United States",info@kpfilms.com,(540) 832-1427,kpfilms.com
"Mercury Plastics, Inc.","4535 W. Fullerton Avenue • Chicago, IL 60639 United States",sales@mercuryplasticsinc.com,(773) 486-0880,mercuryplasticsinc.com
ORBIS Corporation,"P.O. Box 389 • Oconomowoc, WI 53066-0389 United States",info@orbiscorporation.com,(262) 560-5364,orbiscorporation.com
Packline USA,"9555 Hyssop Drive • Rancho Cucamonga, CA 91730 United States",info@packlineusa.com,(909) 392-8000,packlineusa.com
Placon,"6096 McKee Road • Madison, WI 53719-5114 United States",prosource@pmmi.org?subject=(Placon)%20Profile%20Page%20inaccuracy,(608) 271-5634,placon.com
Plastic Ingenuity,"1017 Park St • Cross Plains, WI 53528 United States",info@plasticingenuity.com,(608) 798-6116,plasticingenuity.com
Plastipak Packaging Inc.,"41605 Ann Arbor Road • Plymouth, MI 48170 United States",info@plastipak.com,(734) 354-7247,plastipak.com
"Point Five Packaging, LLC","1158 Tower Lane • Bensenville, IL 60106 United States",info@p5pkg.com,(847) 678-5016,p5pkg.com
Polipa North America,"29 Emmons Dr Ste E30 • Princeton, NJ 08540-5982 United States",info@polipa.com,(609) 688-1034,polipa.com
Polytainers Inc.,"197 Norseman Street • Toronto, ON M8Z 2R5 Canada",info@polytainersinc.com,(416) 239-7311 EXT 1158,polytainersinc.com
"Preform Solutions, Inc.","3801 N 4th Ave • Sioux Falls, SD 57104-0655 United States",sales@preformsolutions.com,(605) 335-6478,preformsolutions.com
Printpack,"2800 Overlook Parkway, NE • Atlanta, GA 30339 United States",info@printpack.com,(404) 460-7000,printpack.com
Priority Plastics,"500 Industrial Park Dr • Portland, IN 47371-9399 United States",ppi@priorityplastics.com,(800) 670-0448,priorityplastics.com
Rexfab Corp.,"2791 Circleport Drive • Erlanger, KY 41018 United States",info@rexfab.com,(819) 846-4490,rexfab.com
Scholle Corporation,"200 W North Avenue • Northlake, IL 60164 United States",northamerica@scholleipn.com,(708) 836-3651,sig.biz
Sonoco,"1 North Second Street • Hartsville, SC 29550 United States",corporate.communications@sonoco.com,(843) 383-7859,sonoco.com
Spartech,"11650 Lakeside Crossing Court • St. Louis, MO 63146 United States",prosource@pmmi.org?subject=(Spartech)%20Profile%20Page%20inaccuracy,(314) 569-7400,spartech.com
TekniPlex Consumer Products,"460 E. Swedesford Road, Suite 3000 • Wayne, PA 19087 United States",info@tekni-plex.com,(484) 690-1520,tekni-plex.com
"TRIPACK, LLC","401 Milford Parkway • Milford, OH 45150 United States",info@tripack.net,(866) 900-1255,tripack.net
Visstun,"6355 Sunset Corporate Drive • Las Vegas, NV 89120 United States",cupsales@visstuncups.com,(702) 251-8809,visstuncups.com
"Winpak Lane, Inc.","1365 North Ayala Drive • Rialto, CA 92376 United States",info@winpak.com,(909) 885-0715,winpak.com
Zacros America Inc.,"220 Lake Drive • Newark, DE 19702 United States",prosource@pmmi.org?subject=(Zacros%20America%20Inc.)%20Profile%20Page%20inaccuracy,(800) 890-1183,zacrosamerica.com
Amcor Flexibles North America,"2200 Badger Ave. • Oshkosh, WI 54904 United States",info@amcor.com,(800) 544-4672,amcor.com
Amcor Rigid Packaging,"935 Technology Drive • Ann Arbor, MI 48103 United States",arpna_sales_info@amcor.com,(734) 302-2802,amcor.com
Aptar Food + Beverage,"265 Exchange Drive Suite 301 • Crystal Lake, IL 60014 United States",info.fb@aptar.com,(847) 477-0424,aptar.com
"Bedford Industries, Inc.","1659 Rowe Avenue • Worthington, MN 56187 United States",bedford@bedford.com,(507) 376-4136,bedford.com
Cheer Pack North America,"1 United Dr • W Bridgewater, MA 02379-1027 United States",prosource@pmmi.org?subject=(Cheer%20Pack%20North%20America)%20Profile%20Page%20inaccuracy,(508) 927-7800,cheerpack.com
"Closure Systems International, Inc.","7820 Innovation Blvd Suite 100 • Indianapolis, IN 46278 United States",info@csiclosures.com,(317) 390-5000,csiclosures.com
"DariFill, Inc","750 Green Crest Dr • Westerville, OH 43081 United States",info@darifill.com,(614) 890-3274,darifill.com
Fres-co System USA Inc.,"3005 State Road • Telford, PA 18969 United States",contact@fresco.com,(215) 721-4600,fresco.com
"Idemitsu Unitech Co., Ltd.","NMF Shiba Bldg. 6F, Shiba 4 Chome • Minato Ku, 1080014 Japan",info@idemitsu.com,81(3686)58858,idemitsu.com
Kwik Lok Corporation,"P.O. Box 9548 • Yakima, WA 98909 United States",sales@kwiklok.com,(509) 248-4770,kwiklok.com
MRP Solutions,"100 North Field Dirve • Lake Forest, IL 60045 United States",sales@mrpcap.com,(330) 405-7762 x321,mrpcap.com
Polipa North America,"29 Emmons Dr Ste E30 • Princeton, NJ 08540-5982 United States",info@polipa.com,(609) 688-1034,polipa.com
Poly-Clip System Corp.,"1000 Tower Road • Mundelein, IL 60060 United States",prosource@pmmi.org?subject=(Poly-Clip%20System%20Corp.)%20Profile%20Page%20inaccuracy,(800) USA-CLIP,polyclip.com
Polytainers Inc.,"197 Norseman Street • Toronto, ON M8Z 2R5 Canada",info@polytainersinc.com,(416) 239-7311 EXT 1158,polytainersinc.com
ProAmpac,"12025 Tricon Road • Cincinnati, OH 45246 United States",info@proampac.com,(513) 551-1274,proampac.com
Scholle Corporation,"200 W North Avenue • Northlake, IL 60164 United States",northamerica@scholleipn.com,(708) 836-3651,sig.biz
Silgan Equipment Company,"1301 W. Dugdale Road • Waukegan, IL 60085 United States",prosource@pmmi.org?subject=(Silgan%20Equipment%20Company)%20Profile%20Page%20inaccuracy,(847) 336-0552,silgan.com
TekniPlex Consumer Products,"460 E. Swedesford Road, Suite 3000 • Wayne, PA 19087 United States",info@tekni-plex.com,(484) 690-1520,tekni-plex.com
Visstun,"6355 Sunset Corporate Drive • Las Vegas, NV 89120 United States",cupsales@visstuncups.com,(702) 251-8809,visstuncups.com
"Volm Companies, Inc.","1804 Edison St • Antigo, WI 54409-2438 United States",prosource@pmmi.org?subject=(Volm%20Companies%2C%20Inc.)%20Profile%20Page%20inaccuracy,(800) 253-4737,volmcompanies.com
3M,"3M Center Bldg 220-04-S-04 • St. Paul, MN 55144-1000 United States",lsoule@mmm.com,(888) 364-3577,3m.com
"Adhesive Products, Inc.","520 Cleveland Avenue • Albany, CA 94710 United States",sales@adhesiveproductsinc.com,(510) 526-7616,adhesiveproductsinc.com
Amcor Flexibles North America,"2200 Badger Ave. • Oshkosh, WI 54904 United States",info@amcor.com,(800) 544-4672,amcor.com
Armor USA Inc,"3000 Earhart Court • Hebron, KY 41048 United States",prosource@pmmi.org?subject=(Armor%20USA%20Inc)%20Profile%20Page%20inaccuracy,(859) 689-2100,armor-iimak.com
Astro Packaging,"1300 North Jefferson Street • Anaheim, CA 92807 United States",sales@astropackaging.com,(800) 642-7876,astropackaging.com
Bestpack Packaging Systems,"1425 S. Campus Avenue • Ontario, CA 91761 United States",sales@bestpack.com,(909) 987-4258,bestpack.com
"Bostik, Inc.","11320 Watertown Plank Road • Wauwatosa, WI 53226 United States",industrial-sales@bostik.com,(414) 774-2250,bostik.com
Brown Adhesives & Equipment,"901 Cambridge Dr • Elk Grove Village, IL 60007-2434 United States",cs@brownadhesives.com,(224) 415-3182,brownadhesives.com
"Citronix, Inc.","2241 S. Watson Road Building 200, Suite 111 • Arlington, TX 76010 United States",productsupport@citronix.com,(817) 633-3200,citronix.com
"Clysar, LLC","Highway 67 South • Clinton, IA 52732 United States",marketing@clysar.com,(888) 4Cl-ysar,clysar.com
Colquimica Adhesives,"2205 Beltway Boulevard Suite 200 • Charlotte, NC 28214 United States",colquimica.adhesives.us@colquimica.com,(704) 807-0084,colquimica.com
Crown Packaging Corp.,"17854 Chesterfield Airport Road • Chesterfield, MO 63005 United States",info@crownpack.com,(888) 880-0852,crownpack.com
Dae Eun / Smarpack,"430 Jack Enders Boulevard • Berryville, VA 22611 United States",daeeunglobal@gmail.com,(571) 354-8967,daeeunintl.com
EBS Ink-Jet Systems USA,"1840 Industrial Drive Suite 200 • Libertyville, IL 60048 United States",sales@xn--ebsinkjet-x79d.com,(847) 996-0739,ebs-inkjet-usa.com
"Felins, Inc.","W204N13055 Goldendale Rd • Richfield, WI 53076 United States",sales@felins.com,(414) 355-7747,felins.com
"Gem Gravure Co., Inc.","112 School Street • West Hanover, MA 02339 United States",info@gemgravure.com,(781) 878-0456,gemgravure.com
Henkel Corporation,"10 Finderne Ave Suite B • Bridgewater, NJ 08807-3365 United States",info@henkel-adhesives.com,(866) 443-6535,na.henkel-adhesives.com
HSAUSA,"150 Williams Street • Perth Amboy, NJ 08861 United States",sales@hsausa.com,(732) 324-0800,hsausa.com
Impackt Packaging Solutions,"131 Ethel Rd W • Piscataway, NJ 08854 United States",prosource@pmmi.org?subject=(Impackt%20Packaging%20Solutions)%20Profile%20Page%20inaccuracy,(908) 460-7578,impacktpkg.com
"Industrias Tuk, S.A. De C.V. / Hystik, Inc.","12941 North Fwy Suite 550 • Houston, TX 77060-1243 United States",infona@hystik.com,+52 81 8221 7400,tuk.com.mx
"InkJet, Inc.","11111 InkJet Way • Willis, TX 77378 United States",marc.berger@inkjetinc.com,(936) 890-7493,inkjetinc.com
IPG (Intertape Polymer Group),"100 Paramount Drive Suite 300 • Sarasota, FL 34232 United States",info@itape.com,(888) 898-7834,itape.com
Jowat Corporation,"5608 Uwharrie Rd • Archdale, NC 27263-4167 United States",info@jowat.com,(336) 434-9000,jowat.com
Kao Collins Inc.,"1201 Edison Avenue • Cincinnati, OH 45216 United States",info@kaocollins.com,(513) 948-9000,kaocollins.com
Malpack Stretch Film,"510 Finley Avenue • Ajax, ON L1S 2E3 Canada",info@malpack.com,(416) 951-6188,malpack.com
M.R. Machine Knives Ltd - MRMK,"Manor Drive • Dinnington, S25 3QU United Kingdom",sales@mrmk.co.uk,01909519815,mrmk.co.uk
"Navilux, S.A. de C.V.","Santa Rosalia #106 Col. Insurgentes San Borja • Alc. Benito Juarez, DF 03100 Mexico",prosource@pmmi.org?subject=(Navilux%2C%20S.A.%20de%20C.V.)%20Profile%20Page%20inaccuracy,52-555-4885170,navitek.com.mx
Packline USA,"9555 Hyssop Drive • Rancho Cucamonga, CA 91730 United States",info@packlineusa.com,(909) 392-8000,packlineusa.com
Peacock Products,"48 Woodbine St. • Bergenfield, NJ 07621 United States",prosource@pmmi.org?subject=(Peacock%20Products)%20Profile%20Page%20inaccuracy,(201) 385-5585,peacockproducts.com
Potdevin Machine,"32 New Rd • Madison, CT 06443 United States",sales@potdevin.com,(201) 288-1941,potdevin.com
Shorr Packaging,"4000 Ferry Road • Aurora, IL 60502 United States",info@shorr.com,(888) 885-0055,shorr.com
Shurtape Technologies,"1712 8th Street Dr SE • Hickory, NC 28602 United States",custservice@shurtape.com,(828) 322-2700,shurtape.com
Signode,"Hidden River Corporate Center Two 14025 Riveredge Drive Suite 500 • Tampa, FL 33637 United States",webinfo@signode.com,(800) 323-2464,signode.com
Smith Corona,"3830 Kelley Ave • Cleveland, OH 44114 United States",support@smithcorona.com,(216) 426-5637,smithcorona.com
Squid Ink Manufacturing,"7041 Boone Avenue North • Brooklyn Park, MN 55428 United States",info@squidink.com,(763) 398-1727,squidink.com
"StraPack, Inc.","21075 Alexander Court Unit F • Hayward, CA 94545 United States",hayward1@strapack.com,(510) 475-6000,strapack.com
Takigawa Corporation,"1365 Parkway Drive • Bardstown, KY 40004 United States",sales@takigawa-corp.com,(502) 350-6483,takigawa-corp.com
Tape Printers Inc.,"155 Allen Blvd Suite A • Farmingdale, NY 11735-5640 United States",info@tapeprintersinc.com,(800) 899-8273,tapeprintersinc.com
TC Transcontinental Packaging,"8700 W Bryn Mawr Ave Suite 1000N • Chicago, IL 60631-4607 United States",info@tc.tc,(773) 877-3300,tctranscontinental.com
Technical Adhesives Limited,"3035 Jarrow Ave • Mississauga, ON L4X 2C6 Canada",info@technicaladhesives.com,(905) 625-1284,technicaladhesives.com
TG Packaging Solutions LLC,"2365 Township Road, Suite A • Charlotte, NC 28273 United States",info@tgpackagingsolutions.com,(704) 900-7498,tgpackagingsolutions.com
TGW International,"5 Braco Int Blvd. • Wilder, KY 41076 United States",sales@tgwint.com,(800) 407-0173,tgwint.com
The Reynolds Company,"10 Gates St • Greenville, SC 29611-4912 United States",bonds@reynoldsglue.com,(864) 232-6791,reynoldsglue.com
Veritiv,"1000 Abernathy Road Northeast, Suite 1700 • Atlanta, GA 30328 United States",insidesales@veritivcorp.com,(770) 391-8200,veritivcorp.com
Vibac Americas,"12250 Boul. Industriel • Montreal, QC H1B 5M5 Canada",sales@vibac.com,(514) 640-0250,vibac.com
Videojet Technologies Inc.,"1500 Mittel Blvd. • Wood Dale, IL 60191 United States",inboxusa@videojet.com,(630) 860-7300,videojet.com
York Saw & Knife Co. Inc.,"295 Emig Road • York, PA 17406 United States",info@yorksaw.com,(800) 233-1969,yorksaw.com
Zhejiang Zhongcheng Packing Material Co. Ltd.,"9830 Commerce Pkwy • Lenexa, KS 66219-9604 United States",info@zhongdausa.com,86  5734187,zhongdausa.com
Accurate Box Company,"86 Fifth Avenue • Paterson, NJ 07524 United States",sales@accuratebox.com,(973) 345-2000,accuratebox.com
Crown Packaging Corp.,"17854 Chesterfield Airport Road • Chesterfield, MO 63005 United States",info@crownpack.com,(888) 880-0852,crownpack.com
DS Smith,"600 Peachtree Street NW • Atlanta, GA 30308 United States",info@dssmith.com,(770) 335-7730,dssmith.com
Edibel USA Packaging Solutions Inc.,"24285 Katy Freeway Suite 615 • Katy, TX 77494 United States",info@edibel.com,(281) 935-8986,edibel.com
"Elopak, Inc.","46962 Liberty Dr • Wixom, MI 48393-3693 United States",infoamericas@elopak.com,(248) 486-4600,elopak.com
Emirates Printing Press,"24 B Street Al Quoz Industrail Area 2 • Dubai, 5106 United Arab Emirates",epp@eppdubai.com,0097145039999,eppdubai.com
Georgia-Pacific Corrugated,"133 Peachtree St. NE 15th Floor P.O. Box 105605 • Atlanta, GA 30303 United States",prosource@pmmi.org?subject=(Georgia-Pacific%20Corrugated)%20Profile%20Page%20inaccuracy,(404) 652-6201,corrugated.gppackaging.com
Graphic Packaging International,"1500 Riveredge Parkway NW Suite 100 • Atlanta, GA 30328 United States",marketinginformation@graphicpkg.com,(770) 240-7200,graphicpkg.com
International Paper,"6400 Poplar Avenue T3-9-102 • Memphis, TN 38197 United States",internationalpaperpackaging@ipaper.com,(901) 419-4173,internationalpaper.com
Metsä Board Americas,"301 Merritt 7 Second Floor • Norwalk, CT 06851 United States",info@metsagroup.com,(203) 321-5685,metsagroup.com
Orora Packaging Solutions,"6600 Valley View Street • Buena Park, CA 90620 United States",info@ororapackagingsolutions.com,(714) 267-4229,ororapackagingsolutions.com
Packaging Corp. of America,"650 Forest Edge Drive • Vernon Hills, IL 60061 United States",sales@packagingcorp.com,(847) 482-3000,packagingcorp.com
Pactiv Evergreen,"2400 Sixth Street SW • Cedar Rapids, IA 52404 United States",judy.zeigler@pactivevergreen.com,(219) 924-4120,pactivevergreen.com
Romanow Inc,"346 University Ave • Westwood, MA 02090 United States",sales@romanowcontainer.com,(781) 320-9200,romanowcontainer.com
Shafiis' Inc. DBA Tigerpress,"50 Industrial Dr • East Longmeadow, MA 01028-3102 United States",info@tigerpress.com,(720) 519-3303,tigerpress.com
Sonoco,"1 North Second Street • Hartsville, SC 29550 United States",corporate.communications@sonoco.com,(843) 383-7859,sonoco.com
TC Transcontinental Packaging,"8700 W Bryn Mawr Ave Suite 1000N • Chicago, IL 60631-4607 United States",info@tc.tc,(773) 877-3300,tctranscontinental.com
Tetra Pak Inc.,"3300 Airport Road • Denton, TX 76207 United States",sales@tetrapak.com,(940) 565-8800,tetrapak.com
Veritiv,"1000 Abernathy Road Northeast, Suite 1700 • Atlanta, GA 30328 United States",insidesales@veritivcorp.com,(770) 391-8200,veritivcorp.com
"Volm Companies, Inc.","1804 Edison St • Antigo, WI 54409-2438 United States",prosource@pmmi.org?subject=(Volm%20Companies%2C%20Inc.)%20Profile%20Page%20inaccuracy,(800) 253-4737,volmcompanies.com
WestRock,"1000 Abernathy Rd NE • Atlanta, GA 30328 United States",aps@westrock.com,(407) 843-1300,smurfitwestrock.com
Amcor Flexibles North America,"2200 Badger Ave. • Oshkosh, WI 54904 United States",info@amcor.com,(800) 544-4672,amcor.com
Amcor Rigid Packaging,"935 Technology Drive • Ann Arbor, MI 48103 United States",arpna_sales_info@amcor.com,(734) 302-2802,amcor.com
American Fuji Seal Inc.,"1051 Bloomfield Rd • Bardstown, KY 40004 United States",afscontact@afseal.com,(502) 348-9211,fujiseal.co.jp
"Chicago Tag & Label, Inc.","2501 Commerce Dr • Libertyville, IL 60048-2495 United States",sales@chicagotag.com,(800) 826-8260,chicagotag.com
"Colormasters, LLC","632 Smith Road PO Box 2289 • Albertville, AL 35950-0037 United States",sales@colormastersllc.com,(256) 878-8880,colormastersllc.com
DCF Mexicana SA De CV,"Avenida del Estano 5 , Colonia Parque Industrial CIMEG • El Salto, JA 45680 Mexico",contacto@dcf.com.mx,(52-52)3331251451,dcf.com.mx
"FOX IV Technologies, Inc.","6011 Enterprise Drive • Export, PA 15632 United States",sales@foxiv.com,(724) 387-3500,foxiv.com
HERMA US Inc.,"39 Plymouth Street Unit 300 • Fairfield, NJ 07004 United States",info@herma.com,(973) 521-7254,herma.us
"KDV Label, LLC","437 W. Newhall • Waukesha, WI 53186 United States",prosource@pmmi.org?subject=(KDV%20Label%2C%20LLC)%20Profile%20Page%20inaccuracy,(800) 637-6661,kdvlabel.com
Kolinahr Systems,"6840 Ashfield Drive • Cincinnati, OH 45242 United States",info@kolinahrsystems.com,(513) 745-9401,kolinahrsystems.com
Kwik Lok Corporation,"P.O. Box 9548 • Yakima, WA 98909 United States",sales@kwiklok.com,(509) 248-4770,kwiklok.com
Multi-Color Corporation,"6111 North river Rd. • Rosemont, IL 60018 United States",info@fortdearborn.com,(847) 357-9500,mcclabel.com
"Osio International, Inc.","2550 E. Cerritos Ave. • Anaheim, CA 92806 United States",sales@osiopack.com,(714) 935-9700,osiopack.com
Smith Corona,"3830 Kelley Ave • Cleveland, OH 44114 United States",support@smithcorona.com,(216) 426-5637,smithcorona.com
Specialty Printing,"123 Day Hill Road • Windsor, CT 06095 United States",info@specialtyprinting.net,(877) 901-7732,specialty.inc
UPM Raflatac,"400 Broadpointe Drive • Mills River, NC 28759 United States",americas.support@upmraflatac.com,(828) 290-6302,upmraflatac.com
Weber Packaging Solutions,"711 West Algonquin Road • Arlington Heights, IL 60005 United States",info@weberpackaging.com,(847) 364-8523,weberpackaging.com
AirWave Packaging LLC,"5332 W 78th St • Indianapolis, IN 46268 United States",infoawp@airwave-packaging.com,(888) 824-7928,airwavepackaging.com
Allstrap Steel & Poly Strapping Systems LLC,"1719 Kenny Rd • Columbus, OH 43212 United States",th@allstrap.com,(866) 779-2673,allstrap.com
Bubble Paper,"105 Prosperity Blvd • Piedmont, SC 29673 United States",info@bubblepaper.com,(800) 616-3574,bubblepaper.com
Edibel USA Packaging Solutions Inc.,"24285 Katy Freeway Suite 615 • Katy, TX 77494 United States",info@edibel.com,(281) 935-8986,edibel.com
EFP LLC,"223 Middleton Run Road • Elkhart, IN 46515 United States",info@efpcorp.com,(800) 205-8537,efppackaging.com
Fromm Packaging Systems,"85 Fulton St. Suite 4 • Boonton, NJ 07005 United States",prosource@pmmi.org?subject=(Fromm%20Packaging%20Systems)%20Profile%20Page%20inaccuracy,(877) 334-5777,frommstrappingsystems.com
International Dunnage,"2217 Rowland Avenue • Thunderbolt, GA 31404 United States",sales@internationaldunnage.net,(912) 355-8884,internationaldunnage.com
Jadex,"1303 South Batesville Rd. • Greer, SC 29650 United States",info@jadexinc.com,(864) 879-8100,jadex.com
ORBIS Corporation,"P.O. Box 389 • Oconomowoc, WI 53066-0389 United States",info@orbiscorporation.com,(262) 560-5364,orbiscorporation.com
Packaging Corp. of America,"650 Forest Edge Drive • Vernon Hills, IL 60061 United States",sales@packagingcorp.com,(847) 482-3000,packagingcorp.com
Pregis LLC,"227 W Monroe Street Suite 4100 • Chicago, IL 60606 United States",prosource@pmmi.org?subject=(Pregis%20LLC)%20Profile%20Page%20inaccuracy,(262) 246-8815,pregis.com
Sealed Air Corporation,"2415 Cascade Pointe Boulevard • Charlotte, NC 28208 United States",info@sealedair.com,(980) 221-3235,sealedair.com
Signode,"Hidden River Corporate Center Two 14025 Riveredge Drive Suite 500 • Tampa, FL 33637 United States",webinfo@signode.com,(800) 323-2464,signode.com
Sonoco,"1 North Second Street • Hartsville, SC 29550 United States",corporate.communications@sonoco.com,(843) 383-7859,sonoco.com
TriEnda,"N 7660 Industrial Road • Portage, WI 53901 United States",info@trienda.com,(800) 427-2553,trienda.com
Veritiv,"1000 Abernathy Road Northeast, Suite 1700 • Atlanta, GA 30328 United States",insidesales@veritivcorp.com,(770) 391-8200,veritivcorp.com
"A R Arena Products, Inc.","100 Metro Park • Rochester, NY 14623-2649 United States",info@arenaproducts.com,(585) 254-2180,arenaproducts.com
"Decade Products, LLC","3710 Sysco Ct SE • Grand Rapids, MI 49512-2043 United States",info@decadeproducts.com,(877) 999-6229,decadeproducts.com
Fres-co System USA Inc.,"3005 State Road • Telford, PA 18969 United States",contact@fresco.com,(215) 721-4600,fresco.com
"Georg Utz, Inc.","14000 North 250 West • Edinburgh, IN 46124 United States",info.us@utzgroup.com,(812) 526-2240,utzgroup.com
International Paper,"6400 Poplar Avenue T3-9-102 • Memphis, TN 38197 United States",internationalpaperpackaging@ipaper.com,(901) 419-4173,internationalpaper.com
IPL Inc,"140 Commerciale Street • St Damien, QC G0R 2Y0 Canada",info.iplp@iplglobal.com,(418) 789-2880,ipl-plastics.com
MAC Automation Concepts,"1760 Kilkenny Ct • Woodstock, IL 60098-7437 United States",sales@macautomation.com,(800) 435-6979,macautomation.com
ORBIS Corporation,"P.O. Box 389 • Oconomowoc, WI 53066-0389 United States",info@orbiscorporation.com,(262) 560-5364,orbiscorporation.com
ProAmpac,"12025 Tricon Road • Cincinnati, OH 45246 United States",info@proampac.com,(513) 551-1274,proampac.com
Rehrig Pacific Company,"4010 East 26th Street • Los Angeles, CA 90023 United States",info@rehrig.com,(323) 262-5145,rehrigpacific.com
"Remcon Plastics, Inc.","208 Chestnut Street • Reading, PA 19602 United States",info@remcon.com,(800) 360-3636,remcon.com
"Volm Companies, Inc.","1804 Edison St • Antigo, WI 54409-2438 United States",prosource@pmmi.org?subject=(Volm%20Companies%2C%20Inc.)%20Profile%20Page%20inaccuracy,(800) 253-4737,volmcompanies.com
"Decker Tape Products, Inc.","906C Murray Road • East Hanover, NJ 07936 United States",info@deckertape.com,(973) 227-5350,deckertape.com
PakTech,"70 South Bertelsen Road • Eugene, OR 97402 United States",handlesales@paktech-opi.com,(541) 461-5000,paktech-opi.com
Roberts PolyPro,"5416 Wyoming Ave • Charlotte, NC 28273 United States",robertspolypro.customerservice@promachbuilt.com,(800) 269-7409,robertspolypro.com
Shafiis' Inc. DBA Tigerpress,"50 Industrial Dr • East Longmeadow, MA 01028-3102 United States",info@tigerpress.com,(720) 519-3303,tigerpress.com
"Coim Group, North America","286 Mantua Grove Rd • West Deptford, NJ 08066 United States",customerserviceus@coimgroup.com,(856) 693-3010,coimgroup.com
Dow Chemical Company,"1254 Enclave Parkway • Houston, TX 77077 United States",info@dow.com,(989) 636-1000,dow.com
H.B. Fuller Company,"1200 Willow Lake Blvd. • St. Paul, MN 55110 United States",techsupport@hbfuller.com,(833) 672-1482,hbfuller.com
Accurate Box Company,"86 Fifth Avenue • Paterson, NJ 07524 United States",sales@accuratebox.com,(973) 345-2000,accuratebox.com
Do-It Corporation,"1201 Blue Star Memorial Highway PO Box 592 • South Haven, MI 49090-9769 United States",sales@do-it.com,(800) 426-4822,do-it.com
International Paper,"6400 Poplar Avenue T3-9-102 • Memphis, TN 38197 United States",internationalpaperpackaging@ipaper.com,(901) 419-4173,internationalpaper.com
Packaging Corp. of America,"650 Forest Edge Drive • Vernon Hills, IL 60061 United States",sales@packagingcorp.com,(847) 482-3000,packagingcorp.com
WestRock,"1000 Abernathy Rd NE • Atlanta, GA 30328 United States",aps@westrock.com,(407) 843-1300,smurfitwestrock.com
