name,domain
Catalina Marketing,catalina.com
"Barcel USA, LLC",barcel-usa.com
Better Being Co. Wellness Brands,betterbeing.com
"Biocell Technology, LLC",biocelltechnology.com
Chobani,chobani.com
Gimme Health Foods,gimmeseaweed.com
"Guru Nanda, LLC",gurunanda.com
KeHE,kehe.com
Life Extension,lifeextension.com
"Lifeway Foods, Inc.",lifewaykefir.com
Liquid Death Mountain Water,liquiddeath.com
"Natural Vitality, Neocell, Rainbow Light, Renew Life/Piping Rock Health Products",rainbowlight.com
Nature’s Truth/Piping Rock Health Products,pipingrock.com
Pure Culture Organics,purecultureorganics.com
"Robinson Pharma, Inc.",robinsonpharma.com
Second Nature Brands,secondnaturebrandsus.com
"Simple Mills, Inc.",simplemills.com
Tetra Pak,tetrapak.com
"Trace Herbals LLC, dba: Herbs, Etc.",herbsetc.com
Trace Minerals,traceminerals.com
Zipline Logistics,ziplinelogistics.com
Bauducco,bauducco.com
BlueTriton Brands,bluetriton.com
Bob's Red Mill Natural Foods,bobsredmill.com
BRAINJUICE,brainjuice.me
Catalina Crunch,us.catalinacrunch.com
FABBRI USA 1905 LLC,us.fabbri1905.com
Flavor Full Foods Inc.,forewaysesame.com
Flow Mineral Spring Water,flowhydration.ca
GoodPop,goodpop.com
Hain Celestial,hain.com
JonnyPops,jonnypops.com
"Life Cider, LLC",lifecider.com
"Loacker, USA",loackerusa.com
OATLY,oatly.com
RJW Logistics Group,rjwgroup.com
Roots Farm Fresh,rootsfarmfresh.com
Sirio Pharma/Best Formulations,en.siriopharma.com
Stonyfield/siggis,siggis.com
SunButter,sunbutter.com
THE LEMON PERFECT COMPANY,lemonperfect.com
Violife,violife.com
Advantage Solutions,youradv.com
Barilla,barilla.com
"Chef Bobo – Friendly Grains, Ava Organics, Wowza",chefbobo.com
Chomps,chomps.com
"Daabon Organic U.S.A., Inc.",daabonusa.com
Dairy Farmers of America,dfamilk.com
Dairy Management Inc.,usdairy.com
Gaia Herbs,gaiaherbs.com
Gluten Free Certification Organization,celiac.ca
Godshall's Quality Meats,godshalls.com
"Hint, Inc.",drinkhint.com
Ibotta Performance Network,ipn.ibotta.com
"ITO EN (North America), Inc.",itoen.com
Kellanova,kellanova.com
Korea Ginseng Corp.,kgc.co.kr
KSM-66 Ashwagandha,ksm66ashwagandhaa.com
Liquid I.V.,liquid-iv.com
Lorissa’s Kitchen,lorissaskitchen.com
MaryRuth’s,maryruthorganics.com
New Chapter,newchapter.com
"Spindrift Beverage Co., Inc.",drinkspindrift.com
SUJA LIFE,sujalife.com
The Clearly Food and Beverage Company LLC,clearlycanadian.com
Tru Fru,trufru.com
Uglies Kettle Chips,ugliessnacks.com
Wasa,wasa.com
Wise Bar,wise-bar.com
(re)zip,rezip.com
100 Coconuts,100coconuts.com
100% Organic New Zealand,organicsnz.co.nz
10000 Inc (Magic Mind),magicmind.com
1770 Naturally Australian,seventeen-seventy.com.au
24Vegan,wholesomeprovisions.com
2Fit Brands,2fitbrands.com
3 Elizabeths,threeelizabeths.com
3 Seasons Fruit LLC,3seasons-fruit.com
49th Parallel Coffee Roasters,49thcoffee.com
4Sisters Rice,4sistersrice.com
4th & Heart,fourthandheart.com
5 Star Foods International LLC,5star-foods.com
7th Heaven Inc,7thheavenchocolate.com
A Better Treat,abettertreat.com
A Dozen Cousins,adozencousins.com
a good egg,goodegg.ca
A Greener World,growingagreenerworld.com
"A to Z Nutrition Int'l, Inc.",atoznutritioninc.com
"A&B VIETNAM INVEST.,JSC",abvietnam.vn
A+ Berry,aplusberry.com
"A-Sha Foods USA Co., Inc",ashadrynoodle.com
A.M.O.R. bars,amoramaranth.com
Aaron Thomas Company,packaging.com
AB World Foods,abworldfoods.com
Abbott Blackstone Co.,abbottblackstone.com
ABC COCINA LLC,abccocina.nyc
Abe's Vegan Muffins,abesmuffins.com
Abstinence Spirits,drinkabstinence.com
AC Foods,ac-foods.com
Acai Roots,acairoots.com
Accelerated Freeze Drying Co Ltd,amalgamfoods.com
ACCU Vita Labs LLC,accuvitalabs.com
Ace Biotechnology Co Ltd.,ace-bio.com
Ace Synergy International Pte Ltd,acesynergy.com.sg
AceBiome,ingredientsnetwork.com
Aceites Especiales TH,aeth.mx
ACETAIA LEONARDI SRL,acetaialeonardi.it
"Acetar Bio-Tech, Inc.",acetar.com
Acetum,acetum.it
Acorus,acorus.lt
Active Fibershake USA Inc.,activefibershake.us
Actual Veggies,actualveggies.com
Actus Nutrition,actus.com
Adallen Nutrition/Hunan Huacheng Biotech,adallen-nutrition.com
"Adams Vegetable Oils, Inc.",adamsgrp.com
Addedbiome,exhibitor.expowest.com
ADKO IND. COM. ALIMENTOS LTDA,adko.com.br
ADM,adm.com
Advance Pet Product,advancepetproduct.com
Advanced Nutraceuticals BV,advancednutra.eu
Advanced Nutrition by Zahler,zahlers.com
Advanced Orthomolecular Research (AOR),aor.ca
AEGEAN EXPORTERS' ASSOCIATIONS,directory.ifoam.bio
Aevo Organic Avacado Oil,aevoafrica.com
Afriplex Pty Ltd.,afriplex.co.za
AG Health,aghealthandsafety.com
Agencia Argentina de Inversiones y Comercio Internacional,inversionycomercio.ar
AGQ Labs,agqlabs.com
Agrofirma Pole Ltd,agropole.com.ua
Agroindustria Qualita do Brasil,qualitabrasil.com
"Agronic Food, (Pvt) Ltd.",agronicfood.com
AGT Foods,agtfoods.com
Agua del Alma,aguadelalma.com
AHANJAYAS,ahanjayas.net
AHF Vitamins,ahfvitamins.com
AIPRIME NUTRITIONS PVT LTD.,aiprimeorganic.com
"Air Products & Chemicals, Inc.",airproducts.ca
Airlite Plastics,airliteplastics.com
Aiya Matcha,aiya-america.com
Akash Agro Industries LLC,akashagroindustries.com
Aker BioMarine,akerbiomarine.com
Aki Foods Japan,akifoodsjapan.com
AL BARAKAH DATES - FOODLINKS,albarakahdatesfactory.com
AL WAHAB RICE MILLS PVT LTD,alwahabrice.com
Alamance Foods,alamancefoods.com
AlaskOmega / Wiley Companies,alaskomega.com
"Albanese Confectionery Group, Inc.",albanesecandy.com
Alec's Ice Cream,alecsicecream.com
Alexandre Family Farm,alexandrefamilyfarm.com
AlgaeCytes GmBH,algaecytes.com
ALICE'S SWEET TOOTH,alicessweettooth.com
Alkemist Labs,alkemist.com
Allcomex Intl. Business,allcomexbr.com.br
Allen Family Foods Inc,allenfamilyfoods.ca
"Allgot Co.,Ltd.",allgot.co.kr
Allied Distribution,allieddistribution.com
ALLMAX NATURALS,allmaxnutrition.com
ALLWELLO,allwello.com
Almond Breeze,bluediamond.com
"ALO Drinks by SPI West Port, Inc.",alodrink.com
Aloe Jaumave,aloejaumave.com
"Aloecorp, Inc.",aloecorp.com
ALPINE TORTILLA LLC,elnachochip.com
Alter Eco,alterecofoods.com
Aluminate by Lagersmith,lagersmith.com
Alvarado Street Bakery,alvaradostreetbakery.com
Alya Foods LLC,alyafoods.com
Amara Baby Food,amaraorganicfoods.com
Amaz,amazon.ca
Amazing Grass,amazinggrass.com
Amcor,amcor.com
Amerasia LLC,amerasiausa.com
"Ameri-Vita Nutrition Technology (GZ) Co., Ltd.",amerivita.com
American Botanical Council,newhope.com
"American Food Ingredients, Inc.",americanfoodingredients.com
American Halal Foods LLC,ushalalfoodinc.com
American HuaYi Co.,marketspread.com
Amest Foods,amestfoods.com
"AMF Pharma, LLC",amfpharma.com
AMLEY FOOD CORPORATION,amleyfood.com
Amoretti,amoretti.com
Ampol Food Processing Ltd.,ampolfood.com
Amra Services Ltd. DBA Glutenull,glutenull.com
"Amru Rice Cambodia Co., Ltd.",amrurice.com.kh
Amy & Brian Naturals,amyandbriannaturals.com
Amylu Foods,amylufoods.com
AMZ TROPICAL,loja.amzgin.com
Analytical Resource Laboratories (ARL),analyticalresource.com
Anchor Ingredients Co.,anchoringredients.com
Ancient Nutrition,ancientnutrition.com
Ancient Organics Ghee,ancientorganics.com
Andalucia Nuts,andalucianuts.com
Andean Valley Corporation,andeanvalley.com
Anderson Advanced Ingredients,advancedingredients.com
ANELA FRUITS,anelafruits.com
"Aneto Natural USA, LLC",anetobroth.com
"Angel Yeast Co., Ltd",en.angelyeast.com
Angel's Bakery USA,angelbakeries.com
"ANHUI VILEY INTERNATIONAL CO.,LTD",ingredientsnetwork.com
Anne's Toum,annestoum.com
"Anresco Laboratories, Inc.",anresco.com
Antelope Pets,antelopepets.com
AOI Matcha,aoimatcha.com
Apex-Brasil,apexbrasil.com.br
APIPHARMA,apipharma.com
Apisnutri,apisnutri.com.br
"Applegate Farms, LLC",applegate.com
Apricot Power,apricotpower.com
Aptar - Food Protection,aptarfoodprotection.com
Aqua 9+ Beverage Co.,aquanineplus.com
Aqua Theon Inc.,aquatheon.com
AquaOmega,myaquaomega.ca
Ardent Mills,ardentmills.ca
Arizona Nutritional Supplements,aznutritional.com
Arizone International LLP,arizoneinternational.com
Arlington Valley Farms,arlingtonvalleyfarms.com
Arm & Hammer,armandhammer.com
Aromas Unlimited Trading LLC,aromasunlimited.ae
"Arriba Foods, LLC",olddutchfoods.com
Arroyo Kitchen/Little Jasmine,littlejasminefood.com
Artemis Pet Food Company Inc.,artemiscompany.com
ARTEOLIO SOCIETA' AGRICOLA SRL - Società Benefit,arteolio.com
Arthur Andrew Medical,arthurandrew.com
"Artisan Tropic, LLC",artisantropic.com
Artisana Organics,artisanaorganics.com
Arya International LLC,eatarya.com
"Asahi Beverages America, Inc.",asahibev.com
Ascent Protein,ascentprotein.com
AshaPops Lily Seeds,ashapops.com
"Asiatic Agro Industry Co., Ltd.",asiaticagro.com
AST Enzymes/Specialty Enzymes & Probiotics,specialtyenzymes.com
"AstaReal, Inc.",astareal.com
AstroNova Product Identification,astronovaproductid.com
Athos Collagen Private Limited,athoscollagen.com
Atlantia Clinical Trials,atlantiaclinicaltrials.com
Atlantic Sea Farms,atlanticseafarms.com
Atlas Produce and Distribution,atlasproduce.net
"Audima (Guangzhou) Biotechnology Co., Ltd.",audimabiotech.com
"AuNutra Industries, Inc.",aunutra.com
Auric,theauric.com
Australian Food and Pharmaceutical Industries,foodpharmaindu.com
Avafina Organics,avafina.com
Avena Foods Limited,avenafoods.com
Avery WePrint Labels,avery.com
Awake Chocolate,awakechocolate.com
AWT Labels & Packaging,awtlabelpack.com
Azuma Foods Int'l. USA,azumafoods.com
B.T.R. NATION,btrnation.com
BABA SIDI HERBS,babasidiherbs.com
"Baby Life, LLC",babylifeorganics.com
"Bachan's, Inc",bachans.com
Back to Nature,backtonaturefoods.com
"BAEKJE CORPORATION CO.,LTD.",en.bj-noodles.com
Bakerly,bakerly.com
"Bala Enzyme, Inc",balaenzyme.com
Banza,eatbanza.com
"Baolingbao Biology Co., Ltd.",en.blb-cn.com
Bard Valley Natural Delights,naturaldelights.com
Bare Snacks,baresnacks.com
Barentz,barentz.com
Bari Olive Oil Company,barioliveoil.com
Barlean's,barleans.com
BATA FOOD LLC,batafood.com
Batory Foods,batoryfoods.com
BAY CITIES,bay-cities.com
Bay State Milling Company,baystatemilling.com
BBFY Industrial USA Inc.,bbfyusa.com
BCFoods & Culinary Farms,bcfoods.com
Be Amazing,shopbeamazing.com
Be Ingredient,inspection.canada.ca
BeanStalk Brands,beanstalkbrands.co
BeanVIVO®,beanvivo.com
Bear Maple,drinkbearmaple.com
Bear's Fruit,bearsfruit.com
Bearded Brothers,beardedbros.com
"Bedemco, Inc.",bedemco.com
Bee Harmony Honey,beesponsible.com
BEE&YOU,beeandyou.com
Beekeeper Coffee,beekeepercoffee.com
Beekeeper's Naturals Inc.,beekeepersnaturals.com
Before the Butcher,btbfoods.com
Begin Health,beginhealth.com
BeGOAT Clean Energy,drinkbegoat.com
"Beijing SEMNL Biotechnology Co., Ltd.",en.semnl.com
BEKIND Packaging,bekindpackaging.com
Belgian Boys,belgianboys.com
"Bell Flavors & Fragrances, Inc.",bellff.com
Belle Aire Creations,belleairecreations.com
Bellei Lugi e Figli SRL,bellei.it
BelliWelli,belliwelli.com
Bellwether Farms,bellwetherfarms.com
Belmoca NV,belmoca.com
Belvas Belgian Chocolate,chocolaterie-belvas.be
Belvoir Farm Drinks Ltd,belvoirfarm.co.uk
BENEO,beneo.com
"Benepure Pharmaceutical Co., Ltd.",benepure.com
Berdez’s foods,berdezfoods.com
"Bereum Co., Ltd.",bereum.com
Berlin Packaging,berlinpackaging.com
Bernard & Sons Maple Products,bernards.ca
Berry Global,berryglobal.com
BERRY NUTS,getberrynuts.com
Bertoli Homogenizers North America,bertoli-homogenizersna.com
Best Day Brewing,bestdaybrewing.com
Best in the West Brands,bestinthewestbrands.com
Best of the Bone USA LLC,bestoftheboneusa.com
Better Balance,betterbalancefoods.com
Better Booch,betterbooch.com
"Better Earth, LLC",becompostable.com
Better Foods,betterfoods.ca
Better For You Corporation,bfyw.com
Better Life Foods Inc,betterlifefoodsinc.com
Better Sour,bettersour.com
Better With Buckwheat/Maine Crisp,mainecrisp.com
BetterBody Foods,betterbodyfoods.com
bettermoo(d),bettermoo.com
Betty Buzz LLC,bettybuzz.com
Beyond Good,beyondgood.com
Beyond Meat,beyondmeat.com
Beyond the Shell Nuts with T.M. Duche Nut Co.,beyondtheshellnuts.com
BFree Foods,bfreefoods.com
Bhuja Snacks,majans.com
Bia Diagnostics Laboratories,biadiagnostics.com
Bibita SHPK,bibitagroup.com
Biena Snacks,bienasnacks.com
Big Bold Health,bigboldhealth.com
Big Crazy Buffalo,bigcrazybuffalo.com
Big Dipper Wax Works,bigdipperwaxworks.com
Big Easy Blends,bigeasyblends.com
Big Green Organic Food,biggreenorganic.com
Big Picture Foods,bigpicturefoods.com
Big Tree Farms,bigtreefarms.com
Bigelow Tea,bigelowtea.com
Bikurim Food and Pastry ltd.,bikurim.co.il
Bio Essence Pharmaceutical,bioessencepharma.com
"Bio Nutrition, Inc.",bionutrition.com
Bio Organica Italia SRL,biorganicaitalia.it
Bio-Botanica,bio-botanica.com
BIO-CAT,bio-cat.com
Bio-K+ USA,biokplus.com
Bio-Kinetics Corporation,bio-kinetics.com
Bio.me,bio.me
"Bioenergy Life Science, Inc.",bioenergylifescience.com
Biofactoria Naturae et Salus,naturae.es
"BioGrowing Co., Ltd.",biogrowing.com
"BIOGRUND US, Inc.",biogrund.com
Biohm Technologies,biohmtechnologies.com
BIOITALIA SRL,bioitalia.it
"Bionutrigen Co., Ltd.",bionutrigen.co.kr
"Biophix, Health Genesis",biophix.com
"Bioport Korea, Inc.",en.biopk.co.kr
BioPouches,biopouches.com
BIORA by Kefiplant,biorafoods.com
"Biosan Biotech Co., Ltd",qualitymushroom.com
Biosil,biosil.beauty
BIOSTRIPS,biostripshealth.com
Biovanta,biovanta.com
Birch Benders/Arrowhead Mills,birchbenders.com
BIRDMAN LIFE,us.birdman.com
Bitchin' Sauce,bitchinsauce.com
Black Lotus Shilajit LLC,blacklotusshilajit.com
Blackbird Foods,blackbirdfoods.com
Blake's Seed Based,eatblakes.com
Blender Bites LTD,blenderbites.com
Blentech Corporation,blentech.com
Bloom Nutrition LLC,bloomnu.com
Blue Bottle Coffee,bluebottlecoffee.com
Blue Monkey,bluemonkeytropical.com
Blue Zones Kitchen,bluezoneskitchen.com
Bluebonnet Nutrition Corp.,bluebonnetnutrition.com
Bluegrass Ingredients,bluegrassingredients.com
BLUESHIFT NUTRITION INC,blueshiftnutrition.com
Blume Supply Inc.,itsblume.com
Bnhealthy,bnhealthy.com.au
Bob Snail,bob-snail.com
Bobelo,drinkbobelo.com
Bobo's,eatbobos.com
Bocon s.r.l.,bocon.it
Body Nutrition,bodynutrition.com
BodyHealth,bodyhealth.com
Boiron,boiron.ca
Bollygood,bollygood.com
Bolmann Brothers LLC,bolmannbros.com
Bona Furtuna,bonafurtuna.com
Bonafide Provisions,bonafideprovisions.com
Bonduelle,bonduelle.com
Bone Brewhouse,bonebrewhouse.com
Bone Suckin’ Sauce,bonesuckin.com
"Bonerge Lifescience(Hunan) Co., Ltd",bonerge.com
Bones Coffee Co.,bonescoffee.com
Bonneval Waters,bonnevalwaters.com
"BONO USA, Inc.",bonousainc.com
Boochcraft,boochcraft.com
Bored & Thirsty,boredandthirsty.com
Bored Cow (Tomorrow Farms),tomorrowfarms.co
BORGO DE MEDICI USA INC,borgodemedici.us
Born Simple,bornsimple.com
Bosanet LLC,bosanet.com
"BOSTON NUTRACEUTICAL SCIENCE, LLC",boston-nutraceutical.com
Botanic Healthcare,botanichealthcare.net
Botticelli Foods,botticellifoods.com
BOULDER CANYON,bouldercanyon.com
Bowlcut,thebowlcut.com
"Bragg Live Food Products, LLC",bragg.com
BRAMI,enjoybrami.com
Brands of Britain,brandsofbritain.com
Braswell Food Company,braswells.com
"Braveiy Biotechnology (Anhui) Co., Ltd",enbraveiy.com
Brazi Bites,brazibites.com
Bread SRSLY,breadsrsly.com
brekki ready-to-eat oats,brekki.com
Brevis LTD,brevis.bg
BRIANNAS Fine Salad Dressing,briannas.com
Bristol Seafood,bristolseafood.com
Brooklyn Biltong,brooklynbiltong.com
Brooklyn Food & Beverage,brooklynfoodandbeverage.com
Brown Cow,browncowfarm.com
Brown Sugar 1st,brownsugar1st.com
Brutus Bone Broth,brutusbroth.com
BTSA Biotecnologias Aplicadas S.L.,btsa.com
Bubbies Ice Cream,bubbiesicecream.com
BUBLUV Inc.,bubluv.com
"Buddha Teas, Living Wellness Partners, LLC",buddhateas.com
Bueno Foods,buenofoods.com
Built,built.com
Bulletproof,bulletproof.com
Bundle x Joy,bundlexjoy.com
Bunge North America,bunge.com
Bunker Specialties,bunkersp.com
Bunnie Cakes,bunniecakes.com
Buono (Thailand) PCL,buonogroup.com
Burnbrae Farms Limited,burnbraefarms.com
Burroughs Family Farms,burroughsfamilyfarms.com
Bush Brothers & Company,bushbeans.com
Busy Bee Raw Honey,busybeehoney.com
Butter Buds Inc.,bbuds.com
BYO,byo.com
C.A.P.S. Inc,capsincorporated.com
Caffè Trucillo,trucillo.it
"CAL Marketing, Pty Ltd.",calmarketing.com.au
"Calbee America, Inc.",calbeeamerica.com
Caldic,caldic.com
"Cali FoodStar, Inc",tamalescalifornia.com
Califia Farms,califiafarms.com
"California Hi-Lites, Inc. / CHL Packaging",chlpackaging.com
California Label Products,clp.global
California Milk Advisory Board,realcaliforniamilk.com
California Natural Color,californianaturalcolor.com
California Nutrition Corp.,cncusaca.com
California Olive Ranch,californiaoliveranch.com
California Walnut Board,californiawalnuts.co.uk
CALIWATER,drinkcaliwater.com
Cambridge Commodities,cambridgecommodities.com
Camoco Foods By Belgosuc,camocofoods.eu
Canaan Palestine,canaanpalestine.com
Caplansky's Delicatessen,caplanskys.com
Carbe Diem Foods,carbediemfoods.com
Carbonaut,carbonaut.ca
Cargill,cargill.com
"Caribbean Food Delights, Inc.",cfdnyinc.com
"Carl Brandt, Inc.",carlbrandt.com
"Carlson Laboratories, Inc.",carlsonlabs.com
Carmi Flavors,carmiflavors.com
"Carozzi North America, Inc.",carozzi.com
Carrington Farms/Simply Tera's,carringtonfarms.com
"Caruso Foods, LLC",carusousa.com
Casa Arte Sano,casaartesanofoods.com
"CATALO Naturals, Inc.",catalo.com
Catania Oils,cataniaoils.com
CatSpring Yaupon,catspringyaupon.ca
CAULIPOWER,eatcaulipower.com
Caulipuffs,caulipuffs.com
CB's Nuts Inc.,cbsnuts.com
CBL NATURAL FOODS,cblnaturalfoods.com
"CDA USA, Inc.",cda-usa.com
Celebes Coconut Corporation,celebes.com
"Celex Laboratories, Inc.",celexlaboratories.com
Celt Salt by Nature's Pantry,celtsalts.com
"Center For Food Safety, The",foodsafety.ca
Cento Fine Foods,cento.com
Cepham Inc.,cepham.com
"Cerebelly, Inc.",cerebelly.com
CERMER,cermer.com
Certified Laboratories,certified-laboratories.com
Ceylon Plant Food (Pvt) Ltd,ceylonplantfood.com
CForce Bottling Company,cforce.com
Cha's Organics,chasorganics.com
Chagaroot,chagaroot.com
Chai Diaries,mychaidiaries.com
CHANG XING DA GOJI LIMITED INDUSTRIAL COMPANY OF BA YAN NAO ER,cxdgoji.com
"Changsha Comext Biotech Co.,Ltd",comextbiotech.com
"Changzhou Biochem Technologies Co.,Ltd.",cz-biochemtech.com
CharcutNuvo,charcutnuvo.com
CharcutNuvo Organic Sausages,charcutnuvo.com
Charlotte's Web,ca.charlottesweb.com
"CHASTE JE WAY INDUSTRIAL CO., LTD.",exhibitor.expowest.com
"Chaucer Foods, Inc.",chaucerfoods.com
CheckCheck Ricewater,checkcheckcin.com
Chee Hoo,cheehootreats.com
CHEE SENG OIL FACTORY PTE LTD,cheeseng-oil.com
Cheers,cheershealth.com
Cheesewich Factory,cheesewich.com
Chef Hak's,haks.com
Chefs Life,chefslife.com
"Chenland Nutritionals, Inc.",chenland.com
Cherry Central,cherrycentral.com
Chew + Heal,chewandheal.com
Chicas,chicaschicken.net
ChiChi Foods,chickpeaoats.com
Chickapea,chickapea.com
Chike Nutrition,ilikechike.com
Chikiriya Tea House,kyo-chikiriya.shop
Childlife Essentials,childlifenutrition.com
CHIN HUAY PUBLIC COMPANY LIMITED,chinhuay.com
Chino Valley Ranchers,chinovalleyranchers.com
Chinova Bioworks,chinovabioworks.com
Chiwis,chiwis.co
Chlorophyll Water,chlorophyllwater.com
Chocolove,chocolove.com
Chocxo Chocolatier,chocxo.com
"Chosen Foods, LLC",chosenfoods.com
CHS Inc.,chsinc.com
Chum Fruit Bites,chumsfruit.com
Chunk Foods,chunkfoods.com
Churn Foods,churnfoods.com
Chuza,chuza.com
Cibaria International,cibaria-intl.com
Cibo Vita LLC/Nature’s Garden,cibovita.com
Cindy's Kitchen,cindyskitchen.com
Cinnaroll Bakeries Limited,cinnaroll.com
Cipriani Food,ciprianifood.com
Ciranda,ciranda.com
CIUTI INTERNATIONAL COOKING OILS,ciuti.com
Clarkson Specialty Lecithins,clarksonspecialtylecithins.com
Claros Farm,clarosfarm.com
CLEAN Cause,cleancause.com
Clean Label Project Certification,maryruthorganics.com
Clean Simple Eats,cleansimpleeats.com
Cleveland Kitchen,clevelandkitchen.com
Clio Snacks,cliosnacks.com
Cloud Water Brands,cloudwaterbrands.com
"Cloud Water, LLC dba Cirro Water",cirrowater.com
Cloud23,c23.com
"CoAqua, NA Inc.",drinkcoaqua.com
COASLINK CORP,coaslinkcorp.com
Cobram Estate,cobramestate.com
COCO Chocolatier,cocochocolatier.com
coco5,coco5.com
Cocobear Inc.,cocobearorganic.com
Cócoes Limited,cocoes.com
Cocomo Coast LLC,snackcocomo.com
Cocotana Coconut Products,cocotana.com
Cocrystal Technology (Jiaxing) Co. LTD,cocrystaltech.com
Codeage,codeage.com
Coffee Bean & Tea Leaf,coffeebean.com
Color Garden,colorgarden.net
Colorexa USA Corporation,colorexa.com
Columbus Vegetable Oils,cvoils.com
Commercial Bakeries Corp.,commercialbakeries.com
"Compound Solutions, Inc.",compoundsolutions.com
Comvita Manuka Honey,comvita.com
CON-CRET Creatine.,con-cret.com
Conagra Brands,conagrabrands.com
Confetti Snacks Inc,us.confettisnacks.com
CONSERVE ITALIA USA CORP,conserveitalia.it
Contract Packaging Association,canadianpackaging.com
Coombs Family Farms,coombsfamilyfarms.com
Cooper Farms,cooperfarms.com
Cooper Street Cookies,cooperstreet.com
Copper Cow Coffee,coppercowcoffee.com
Copper Moon Coffee LLC,coppermooncoffee.com
Copra Coconuts 100% organic plant based products,copracoconuts.com
CORELIFE ORGANICS LLC,mangalorganics.com
Corn Next,cornnext.com
Coronilla S.A.,coronilla.com
COSMOS-standard,ecocert.com
Cosun Protein,cosunprotein.com
Cotton Cravings' All Natural Gourmet Cotton Candy,cottoncravings.com
Counter Culture Coffee,counterculturecoffee.com
Country Life Vitamins,countrylifevitamins.com
Country Prime Meats,countryprime.com
Covered Bridge Potato Chip Company,coveredbridgechips.com
Coyotas,eatcoyotas.com
Crafty Counter Wundereggs,craftycounter.com
Craize Snacks Inc.,gocraize.com
Crane Wellness,cranewellness.co
Cravings by Chrissy Teigen,cravingsbychrissyteigen.com
Crazy Go Nuts,crazygonutswalnuts.com
Created Co.,created.co
Crisp Power/Dream Pretzels,dreampretzels.com
"Crofters Food, Ltd.",croftersorganic.com
Crown Maple,crownmaple.com
Crux ingredients,cruxingredients.com
Crystal Geyser Alpine Spring Water,crystalgeyserplease.com
CSPC Nutritionals,cspcusa.com
Cuisine Solutions,cuisinesolutions.com
CuliNex,culinex.biz
Culture Pop Soda,drinkculturepop.com
CUNSA INTERNATIONAL LLC,cunsa.net
CuraLife,curalife.com
Cure Hydration,curehydration.com
Curie Co,curieco.com
"Custom Essence, Inc.",customessence.com
Custom Label,customlabelsinc.com
Cymbiotika,cymbiotika.com
"D&R VIE EN FAMILLE, INC.",dr-vie-en-famille.com
"DACE CO., LTD",dace.vn
DACOLONIA ALIMENTOS NATURAIS LTDA,dacolonia.com.br
"Daesang America, Inc.",daesangamerica.com
Daesang America-Ingredient,ingredient.daesang.com
"Dahui International (Thailand) CO,. Ltd.",newdahui.com
"Daily Crave, The",thedailycrave.com
Daily Crunch,dailycrunchsnacks.com
Daily Harvest,daily-harvest.com
"Daiwa Health Development, Inc.",dhdmed.com
DakotaMB,dakotamb.com
"Damascus Bakery, Inc.",damascusbakery.com
Dandies Vegan Marshmallows,dandies.com
Daoher Beverage Corporation,daoherbev.com
Dare Foods Inc.,darefoods.com
Darey Brands,dareybrands.com
daRosario Organic Truffle Products - Truffle KING,darosario.com
DASAVENA FAMILY RECIPES,dasavena.com
Datacor,datacor.com
"Date Lady, Inc.",ilovedatelady.com
Datefix,datefix.com
"Dave’s Killer Bread, Inc.",daveskillerbread.com
Day Out Snacks,getdayout.com
DAY-LEE FOODS,day-lee.com
De Angelis USA Corp (Sfoglini Pasta),sfoglini.com
De La Calle Tepache,delacalle.mx
De Matteis Corporation - Pasta Armando,pastarmando.it
De Silva Brothers & Company,desilvabrothers.com
"De Soi, Inc",drinkdesoi.com
Death Wish Coffee Company,deathwishcoffee.com
DeCecco,dececco.com
DEEBEE'S ORGANICS,deebeesorganics.com
Deep Indian Kitchen,deepindiankitchen.com
Del Real Foods,delrealfoods.com
Del Trio Superfoods LLC,deltrio.com
Delallo Foods,delallo.com
DelGrosso Foods,delgrossofoods.com
Delizza-Poppies Bakeries,poppiesbakeries.com
"Desi Fresh Foods, LLC",desifreshfoods.com
"deSIAMCuisine (THAILAND) Co.,Ltd.",siam.recipes
"Designer Protein, LLC",designerwellness.com
Devansoy,devansoy.com
Dewdroppers,dewdroppers.com
Dewey’s Bakery,deweys.com
DH FOODS JSC,dhfoods.com.vn
"Di martino, Inc.",pastadimartino.com
Diamond Foods,diamondnuts.com
Diaspora Co.,diasporaco.com
"Diggables, Inc",diggablesnacks.com
"DIPASA USA, INC.",dipasausa.com
Dirty Supplements,dirtysupplements.co
Displays by Martin Paul,martinpaul.com
Distinctive Food Imports,distinctivefi.com
DITP,ditp.go.th
Ditsch USA,ditsch.com
DIVERSIFIED AVOCADO PRODUCTS INC,avoworks.com
Divi's Nutraceuticals,divisnutra.com
DO IT Organic,doitorganic.com
"Dole Packaged Foods, LLC",dolesunshine.com
Domino Specialty Ingredients - ASR Group,dominospecialtyingredients.com
DONA,donausa.com
"Dongfeng County Cuifeng Food Co.,ltd",en.greenmfood.znsite.cn
DONGGUAN TEDPACK COMPANY LIMITED,tedpc.com
Dongwon,dongwon.com
Dongwon F&B,dongwon.com
"Dongxiao Biotechnology Co.,Ltd",en.cndongxiao.com
Dorot Gardens,dorotgardens.com
Dot Design Group,dotdesignpop.com
Doughlicious - The London Dough Co,doughlicious.co.uk
Dr Ginger's Healthcare Products LLC,drgingers.com
Dr. In The Kitchen / Flackers,flackers.com
Dr. Peanut,drpeanut.com
Dr. Pharm USA Inc.,drpharm-usa.com
Dragon Herbs,dragonherbs.com
Drench LLC,drenchitclean.com
Dress It Up Dressing,dressitupdressing.com
"Drink Blocks, LLC",drinkblocks.com
"Drink Recess, Inc.",takearecess.com
DrinkSip NON-ALCOHOLIC BEER,drinksip.com
Drip Dash,dripdash.com
"Drizzilicious, Natural Endurance, & Smart Fries by Snack Innovations",drizzilicious.com
Dropi,dropi.com
DropperBottles.Com,dropperbottles.com
Dropps,dropps.com
Drumroll Snacks,eatdrumroll.com
DryWater Inc.,drywater.com
DSD Merchandisers / American Nuts LLC,dsdmerchandisers.com
Dufour Pastry Kitchens,dufourpastrykitchens.com
Dumpling Daughter,dumplingdaughter.com
Dyla Brands (Stur Drinks),sturdrinks.com
E. Formella & Sons,orders.piazzaproduce.com
EAGLE FLEXIBLE PACKAGING,eagleflexible.com
Earth Life Foods LLC,earthlifefoodsusa.com
Earth Made Nutritions Inc,em-herb.com
Earthside Farms,earthsidefarms.com
Eat Happy Kitchen,eathappykitchen.com
Eathos Foods,eathosfoods.com
EATNUF PTE. LTD.,eatnuf.com
"ECI Software Solutions, Inc.",ecisolutions.com
ECLAIRE HEALTH LLC,eclairehealth.com
Eclipse Foods,eclipsefoods.com
Eco Lips,ecolips.com
Eco Turca Organics A.S,ecoturca.com
Ecolife Innovations LLC.,ecolifefamily.com
Ecotone Food Inc,ecotone.bio
ECRS,ecrs.com
Eden Foods,store.edenfoods.com
Edna's Non Alcoholic Cocktail Company LTD,ednascocktails.com
"Edward & Sons Trading Co., Inc.",store.edwardandsons.com
Eggcellent Protein Puffs,toddsbettersnacks.com
"EggLife Foods, Inc",egglifefoods.com
Eggs Unlimited LLC,eggsunlimited.com
Egmont Honey,egmonthoney.co.nz
eightbillion.com,eightbillion.com
EIRA Water,eirawater.com
Ekologie Forte Pvt. Ltd,eko-logie.com
"El Pinto Foods, LLc",elpintocopacking.com
Element Food Solutions,elementfoodsolutions.com
Elements Truffles,elementstruffles.com
"eleven TLC, A Wellness Co.",eleventlc.com
"Elite Naturel USA, LLC",elitenaturel.com
Eliya Organic King Coconut Water,eliyaorganics.com
Elizabeth's Food Co.,croutons.com
ELLENOS: REAL GREEK YOGURT,ellenos.com
Elmhurst 1925,elmhurst1925.com
Else Nutrition,elsenutrition.com
EMBO CAPS® by Suheung,embocaps.com
Emerald Labs,store.emeraldlabs.com
Emilia Foods,emiliafoods.com
EMIRELLI,emirelli.com
Emmi Equator RTD Coffee LLC,drinkequator.com
Emmy's Organics,emmysorganics.com
EMOTIONAL UTILITY BEVERAGES,drinkeub.com
"ENCORE FRUIT MARKETING, INC.",encorefruit.com
Enoki Cafe,enokicafe.com
Enrinity Supplements Inc,enrinity.com
"Enzymedica, Inc.",enzymedica.com
EO Products,eoproducts.com
ePac Flexible Packaging,epacflexibles.com
EpiCor Postbiotic (a Cargill brand),cargill.com
Epicurean Butter,epicureanbutter.com
"Epsom-It, Inc",epsomit.com
Equii,equii.com
Essential Formulas®,essentialformulas.com
Essential Oxygen,essentialoxygen.com
Esti Foods,estifoods.com
Eurofins,eurofins.com
"Euromed USA, Inc.",euromedgroup.com
Everest Formulations,everestformulations.com
Everlite Nutraceuticals,everlitenutraceuticals.com
Every Body Eat®,everybodyeating.com
Everyday Dose,everydaydose.com
Evie's Snacks,eviessnacks.com
EVIL Snacks,evilsnacks.com
EVIVE SMOOTHIE INC.,en.evivenutrition.ca
Evolved Chocolate,eatingevolved.com
Exceedient Foods,exceedientfoods.com
Excellentia International,excellentiainternational.com
Explorer Cold Brew,explorercoldbrew.com
Expo Commodities Global (Pvt) Ltd,expodmcc.com
F.LLI Sacla S.p.A.,sacla.com
Fabalish,fabalish.com
Faber Chemical and Medicine,faberchem.com
Fable Spirit Lda,salt.fablespirit.com
Fabpac Corporation,fabpac.com
"Fage USA Dairy Industry, Inc.",home.fage
Faire,faire.com
Fairteck Holding Pte Ltd,sfdasia.com
Family Foods International,familyfoodsstores.com
"Family Freeze Dry, LLC",familyfreezedry.com
"Farbest Brands, Div. of Farbest-Tallman Foods Corporation",farbest.com
Farm's Elite,farmselite.com
Farming Karma Fruit Company Ltd,farmingkarma.ca
Fast Track Packaging,ftpackaging.ca
"FBF North America, LLC.",fbfnorthamerica.com
Federal Equipment Company,fedequip.com
"Felicetti US, Inc.",shopfelicettipasta.com
Felicific Inc,soeos.com
Fenchem Inc,fenchem.com
"Fermented Food Holdings, Inc (Bubbies & Wildbrine)",fermentedfoodholdings.com
Fevertree USA Inc,fever-tree.com
FGF Brands,fgfbrands.com
FH Packaging,fhpkg.com
Fibrant,fibrant52.com
Fiddyment Farms,fiddymentfarms.com
Field Theory Foods,fieldtheoryfoods.com
FILLO'S Americas Made,fillos.com
Finally! Chickpea Snacks,finallychickpeasnacks.com
Fine Italian Food,mantovafood.com
Fine Pharma Co Ltd,finepharma.com
FineLand Company Inc.,finelandvitamins.com
Fire and Smoke Society LLC,fireandsmokesociety.com
Fire Department Coffee,firedeptcoffee.com
Firehook,firehook.com
First Gen Food & Beverage Inc,drinkmexican.com
First Priority Manufacturing,firstprioritymanufacturing.com
FirstWave Innovations,firstwavenc.com
"Fischer & Wieser Specialty Foods, Inc.",jelly.com
Fit & Flex,fitandflex.in
"FitJoy, INC",fitjoyfoods.com
Flair Flexible Packaging Corporation,flairpackaging.com
Flash Energy Company,flashenergydrink.com
Flatbread Queen Inc.,bolani.co
"Flavorganics, LLC",flavorganics.com
Flexible Pouches,flexiblepouches.com
Floating Leaf Fine Foods,eatwildrice.ca
Flock Foods,flockfoods.com
"Flora, Inc.",ca-en.florahealth.com
"Florida Pet Treats, Inc",wholesale.ernieelspetproducts.com
Fly by Jing,flybyjing.com
FocusHerb LLC,focusherb.com
FODY Foods,fodyfoods.com
FOMILK,fomilk.com
Food Earth – Fazlani,foodearth.com
Food for Life,foodforlife.com
Food Ingredient Solutions by Oterra,foodcolor.com
Food Maison Corp,food-maison.com
"Food Specialties Trading, LLC",foodspecialtiestrading.com
Foodback,foodback.com
FoodChain ID,foodchainid.com
foodguys,foodguys.com
FOODMatch (Divina),foodmatch.com
Forager Project,foragerproject.com
FORCE FACTOR,forcefactor.com
Fortis Solutions Group,fortissolutionsgroup.com
"Forward Farma, Inc.",forwardfarma.com
Four Sigmatic,us.foursigmatic.com
Franuí,franui.store
Freakin' Wholesome®,freakinwholesome.com
Freestyle Snacks,freestylesnacking.com
French Squirrel,frenchsquirrel.com
Fresh 'n Nova,freshannova.net
"Fresh Bell Co., Ltd",freshbell-innerb.com
"Fresh Blends North America, Inc",freshblends.com
Fresh Fizz Sodas,freshfizzsodas.com
Fresh Press Farms,freshpressfarms.com
Fresh Victor,shop.freshvictor.com
Fresh Vintage Farms,freshvintagefarms.com
FreshPure Waters,freshpure.com
Friendly Organic Foods,friendlyorganicfoods.com
FrieslandCampina Ingredients,frieslandcampinaingredients.com
Frontier Co-op,frontiercoop.com
Froot Thief,frootthief.com
Fruit d'Or,fruitdor.ca
Fruit For Thought,fruitforthought.com
Fruit-A-Peel,thenaturalfoodstore.ca
FruitSmart,fruitsmart.com
Fruvemex,fruvemex.com
FST Logistics,fstlogistics.com
Fuan Enterprise Inc.,fuanus.com
"Fuji Capsule Co., Ltd.",fujicapsule.com
"Fuji Oil Co., Ltd.",fujioil.co.jp
"Fujian Xianzhilou Nutra-Industry Co., LTD.",en.xianzhilou.com
FULMER GmbH M. F.,fulmerhoney.com
Fumage International Corp,fumage-gourmet.com
FUNGIES MUSHROOM GUMMIES,eatfungies.com
Fusion Jerky,fusionjerky.com
Futamura,futamuragroup.com
Future Nutrition Science Company,futurenutrition.com
FYK Inc,fyksoba.com
Fytexia,fytexia.com
G2G Bar,g2gbar.ca
Galactic inc,lactic.com
Galam,galamgroup.com
Galdisa USA,galdisausa.com
Galen Foods,galenusa.com
Galvanina,galvanina.com
"Gansu Meheco Import & Export Co.,Ltd",gsmeheco.com
GARCIA FOODS,garciafoods.com
"Garden of Life, Nuun Hydration, Solgar, Vital Proteins",gardenoflifecanada.com
"Garrett Brands, LLC",garrettbrands.com
Gather Brands,gatherbrands.com
Gatorade,gatorade.com
Gavina Coffee Company,gavina.com
GDS - GROW DIETARY SUPPLEMENTS DO BRASIL,gdsusa.com.br
Gelato Boy,gelatoboy.com
Gelato Festival,gelatofestival.com
GELITA,gelita.com
Gemsa Oils,gemsaoils.com
Gencor/Pharmako,gencorpacific.com
Genius Gourmet,geniusgourmet.com
GenoPalate,genopalate.com
Geo-Fresh Organic Private Limited,geo-fresh.in
Germinal Organic,germinalorganic.com
Giadzy,giadzy.com
Gifted Breads,giftedbreads.com
GILA café,cafegila.com
Gilad&Gilad,fornervehealth.com
"Gillco Ingredients, an Azelis Company",gillco.com
Gilly Loco,gillyloco.com
GIUSTI BALSAMIC VINEGAR,giusti.com
Givaudan Flavors Corporation,givaudan.com
Glanbia Nutritionals,glanbianutritionals.com
Glanbia Performance Nutrition,glanbia.com
Global Healing,globalhealing.com
"Global Organics, Ltd.",global-organics.com
Global Widget LLC,globalwidget.com
GloryLand Food USA,glorylandfoodusa.com
GluCorp,glucorp.com
"GMP Laboratories of America, Inc.",gmplabs.com
Gnosis by Lesaffre,gnosisbylesaffre.com
GNT USA,exberry.com
GnuSante Creations,gnusante.com
Go A Little Nuts!,goalittlenuts.com
"GO Atomico, LLC",goatomico.com
"Go Energy Foods, Inc.",e3energycubes.com
"Gold Coast Ingredients, Inc.",goldcoastinc.com
GOLD FOODS USA LLC,goldfoodsusa.com
Golden Farms/Pasco Foods,pasco-foods.com
"Golden Peanut Company, LLC.",goldenpeanut.com
Golden Platter Foods,goldenplatter.com
GOLDENCROPS CORPORATION,goldencrops.com.tw
Goli Nutrition Inc.,goli.com
GoMacro,gomacro.com
Good Culture,goodculture.com
Good Eat'n,goodeatn.com
Good Idea Inc,goodidea.us
Good Now Foods,nowfoods.com
Good PLANeT Foods,goodplanetfoods.com
"Good Source Foods, Inc.",goodsourcefoods.com
Goodie Girl Tribeca LLC,goodiegirl.com
GOODLES,goodles.com
GoodSam Foods,goodsamfoods.com
GoodSport Nutrition,goodsport.com
GORGIE,getgorgie.com
Gotham Greens,gothamgreens.com
Götze,gotzepeeler.com
Gourmet Nut,gourmetnut.com
Goya Foods,goya.com
Grady's Garden LLC,gradysgarden.com
"Grain Millers, Inc.",grainmillers.com
Grain Trust,graintrust.com
Grainwell Puffed Grains,grainwellfoods.com
Grandy Organics,grandyorganics.com
GRANOLOGY,granology.co
Graphic Packaging International,graphicpkg.com
Grassland Specialty Brands,grassland.com
Grasslands Brokerage & Consulting Ltd,grasslandsltd.com
"Great American Packaging, LLC",greatampack.com
Great Northern Corporation,greatnortherncorp.com
Great River Milling,greatrivermilling.com
Green Boy Group,greenboy.com
Green Foods Corporation,greenfoods.com
Green Girl Bakeshop,greengirlbakeshop.com
Green Gourmand Foods Inc.,allergysmart.com
Green Source Organics,gsoextracts.com
Greenridge Naturals,greenridgenaturals.com
Grounded Packaging,groundedpackaging.co
Groundwork Coffee LLC,groundworkcoffee.com
GROUP EXPORT AGRI-FOOD,old.groupexport.ca
Growee Foods,groweefoods.com
Growve,growve.com
gruppo milo,casamilo.it
GS Capsule USA,gscapsule.com
"Guangxi Yanker shop Food co., Ltd",en.yanjinpuzi.com
GUANGZHOU LIANYI BIOTECHNOLOGY COMPANY LIMITED,anuga.com
Guayaki Yerba Mate,guayaki.com
Guinness,guinness.com
Guittard Chocolate,guittard.com
Gustav Heess GmbH,heessoils.com
Gutzy Organic,gutzyorganic.com
Guzen Development Inc.,guzendevelopment.com
Gym Weed,gymweed.com
H3 Plastics,h3plastics.com
Ha Li Fa Pte Ltd,halifa-bobo.com
Hahn's Bakery,hahnsbakery.com
"Hainan Zhongxin Chemical Co., Ltd.",zxchem.com
"HAINAN ZHONGXIN WANGUO CHEMICAL CO., LTD.",zxchem.com
Hakumo LLC,yulu-foods.com
Halvana-Mediterranean Made Easy,halvana.com
Hammons Wild Black Walnuts,black-walnuts.com
Hampton Farms,hamptonfarms.com
Hanamaruki Foods Inc.,hanamaruki.co.jp
"Handian Nutrition Co., Ltd.",hdnutra.com
"Hangjinhouqi Huawei Trading Co.,Ltd",sialparis.com
"Hansford Biotech Co., Ltd.",hansfordbio.com
Happy Candy,haeppycandy.com
Happy Snacks,happysnack.ca
Happy Veg Inc.,happyveginc.com
Hardbite,hardbitechips.com
HARIO USA,hario-usa.com
Harken Sweets,harkensweets.com
Harmless Harvest,harmlessharvest.com
Harney & Sons Fine Teas,harney.com
Harrens Lab Inc.,harrenslab.com
Harris Spice,harrisspice.com
Harry's Famous Sauce,harrysfamous.com
Harvest Sherwood Food Distributors,harvestsherwood.com
Hatch Chile Co.,hatchchileco.com
Haven's Kitchen,havenskitchen.com
Hawai'i 'Ulu Cooperative,eatbreadfruit.com
Hawaii Volcanic Beverages,hawaiivolcanic.com
HBF Foods,hbf-products.com
HC PACKAGING VIETNAM COMPANY LIMITED,hcpackagingvn.com
Hddes Extracts Pvt Ltd,hddes.com
Health Thru Nutrition,htnnaturally.com
Health-Ade Kombucha,health-ade.com
"HealthAid America, Inc.",healthaidamerica.com
Healthier Tastier Foods,foodserviceaustralia.com.au
HealthVerve USA,healthverve.com
Healthy Crunch,healthycrunch.com
Healthy Earth LLC,healthyearthsnack.com
Healthy Food Ingredients,hfifamily.com
Hearthy Foods Inc.,hearthyfoods.com
"Heartland Mill, Inc.",heartlandmill.com
Heavenly Organics,heavenlyorganics.com
"HEBEI GUANGXIANG PHARMACEUTICAL CO.,LTD.",en.hbgxzhiyao.com
"Hebei Yiyang JingCheng technology Co.,ltd",yiyangpharma.com
"HELADOS ESTIU, S.A.",helados-estiu.com
Helaina,myhelaina.com
Helena’s Hummus,helenashummus.com
Helion Food USA,helionfood.com
Helpful Hens & Blue Sky Family Farms,blueskyfamilyfarms.com
HempRise,hemprise.com
"Henan Baihuikang Biotechnolgy Co.,Ltd",bhkpharm.com
Henrietta Said,henriettasaid.com
"Heraclea Food Co., Inc",heraclea.co
HERB GREEN HEALTH USA INC,herbgreenhealth.com
Herbal Creations USA,herbal-creations.com
"Herbaland Naturals, Inc.",herbaland.ca
Herbion Naturals,herbion.ca
Herbstreith & Fox Inc.,herbstreith-fox.de
Heritage Kulfi,heritagekulfi.com
Hesthetic Life Private Limited,hesthetic.com
Hethe Water,hethewater.com
Heyday Canning Co.,heydaycanning.com
heywell,livingheywell.com
HIFAS DA TERRA SL,hifasdaterra.com
"Hikari Miso International, Inc.",hikarimiso.com
Hiker Coffee,hiker.coffee
Hillside Harvest,hillsidesauce.com
Himalaya Wellness,himalayawellness.com
Himalayan Chandra & Tea Tree Therapy,teatreetherapy.com
HIPPEAS®,hippeas.com
Hive to Table Honey Farms,hivetotablehoneyfarms.com
Hiyo,drinkhiyo.com
HJS Condiments Limited,hjs-srilanka.com
Hodo,hodofoods.com
HoldOn Bags,holdonbags.com
Holy! Water,weareholywater.com
Honey Mama's,honeymamas.com
Honey Smoked Fish Co,honeysmokedfish.com
Honey Stinger,honeystinger.com
Honolulu Cookie Company,honolulucookie.com
HOP WTR,hopwtr.com
Hoptonic INC,hoptonictea.com
Horta da Terra,hortadaterra.com
Host Defense Mushrooms,hostdefense.com
HOT JIANG®,hotjiang.com
Hot N Saucy,hotnsaucy.co
HOTPOT QUEEN,hotpotqueen.com
"House Foods Holdings, USA",house-foods.com
House of Kajaana,houseofkajaana.com
"Houston Enzymes, Inc",houston-enzymes.com
HowGood,howgood.com
HP Ingredients,hpingredients.com
HPM Global Inc.,hpmglobal.com
HPS Food & Ingredients,hpsfood.ca
Huangshan Capsule Inc,symbio-one.com
Hub Group,hubgroup.com
Hudson River Foods,hudsonriverfoods.com
"Huel, Inc",uk.huel.com
Huisong Pharmaceuticals,huisongpharm.com
humanN,humann.com
"Humble & Frank Foods, Ltd.",humbleandfrank.com
Humble Potato Chips,humblechips.ca
HUMEAL CO LTD,en.humeal.com
Humphreys,home.army.mil
"Hunan Beibeisheng Biotechnology Co.,Ltd",en.hnbbse.com
"Hunan Delore Natural Products Co., Ltd",delore.cn
"Hunan Er-kang Pharmaceutical Co., Ltd.",en.hnerkang.com
Hunan MT Health Inc,mthealth.com.cn
"Hunan Naturext Biotech Co., Ltd",certificat.ecocert.com
Hunan Nutramax Inc.,nutra-max.com
Huzzy Smart Sips,huzzysmartsips.com
HVA CEYLON,hvaceylon.com
HydraDNA,hydradnalife.com
iba Plant-powered Energy Drink,drinkiba.com
IBF TRADING,ibftrading.com
Ice Cream For Bears,icecreamforbears.com
Icelandic Glacial,icelandicglacial.com
ICL Food Specialties,iclfood.com
Icon Foods,iconfoods.com
IF YOU CARE,ifyoucare.com
IFC SOLUTIONS,ifc-solutions.com
iLevel Brands,ilevelbrands.com
IMAG Organics,imagorganics.com
Imagine FMCG,imaginefmcg.com
IMC Ingredients,imc-ingredients.com
"Impact Products, LLC",hospecobrands.com
Impossible Foods,impossiblefoods.com
In The Raw - Cumberland Packing,cpack.com
Inaexpo USA Ltd. Co.,inaexpo.com
Incredo,incredo.com
India Tree,indiatree.com
"Indian River Select, LLC",indianriverselect.com
Informa Markets,informamarkets.com
"Ingia Bio, Inc.",ingiabio.com
"Ingrilli Citrus, Inc.",ingrillicitrus.com
Inka Foods,inkafoods.com
Inked Bread Co.,inkedbread.com
INNOBIO USA Inc.,innobioglobal.com
Innocap Micro Encapsulation Technologies,innov-ia.com
Innofoods,innofoods.shop
Innova Market Insights,innovamarketinsights.com
Innovatical Laboratories LLC,ilab-us.com
Innovative Labs,innovativelabs.com
Innovative Packaging Solutions,ipspack.com
Instacart,instacart.com
INSYMMETRY LLC,insymmetryllc.com
Integrated Plastics Packaging,ipp.ae
"Integrity Foods(Shandong) Co., Ltd",integrityfoodsco.com
Intelligent Blends,intelligentblends.com
Intermountain Nutrition,intermountainnutrition.com
Interpress Technologies and Interpac Technologies,interpresstechnologies.com
ION* Intelligence of Nature,intelligenceofnature.com
Irwin Naturals,irwinnaturals.com
ISIK ORGANIC CO.,isiktarim.com
IsoPure,theisopurecompany.com
Issei Mochi Gummies,mochigummies.com
It’s Skinny Pasta,itsskinny.com
"Italpizza USA, Inc.",italpizza.com
Ithaca Hummus,ithacahummus.com
J.L. Clark,jlclark.com
Jack's Allergen Friendly Bakery,jackfrancisfoods.com
Jackson's Food Company,snackjacksons.com
"Jade F&B Co. ,Ltd.",jadefnb.com
"Jaindi Export, (Pvt) Ltd.",econutrena.com
Jaju Pierogi LLC,jajupierogi.com
Jakemans Throat & Chest,jakemans.com
JALLES MACHADO - ITAJÁ,jalles.com
JAMBAR,jambar.com
JANE FOODIE,janefoodie.com
JANS Enterprise Corp.,jansfood.com
Japan Gold USA,japangoldusa.com
"Jardin Co., Ltd.",jardin.tradekorea.com
"JAS Live Free, Inc.",drinkjas.com
"Jayone Foods, Inc.",jayonefoods.com
"Jebsen & Jessen Life Science, Inc.",jj-lifescience.com
"Jeneil Biotech, Inc.",jeneilbiotech.com
Jeni's Splendid Ice Creams,jenis.com
Jensen Plant Beef Division,jensenmeat.com
"JFC International, Inc.",jfc.com
JHD Corp.,jhdcorp.com
jhosh nutritions,jhoshmicroalgae.com
Jiabei Kang (Guangzhou) Pharmaceutical Holdings,jiabeikang.en.alibaba.com
"Jiaherb, Inc.",jiaherbinc.com
"Jiangsu Biodep Biotechnology Co., Ltd.",biodep.com
"Jiangsu Junqi Biotechnology Co., Ltd",joilk.com
"Jiangsu Timage Natural Bioengineering Co., Ltd.",timagenature.com
"JIANGXI HENGDING FOOD CO.,LTD",jxhdsp.com
Jiequn Group Inc.,jiequnpharm.com
JIYA Organics,jivaorganics.ca
"Jocko Fuel, LLC",jockofuel.com
Joe Coffee Company,joecoffeecompany.com
John Soules Foods,johnsoulesfoods.com
JOJO's Chocolate,jojoschocolate.com
JOM Organic AB,jomorganic.com
"Joolies Superfruit, LLC",joolies.com
Joshi Health Inc,drjoshigroup.com
Jovial & Bionaturae,bionaturae.jovialfoods.com
JUGO SUPERFOODS,jugobrands.com
Julian Bakery,julianbakery.com
JuneShine,juneshine.com
Juni,drinkjuni.com
Just 1 Label,just1label.com
Just About Foods,justfood.ca
Just Date,enjoyjustdate.com
Just Ice Tea,justicetea.com
"Just Ingredients, Inc.",justingredients.us
Just Made Foods,justmade.com
JUST SPREAD LLC,just-spread.com
Justin's,justins.com
K-1 Packaging Group,k1packaging.com
"K-BERRY CO.,LTD",kberry.kr
K-TOWN BULGOGI LLC,k-townbbq.com
"K.R.S. Spicy Food Co., Ltd.",krsspicyfood.com
KA! Empathogenics,kaempathogenics.com
Kabrita,kabrita.ca
Kadoya Sesame Mills Inc.,kadoya.com
KAL,kalvitamins.com
Kamut International,kamut.com
Kaneka Nutrients,kanekanutrients.com
Karine & Jeff,karinejeff.com
KARMA NUTS,karmanuts.com
Karma Water,drinkkarma.com
Kartago Dates,kartagodates.com
Kauno Grudai,kaunogrudai.lt
KBT Nutritional Supplement Manufacturer,kbtglobalscience.com
KC Sunshine's Cookies,kcsunshinecookies.com
KEB Nutraceutical USA Inc.,kebnutra.com
Kefir Lab,kefirlab.com
Keicha Matcha (Ikeda Matcha),keichamatcha.com
Kelpie Chips,snacksfromthesea.com
"Kerry, Inc.",kerry.com
Kerwell,kerwellness.com
Keto Buns DBA UNBUN,unbunfoods.com
Keto Foods,ketofoods.com
Ketone Labs,ketone.com
Ketone-IQ,ketone.com
Kevala,kevala.net
Kevin's Natural Foods,kevinsnaturalfoods.com
Khong Guan Corporation,khongguan.com
Kibo Foods,kibofoods.us
KidStar Nutrients,kidstarnutrients.com
Kilcoy Nutrition,kilcoyglobalfoods.com
Kim's Choice Food Inc.,kimschoice.com
Kimino Drinks Inc.,us.kimino.com
"Kimnori USA, Inc.",kimnoriusa.com
Kin Euphorics,kineuphorics.com
Kindling Provisions,shopkindling.ca
King Arthur Baking Company,kingarthurbaking.com
King Plastics,kingplastic.com
"King's Cupboard, the",kingscupboard.com
"KinOmega BioPharm, Inc.",kinomega.com
Kitchen & Love,cucinaandamore.com
"Kitu Life, Inc.",drinksupercoffee.com
KiZE Concepts,kizeconcepts.com
"KJ WORLD FOODS CO., LTD.",kjglobalfoods.com
"KKOH Shaem Food Co., Ltd.",kkohshaem.tradekorea.com
KKOKDAM Inc.,kkokdam.com
Klar Labs,us.sfihealth.com
KLASS VIDA Aguas Frescas,enjoyklass.com
Klean Kanteen,kleankanteen.com
Knotty Pretzels,knottypretzels.com
Kodiak Cakes,kodiakcakes.com
Koia,drinkkoia.com
Koko & Karma,kokoandkarma.com
Kokora,kokoralife.com
Konscious Foods,ca.konscious.com
Kooshy Croutons,kooshy.com
Kor Shots,korshots.com
Korea Agro-Trade Center,at.or.kr
KORPACK INC. DBA PACXEL PKG,korpack.com
KOS,kos.com
Krueger & Salecker,kruegersalecker.com
KUL MOCKS,kulmocks.com
Kuli Kuli Foods,kulikulifoods.com
Kültee by Zentis,kultee.net
Kuze Fuku & Sons,kuzefukuandsons.com
Kyowa Hakko USA,kyowa-usa.com
L.A. Libations,lalibations.com
La Crosse Milling Co.,lacrossemilling.com
La Monarca Bakery,lamonarcabakery.com
"LA NOGALERA USA, INC.",lanogalera.com
"La Pasta, Inc.",lapastainc.com
La Preferida,lapreferida.com
LA RUSTICHELLA WORLD WIDE SRL,larustichellatruffles.com
La Tourangelle,latourangelle.com
Labbel Food LLC,exhibitor.expowest.com
Labels Lab Inc,labelslab.com
LaCroix Sparkling Water,lacroixwater.com
"Lago USA, Inc.",lagousa.com
Laird Superfood,lairdsuperfood.com
Lakanto,lakanto.com
Lakewood Organic Juice Company,lakewoodorganic.com
Lanxess Corporation,lanxess.com
Laoban Dumplings,laobandumplings.com
Lapierre Maple Farms,lapierremaple.com
LATCO International,latcointernational.com
Latin Goodness Foods LLC - MASPANADAS,maspanadas.com
Laurel Foods,laurelfoods.com
Laurel's Coffee,drinklaurels.com
"Lavazza North America, Inc.",lavazza.com
Layn Natural Ingredients,layncorp.com
Layonna's,layonnas.com
"Legendairy Milk, LLC",legendairymilk.com
"Legendary Foods, LLC",eatlegendary.com
Leisure Hydration,leisureproject.co
Lemonilo Ramen,lemonilo.com
"Leng D'Or USA, INC.",lengdor.com
Lentiful,eatlentiful.com
Leo Leo Gelato Inc,leoleogelato.com
LEONG GUAN FOOD MANUFACTURER PTE LTD,leongguan.com
"LesserEvil, LLC",lesserevil.com
Let Them Eat Candles,letthemeatcandles.com
"Liaoning Qiaopai Biotech Co., Ltd.",hempseed.cn
Lifecykel Labs LLC,us.lifecykel.com
"LifeSeasons, Inc.",lifeseasons.com
LightLife & Field Roast,fieldroast.com
"Lil Bucks, LLC",lovelilbucks.com
Lillie's Q,lilliesq.com
Lily of the Desert,lilyofthedesert.com
Lily's Sweets,lilys.com
LIMBUA Deutschland GmbH,limbua-group.com
Lindt & Sprungli Chocolate,lindt-spruengli.com
"Lipmen Co., Ltd.",lipmen.co.kr
LiquaDry Inc.,liquadry.com
Lithuania-LitFOOD,gulfood.com
Little Green Cyclo,littlegreencyclo.com
Little Lad's Popcorn,littleladspopcorn.com
Little Northern Bakehouse,littlenorthernbakehouse.com
Little Zing Danish Mustard,littlezing.com
Live a little PURA,livealittlepura.com
Live Crispy LLC,livecrispy.com
Live Love Pop,livelovepop.com
LiveKuna,livekuna.com
"Lively Up Your Breath, LLC",livelyupyourbreath.com
LiveMore Organics,livemoresuperfoods.com
Living Alchemy,livingalchemy.ca
Liviva Foods,livivafoods.ca
LIVNU,livno-online.com
Local Hive Honey,localhivehoney.com
Lochhead Vanilla Company,lochheadvanilla.com
Loisa,loisa.com
Lok Foods US LLC,lokfoodsus.com
Lola's Fine Hot Sauce,lolasfinehotsauce.com
Lone Star Botanicals,lonestarbotanicals.com
"Longevity by Nature, Inc.",longevitybynature.biz
Lonza Capsules & Health Ingredients,lonza.com
"Lorand Laboratories, LLC",lorandlabs.com
Lotus Bakeries Natural Foods,lotusbakeries.com
Lotus Foods,lotusfoods.com
Lotus Sustainables.,lotus-sustainables.com
Louis Dreyfus Company,ldc.com
Love + Chew,loveandchew.com
Love Struck (F&B) Ltd,love-struck.com
Lovingly Made,lovinglymade.ca
LQC INC.,cocoplanet.com
LT Foods Americas,ltfoodsglobal.com
Lucky Foods,luckyfood.com
Luker Chocolate,lukerchocolate.com
Lunar Lifts Nutrition,lunarliftsnutrition.com
Lundberg Family Farms,lundberg.com
"Lyman Farm, Inc. (dba Lyman Orchards)",lymanorchards.com
M.A.D. Foods,madfoods.biz
Maazah,maazah.com
Machu Picchu Energy,machupicchu.energy
Machu Picchu Foods,mpf.com.pe
"MacroCap Labs, LLC",macrocaplabs.com
Made In Nature,madeinnature.com
Magiktea,magiktea.com
Magnum Coffee Roastery,magnumcoffee.com
Maizly,maizly.com
MAK Wood Inc.,makwood.com
"Make Time Wellness, Inc.",maketimewellness.com
Malama Mushrooms,malamamushrooms.com
"Malee Intenational Co.,Ltd",malee.co.th
MALK Organics,malkorganics.com
Malt Products Corporation,maltproducts.com
Mama Torrez Salsa,mamatorrez.com
MAMA's Foods,mamafoods.com
Management Resources of America,groupmra.com
Manchester Farms,manchesterfarms.com
"Mane, Inc.",mane.com
Manfredi Barbera e figli SPA,oliobarbera.it
Manitoba Harvest Hemp Foods,manitobaharvest.ca
Manitoba Milling Company,manitobaflax.com
MANUKORA,manukora.com
Mapeks Gida,mapeksorganic.com
Maplegrove Foods LLC,maplegrove.com
Maria & Ricardo's,mariaandricardos.com
Mariani,mariani.com
Marich Confectionery,marich.com
"Marimix Company, Inc.",marimix.com
MARIN FOOD USA Inc.,marinfood.co.jp
"Marina Del Rey Foods, Frankie's Organic Foods",marinadelreyfoods.com
Maroon Sausage Company,maroonsausage.com
Marroquin Organic International,marroquin-organics.com
MARTINOROSSI,martinorossispa.com
Martins Family Fruit Farm,martinsapples.com
"Marukan Vinegar U.S.A., Inc.",marukan-usa.com
"Marukome USA, Inc.",marukomeusa.com
Mary's Gone Crackers,marysgonecrackers.com
Masked Owl Technologies,maskedowltechnologies.com
Mason Dixie Foods,masondixiefoods.com
Mason Vitamins,masonvitamins.com
Massa Pizza Company,massapizzaco.com
MASTER SWEETENER,mastersweetener.com
MASTERINT. GROUP,masterint.com
Matco Foods Limited,matcofoods.com
MATEINA,mateina.ca
Mateks Food Industry Inc.,mateksas.com
"Mavens Creamery, LLC",mavenscreamery.com
Mavuno Harvest,mavunoharvest.com
Maya Kaimal Foods,mayakaimal.com
Mayawell,drinkmayawell.com
"Maypro Industries, LLC",maypro.com
MEATER,meater.com
Meati,meati.com
Medicap Laboratories,medicap.ca
Mediterranean Harvests,mediterraneanharvests.com
Meelunie America,meelunie.com
MegaFood,megafood.com
MegaMex Foods LLC,megamexfoods.com
Mekhala Living Inc,exhibitor.expowest.com
Mela Water,melawater.com
Meli Wraps,meliwraps.com
Melona Ice Cream,enjoymelona.com
Melting Forest,meltingforest.com
MENISSEZ,menissez.fr
"Metshu Exports, (Pvt) Ltd.",metshu.com
Mezcla,eatmezcla.com
Mezete Food Production,mezete.com
Mezzetta & Jeff’s Garden,jeffsgardenfoods.com
Mi Rancho,mirancho.com
Michaels of Brooklyn,michaelsofbrooklyn.com
Michele's Granola,michelesgranola.com
Micro Ingredients,microingredients.com
MicroDried,microdried.com
MicroSalt Inc.,microsaltinc.com
"MicroThermics, Inc.",microthermics.com
Mid-Day Squares,middaysquares.com
Midlands Apiaries,midlandsnz.com
MIGASA GROUP,migasa.com
Mighty Sesame Co.,mightysesameco.com
Mighty Spark Food Co.,mightysparkfood.com
Mightylicious Inc,mightylicious.com
Milhans Foods Corporation,milhansfoods.com
Milkadamia,milkadamia.com
Milkboy Swiss Chocolates,milkboy.com
Mill Rock Packaging,millrockpackaging.com
MINAMI FOODS,minamigroup.ca
Mindel-Food GmbH,mindel-food.de
Mindful Foods Rice - Zany Bites Heritage Gardens,zanybites.com
"Ming Chyi Biotechnology, Ltd. (MCB)",mingchyi.com
Minnesota Pavilion,mda.state.mn.us
Minor Figures,minorfigures.com
"Minsley, Inc.",minsley.com
Mintel,mintel.com
Miracle Noodle,miraclenoodle.com
"Miron Violetglass USA, Inc.",miron.com
Mishima Foods USA / Wismettac Asian Foods,wismettacusa.com
Miso Master,great-eastern-sun.com
Miss Jones Baking Co.,missjones.co
"Mixed Nuts, Inc",mixednutsinc.com
Mixhers,mixhers.com
Miyoshi Oil & Fat,miyoshi-yushi.co.jp
Mochidoki,mochidoki.com
Mocktail Club,mocktailclub.com
"Modern Products/IFVG, Ltd.",ifvglimited.com
Mojave Mallows,mojavemallows.com
"Moku Foods, Inc.",mokufoods.com
MOLINO NICOLI USA Inc,molinonicoli.it
Molson Coors Non-Alc,molsoncoors.com
Mommy's Bliss,mommysbliss.com
Monatea,drinkmonatea.com
Mondelez,mondelezinternational.com
Monk Fruit Corp,monkfruitcorp.com
Monkey Brittle,monkeybrittle.com
Monki | All-Natural Monkfruit Sweetener,sweetmonki.com
Montalbano USA,montalbanofood.com
Mooala Brands,mooala.com
Mooney Farms,bellasunluci.com
"Morinaga America, Inc. – Chargel",chargel.com
"Morinaga Nutritional Foods, Inc. / Mori-Nu Silken Tofu",morinu.com
"Morinaga Nutritional Foods, Inc. / Probiotics",morinaga-usa.com
Morningstar Minerals,msminerals.com
"Morre-Tec, Industries, Inc.",morretec.com
Mother Nature's Granola,mothernaturesgranola.com
Mother-In-Law's,milkimchi.com
Mountain High Organics,mountainhighorganics.com
Mountain Meadow Herbs / Cap Express,mmherbs.com
Mountain Rose Herbs,mountainroseherbs.com
MOWI USA,mowi.com
Mr. Bajan Foods LLC,mrbajanfoods.com
MTN WTR,mtnwtr.com
MUD\WTR,mudwtr.com
Muddy Bites,muddybites.com
"Multiple Organics, Inc.",multipleorganics.com
MUSH,eatmush.com
Mutti USA Inc.,mutti-parma.com
Mutual Trading Co. Inc.,lamtc.com
My Better Batch,mybetterbatch.com
My Cooking Box,mycookingbox.com
MyForest Foods,myforestfoods.com
MYOJO USA,myojousa.com
Myrtle Greens,myrtlegreens.com
N.A. Trading Company,natradingcompany.com
N3W Foods LLC,n3wfoods.com
"NanaJoes,LLC",nanajoes.com
Nancy's Probiotic Foods/Springfield Creamery,nancysyogurt.com
"Nanjing Tessin Biotechnology Co., LTD",tessinlife.com
"Nanjing Union Health Industry Group Co., Ltd",en.unbioth.com
Natalie's Orchid Island Juice Company,orchidislandjuice.com
National Peanut Board,gapeanuts.com
Native Vanilla,nativevanilla.com
Natrusolate,natrusolate.com
Natura Nuova,natura-nuova.com
Naturade,naturade.com
Natural Factors,ca.naturalfactors.com
Natural Foods Ingredients,communitynaturalfoods.com
"Natural Habitats USA, Inc.",natural-habitats.com
Natural Rapport,nattyrap.com
"Natural Sourcing International, LLC",nsifood.com
Natural Stacks,naturalstacks.com
Natural Sweeteners,natural-sweeteners.com
"Natural Value, Inc.",naturalvalue.com
Naturalin Bio-Resources Co Ltd,naturalin.com
NaturaNectar,naturanectar.com
Nature Nate's,naturenates.com
Nature Pearls Private Limited,naturepearlsorganic.com
Nature's Bakery,naturesbakery.com
Nature's Eats,natureseats.com
Nature's Flavors,naturesflavors.com
Nature's Fusions Nutri,naturesfusions.com
Nature's Fynd,naturesfynd.com
Nature's Ingredients Inc.,naturesingredients.solutions
Nature’s Path Family of Organic Brands,naturespath.com
NATURE'S RARE LLC,naturesrare.com
Nature's Way,naturesway.com
NaturesPlus,naturesplus.com
NATUROL SPIRULINA BASED PRODUCTS,naturya.com
"Naturz Organics (Dalian) Co., Ltd.",naturzorganics.com
Navada Imports,navadaimports.com
Navitas Organics,navitasorganics.com
NB Pure,nbpure.com
NBF DISTRIBUTIONS INC,nbfcompany.com
"NDC Exports, (Pvt) Ltd.",cocomate.com
Nellie’s Free Range/Pillars,nelliesfreerange.com
Nelly's Organics,nellysorganics.com
Nelsons,nelsons.com
NEOGEN,neogen.com
Neolea Trading Company LLC,neolea.com
Neptune Beverage LLC,drinkneptune.com
NestFresh & New Barn Organics,newbarnorganics.com
New Acai Amazonas,newacaiamazonas.com
New Barn Organics,newbarnorganics.com
"New England Natural Bakers, Inc.",newenglandnaturalbakers.com
New Indy Packaging,newindypackaging.com
NEW LANKA CINNAMON PVT LTD,newlankacinnamon.lk
New Mexico Piñon Coffee,nmpinoncoffee.com
New Nissi Corp.,newnissi.com
NEW NORDIC US INC.,newnordicusa.com
New Roots Herbal Inc.,newrootsherbal.com
"New Wave Converting, Inc.",nwconverting.com
New Wave Enviro,newwaveenviro.com
New York Shuk,nyshuk.com
Nexcel Oils,nexceloils.com
NEXIRA,nexira.com
Nexxus Foods,nexxusfoods.com
Nichols Farms,nicholsfarms.com
Nielsen-Massey Vanillas,nielsenmassey.com
"Nihon Kefia Co., LTD",japankefir.com
Nimco Corporation,nimco.com
Nimeks Organics / Natural Food Source,nimeks.com.tr
NIMS GIDA SANAYI VE TICARET ANONIM SIRKETI,nims.com.tr
Ningbo Herb Pharma Corp. DBA Best Global Nutrition Inc.,ningboherb.com
"Ningbo Tech-inno Health Co., Ltd.",taiyi-nb.com
"Ningxia Baishi Hengxing Food Technology Co.,Ltd",gojihome.com
"NINGXIA QIXINYUAN BIOTECHNOLOGY CO.,LTD",sialparis.com
"Ningxia Senqi Food Industry Co., Ltd",generalseeds.cn
"NINGXIA ZHONGNING CHUNQI WOLFBERRY TECHNOLOGY CO., LTD",nxchunqi.en.alibaba.com
Ninja International USA,ninjainternationalusa.com
NIQ,nielseniq.com
Niramaya Foods,niramayafoods.com
Nirvana Super,feelsuper.com
Nixie Beverage Company,drinknixie.com
No Cow,nocow.com
No Days Wasted,nodayswasted.ca
Nobazul,nobazul.com
NOH FOODS OF HAWAII,nohfoods.com
Non-GMO Project,scsglobalservices.com
NOON,noon.com
Nora Snacks,norasnacks.com
North Coast Organic,northcoastnaturals.com
North Spore LLC,northspore.com
Not Beer,enjoynotbeer.com
Nourish Cold Pressed Juice,nourishjuicebar.com
"Nova Natural: C2O Coconut Water, Steaz Ice Tea, Mineragua Sparkling Water",nova-natural.com
"Nova Naturals: C2O, Steaz, Mineragua",nova-natural.com
Novi Connect,noviconnect.com
NOW Foods,nowfoods.com
NP Nutra,npnutra.com
NSF / Quality Assurance International,qai-inc.com
NSF International,nsfcanada.ca
Nucolato USA LLC,nucolato.com
NuernbergMesse North America,nuernbergmesse-north-america.com
Nugale Pharmaceutical Inc.,nugale.com
NuGo Nutrition,nugo.com
"NuLiv Science USA, Inc.",nulivscience.com
Numerator,numerator.com
Numi Organic Tea,numitea.com
NURA USA,nurausa.com
Nuritas,nuritas.com
Nurture Life,nurturelife.com
NuStef Baking Ltd.,nustefbaking.com
Nutiva & Coconut Secret,nutiva.com
nutpods,nutpods.com
Nutra Coast,nutracoast.com
"Nutra Food Ingredients, LLC",nutrafoodingredients.com
Nutra-Agri Ingredients,nutra-agri.com
NutraGummy Inc.,nutragummyinc.com
NuTrail,nutrail.com
NutraInno USA Inc.,nutrainno.com
"Nutraland USA, Inc.",nutralandusa.com
NUTRAMELTZ LLC,nutrameltz.com
"NutraPak USA, an Icelandirect Company",nutrapakusa.com
Nutrasis,nutrasis.com
NutraStar,nutrastar.com
NutraSun Foods,nutrasunfoods.com
NutraTea,nutratea.co
Nutravative ingredients,nutravative.com
"Nutrex Hawaii, Inc.",nutrex-hawaii.com
Nutri-Nation Functional Foods,nutri-nation.com
NutriBiotic,nutribiotic.com
Nutribotanica,nutribotanica.com.br
"Nutrifreeze, LLC",nutrifreeze.net
Nutrifuture Solutions LLP,nutri-future.com
NutriPea,nutripea.com
"Nutrisport Pharmacal, Inc.",nutrisportpharmacal.com
"Nutrition BioTech Co.,Ltd",naturalbestbio.com
"Nutritional Growth Solutions, Inc.",ngsolutions.co
Nutruit LLC,nutruit.com
Nuts For Cheese,nutsforcheese.com
Nyle Dehydrators,nyledehydrators.com
O Positiv Health,opositiv.com
O'Doughs/ALLfree,odoughs.com
O.T.I.S. Pet,otislove.com
OASISMADE,oasismade.com
Oatbedient,oatbedient.com
Oats Overnight,oatsovernight.com
Ocean's Halo,oceanshalo.com
Oceanblue LLC,oceanblueomega.com
"OCM Globe, Inc.",ocmfoods.com
octonuts,octonuts.com
ODW Logistics,odwlogistics.com
"Off the Shelf Reps, Ltd.",offtheshelfreps.com
"OGATA VILLAGE AKITAKOMACHI RICE PRODUCERS CO., LTD.",akitakomachi.co.jp
"Oggi Foods, Inc.",oggifoods.com
Ohana Organics,ohanaorganics.com
Ohanafy,ohanafy.com
Olam Food Ingredients (ofi),ofi.com
Ole,olecocktails.com
Ole Mexican Foods,olemex.com
OLEOESTEPA,oleoestepa.com
Olio Roi di Boeri Franco,olioroi.com
Olivarez Chico Honey,chicohoneyco.com
Oliver Inc.,oliverinc.com
"Olivia's Crouton Co., Inc.",oliviascroutons.com
Olli Salumeria,olli.com
Olyra,olyrafoods.com
Om Mushroom Superfood and M2 Ingredients,m2ingredients.com
OMI Industries,omi-industries.com
Once Again Nut Butter,onceagain.com
Once Upon A Coconut,onceuponacoconut.com
Once Upon a Farm,onceuponafarmorganics.com
One Degree Organics,onedegreeorganics.com
Onego Bio,onego.bio
"Oobli, Inc.",oobli.com
Open Water,drinkopenwater.com
Optimum Nutrition,optimumnutrition.com
Orbitel International Corp.,orbitelinternational.com
Orgain,orgain.com
"Orgain, LLC",orgain.com
"Organic by Nature, Inc.",obncorp.net
Organic India,organicindia.com
"Organic Partners International, LLC",organic-partners.com
Organic Trade Association,ota.com
Organic Valley,organicvalley.coop
"Organics More Co.,Ltd",organicsmore.com
"Organza, Inc.",digestlive.live
"Orgenetics, Inc.",orgenetics.com
Orzax,orzax.com
OSAMU CORPORATION,osamucorp.net
"Otafuku Foods, Inc.",otafukufoods.com
"Outstanding Foods, Inc.",outstandingfoods.com
Overseas Food Trading LTD,overseasfoodtrading.com
Ovino Inc.,ovino.ca
OWYN,liveowyn.com
PACHA Sprouted Buckwheat,livepacha.com
Pacific Coast Producers,pacificcoastproducers.com
Pacific Fruit Peru,pacificfruitperu.com
Pacific Gold Beverage Corp.,pacificfoodservice.com
"Pacific Plaza Imports, Inc.",plazadecaviar.com
Pacific Rainbow International,prinutrition.com
Pacific Resources International,shoppri.com
"Pacific Spice Company, Inc.",pacificspice.com
Pack Plus Converting,packplus.com
"PacMoore Process Technologies, LLC",pacmoore.com
Pactiv Evergreen,pactivevergreen.com
Painterland Sisters,painterlandsisters.com
Paisley Farm,paisleyfarmfoods.com
PakTech,paktech-opi.com
Paktli Foods LLC,paktlifoods.com
Palenque Foods International,intengine.com
PALIRRIA S.A.,paliria.com
"Palmetto Gourmet Foods, Inc.",palmettogf.com
PALMINI,eatpalmini.com
Pan's,mushroomjerky.com
Panera CPG,panerabread.com
Panos Brands,panosbrands.com
Papa Mountain,papamountain.com
Paper Tube Co,papertube.co
"PaperChef, Inc.",paperchef.com
"Paradise Fruits North America, Inc.",paradisefruitco.com
Paragon Fruits,paragonpure.com
Paragon Laboratories,paragonlaboratories.com
Paramount Coffee,paramountcoffee.com
Parmela Creamery,parmelacreamery.com
Partner Foods Group,partnersfoodgroup.com
Pasta Garofalo,pasta-garofalo.com
PASTA PICCININI,pastapiccinini.com
Pastabilities by The Pasta Shoppe,pastashoppe.com
Pastene,pastene.com
PASTIFICIO DI BARI TARALL'ORO SRL,taralloro.it
Pasturebird,pasturebird.com
Patagonia Foods,patagoniafoods.com
Patatas Torres,patatastorres.com
PATICEO (PATISSERIES GOURMANDES),paticeo.com
Patience Fruit & Co.,patiencefruitco.com
PB Leiner,pbleiner.com
PB&Me,pbandme.ca
"PB2 Foods, Inc.",pb2foods.com
Peace Coffee,peacecoffee.com
Peak Protein,peakprotein.com
PEAKAPOP,peakapop.com
Pecan Nation,thepecannation.com
Pecana,pecanamilk.com
"Pedon, S.P.A.",pedon.it
Peerless Coffee & Tea,peerlesscoffee.com
Peppertux Farms - Zeytin,peppertuxfarms.com
PeptPure,peptpure.com
PerfectShaker,perfectshaker.com
Perfy,drinkperfy.com
Perla Foods USA Corp,perlafoods.com
Peruana Foods - SPC,peruanasauce.com
Peruvian Nature,peruviannature.com
Petit Pot,petitpot.com
PETRUZ AÇAÍ,petruz.com
"PGP International, Inc.",pgpint.com
Pharm-Rx Chemical Corp.,pharm-rxchem.com
Pharmachem Innovations,pharmachem.com
Philippine Brand,profoodcorp.com
Philosopher Foods,philosopherfoods.com
Phlex Formulations & Packaging,phlex.com
"Phytochem International, Inc.",phytocheminc.com
pi00a,pi00a.com
Pickerfresh,pickerfresh.com
Pickle Juice,picklepower.com
Piko Provisions,pikoprovisions.com
Pioneer Life Sciences,pioneerlifesciences.com
Pipcorn,pipsnacks.com
PIRQ,drinkpirq.com
Pitaya Foods,pitayafoods.com
Placer.ai,placer.ai
Planet Oat,planetoat.com
Plant Ahead,plantaheadvegan.com
Plant Press Energy,drinkplantpress.com
Plant Snacks,snackconscious.com
Plant Up,plantup.ca
Plantain Republic S.A,gather.tracegains.com
"Planted Ventures, LLC featuring Tattooed Chef brand",tattooedchef.com
PlantFusion,plantfusion.com
Plantheads INC,crackd.com
"Plascene, Inc.",plascene.com
Plastic Connections,plasticconnections.com
PLT Health Solutions,plthealth.com
Pocas International Corp.,pocas.com
Pocket's Chocolates,pocketschocolates.com
Pocuhwale by Guj Print Pack,pouchwale.com
"Point Five Packaging, LLC",p5pkg.com
"Polar Beverages, Inc.",polarbeverages.com
"POM Wonderful, LLC",pomwonderful.com
Pomi' USA,pomi.us.com
"Pop and Bottle, Inc.",popandbottle.com
Pop Daddy Snacks,popdaddysnacks.com
"Poptime Snack Brands, LLC",poptimesnacks.com
Popzup Popcorn,popzup.com
PORTA,eatporta.com
POSHI,poshi.com
Positive Beverage,positivebeverage.com
PPC Flexible Packaging,ppcflex.com
Precision Concepts,pcinternational.com
Preferred Brands Int'l,tastybite.com
Premier Packaging Corporation,premierpackagingcorp.com
Pressed Juicery,pressed.com
PrestoLabels & Packaging,prestolabels.com
Pretium Packaging,pretiumpkg.com
Pricklee,pricklee.com
Primal Kitchen,primalkitchen.com
Primal Life Organics,primallifeorganics.com
Prime Roots,primeroots.com
Primex Group of Companies Philippines,primexcoco.com
Primo Kava LLC,primokava.com
Prinova Aromas,prinovaglobal.com
Prinova US,prinovaglobal.com
Priority Plastics,priorityplastics.com
Pro Natura - Digestive Enzyme Supplements,pro-natura-gmbh.de
PROBAR,theprobar.com
Probiotical,probiotical.com
"Probioway Co., Ltd",probioway.com
Prodeca SA,act.prodeca.cat
Proliant Health and Biologicals,phb1.com
Promise Gluten Free,promiseglutenfree.com
Proper Syrup,propersyrup.com
"Proper Wild, Inc.",properwild.com
Prosoya Inc.,prosoya.com
"ProTab Laboratories, Inc.",protablabs.com
Protein2o,drinkprotein2o.com
PROTROPIC CIA LTDA,protropic.com
Proud Impact Collective,proudimpact.com
"Proud Source Water, LLC",proudsourcewater.com
"PS8, Ltd.",ps-8.com
PSA (The Agave Sweetener Company),theagavesweetenercompany.com
PT Organics Ltd,pumpkintreesnacks.com
"Pulmuone, Nasoya, Wildwood",pulmuonefoodsusa.com
Pulp & Press Juice Co,pulpandpress.com
"Puori, Inc.",puori.com
PuraVida Foods Inc.,puravida-foods.com
Pure Food by Estée,pure-food.ca
Pure Indian Foods,pureindianfoods.com
Pure Sweet Honey,puresweethoney.com
Purearth Supplies Inc.,purearthinc.com
Puredia,puredia.com
PureFit Premium Protein Bars,purefit.com
Purely Elizabeth,purelyelizabeth.com
Purely Sprouted,purelysprouted.com
PurelyB inc,purelyb.com
PureWine Inc,drinkpurewine.com
PURIS,puris.com
Purist Collective,puristcollective.com
"Purity Organics, Inc.",purityorganics.com
PurO3 Activated Oxygen Skin Care,shop.puro3.com
Purplesful Snacking Inc.,purplesful.com
Pyure,pyure.com
Q Drinks,qmixers.com
Q Plus Concept,qplusconcept.com
"Q-Full USA, Inc.",q-full.com
QAD Redzone,qad.com
Qimei Organic,qimeiusa.com
"Qingdao Anxinseika Food Co,. Ltd",anseika.com
"Qingdao Sunrise Biotechnology Co., Ltd",srgohealth.com
"Qingdao Wantuming Biological Products Co., Ltd.",qdwtm.com
QT Dog LLC,qtdog.com
Qualia Life Sciences!,qualialife.com
Qualinova Suplementos Nutricionais Ltda.,qualinova.com.br
Quality Certification Services (QCS),quality-certification.com
Quality of Life/Maypro,qualityoflife.net
Quantum Energy Squares,quantumsquares.com
Queen Street Bakery,queenstreetbakery.com
"Quest Nutrition, LLC",questnutrition.com
Quinn Snacks,quinnsnacks.com
Quten Research Institute,qunol.com
"Raaka Chocolate, Inc.",raakachocolate.com
Radicle Science,radiclescience.com
Radius Packaging,radiuspkg.com
Raised Gluten Free,raisedglutenfree.com
RangeMe,rangeme.com
RAW FARM,rawfarmusa.com
RAWGA Inc.,rawga.co.kr
Ready Pet GO,readypetgostore.com
"REBBL, Humm Kombucha, Chameleon",rebbl.com
Rebel Green,rebelgreen.com
reciProfity,reciprofity.com
"Recoup Beverage, Inc.",recoupwellness.com
Red Oak Commodities,redoakcom.com
Red River Foods,redriverfoods.com
Red's All Natural,redsallnatural.com
REDEFINE NUTRITION dba REDEFINE FOODS,redefinesnacks.com
Redhead Creamery LLC,redheadcreamery.com
Redmond Life,redmond.life
Regina Pasta,pastaregina.com
Releef Direct Solutions,releefdirect.com
Reliance Vitamin,reliancevitamin.com
Remedy Organics,remedyorganics.com
Repurpose,repurpose.com
Resource Label Group,resourcelabel.com
"Retail Management Hero, Inc.",rmhpos.com
Revere Flexpak,revereflexpak.com
RFI Ingredients,rfiingredients.com
Rhema Health Products Limited,rhemamade.com
"RIBUS, Inc.",ribus.com
Rich Products Corporation,richs.com
Richardson Food & Ingredients,richardsonfoodandingredients.com
Richardson Nutritional Center,rncstore.com
RidgeCrest Herbals,rcherbals.com
Righteous Gelato,righteousgelato.com
Rigoni di Asiago USA,rigonidiasiago-usa.com
RIND Snacks,rindsnacks.com
RINGA,drinkringa.com
Rip van Wafels,ripvan.com
Rishi Tea & Botanicals,rishi-tea.com
Rivalz,rivalzsnacks.com
River Valley Burgers,rivervalleymeats.com
River Valley Specialty Farms & Fire+Ice Functional Foods,rivervalleyfarms.ca
"Riverside Natural Foods, Inc.",riversidenaturalfoods.com
"Rizopia Food Products, Inc.",rizopia.com
RNWY,rnwy.life
ROAR Organic,roarorganic.ca
Rob's Backstage Popcorn,eatrobs.com
"Rob's Brands, LLC",eatrobs.com
Rodelle Inc,rodellekitchen.com
"Roha U.S.A., L.L.C.",roha.com
Root Foods Co,rootfoodsco.com
rootberry,rootberry.com
"Rousselot, Inc",rousselot.com
Royal Family Food Company,royal-family.com.tw
RTCO PACK INC,rtcopackaging.com
Ruchi Foods LLP,ruchifoods.in
Rudi's Rocky Mountain Bakery,rudisbakery.com
Rumiano Cheese Company,rumianocheese.com
Rumina Naturals Inc.,ruminanaturals.com
Rummo Pasta USA,pastarummo.it
Rustic Bakery,rusticbakery.ca
Rustichella d'Abruzzo,rustichella.it
S&G Nutrition,sgnutriinc.com
S'NOODS,eatsnoods.com
Sabater USA,bdsnatural.com
SABINSA,sabinsa.com
Sach Foods,sachfoods.com
Sadaf Foods,sadaf.com
Safe Catch,safecatch.com
Safe Food Corporation,safefoodcorp.com
Safflower Technologies International,safflowertech.com
Saiga Foods,saigafoods.com
Saite S.R.L.,quinuasaite.com.bo
Salsa Queen LLC,salsaqueen.com
Salt Spring Coffee,saltspringcoffee.com
Saltverk,saltverk.com
SAMBAZON,sambazon.com
Samyang Corporation,samyangcorp.com
San-J International,san-j.com
SANFORD GIDA A.S.,anuga.com
SANTE GIDA SANAYI VE TICARET A.Ş,santegida.com
"Santini Foods, Inc.",santinifoods.com
Sanzo,drinksanzo.com
"SAONGWON CO., LTD.",saongwon.gobizkorea.com
Sapna Foods,sapnafoods.com
"Sasto Snacks, LLC",satossnacks.com
Sati Soda,satisoda.com
Sauer Brands,sauers.com
Savannah Bee Company,savannahbee.com
SaveNaturally,savenaturally.com
Saxco International,saxco.com
Say When Chai,justsaywhen.com
Sazon Natural International LLC,sazonnatural.com
"SC Global Coco Products, Inc.",scglobal.com.ph
Schar,schaer.com
SCN BestCo,scnbestco.com
Scotts Food Products,scottsseasoningsandmarinades.com
Scotts Protein Balls,scottsproteinballs.com
Scratch Food Group,scratchgrocery.com
SCS Global Services,scsglobalservices.com
Scyavuru,scyavuru.com
SDA GIDA TARIM,sdafood.com
SDM Nutraceuticals Inc.,sdmhealth.com
"Sea Monsters, Inc.",seamonsters.co
Seapoint Farms,seapointfarms.com
Season Brand,seasonproducts.com
Seattle Chocolate Company,seattlechocolate.com
Secret Aardvark,secretaardvark.com
Secret Island,secretisland.ch
SED PHARMA INC,sedpharma.com
See Nutrition/Omne Diem,omnediem.com
SEEDLY Foods,eatseedly.com
Seely Mint,seelymints.com
"Segev Food International, Inc.",segevfood.com
Select Brands LLC,selectbrands.com
Select Harvest USA,selectharvestusa.com
Seltz Inc.,seltz.mx
Sempio Foods,en.sempio.com
Senbanyuan Matcha,sbymatcha.com
Sencha Naturals,senchanaturals.com
Sensapure Flavors,sensapure.com
"Seppic, Inc.",seppic.com
Serenity Kids,myserenitykids.com
SESAJAL,sesajal.com
Setton Farms,settonfarms.com
Sevillo Fine Foods,sevillofinefoods.com
SG Systems Global,sgsystemsglobal.com
Shady Maple Farms,shady-maple.com
"SHANDONG BESTAR FOODS CO.,LTD.",bestarfoods.com
"SHANDONG JIANYUAN BIOENGINEERING CO., LTD.",en.jianyuangroup.com
"SHANDONG JINDU TALIN FOODS CO.,LTD",en.jdtl.cn
"Shandong Seasir Brewing Food Co.,Ltd",seasirfood.com
Shandong Shengxiangyuan / Panasource Ingredients Inc,panasourceusa.com
"SHANDONG YUWANG ECOLOGICAL FOOD INDUSTRY CO.,LTD.",en.yuwangcn.com
"Shandong Yuwang Pharmaceutical Co.,Ltd",en.yuwangpharma.com
"Shanghai Unibio Lab Co., Ltd.",helplifes.com
Sharmeen Foods Pvt Ltd,sharmeenfoods.com
"SHENZHEN ATOR FOOD CO.,LTD",konjacator.en.alibaba.com
"SHENZHEN EKANG NUTRA TECH CO.,LTD.",exhibitor.expowest.com
SHII Life LLC,shii.life
"Shinan 1004 Seaweed Co., Ltd.",kimnara.tradekorea.com
"ShineWater, LLC",shinewater.com
Shree Meldi Krupa LLC DBA SMK Global,smk-global.com
"Sichuan Sentaiyuan Biotechnology Co., Ltd.",sentaiyuanbio.com
Sierra Nevada Cheese Co.,sierranevadacheese.com
Siete Family Foods,sietefoods.com
Sigdal Bakeri,sigdalbakeri.no
siggi's,siggis.com
"Silesia Flavors, Inc.",silesia-aroma.com
Silicium Laboratories LLC,siliciumlaboratories.com
Silipint,silipint.com
Silva International,silva-intl.com
Silver Biotics,silverbiotics.com
Silver Hills Bakery,silverhillsbakery.ca
SilverCeuticals LLC,silverceuticals.com
Simple Foods,simplefoods.com
Simply Desserts,simplydesserts.ca
Simply Gum,simplygum.com
SIMPLY SNACKS LLC,simplysnacksco.com
Simply So,simplysofoods.com
simplyFUEL,simplyfuel.com
SimplyProtein,simplyprotein.com
Sindan Organic Srl,sindanorganic.com.bo
Singapore Food Manufacturers' Association,sgfoodmakers.sg
"Singha Kameda (Thailand) Co., Ltd.",singhakameda.co.th
Singing Dog Vanilla,singingdogvanilla.com
SINGSONG FOOD CORP,singsong.en.ec21.com
"Sinto Gourmet, LLC",sintogourmet.com
Sioux Honey Association,siouxhoney.com
Sisters Coffee Company,sisterscoffee.com
SKILLFUL INTERNATIONAL LLC,skillfulprinting.com
"Skinny Mixes, LLC",skinnymixes.com
SkinnyDipped,skinnydipped.com
Skjodt-Barrett Foods,sbfoods.com
"Skuny Bioscience Co., Ltd",skuny.com
Sky Valley Foods / Organicville,skyvalleyfoods.com
Skyherb Nutritionals Inc.,skyherbusa.com
Sloth Medical INC,slothmd.com
SLTFOODS,sltfoods.com
Smart Group Traders Inc.,smartgrouptradersinc.com
"Smart Juices, LLC",smartjuice.us
SMARTFRUIT INC,smartfruit.com
SmartSweets,smartsweets.com
Smash Foods,eatsmashfoods.com
"Smile Fruit Co.,Ltd.",smilefruit-thai.com
Smile tea/Kagoshima Seicha,smiletea.co
"Smirk's, Ltd.",smirks.com
Smith Teamaker,smithtea.com
smoodi,getsmoodi.com
smul Group (Pty) Ltd,smul.com
Smurfit Westrock,smurfitwestrock.com
Snack'in For You,snackinforyou.com
Snackconsulting GmbH,snackconsulting.com
Snak-King LLC,snakking.com
Snap Supplements,snapsupplements.ca
"Sno Pac Foods, Inc.",snopac.com
"Soft Gel Technologies, Inc.",soft-gel.com
Sohgood,sohgood.com
Soil & Climate Initiative,soilcc.ca
"Sol Simple, LLC",solsimple.com
Solara Laboratories,solaralabs.com
Solaray,solaray.com
Solely,solely.com
Solstice Medicine Company,solsticemed.com
Som Sleep,getsom.com
Somafina,somafina.com
"Something Sweet, Inc.",somethingsweetdough.com
SOMOS Foods,eatsomos.com
Sonoco Products Company,sonoco.com
Soom Foods,soomfoods.com
"Sooo Good Co., LTD",sokusa.com
SOUL BRASIL CUISINE,soulbrasilcuisine.com
"Source Atlantique, Inc.",sourceatlantique.com
Source to Bottle LLC,sourcetobottle.com
Source86,source86.com
South 40 Snacks,south40snacks.com
South Chicago Packing,southchicagopacking.com
Southern Champion Tray,sctray.com
Southern Recipe Small Batch Pork Rinds,southernrecipesmallbatch.com
Sovereign Silver & Sovereign Copper,sovereignsilver.com
Spack International Inc,spack-international.com
SPAIN FOOD TECH NATION,spainfoodtech.es
Specialty Rice,specialtyriceinc.com
"Spectrum Fruits, Inc.",spectrumfruits.com
Speed Labs,speedlabs.co
Sphere Foods LLC,sphereinternationalllc.com
Spice World,spiceworld.ca
spiceology,spiceology.com
Spicin Foods,spicinfoods.com
SPINS,spins.com
Splendor Water LLC,splendorwater.com
Sports Research / Sweet Sweat,sportsresearch.com
Sprague Cannery,spraguefoods.com
Spring Creek Quail Farms,springcreekquail.com
Sprinkles CPG LLC,sprinkleschocolate.com
Sprout Living,sproutliving.com
Sproutman,sproutman.com
Sprouts Farmers Market,sprouts.com
Sri Sri Tattva,srisritattva.com
St Pierre Bakery,stpierrebakery.com
"St. Charles Trading, Inc.",stcharlestrading.com
St. Dalfour USA,stdalfour.com
Stahlbush Island Farms,stahlbush.com
Star Spangled Tea,starspangledtea.com
Starboard Bio New Zealand,starboardbio.nz
"Startup CPG, Inc.",startupcpg.com
Starwest Botanicals,starwest-botanicals.com
Statewide Products,statewideproducts.com
"Stellar Snacks, LLC",stellarsnacks.com
Stiebs,stiebs.com
Stoked Oats,stokedoats.com
Stonehenge Organics,stonehengeorganics.com
Stonewall Kitchen,stonewallkitchen.com
Straus Family Creamery,strausfamilycreamery.com
Strauss Naturals,straussnaturals.ca
"Strengthening Organic Systems, LLC",organicsos.com
Stryka Botanics,stryka.com
Stryve Foods,stryve.com
Sturdy Sauce,sturdysauce.com
Stuzzi Hot Sauce,stuzzihotsauce.com
STYLE NUTS CORP,stylenuts.co.jp
Styx Naturcosmetic GmbH,styx.at
SuckerPunch Gourmet,suckerpunchpickles.com
SUGIMOTO Shiitake,sugimoto.co
Sugimoto Tea Company,sugimotousa.com
"Suheung Co., Ltd.",suheung.com
SUKU VITAMINS,sukuvitamins.com
Suminter,suminterindiaorganics.com
"Summer Fresh Salads, Inc.",summerfresh.com
Summerhill Goat Dairy,summerhilldairy.com
"Summit Ingredients Co., Ltd",summitplantextract.com
Summit Rx Inc,summitrxusa.com
Sun Chlorella USA,sunchlorellausa.com
"Sun Hing Foods, Inc.",sunhingfoods.com
Sun Lovin' Foods,sunlovinfoods.com
Sun Noodle,sunnoodle.com
"Sun Ten Laboratories, Inc.",sunten.com
Sun Tropics,suntropics.com
Sunberry Farms,sunberry.farm
"Sunland Nutrition, Inc.",sunlandnutrition.com
SUNLIT FOODS,sunlit-foods.com
SUNNIE,feelsunnie.com
Sunny Fine Foods Inc.,sunnyfoods.us
Sunny King Commercial Limited,sunnykinggroup.com
Sunny Sky Products,sunnyskyproducts.com
Sunnygem LLC,sunnygem.com
SunOpta,sunopta.com
SunRidge Farms,shopsunridgefarms.com
Sunrise Commodities,sunrisenuts.com
"Sunshine (Tianjin) Produce, Ltd.",sunshine-tian.abraa.com
Sunsweet,sunsweet.com
Sunwarrior,sunwarrior.com
Super Karma LLC DBA Masala Gossip,masalagossip.com
Supergut,supergut.com
Superior Foods International,superiorfoods.com
Superior Lithographics,superiorlithographics.com
Supernatural Kitchen,supernaturalkitchen.com
Superoot,drinksuperoot.com
"Supplement Manufacturing Partner, Inc.",smpnutra.com
SupplyPike / SPS Commerce,supplypike.com
Sur Nutrition,sur.co
SurfSnax,surfsnax.com
SURREAL BISKS / SEIP 7 Ind e com de alim,seip7.com
"Suzanne's Specialties, Inc.",organic-bio.com
"SVZ USA Washington, Inc.",svz.com
Sweet Additions,sweetadditions.com
Sweet Craft,sweetcraft.com
Sweet Haven,sweethavencandyco.com
"Sweet Loren's, Inc.",sweetlorens.com
Sweet Nothings,sweetnothings.com
Sweet Paradise Fine Foods,sweetparadisefood.com
Sweeter Collective,sweetercollective.com
Sweetkiwi,sweetkiwi.com
SweetLeaf & Drizzle,sweetleaf.com
Sweety Ice Cream - Mochi Ice Cream,sweetyicecream.com
SWISS IMPORTS,swissimports.com
Switch Foods,switchfoods.com
Symphony Beauty,symphonybeauty.com
Synear Foods USA,synearusa.com
T.H.E.M./Sanko North America,sankonorthamerica.com
Tabanero Holdings,tabanero.com
Táche Pistachio Milk,pistachiomilk.com
Tacodeli,tacodeli.com
"Tahitian Gold Co., Inc.",tahitiangoldco.com
Taika,taika.co
TAITRA,x.com
Taiwan External Trade Development Council,x.com
"Taiwan First Biotechnology, Inc.",tci-bio.com
Talya Herbal,talyabitkisel.com
Tamar Coffee Company,drinktamar.com
Tarazi Specialty Foods,tarazifoods.com
TARTUFLANGHE,tartuflanghe.us
Taste of Nature,tasteofnature.com
Taste Republic,tasterepublic.com
Tat Hui Foods Pte Ltd,kokanoodles.com
Tatemada,tatemada.com
Taylor Pass Honey Co.,taylorpasshoney.com
TCHO Chocolate,tcho.com
Tea Botanics,teabotanics.com
teapigs,teapigs.com
Teeccino,teeccino.com
Tejava,tejava.com
"Terra Ingredients, LLC",terraingredients.com
Terra Nostra Organics,terranostra.com
Terra Nostra Organics LLC,terranostra.com
"Terra Origin, Inc.",terraorigin.com
Terramazonia Superplants da Amazônia LTDA,terramazonia.co
"Terrapin Ridge Farms, LLC",terrapinridge.com
Teton Waters Ranch,tetonwatersranch.com
Thai Coconut Public Company Limited,thaicoconut.com
"THANKCOME BIOLOGICAL SCIENCE AND TECHNOLOGY SUZHOU CO.,LTD",thankcome.en.ec21.com
That's it. Nutrition,thatsitfruit.com
The Almond Project,thealmondproject.com
THE CASA MARKET,thecasamarket.com
The Chai Box,thechaibox.com
"The Coconut Cooperative, LLC",thecoconutcoop.com
The Fillo Factory,fillofactory.com
The Fitness Collectif - MyHerba,thefitnesscollectif.com
The Frozen Bean,thefrozenbean.com
The GHT Companies,theghtcompanies.com
The Ginger People®,gingerpeople.com
The Good Crisp Company,thegoodcrispcompany.com
The Grain Escape,thegrainescape.com
The Greater Knead,glutenfreemall.com
THE HEALTEA,thehealtea.com
The Helmsman Group with Regulate,helmsmangroup.com
The Maple Treat Corp,themapletreat.com
The NA Beverage Company,thenabeveragecompany.com
The Neil Jones Food Company,neiljonesfoodcompany.com
The Only Bean,theonlybean.com
The Organic Coffee Co./ San Francisco Bay Coffee,sfbaycoffee.com
The Other Supplement,nowfoods.com
The Pizza Cupcake,thepizzacupcake.com
The PUR Company,thepurcompany.com
The Real Cereal Company,realcereal.com
The Red Food Inc.,redriverfoods.com
The Rodale Institute,x.com
THE RYL COMPANY LLC,drinkryl.com
The Scrummy Sweets Co.,scrummysweets.com
The Spice Tailor/Sharwood's,sharwoods.com
The Stephano Group LTD,stephanosbakedgoods.com
The Sun Tree (Xiamen) Biological Engineering,suntreebio.com
The Tofurky Company,tofurky.com
The Ugly Company Inc.,theuglyco.com
The Vita Coco Company,vitacoco.com
The Wild Bunch BV : Forestwise,forestwise.earth
The Zero Proof,thezeroproof.com
Theo Chocolate,theochocolate.com
Theravalues Inc,theravalues.com
"Thermal Kitchen, LLC",thermalkitchen.com
"Think Jerky, LLC",thinkjerky.com
THIS PKN,thispkn.com
Thise Dairy,thise.eu
Three Farm Daughters,3farmdaughters.com
Three Trees,threetrees.com
Thrive Freeze-Dry,thrivefreezedry.com
Thunder Coffeemilk,thundercoffeemilk.com
"Tia Lupita Hot Sauce, llc",tialupitafoods.com
Tierra Negra Salsa,tierranegrasalsa.com
Tiesta Tea,tiestatea.com
TikTok Shop - Food & Beverage,usecrafted.com
Tim Tam Tummy,timtamtummyforkids.com
Timeline,timeline.com
TIPA - Compostable Packaging,tipa-corp.com
TLC Packaging,tlcpackaginginc.com
Tom & Ollie Food Corp,mezzemagic.com
Tonnino,tonnino.com
Tony's Chocolonely,tonyschocolonely.com
TOOM Garlic Dips,toom.com
"Tootsi Impex, Inc.",tootsi.com
Top Fox Snacks,topfoxsnacks.com
Top Health Ingredients,tophealthingredients.com
Topo Chico,coca-cola.com
Torani,torani.com
"Torn Ranch, Inc.",tornranch.com
Tosi,tosi.com
"Tost Beverages, Inc.",tostbeverages.com
Total Nutrition Technology,totalnutritiontech.com
Trace Elements Group,traceelements.com
Trade Fixtures,tradefixtures.com
Tradin Organics USA,tradinorganic.com
"Tram Bar dba Kate's Real Food, LLC",katesrealfood.com
TranPak Inc.,tranpak.com
Transparent Labs,transparentlabs.com
TRIBE ORGANICS,tribe-organics.com
TricorBraun/Package All/Flex,tricorbraunflex.com
Trilives Biotech,trilives.com.cn
Trimona Foods,trimonafoods.com
Trinity Fruit Company,trinityfruit.com
Tripper,tripper.com
Triunfo do Brasil Ind e Com LTDA,triunfodobrasil.com
Trivium Packaging,triviumpackaging.com
Troomy Nootropics,troomy.com
Tropical Link Canada,tropicallinkcanada.ca
Tropicana Brands Group,tropicanabrandsgroup.com
"Tropicana Food Products, Inc.",tropicana.com
TROPIKAL LIFE INTERNATIONAL(PVT)LTD,tropikal.life
"TRU Brands, INC.",trubar.com
"Tru, Inc.",drinktru.com
True Dates of Denmark,truecompany.com
True Grace Health,truegracehealth.com
TruEats Modern Baking Company,trueats.com
TrueSeaMoss,trueseamoss.com
TRUFF,truff.com
TruJoy Yogurt LLC,trujoyyogurt.com
TruLabs,trulabs.com
Trulean Nutrition,trulean.com
Truly Indian,trulyindianfoods.com
Trumeta,trumeta.com
TRUNG NGUYEN GROUP CORPORATION,trungnguyenlegend.com
Truvani,truvani.com
"Try MY T, LLC",trymyt.com
"Tsan Yu Yen Food Co., Ltd.",homebake.com.tw
TUFOCO,tufoco.vn
TURBANA,turbanaus.com
Turnkey Health & Beauty,turnkeyhealthandbeauty.com
TW Garner Food Company/Green Mountain Gringo,greenmountaingringo.com
Twang Partners,twang.com
Twin Peaks Ingredients,tpifoods.com
"Twinings North America, Inc.",twinings.ca
Twinlab Consolidation Corporation,twinlab.com
Two Rivers Coffee,tworiversdirect.com
Ultima Replenisher,ultimareplenisher.com
Unbound Snacks,unboundsnacks.com
Uncle Crumbles,unclecrumbles.com
Uncle Lee's Tea,unclelee.com
Uncle Matt's Organic,unclematts.com
UNCLE'S ICE CREAM,unclesicecream.com
Undercover Snacks,undercoversnacks.com
UNFI,unfi.com
UNFI Wellness,unfi.com
Unifiller Systems,unifiller.com
Unilever Health & Wellbeing,unilever.com
Unipharm Healthy Manufacturing Co. Ltd,unipharmnz.co.nz
UNIQUE SNACKS,uniquesnacks.com
UNiTE Food,unitefood.com
"United With Earth, Corp.",unitedwithearth.com
Unity Wellness Co.,idrinkunity.com
Universal Ingredients - Shank's Extracts,shanks.com
Universal Nutrition,universalnutrition.com
Unlimeat,unlimeat.co
"UNREAL Brands, Inc.",unrealsnacks.com
"Update Beverages, Inc.",drinkupdate.com
Upspring,myupspring.com
Upton's Naturals,uptonsnaturals.com
Urban Moonshine,urbanmoonshine.com
Urban Noodle,urbannoodle.co.uk
URZANTE SL,urzante.com
US Greens,usgreens.net
"US Pharmatech, Inc",uspharmatech.com
USDA - AMS National Organic Program,globalorganictrade.com
Utah Paperbox,upbslc.com
V Label USA,v-label.com
V. Formusa Company-Marconi Foods,marconi-foods.com
Vahdam Teas Global Inc.,vahdam.global
Valencia Plastics,valenciaplastics.com
Valley Fig Growers,valleyfig.com
Valley Ford Creamery,valleyfordcheese.com
Valley Isle Kombucha Co.,valleyislekombucha.com
Valley Pop,valleypopcorn.com
VALRHONA,valrhona.com
Van Drunen Farms,vandrunenfarms.com
Van Drunen Farms / FutureCeuticals,futureceuticals.com
Van Leeuwen Ice Cream,vanleeuwenicecream.com
Van-rice Products Ltd.,nnfd.ca
Vancouver Freeze Dry Ltd,vfdfood.com
Vanilla Bean Project,vanillabeanproject.com
"Vara Food & Drink Co., Ltd.",varafood.com
"VCHOICE GROUP, INC",en.vchoiceusa.com
"Vedic Lifesciences, (Pvt) Ltd.",vediclifesciences.com
Veetee Food Inc.,veetee.com
Vegan Friendly,vegan-friendly.com
Veggies Made Great,veggiesmadegreat.com
Venkatesh Naturals INC.,venkateshnaturals.co.in
Verb Energy Co.,verbenergy.co
Vermont Smoke & Cure,store.vermontsmokeandcure.com
Verve Coffee Roasters,vervecoffee.com
"Vesta Ingredients, Inc.",vestanutra.com
VGAN Inc,vganchocolate.com
"Victor Packing, Inc.",victorpacking.com
Vida Lifescience,vidalifescience.com
Vietnam Organic Agriculture Association,directory.ifoam.bio
Virginia Dare Extract Co.,virginiadare.com
Virtual Packaging,virtualpackaging.com
Visstun,visstuncups.com
"Vita Forte, Inc.",vitaforteinc.com
Vitafur,vitafur.com
VitaHustle LLC,vitahustle.com
Vitajoy USA Inc.,vitajoygroupusa.com
Vitamer & VitaCeutical Labs,vitamer.com
Vitamin Angels,x.com
Vitamins For Life,lifeextension.com
Vitanica,vitanica.com
"Vitusa Products, Inc.",vitusaproducts.com
Viva Naturals Inc.,vivanaturals.com
Vivici,vivici.com
Vividly Inc.,govividly.com
"Volm Companies, Inc.",volmcompanies.com
VOLTRX LIMITED,voltrx.com
Voyager Milk,voyagermilk.com
Vpet USA,vpetusa.com
VRM Media/Vitamin Retailer Magazine,vitaminretailer.com
Vumami Foods,vumamifoods.com
VUUM,drinkvuum.com
W&P,wandp.com
Wai Lana Chips,shop.wailana.com
Waiakea Hawaiian Volcanic Water,waiakea.com
Waka Coffee & Tea,wakacoffee.com
"Wakashou Co., Ltd",wakashou.co.jp
Wakunaga of America,kyolic.com
Walker’s Shortbread,walkersshortbread.com
"Walong Marketing, Inc.",walong.com
Wamame Foods Inc.,mywaygu.com
WANA Beverage JSC,wanabeverage.com
wang globalnet,kfoodsonline.com
"Wangkui Agri-Ecology Co., Ltd",agriecology.com.cn
Want Want North America,want-want.co
War Eagle Mill Food Group,wareaglemill.com
Water Source One,watersourceone.com
Waterboy,waterboy.com
"waterdrop Microdrinks, LLC",waterdrop.com
Waterloo Sparkling,drinkwaterloo.com
Watershed Foods,watershedfoods.com
Watkins,watkins1868.com
"Wave Group NY, LLC",drinkwave.com
"Wecare Probiotics Co., Ltd.",wecare-life.com
Wedderspoon Manuka Honey,wedderspoon.ca
"WEIFANG ZHONGRUI IMPORT & EXPORT CO., LTD.",zhongruifood.com
"Weihai Purple Light Biotechnology DevelopmentCo.,",whziguang.com
Weird Beverages,drinkweird.com
Welbloom Biotech Corporation,welbloom.com
WePackItAll,wepackitall.com
"Western Foods, LLC",westernfoodsco.com
"WhatIF F&I USA, LLC",whatif-foods.com
WHC Health Consulting,certifications.nutrasource.ca
Where Food Comes From,wherefoodcomesfrom.com
"Wherefour, Inc.",wherefour.com
Whisps,whisps.com
"White Bottle, Inc.",whitebottle.com
White Leaf Provisions,whiteleafprovision.com
Whitebridge Pet Brand,whitebridgepetbrands.com
Whittard of Chelsea,whittard.com
Who Gives A Crap,amazon.ca
Whoa Dough,whoadough.com
Whole Earth Brands,wholeearthbrands.com
"Whole Grain (Dalian) Foods Technology Co., Ltd.",wholefoodglutenfree.com
Whole Harmony LLC,wholeharmony.com
Whole Herb Company,wholeherbcompany.com
wholeberry,wholeberry.com
WholeFoods Magazine,wholefoodsmagazine.com
WholeMoon,wholemoon.com
Wholistic Pet Organics,wholisticpetorganics.com
Wholly Pup,whollypup.com
Wicked Crisps,wickedcrisps.com
Wilcox Farms,wilcoxfarms.com
Wild Nectar Honey,wildnectarhoney.com
Wild Planet Foods,wildplanetfoods.com
Wild Society Nutrition,wildsocietynutrition.com
Wild Sol Foods,wildsol.co
Wild Tonic Jun Kombucha,wildtonic.com
Wild West Chocolate,wildwestchocolate.com
Wilde Brands,wildebrands.com
Wilderton Aperitivo Co.,thezeroproof.com
"Wildly Organic, LLC",wildlyorganic.com
wildwonder,drinkwildwonder.com
Wiley's Finest,wileysfinest.com
Willamette Valley Pie Company,wvpie.com
Windmill Health Products,windmillvitamins.com
Windy City Mushroom,windycitymushroom.com
"Winfood Co., Ltd.",winfood.com.my
Winged,wingedwellness.com
Wise Woman Herbals,wisewomanherbals.com
"WiseChoice Foods, LLC",wisepiespizza.com
"Wolf & Associates, Inc.",organicspecialists.com
Wonder Juice,drinkwonderjuices.com
Wonder Monday,wondermonday.com
Wonderbelly,wonderbelly.com
"WONIL FOOD Co.,Ltd",wonilfood.tradekorea.com
"Woodstock Farms, Custom Snacks",woodstockfarmsmfg.com
"Woosin Trading Co., Ltd.",woosintrading.com
World Finer Foods,worldfiner.com
"World Select Cuts, LLC",aussieselect.com
Wow Bao,wowbao.com
"WRH Industries, LTD.",wrhindustries.com
"Wuling (Fuzhou) Biotechnology Co., Ltd",wulingbio.com
Wuxi Accobio Biotech Inc,accobio.com
"Wuxi Jinnong Biotechnology Co., Ltd.",jinnongbio.com
WZBIO,wzbio.com
Xela Pack,xelapack.com
"Xi'an Green Life Co., Ltd",xagreenlife.com
XI'AN LONGZE BIOTECHNOLOGY CO.LTD,en.longzebio.cn
"Xiamen Yasin Industry & Trade Co., Ltd.",asiangelatin.com
Xinca Foods LLC,xincafoods.com
"Xinghua GL Stevia Co., Ltd",glstevia.com
Ya Oaxaca,yaoaxaca.com
"Yancheng Weiguan Foods Co.,Ltd",weiguanfoods.com
"Yantai Oriental Protein Tech Co., Ltd.",en.dongfang-protein.cn
"Yantai Shuangta Food Co., Ltd - Follow Nature Inc",shuangtafood.com
"Yantai T.Full Biotech Co.,Ltd.",tfull.com
"Yantai Zhaoyi Biochnology Co., Ltd.",zhaoyibio.net
Yaupon Brothers American Tea,yauponbrothers.com
"Yaxin Flexible Packaging, Inc.",yaxininc.com
YAY NOVELTY,yaynovelty.com
Yebo Group,customboxesandpackaging.com
YEIN T&G Inc.,yeintng.com
Yellow Emperor,yellowemperor.com
Yellow Yak,yellowyak.pet
Yeshi Foods Inc,yeshifoods.com
YESLY WATER LLC,yeslywater.com
YIAYIA AND FRIENDS,yiayiaandfriends.com
Yo Egg,yo-egg.com
Yo Mama's Foods,yomamasfoods.com
YoBARK,naturevalley.com
"Yolele Foods, Inc.",yolele.com
"YOSIN BIOTECHNOLOGY (YANTAI) CO., LTD.",yosinbio.com
"Young Poong Co.,Ltd",ypzinc.co.kr
Your Green 2 Go,yourgreen2go.com
Yourbarfactory,yourbarfactory.com
Youtheory,youtheory.com
"YTR Technology, Inc.",ytrinc.com
Yumeals – Vivien Paille,vivienpaille.fr
YumEarth,yumearth.com
Yumi Overnight Oats,yumi-organics.ca
YumVs,yumvs.com
Zab's,zabssauce.com
"Zahav Foods, LLC",zahavfoods.com
Zeal Creamery,zealcreamery.com
"Zhejiang Fangge Pharmaceutical Co., Ltd.",fgfungi.com
"Zhejiang Gold Kropn Bio-technology Co.,Ltd",zjgykp.com
"Zhejiang Golden-Shell Pharmaceutical Co., Ltd.",jinke-chitin.com
"Zhejiang Huaguang Capsule Co., Ltd.",hgcapsule.com
"ZHEJIANG HUAKANG PHARMACEUTICAL CO., LTD.",huakangpharma.com
"ZHEJIANG SHUANGHENG HEALTH INDUSTRY CO ., LTD",ingredientsnetwork.com
Zhou,zhounutrition.com
Ziba Foods,zibafoods.com
Zing Bars,zingbars.com
Zion Packaging & Printing,zionpack.com
Zolli Candy,zollipops.com
Zoup!,eatzeats.com
