name,domain
Profly Control,proflycontrol.com
"Alpha Chemical Services, Inc.",alphachemical.com
Rex-Bac-T,rex-bac-t.com
"Omana Group, LLC",omana.en.ec21.com
Stauber,stauberusa.com
Athens Research and Technology,athensresearch.com
DaVinci Laboratories,davincilabs.com
Patriot Chemical Company,patriotchemicalcompany.com
"Kor-Chem, Inc.",kor-chem.com
"Biosynth International, Inc.",carbosynth.com
"Premier World Chemicals, LLC",premierworldchemicals.com
Acorn Biotechnical Corp.,acornbiotechnical.com
"McBoeck, LLC",mcboeck.com
Nypower Industries Ltd.,nypowerind.com
"VDM Biochemicals, LLC",vdmbio.com
Worthington Biochemical Corporation,worthington-biochem.com
Ankem,ankeminc.com
"H-O-H Water Technology, Inc.",hohwatertechnology.com
BIOLYPH LLC,biolyph.com
Promega Corp.,promega.com
"Empirical Bioscience, Inc.",empiricalbioscience.com
"Single Cell Solutions, Inc.",singlecellsolutions.com
Alpha Diagnostic International Inc.,4adi.com
"Bio-Cat, Inc.",bio-cat.com
Novozymes Biologicals BioAg Group,novozymes.com
"Rite-Kem, Inc.",ritekem.com
McKinley Resources,mckinleyresources.com
Aldon Corporation,aldon-chem.com
"Exalpha Biologicals, Inc.",exalpha.com
"Cliniqa, Inc.",cliniqa.com
"American Biosystems, Inc.",americanbiosystems.com
"Enzyme Solutions, Incorporated",enzymesolutions.com
Lucigen Corporation,lucigen.com
Codex-ing,codex-ing.com
Scripps Laboratories,scrippslabs.com
Agridient,agridient.com
Sabinsa Corp.,sabinsa.com
"Paradigm Labs, Inc.",paradigmlabs.us
"Avid Bioservices, Inc.",avidbio.com
"Crystalgen, Inc.",crystalgen.com
Clean-Flo International,clean-flo.com
Eaton Crouse-Hinds Division,eaton.com
"American Laboratories, Inc.",americanlaboratories.com
"The Nitrate Elimination Company, Inc.",nitrate.com
"Analytical Control Systems, Inc.",analyticalcontrols.com
"Bachem Bioscience, Inc.",bachem.com
"Enzymatic Deinking Technologies, Llc",edt-enzymes.com
"Pacific Rainbow International, Inc.",prinutrition.com
"Chemily USA, LLC",chemilyglycoscience.com
"Dyadic International, Inc.",dyadic.com
PureFormulas.com,pureformulas.com
"Aidan Products, LLC",aidanproducts.com
Viking Injector,thevikingbowl.com
"BioVision, Inc.",biovision.com
"Purest Colloids, Inc",purestcolloids.com
"Interdonati, H., Inc.",hinterdonati.com
"Tomco-Harwel Industries, Inc.",tomco-harwel.com
"Tulip Biolabs, Inc.",tulipbiolabs.com
Mclab,mclab.com
"FCC Products, Inc.",fccproducts.com
"Ajinomoto North America, Inc.",ajinorthamerica.com
NewTechBio,newtechbio.com
AmericanBio,americanbio.com
"ITSI-Biosciences, LLC",itsibio.com
Curie Co. Inc.,curieco.com
"The Green Labs, LLC",thegreenlabs.com
Mil-Spec Industries,mil-spec-industries.com
"PerkinElmer, Inc., Life Sciences Headquarters",perkinelmer.com
"Enzyme Formulations, Inc.",loomisenzymes.com
Ab Enzymes,abenzymes.com
"United-Tech, Inc.",united-tech.com
"Sekisui Diagnostics, LLC",sekisuidiagnostics.com
"SignalChem Pharmaceuticals, Inc.",signalchemlifesciences.com
"Soma Labs, Inc.",somalabs.com
"Apollo Chemical Company, LLC, Inc.",apollochemical.com
"Craft Laboratories, Inc.",craftlabs.com
DPI Chemicals USA,dpichemicalsusa.com
Enzyme Innovation,enzymeinnovation.com
PureBiotech LLC,purebiotechllc.com
Malkem International Corp.,malkemchemicals.com
"AAT Bioquest, Inc.",aatbio.com
BIO-CAT Microbials LLC,bcmicrobials.com
Aalto Scientific,aaltoscientific.com
Supplements Global LLC,supplementsglobal.com
"Ribus, Inc.",ribus.com
Diazyme Laboratories,diazyme.com
"Hasa, Inc.",hasapool.com
"Cleanse Tec, Inc.",cleansetec.com
Antibody Research Corporation,antibodyresearch.com
"Ghen Materials, LLC",ghenmaterials.com
Active Concepts LLC,activeconceptsllc.com
Mayflower Chemicals,mayflowerchemicals.com
United States Biological,usbio.net
"Oxyrase, Inc.",oxyrase.com
"Flora, Inc.",florahealth.com
Suncal Chemical Corp.,suncalchemical.com
Mctron Technologies Llc,mctron.com
"Biomassters, Inc.",microsoil.com
Bioneer Corporation,us.bioneer.com
"CTE Global, Inc.",cte-global.com
Meridian Bioscience,meridianbioscience.com
Grainger Industrial Supply,grainger.com
"Amano Enzyme USA Co., Ltd.",amano-enzyme.co.jp
Bioline USA Inc.,bioline.com
VWR,amresco-inc.com
Bio Agri Mix,bioagrimix.com
Suanfarma USA,suanfarma.com
"Austin Davis Industries, Inc.",austindavis.com
"Lee Biosolutions, Inc",leebio.com
Prozyme,glyko.com
Century Chemical Corp.,centurychemical.com
"DevaTal, Inc.",devatal.com
Tri-Tex Co. Inc.,tritex.com
"BPS Bioscience, Inc.",bpsbioscience.com
Boston Biochem Inc.,bostonbiochem.com
Swepe-Tite LLC,swepe-tite.com
"Chemical Equipment Labs, Inc.",chemicalequipmentlabs.com
EZBiolab Inc.,ezbiolab.com
"Generic Specialties, Inc.",genericspecialties.com
Agrivida,agrivida.com
"X-GEN Pharmaceuticals, Inc.",x-gen.us
Alltech Biotechnology Center,alltech.com
Bacon Products Corporation,baconproducts.com
"OYC Americas, Inc.",oycus.com
"Care Labs, Inc.",carelabs.com
Alamo Laboratories Inc.,alamolabs.com
Matreya Inc.,matreya.com
"OraChrom, Inc.",orachrom.net
"Sunland Nutrition, Inc.",sunlandnutrition.com
Pickvitamin.com,pickvitamin.com
"Enzyme Research Laboratories, Inc.",enzymeresearch.com
Intact Genomics,intactgenomics.com
"Athena Environmental Sciences, Inc.",athenaes.com
Corbion,corbion.com
"Nekia ChemWerks, Inc.",nekiachemwerks.com
"Metagenics, Inc.",metagenics.com
Advanced Nutrients,advancednutrients.com
A & V Envirotech,avenvirotech.com
Glanbia Nutritionals,glanbianutritionals.com
Mountain View Pharmaceuticals Inc.,mvpharm.com
"Valley Research, Inc.",valleyenzymes.com
DuPont USA,dupont.com
"Sungro Products, LLC",sungroproducts.com
"Allspar Solutions, Inc.",allspar.on.ca
CHIMERx,chimerx.com
Campbell Science,campbellscience.com
"PMP Fementation Products, Inc.",pmpinc.com
Arthur Andrew Medical Inc.,arthurandrew.com
Agri-Growth International Inc.,agriorganics.com
Gillco Products Inc,gillco.com
Centerchem Inc.,centerchem.com
"Enzymedica, Inc.",enzymedica.com
Nuvite Chemical Compounds Corporation,nuvitechemical.com
"LifeSensors, Inc.",lifesensors.com
Pro-Tex-All,protexall.com
"New England Biolabs, Inc.",neb.com
"Neova Technologies, Inc.",neovatech.com
International Products Corp.,ipcol.com
"New Waste Concepts, Inc.",nwci.com
Enzyme Development Corporation,enzymedevelopment.com
"Great Lakes Bio Systems, Inc.",greatlakesbiosystems.com
BioVectra,biovectra.com
"Haematologic Technologies, Inc.",haemtech.com
Enzyme Process International,enzymeprocess.co
"UAS of America, Inc. (United Agricultural Services of America, Inc.)",uas-cropmaster.com
Acme Cleaning Equipment Inc.,acmecleaningequipment.com
Innovadeum LLC,innovadeum.com
H & A Canada Inc.,hacanada.com
"H & B Industries, Inc.",hbind.com
The Seydel Companies,seydel.com
DSM,dsm.com
Biologics Corp.,biologicscorp.com
Vivantis,vivantechnologies.com
Excel Products Inc.,excelproductsinc.com
"Nacalai USA, Inc.",nacalaiusa.com
"Elastin Products Company, Inc.",elastin.com
Tanatex Chemicals Inc.,tanatexchemicals.com
Bon Opus Biosciences,bonopusbio.com
Mbi,mbi.org
Cypher Environmental Ltd.,cypherenvironmental.com
"GenDEPOT, Inc.",gendepot.com
Sunfood,sunfood.com
AMBI Products LLC,lysostaphin.com
"Bio-Safe One, Inc.",biosafeone.com
Gusmer Enterprises,gusmerenterprises.com
Doctors Supplement Store,doctorssupplementstore.com
"Pfanstiehl Laboratories, Inc.",pfanstiehl.com
"Lamda Biotech, Inc.",lamdabio.com
"Allele Biotechnology and Pharmaceuticals, Inc.",allelebiotech.com
BioWORLD,bio-world.com
Thermo Fisher Scientific,thermofisher.com
American Flash Inc.,atmamericacorp.com
Rochem International,rochemintl.com
Carolina Biological Supply,carolina.com
"Quality Biological, Inc.",qualitybiological.com
"Lena Biosciences, Inc.",lenabio.com
"Medtox Scientific, Inc.",medtox.com
TTE Laboratories,ttelaboratories.com
Osprey Biotechnics,ospreybiotechnics.com
Acorn Biotechnical Corp.,acornbiotechnical.com
"Lyoferm, Inc",lyoferm.com
"OncoImmunin, Inc.",phiphilux.com
General Environmental Science Corp.,generalenvironmentalscience.com
Aldon Corporation,aldon-chem.com
Lide Laboratories Inc.,lidelabs.com
"American Biosystems, Inc.",americanbiosystems.com
Codex-ing,codex-ing.com
Proventus Bioscience,proventusbioscience.com
"Omega Scientific, Inc.",omegascientific.com
Indogulf BioAg LLC,indogulfbioag.com
Axenia BioLogix,axeniabio.com
"EOS Remediation, LLC",eosremediation.com
The Ingredient House,theingredienthouse.com
"FiberCell Systems, Inc.",fibercellsystems.com
"WorldWide Medical Products, Inc.",wwmponline.com
STEMCELL Technologies Inc.,stemcell.com
Biena,biena.com
"INCELL Corporation, LLC",incell.com
3D Biotek LLC,3dbiotek.com
"Applied StemCell, Inc.",appliedstemcell.com
"Maryland Biochemical Company, Inc.",marylandbiochemical.com
"Lyo-San, Inc.",lyo-san.ca
"Antibodies, Inc.",antibodiesinc.com
"Diamond V Mills, Inc.",diamondv.com
Pure Cultures,purecultures.com
InvivoGen,invivogen.com
"Natren, Inc.",natren.com
"East Coast Environmental, Inc.",ecoastusa.com
"Hansen, Chr., BioSystems Div., Chr. Hansen Holding A/S",chr-hansen.com
Catalina BioSolutions,catalinabiosolutions.com
DuPont USA,dupont.com
"Leadiant Biosciences, Inc.",leadiant.com
Molecular Toxicology Incorporated,moltox.com
Mbi,mbi.org
Wilson Wolf Manufacturing,wilsonwolf.com
"GenDEPOT, Inc.",gendepot.com
Blue Star Corp.,bluestar.global
Pharm-RX Chemical Corporation,pharm-rxchem.com
MTC Industries,mtcindustries.com
Makers Nutrition,makersnutrition.com
Daily Manufacturing,dlymfg.com
Superior Supplement Manufacturing,superiorsupplementmfg.com
Gemini Pharmaceuticals,geminipharm.com
Vitajoy Group USA,vitajoygroupusa.com
MacroCap Labs,macrocaplabs.com
Bulk Apothecary,bulkapothecary.com
Wego Chemical Group Inc,wegochem.com
SAE Manufacturing Specialties Corp,saemfg.com
Barentz,barentz-na.com
Fenchem,fenchem.com
Mountain Harvest,themountainharvest.com
"ChemUniverse, Inc.",chemuniverse.com
Ebrator Biochemicals Inc.,ebtbio.com
Molekula Americas,molekula.com
Sun Star Organics,sunstarorganics.com
Lifeasible,lifeasible.com
"Remetide Biotech, LLC",remetide.com
Ameri-Kal,ameri-kal.com
ZBD International,zbdintl.net
Thermo Fisher Scientific,thermofisher.com
Research Plus Inc,researchplus.com
Creative Peptides,creative-peptides.com
Aladdin Scientific Corp.,aladdinsci.com
Aetna Trading Corp.,aetnatrading.com
American International Ingredients,americaninternationalingredients.com
Ausvita Nutrition Inc,ausvitanutrition.com
Natural Nutritionals,naturalnutritionals.com
"Ampak Company, Inc.",ampakcompany.com
Alaska Spring Pharmaceuticals,alaskaspringpharma.com
AHB US LLC.,huahengbio.com
Global Pharm Distribution,globalpharm.co
Innobio USA,innobioglobal.com
Alfa Chemistry,alfa-chemistry.com
Carolina Biological Supply,carolina.com
Dawn Scientific Inc,dawnscientific.com
Ingredients Online,ingredientsonline.com
"Bio-Tech Pharmacal, Inc.",biotechpharmacal.com
"VanDeMark Chemical, Inc.",vandemark.com
"SG Supplement, Inc.",sg-supplement.com
Ravago Chemicals North America,na.ravagochemicals.com
Archer Daniels Midland Company,adm.com
Molecular Depot LLC,moleculardepot.com
BioAnthem,bioanthem.com
Green Jeeva LLC,greenjeeva.com
FoodScience LLC,foodsciencecorp.com
Valerian Labs,valerianlabs.com
Nutri Avenue Inc.,nutriavenue.com
ALL Chemistry Inc.,all-chemistry.com
Emerald Scientific,emeraldscientific.com
Angus Chemical Company,angus.com
"RinTech, Inc.",rintechinc.com
"Omana Group, LLC",omana.en.ec21.com
Stauber,stauberusa.com
TLC Pharmaceutical Standards Ltd.,tlcstandards.com
"Bosche Scientific, LLC",boschesci.com
"KB International, Inc.",kbinternationalinc.com
"Biosynth International, Inc.",carbosynth.com
Materials Technologies Research,mtr-ltd.com
"Ajinomoto Health & Nutrition North America, Inc.",ajihealthandnutrition.com
"Gehring Montgomery, Inc.",gehring-montgomery.com
BariteWorld,bariteworld.com
Chementry,chementry.com
"ACES Pharma, Inc.",acespharma.com
Spectrum Chemical Mfg. Corp.,spectrumchemical.com
Chempacific Corp.,chempacific.com
Reliance Private Label Supplements,reliancevitamin.com
Elkimia,elkimia.com
McKinley Resources,mckinleyresources.com
Restek Corporation,restek.com
Aldon Corporation,aldon-chem.com
Charles Bowman and Company,charlesbowman.com
Agropur Ingredients,agropuringredients.com
Miyoshi America,miyoshiamerica.com
Active Peptide,activepeptide.com
"Neta Scientific, Inc.",netascientific.com
Chiral Quest Corp.,chiralquest.com
Sam HPRP Chemicals Inc.,samhprp.com
"Indofine Chemical Company, Inc.",indofinechemical.com
Irma Corporation,irmaexpress.com
Faravelli,faravelli.us
Falcon Trading International,falconti.com
Pharma Resources International LLC,pharmaresourcesint.com
"Tyger Scientific, Inc.",tygersci.com
"AstaTech, Inc.",astatechinc.com
Supliful,supliful.com
PureFormulas.com,pureformulas.com
Navi Nature Inc,navinatureinc.com
Interchem Corp.,interchem.com
"APAC Pharmaceutical, LLC",apacpharma.com
BOC Sciences,bocsci.com
"GAP Peptides, LLC",gappeptides.com
"Ajinomoto North America, Inc.",ajinorthamerica.com
"Agp, Inc.",agp.com
Arnet Pharmaceutical,arnetusa.com
Health Genesis Corp,healthgenesis.com
"Monomerchem, Inc.",monomerchem.com
Mil-Spec Industries,mil-spec-industries.com
Arctom Chemicals,arctomchem.com
Redox,redox.com
BBFY Industrial USA Inc.,bbfyusa.com
Bonding Chemical,bondingchemical.com
"Soma Labs, Inc.",somalabs.com
"Action Labs, Inc.",sentinel-vitamins.com
"St. John Associates, Inc.",stjohnassociates.com
"AAT Bioquest, Inc.",aatbio.com
Supplements Global LLC,supplementsglobal.com
"Mitsui Chemicals America, Inc.",mitsuichemicals.com
Herbie's Herbs,herbies-herbs.com
North Metal & Chemical Co.,northmetal.net
Ankaim Inc,ankaim.com
Nutralliance,nutralliance.com
"Nutra Green Biotechnology Co., Ltd.",nutragreenbio.com
Enargia,enargia.ca
Matsun Nutrition,matsunnutrition.com
"Pure Chemistry Scientific, Inc.",chemreagents.com
United States Biological,usbio.net
Life Bridge International,lifebridgeintl.com
"Anichem,Inc.",anichemllc.com
EGC Reliant Inc.,egcreliant.com
Penta Manufacturing,pentamfg.com
"Mr. Gummy Vitamins, LLC",mrgummyvitamins.com
Saminchem Inc.,saminchemical.com
Nutraceutical Corporation,nutraceutical.com
EUROPA SPORTS PARTNERS,europasports.com
BiomerTech,biomertech.com
VWR,amresco-inc.com
"Maxsun Industries, Inc.",maxsunindustry.com
Molcan Corporation,molcan.com
AIDP Inc.,aidp.com
Suanfarma USA,suanfarma.com
Bare Performance Nutrition,bareperformancenutrition.com
"CanPeptide, Inc.",canpeptide.com
vivitide,vivitide.com
Chemyunion Inc.,chemyunion.com
Natural Partners Inc.,fullscript.com
Chem-Impex,chemimpex.com
PolyPeptide Group,polypeptide.com
Wacker Polysilicon,wacker.com
Maat Nutritionals,e-maat.com
NetQem LLC,netqem.us
Viachem Ltd.,viacheminc.com
Pestell Nutrition Inc.,pestell.com
In Ingredients,in-ingredients.com
"Gojira Fine Chemicals, LLC",gojirafc.com
Twinlab Corp.,twinlab.com
Protein Research,proteinresearch.com
American Radiolabeled Chemicals Inc.,arcincusa.com
Lab Pro Inc.,labproinc.com
KJ Ingredients,kjingredients.com
"Sunland Nutrition, Inc.",sunlandnutrition.com
N&M Specialty Chemicals,nmspecialtychemicals.com
Iht Health Products,ibiopharma.com
"Hard Eight Nutrition, LLC",bulksupplements.com
Glanbia Nutritionals,glanbianutritionals.com
Lycored,lycored.com
Evonik Corporation,corporate.evonik.us
"Timberline Chemical, Inc",timberlinechem.com
C & E Services,chemengineering.com
"J&W Pharmlab, LLC",jwpharmlab.com
"AB Chem, Inc.",abcheminc.com
"Great Lakes Bio Systems, Inc.",greatlakesbiosystems.com
"BioSpectra, Inc.",biospectra.us
"Seidler Chemical Co, Inc./Maroon Group",seidlerchem.com
Innovadeum LLC,innovadeum.com
"Mallinckrodt, Inc.",mallinckrodt.com
"Teknova, Inc.",teknova.com
"Nacalai USA, Inc.",nacalaiusa.com
Parkway Scientific,parkwayscientific.com
"Monson Companies, Inc.",monsonco.com
Norax Supplements,noraxsupplements.com
ECA International Corporation,ecacorporation.com
Labseeker,labseeker.com
Nutriland Group Inc.,nutrilandgroup.com
"Biopeptek, Inc.",biopeptek.com
"JM Swank, LLC",jmswank.com
"Pfanstiehl Laboratories, Inc.",pfanstiehl.com
Zhong Ya Chemical (USA) Ltd.,zhongyachemical.com
Makers Nutrition,makersnutrition.com
Supplement Manufacturing Partner Inc.,smpnutra.com
BioCorp Nutrition Labs,biocorpnutritionlabs.com
F.A.M.E Health Labs LLC.,famehealthlabs.com
Tru Body Wellness,trubodywellness.com
Gemini Pharmaceuticals,geminipharm.com
Vitaquest International,vitaquest.com
NutraPak USA,nutrapakusa.com
Fenchem,fenchem.com
DRLZ Enterprises LLC,drlzenterprises.com
Game Time Dog Supplies,gametimedogsupplies.com
Velvet Vitality,velvetvitality.com
HempVet,hempvet.pet
Ameri-Kal,ameri-kal.com
"Icelandirect, LLC",icelandirect.com
SGS Research,sgsresearch.com
Alaska Spring Pharmaceuticals,alaskaspringpharma.com
"Bactolac Pharmaceutical, Inc.",bactolac.com
Private Label Supplements,plsupplements.com
Solin Naturals LLC,solinnaturals.com
Ingredients Online,ingredientsonline.com
"BTSA US, Inc.",btsa.com
Willings Nutraceutical,willingsnutraceutical.com
FoodScience LLC,foodsciencecorp.com
Vitakem,vitakem.com
Health Extension,healthextension.com
"Meta Labs, Inc.",metalabsinc.com
Only Natural Pet,onlynaturalpet.com
Keys Manufacturing,keysmanufacturing.com
A & A PHARMACHEM INC.,aapharmachem.com
Vox Nutrition,voxnutrition.com
Charles Bowman and Company,charlesbowman.com
Okie Dog Supply,okiedogsupply.com
Wysong Corp.,wysong.net
Rep-Cal Research Labs,repcal.com
InVite Health,invitehealth.com
On Demand Fulfillment,ondemandfulfillment.com
Lively Paws,livelypaws.com
Pinkaholic New York,pinkaholicnewyork.com
Bluebird Botanicals,bluebirdbotanicals.com
Graham Chemical,grahamchemical.com
Formula 707,formula707.com
Nutralliance,nutralliance.com
Matsun Nutrition,matsunnutrition.com
Lambert Vet Supply,lambertvetsupply.com
The Green Guys,thegreenguys.com
Element 7,element7.com
Natural Partners Inc.,fullscript.com
"Zeigler's Distributor, Inc.",zeiglersdist.com
QuickBox,quickbox.com
"Trividia Manufacturing Solutions, formerly P.J. Noyes",trividiams.com
MHR Brands,madebyhemp.com
"Animal Business Concepts, LLC",liquidvet.com
"Liquid Health, Inc.",liquidhealthinc.com
Pickvitamin.com,pickvitamin.com
CHM USA LLC,cellhealthmakeover.com
Canada Vet,canadavet.com
Bi-Pac Nutraceutical,bipacnutraceutical.com
Perrigo North Labs,perrigo.com
Tomlyn,tomlyn.com
"Nutra Solutions, USA",nutrasolutionsusa.com
Nutri-Vet,nutri-vet.com
Private Label Liquids,privatelabelliquids.com
John Ewing Company,johnewing.com
